ISO-10303-21;
HEADER;
FILE_DESCRIPTION(('KiCad electronic assembly'),'2;1');
FILE_NAME('IR_indicator_led.step','2026-09-24T15:23:29',('Pcbnew'),(
    'Kicad'),'Open CASCADE STEP processor 7.6','KiCad to STEP converter'
  ,'Unknown');
FILE_SCHEMA(('AUTOMOTIVE_DESIGN { 1 0 10303 214 1 1 1 1 }'));
ENDSEC;
DATA;
#1 = APPLICATION_PROTOCOL_DEFINITION('international standard',
  'automotive_design',2000,#2);
#2 = APPLICATION_CONTEXT(
  'core data for automotive mechanical design processes');
#3 = SHAPE_DEFINITION_REPRESENTATION(#4,#10);
#4 = PRODUCT_DEFINITION_SHAPE('','',#5);
#5 = PRODUCT_DEFINITION('design','',#6,#9);
#6 = PRODUCT_DEFINITION_FORMATION('','',#7);
#7 = PRODUCT('IR_indicator_led 1','IR_indicator_led 1','',(#8));
#8 = PRODUCT_CONTEXT('',#2,'mechanical');
#9 = PRODUCT_DEFINITION_CONTEXT('part definition',#2,'design');
#10 = SHAPE_REPRESENTATION('',(#11,#15,#19,#23,#27,#31,#35),#39);
#11 = AXIS2_PLACEMENT_3D('',#12,#13,#14);
#12 = CARTESIAN_POINT('',(0.,0.,0.));
#13 = DIRECTION('',(0.,0.,1.));
#14 = DIRECTION('',(1.,0.,-0.));
#15 = AXIS2_PLACEMENT_3D('',#16,#17,#18);
#16 = CARTESIAN_POINT('',(152.535,-97.55,-1.405));
#17 = DIRECTION('',(0.,-0.,1.));
#18 = DIRECTION('',(1.110223024625E-16,1.,0.));
#19 = AXIS2_PLACEMENT_3D('',#20,#21,#22);
#20 = CARTESIAN_POINT('',(130.035,-97.55,-1.405));
#21 = DIRECTION('',(0.,-0.,1.));
#22 = DIRECTION('',(1.110223024625E-16,1.,0.));
#23 = AXIS2_PLACEMENT_3D('',#24,#25,#26);
#24 = CARTESIAN_POINT('',(137.535,-97.55,-1.405));
#25 = DIRECTION('',(0.,-0.,1.));
#26 = DIRECTION('',(1.110223024625E-16,1.,0.));
#27 = AXIS2_PLACEMENT_3D('',#28,#29,#30);
#28 = CARTESIAN_POINT('',(145.035,-97.55,-1.405));
#29 = DIRECTION('',(0.,-0.,1.));
#30 = DIRECTION('',(1.110223024625E-16,1.,0.));
#31 = AXIS2_PLACEMENT_3D('',#32,#33,#34);
#32 = CARTESIAN_POINT('',(146.365,-87.525,-8.5E-02));
#33 = DIRECTION('',(1.499759782662E-32,1.224646799147E-16,-1.));
#34 = DIRECTION('',(-1.,1.224646799147E-16,0.));
#35 = AXIS2_PLACEMENT_3D('',#36,#37,#38);
#36 = CARTESIAN_POINT('',(0.,0.,0.));
#37 = DIRECTION('',(0.,0.,1.));
#38 = DIRECTION('',(1.,0.,-0.));
#39 = ( GEOMETRIC_REPRESENTATION_CONTEXT(3) 
GLOBAL_UNCERTAINTY_ASSIGNED_CONTEXT((#43)) GLOBAL_UNIT_ASSIGNED_CONTEXT(
(#40,#41,#42)) REPRESENTATION_CONTEXT('Context #1',
  '3D Context with UNIT and UNCERTAINTY') );
#40 = ( LENGTH_UNIT() NAMED_UNIT(*) SI_UNIT(.MILLI.,.METRE.) );
#41 = ( NAMED_UNIT(*) PLANE_ANGLE_UNIT() SI_UNIT($,.RADIAN.) );
#42 = ( NAMED_UNIT(*) SI_UNIT($,.STERADIAN.) SOLID_ANGLE_UNIT() );
#43 = UNCERTAINTY_MEASURE_WITH_UNIT(LENGTH_MEASURE(1.E-07),#40,
  'distance_accuracy_value','confusion accuracy');
#44 = PRODUCT_RELATED_PRODUCT_CATEGORY('part',$,(#7));
#45 = SHAPE_DEFINITION_REPRESENTATION(#46,#52);
#46 = PRODUCT_DEFINITION_SHAPE('','',#47);
#47 = PRODUCT_DEFINITION('design','',#48,#51);
#48 = PRODUCT_DEFINITION_FORMATION('','',#49);
#49 = PRODUCT('LED_D5.0mm','LED_D5.0mm','',(#50));
#50 = PRODUCT_CONTEXT('',#2,'mechanical');
#51 = PRODUCT_DEFINITION_CONTEXT('part definition',#2,'design');
#52 = SHAPE_REPRESENTATION('',(#11,#53),#57);
#53 = AXIS2_PLACEMENT_3D('',#54,#55,#56);
#54 = CARTESIAN_POINT('',(0.,0.,0.));
#55 = DIRECTION('',(0.,0.,1.));
#56 = DIRECTION('',(1.,0.,-0.));
#57 = ( GEOMETRIC_REPRESENTATION_CONTEXT(3) 
GLOBAL_UNCERTAINTY_ASSIGNED_CONTEXT((#61)) GLOBAL_UNIT_ASSIGNED_CONTEXT(
(#58,#59,#60)) REPRESENTATION_CONTEXT('Context #1',
  '3D Context with UNIT and UNCERTAINTY') );
#58 = ( LENGTH_UNIT() NAMED_UNIT(*) SI_UNIT(.MILLI.,.METRE.) );
#59 = ( NAMED_UNIT(*) PLANE_ANGLE_UNIT() SI_UNIT($,.RADIAN.) );
#60 = ( NAMED_UNIT(*) SI_UNIT($,.STERADIAN.) SOLID_ANGLE_UNIT() );
#61 = UNCERTAINTY_MEASURE_WITH_UNIT(LENGTH_MEASURE(1.E-07),#58,
  'distance_accuracy_value','confusion accuracy');
#62 = CONTEXT_DEPENDENT_SHAPE_REPRESENTATION(#63,#65);
#63 = ( REPRESENTATION_RELATIONSHIP('','',#52,#10) 
REPRESENTATION_RELATIONSHIP_WITH_TRANSFORMATION(#64) 
SHAPE_REPRESENTATION_RELATIONSHIP() );
#64 = ITEM_DEFINED_TRANSFORMATION('','',#11,#15);
#65 = PRODUCT_DEFINITION_SHAPE('Placement','Placement of an item',#66);
#66 = NEXT_ASSEMBLY_USAGE_OCCURRENCE('2','D4','',#5,#47,$);
#67 = PRODUCT_RELATED_PRODUCT_CATEGORY('part',$,(#49));
#68 = SHAPE_DEFINITION_REPRESENTATION(#69,#75);
#69 = PRODUCT_DEFINITION_SHAPE('','',#70);
#70 = PRODUCT_DEFINITION('design','',#71,#74);
#71 = PRODUCT_DEFINITION_FORMATION('','',#72);
#72 = PRODUCT('LED_D5.0mm','LED_D5.0mm','',(#73));
#73 = PRODUCT_CONTEXT('',#2,'mechanical');
#74 = PRODUCT_DEFINITION_CONTEXT('part definition',#2,'design');
#75 = ADVANCED_BREP_SHAPE_REPRESENTATION('',(#11,#76),#501);
#76 = MANIFOLD_SOLID_BREP('',#77);
#77 = CLOSED_SHELL('',(#78,#105,#130,#158,#190,#207,#285,#316,#340,#364,
    #381,#412,#436,#460,#477,#489));
#78 = ADVANCED_FACE('',(#79),#100,.T.);
#79 = FACE_BOUND('',#80,.T.);
#80 = EDGE_LOOP('',(#81,#92,#93));
#81 = ORIENTED_EDGE('',*,*,#82,.T.);
#82 = EDGE_CURVE('',#83,#85,#87,.T.);
#83 = VERTEX_POINT('',#84);
#84 = CARTESIAN_POINT('',(3.72,6.095124405192E-15,9.15));
#85 = VERTEX_POINT('',#86);
#86 = CARTESIAN_POINT('',(1.27,7.727152251391E-15,11.6));
#87 = CIRCLE('',#88,2.45);
#88 = AXIS2_PLACEMENT_3D('',#89,#90,#91);
#89 = CARTESIAN_POINT('',(1.27,6.095124405192E-15,9.15));
#90 = DIRECTION('',(0.,-1.,6.661338147751E-16));
#91 = DIRECTION('',(1.,0.,0.));
#92 = ORIENTED_EDGE('',*,*,#82,.F.);
#93 = ORIENTED_EDGE('',*,*,#94,.F.);
#94 = EDGE_CURVE('',#83,#83,#95,.T.);
#95 = CIRCLE('',#96,2.45);
#96 = AXIS2_PLACEMENT_3D('',#97,#98,#99);
#97 = CARTESIAN_POINT('',(1.27,4.063416270128E-15,9.15));
#98 = DIRECTION('',(-4.379057701015E-47,-4.440892098501E-16,-1.));
#99 = DIRECTION('',(1.,8.292686265567E-16,-3.68269249121E-31));
#100 = SPHERICAL_SURFACE('',#101,2.45);
#101 = AXIS2_PLACEMENT_3D('',#102,#103,#104);
#102 = CARTESIAN_POINT('',(1.27,6.095124405192E-15,9.15));
#103 = DIRECTION('',(0.,4.440892098501E-16,1.));
#104 = DIRECTION('',(1.,1.394807543452E-15,-6.194189798646E-31));
#105 = ADVANCED_FACE('',(#106),#125,.T.);
#106 = FACE_BOUND('',#107,.T.);
#107 = EDGE_LOOP('',(#108,#116,#117,#118));
#108 = ORIENTED_EDGE('',*,*,#109,.F.);
#109 = EDGE_CURVE('',#83,#110,#112,.T.);
#110 = VERTEX_POINT('',#111);
#111 = CARTESIAN_POINT('',(3.72,2.6645352591E-15,4.));
#112 = LINE('',#113,#114);
#113 = CARTESIAN_POINT('',(3.72,6.095124405192E-15,9.15));
#114 = VECTOR('',#115,1.);
#115 = DIRECTION('',(0.,-6.661338147751E-16,-1.));
#116 = ORIENTED_EDGE('',*,*,#94,.T.);
#117 = ORIENTED_EDGE('',*,*,#109,.T.);
#118 = ORIENTED_EDGE('',*,*,#119,.F.);
#119 = EDGE_CURVE('',#110,#110,#120,.T.);
#120 = CIRCLE('',#121,2.45);
#121 = AXIS2_PLACEMENT_3D('',#122,#123,#124);
#122 = CARTESIAN_POINT('',(1.27,1.7763568394E-15,4.));
#123 = DIRECTION('',(-2.189528850508E-47,-4.440892098501E-16,-1.));
#124 = DIRECTION('',(1.,3.625218039592E-16,-1.609920214737E-31));
#125 = CYLINDRICAL_SURFACE('',#126,2.45);
#126 = AXIS2_PLACEMENT_3D('',#127,#128,#129);
#127 = CARTESIAN_POINT('',(1.27,4.063416270128E-15,9.15));
#128 = DIRECTION('',(0.,-4.440892098501E-16,-1.));
#129 = DIRECTION('',(1.,8.292686265567E-16,-3.68269249121E-31));
#130 = ADVANCED_FACE('',(#131,#150),#153,.F.);
#131 = FACE_BOUND('',#132,.F.);
#132 = EDGE_LOOP('',(#133,#144));
#133 = ORIENTED_EDGE('',*,*,#134,.F.);
#134 = EDGE_CURVE('',#135,#137,#139,.T.);
#135 = VERTEX_POINT('',#136);
#136 = CARTESIAN_POINT('',(-1.229999999999,-1.46969384567,4.));
#137 = VERTEX_POINT('',#138);
#138 = CARTESIAN_POINT('',(-1.23,1.469693845669,4.));
#139 = CIRCLE('',#140,2.9);
#140 = AXIS2_PLACEMENT_3D('',#141,#142,#143);
#141 = CARTESIAN_POINT('',(1.27,0.,4.));
#142 = DIRECTION('',(0.,0.,1.));
#143 = DIRECTION('',(1.,0.,-0.));
#144 = ORIENTED_EDGE('',*,*,#145,.T.);
#145 = EDGE_CURVE('',#135,#137,#146,.T.);
#146 = LINE('',#147,#148);
#147 = CARTESIAN_POINT('',(-1.229999999999,-1.46969384567,4.));
#148 = VECTOR('',#149,1.);
#149 = DIRECTION('',(0.,1.,0.));
#150 = FACE_BOUND('',#151,.F.);
#151 = EDGE_LOOP('',(#152));
#152 = ORIENTED_EDGE('',*,*,#119,.F.);
#153 = PLANE('',#154);
#154 = AXIS2_PLACEMENT_3D('',#155,#156,#157);
#155 = CARTESIAN_POINT('',(-1.229999999999,-1.469693845671,4.));
#156 = DIRECTION('',(0.,0.,-1.));
#157 = DIRECTION('',(-1.,0.,0.));
#158 = ADVANCED_FACE('',(#159),#185,.T.);
#159 = FACE_BOUND('',#160,.T.);
#160 = EDGE_LOOP('',(#161,#172,#178,#179));
#161 = ORIENTED_EDGE('',*,*,#162,.T.);
#162 = EDGE_CURVE('',#163,#165,#167,.T.);
#163 = VERTEX_POINT('',#164);
#164 = CARTESIAN_POINT('',(-1.229999999999,-1.46969384567,3.));
#165 = VERTEX_POINT('',#166);
#166 = CARTESIAN_POINT('',(-1.23,1.469693845669,3.));
#167 = CIRCLE('',#168,2.9);
#168 = AXIS2_PLACEMENT_3D('',#169,#170,#171);
#169 = CARTESIAN_POINT('',(1.27,0.,3.));
#170 = DIRECTION('',(0.,0.,1.));
#171 = DIRECTION('',(1.,0.,-0.));
#172 = ORIENTED_EDGE('',*,*,#173,.T.);
#173 = EDGE_CURVE('',#165,#137,#174,.T.);
#174 = LINE('',#175,#176);
#175 = CARTESIAN_POINT('',(-1.23,1.469693845669,3.));
#176 = VECTOR('',#177,1.);
#177 = DIRECTION('',(0.,0.,1.));
#178 = ORIENTED_EDGE('',*,*,#134,.F.);
#179 = ORIENTED_EDGE('',*,*,#180,.F.);
#180 = EDGE_CURVE('',#163,#135,#181,.T.);
#181 = LINE('',#182,#183);
#182 = CARTESIAN_POINT('',(-1.229999999999,-1.46969384567,3.));
#183 = VECTOR('',#184,1.);
#184 = DIRECTION('',(0.,0.,1.));
#185 = CYLINDRICAL_SURFACE('',#186,2.9);
#186 = AXIS2_PLACEMENT_3D('',#187,#188,#189);
#187 = CARTESIAN_POINT('',(1.27,0.,3.));
#188 = DIRECTION('',(-0.,-0.,-1.));
#189 = DIRECTION('',(1.,0.,0.));
#190 = ADVANCED_FACE('',(#191),#202,.T.);
#191 = FACE_BOUND('',#192,.T.);
#192 = EDGE_LOOP('',(#193,#194,#195,#196));
#193 = ORIENTED_EDGE('',*,*,#180,.T.);
#194 = ORIENTED_EDGE('',*,*,#145,.T.);
#195 = ORIENTED_EDGE('',*,*,#173,.F.);
#196 = ORIENTED_EDGE('',*,*,#197,.F.);
#197 = EDGE_CURVE('',#163,#165,#198,.T.);
#198 = LINE('',#199,#200);
#199 = CARTESIAN_POINT('',(-1.229999999999,-1.46969384567,3.));
#200 = VECTOR('',#201,1.);
#201 = DIRECTION('',(0.,1.,0.));
#202 = PLANE('',#203);
#203 = AXIS2_PLACEMENT_3D('',#204,#205,#206);
#204 = CARTESIAN_POINT('',(-1.229999999999,-1.46969384567,3.));
#205 = DIRECTION('',(-1.,0.,0.));
#206 = DIRECTION('',(0.,1.,0.));
#207 = ADVANCED_FACE('',(#208,#212,#246),#280,.T.);
#208 = FACE_BOUND('',#209,.T.);
#209 = EDGE_LOOP('',(#210,#211));
#210 = ORIENTED_EDGE('',*,*,#162,.F.);
#211 = ORIENTED_EDGE('',*,*,#197,.T.);
#212 = FACE_BOUND('',#213,.T.);
#213 = EDGE_LOOP('',(#214,#224,#232,#240));
#214 = ORIENTED_EDGE('',*,*,#215,.T.);
#215 = EDGE_CURVE('',#216,#218,#220,.T.);
#216 = VERTEX_POINT('',#217);
#217 = CARTESIAN_POINT('',(-0.2,-0.2,3.));
#218 = VERTEX_POINT('',#219);
#219 = CARTESIAN_POINT('',(0.2,-0.2,3.));
#220 = LINE('',#221,#222);
#221 = CARTESIAN_POINT('',(-0.515,-0.2,3.));
#222 = VECTOR('',#223,1.);
#223 = DIRECTION('',(1.,0.,0.));
#224 = ORIENTED_EDGE('',*,*,#225,.T.);
#225 = EDGE_CURVE('',#218,#226,#228,.T.);
#226 = VERTEX_POINT('',#227);
#227 = CARTESIAN_POINT('',(0.2,0.2,3.));
#228 = LINE('',#229,#230);
#229 = CARTESIAN_POINT('',(0.2,-0.634846922835,3.));
#230 = VECTOR('',#231,1.);
#231 = DIRECTION('',(0.,1.,0.));
#232 = ORIENTED_EDGE('',*,*,#233,.T.);
#233 = EDGE_CURVE('',#226,#234,#236,.T.);
#234 = VERTEX_POINT('',#235);
#235 = CARTESIAN_POINT('',(-0.2,0.2,3.));
#236 = LINE('',#237,#238);
#237 = CARTESIAN_POINT('',(-0.715,0.2,3.));
#238 = VECTOR('',#239,1.);
#239 = DIRECTION('',(-1.,-0.,-0.));
#240 = ORIENTED_EDGE('',*,*,#241,.T.);
#241 = EDGE_CURVE('',#234,#216,#242,.T.);
#242 = LINE('',#243,#244);
#243 = CARTESIAN_POINT('',(-0.2,-0.834846922835,3.));
#244 = VECTOR('',#245,1.);
#245 = DIRECTION('',(0.,-1.,0.));
#246 = FACE_BOUND('',#247,.T.);
#247 = EDGE_LOOP('',(#248,#258,#266,#274));
#248 = ORIENTED_EDGE('',*,*,#249,.T.);
#249 = EDGE_CURVE('',#250,#252,#254,.T.);
#250 = VERTEX_POINT('',#251);
#251 = CARTESIAN_POINT('',(2.34,0.2,3.));
#252 = VERTEX_POINT('',#253);
#253 = CARTESIAN_POINT('',(2.34,-0.2,3.));
#254 = LINE('',#255,#256);
#255 = CARTESIAN_POINT('',(2.34,-0.834846922835,3.));
#256 = VECTOR('',#257,1.);
#257 = DIRECTION('',(0.,-1.,0.));
#258 = ORIENTED_EDGE('',*,*,#259,.T.);
#259 = EDGE_CURVE('',#252,#260,#262,.T.);
#260 = VERTEX_POINT('',#261);
#261 = CARTESIAN_POINT('',(2.74,-0.2,3.));
#262 = LINE('',#263,#264);
#263 = CARTESIAN_POINT('',(0.755,-0.2,3.));
#264 = VECTOR('',#265,1.);
#265 = DIRECTION('',(1.,0.,0.));
#266 = ORIENTED_EDGE('',*,*,#267,.T.);
#267 = EDGE_CURVE('',#260,#268,#270,.T.);
#268 = VERTEX_POINT('',#269);
#269 = CARTESIAN_POINT('',(2.74,0.2,3.));
#270 = LINE('',#271,#272);
#271 = CARTESIAN_POINT('',(2.74,-0.634846922835,3.));
#272 = VECTOR('',#273,1.);
#273 = DIRECTION('',(0.,1.,0.));
#274 = ORIENTED_EDGE('',*,*,#275,.T.);
#275 = EDGE_CURVE('',#268,#250,#276,.T.);
#276 = LINE('',#277,#278);
#277 = CARTESIAN_POINT('',(0.555,0.2,3.));
#278 = VECTOR('',#279,1.);
#279 = DIRECTION('',(-1.,-0.,-0.));
#280 = PLANE('',#281);
#281 = AXIS2_PLACEMENT_3D('',#282,#283,#284);
#282 = CARTESIAN_POINT('',(-1.229999999999,-1.469693845671,3.));
#283 = DIRECTION('',(0.,0.,-1.));
#284 = DIRECTION('',(-1.,0.,0.));
#285 = ADVANCED_FACE('',(#286),#311,.F.);
#286 = FACE_BOUND('',#287,.F.);
#287 = EDGE_LOOP('',(#288,#289,#297,#305));
#288 = ORIENTED_EDGE('',*,*,#215,.T.);
#289 = ORIENTED_EDGE('',*,*,#290,.T.);
#290 = EDGE_CURVE('',#218,#291,#293,.T.);
#291 = VERTEX_POINT('',#292);
#292 = CARTESIAN_POINT('',(0.2,-0.2,-2.5));
#293 = LINE('',#294,#295);
#294 = CARTESIAN_POINT('',(0.2,-0.2,3.5));
#295 = VECTOR('',#296,1.);
#296 = DIRECTION('',(-0.,-0.,-1.));
#297 = ORIENTED_EDGE('',*,*,#298,.T.);
#298 = EDGE_CURVE('',#291,#299,#301,.T.);
#299 = VERTEX_POINT('',#300);
#300 = CARTESIAN_POINT('',(-0.2,-0.2,-2.5));
#301 = LINE('',#302,#303);
#302 = CARTESIAN_POINT('',(0.2,-0.2,-2.5));
#303 = VECTOR('',#304,1.);
#304 = DIRECTION('',(-1.,0.,0.));
#305 = ORIENTED_EDGE('',*,*,#306,.F.);
#306 = EDGE_CURVE('',#216,#299,#307,.T.);
#307 = LINE('',#308,#309);
#308 = CARTESIAN_POINT('',(-0.2,-0.2,3.5));
#309 = VECTOR('',#310,1.);
#310 = DIRECTION('',(-0.,-0.,-1.));
#311 = PLANE('',#312);
#312 = AXIS2_PLACEMENT_3D('',#313,#314,#315);
#313 = CARTESIAN_POINT('',(0.2,-0.2,3.5));
#314 = DIRECTION('',(0.,1.,0.));
#315 = DIRECTION('',(-1.,0.,0.));
#316 = ADVANCED_FACE('',(#317),#335,.F.);
#317 = FACE_BOUND('',#318,.F.);
#318 = EDGE_LOOP('',(#319,#320,#321,#329));
#319 = ORIENTED_EDGE('',*,*,#241,.T.);
#320 = ORIENTED_EDGE('',*,*,#306,.T.);
#321 = ORIENTED_EDGE('',*,*,#322,.T.);
#322 = EDGE_CURVE('',#299,#323,#325,.T.);
#323 = VERTEX_POINT('',#324);
#324 = CARTESIAN_POINT('',(-0.2,0.2,-2.5));
#325 = LINE('',#326,#327);
#326 = CARTESIAN_POINT('',(-0.2,-0.2,-2.5));
#327 = VECTOR('',#328,1.);
#328 = DIRECTION('',(0.,1.,0.));
#329 = ORIENTED_EDGE('',*,*,#330,.F.);
#330 = EDGE_CURVE('',#234,#323,#331,.T.);
#331 = LINE('',#332,#333);
#332 = CARTESIAN_POINT('',(-0.2,0.2,3.5));
#333 = VECTOR('',#334,1.);
#334 = DIRECTION('',(-0.,-0.,-1.));
#335 = PLANE('',#336);
#336 = AXIS2_PLACEMENT_3D('',#337,#338,#339);
#337 = CARTESIAN_POINT('',(-0.2,-0.2,3.5));
#338 = DIRECTION('',(1.,0.,0.));
#339 = DIRECTION('',(-0.,1.,0.));
#340 = ADVANCED_FACE('',(#341),#359,.F.);
#341 = FACE_BOUND('',#342,.F.);
#342 = EDGE_LOOP('',(#343,#344,#345,#353));
#343 = ORIENTED_EDGE('',*,*,#233,.T.);
#344 = ORIENTED_EDGE('',*,*,#330,.T.);
#345 = ORIENTED_EDGE('',*,*,#346,.T.);
#346 = EDGE_CURVE('',#323,#347,#349,.T.);
#347 = VERTEX_POINT('',#348);
#348 = CARTESIAN_POINT('',(0.2,0.2,-2.5));
#349 = LINE('',#350,#351);
#350 = CARTESIAN_POINT('',(-0.2,0.2,-2.5));
#351 = VECTOR('',#352,1.);
#352 = DIRECTION('',(1.,0.,0.));
#353 = ORIENTED_EDGE('',*,*,#354,.F.);
#354 = EDGE_CURVE('',#226,#347,#355,.T.);
#355 = LINE('',#356,#357);
#356 = CARTESIAN_POINT('',(0.2,0.2,3.5));
#357 = VECTOR('',#358,1.);
#358 = DIRECTION('',(-0.,-0.,-1.));
#359 = PLANE('',#360);
#360 = AXIS2_PLACEMENT_3D('',#361,#362,#363);
#361 = CARTESIAN_POINT('',(-0.2,0.2,3.5));
#362 = DIRECTION('',(0.,-1.,0.));
#363 = DIRECTION('',(1.,0.,0.));
#364 = ADVANCED_FACE('',(#365),#376,.F.);
#365 = FACE_BOUND('',#366,.F.);
#366 = EDGE_LOOP('',(#367,#368,#369,#375));
#367 = ORIENTED_EDGE('',*,*,#225,.T.);
#368 = ORIENTED_EDGE('',*,*,#354,.T.);
#369 = ORIENTED_EDGE('',*,*,#370,.T.);
#370 = EDGE_CURVE('',#347,#291,#371,.T.);
#371 = LINE('',#372,#373);
#372 = CARTESIAN_POINT('',(0.2,0.2,-2.5));
#373 = VECTOR('',#374,1.);
#374 = DIRECTION('',(0.,-1.,0.));
#375 = ORIENTED_EDGE('',*,*,#290,.F.);
#376 = PLANE('',#377);
#377 = AXIS2_PLACEMENT_3D('',#378,#379,#380);
#378 = CARTESIAN_POINT('',(0.2,0.2,3.5));
#379 = DIRECTION('',(-1.,0.,0.));
#380 = DIRECTION('',(0.,-1.,0.));
#381 = ADVANCED_FACE('',(#382),#407,.F.);
#382 = FACE_BOUND('',#383,.F.);
#383 = EDGE_LOOP('',(#384,#385,#393,#401));
#384 = ORIENTED_EDGE('',*,*,#249,.T.);
#385 = ORIENTED_EDGE('',*,*,#386,.T.);
#386 = EDGE_CURVE('',#252,#387,#389,.T.);
#387 = VERTEX_POINT('',#388);
#388 = CARTESIAN_POINT('',(2.34,-0.2,-2.5));
#389 = LINE('',#390,#391);
#390 = CARTESIAN_POINT('',(2.34,-0.2,3.5));
#391 = VECTOR('',#392,1.);
#392 = DIRECTION('',(-0.,-0.,-1.));
#393 = ORIENTED_EDGE('',*,*,#394,.T.);
#394 = EDGE_CURVE('',#387,#395,#397,.T.);
#395 = VERTEX_POINT('',#396);
#396 = CARTESIAN_POINT('',(2.34,0.2,-2.5));
#397 = LINE('',#398,#399);
#398 = CARTESIAN_POINT('',(2.34,-0.2,-2.5));
#399 = VECTOR('',#400,1.);
#400 = DIRECTION('',(0.,1.,0.));
#401 = ORIENTED_EDGE('',*,*,#402,.F.);
#402 = EDGE_CURVE('',#250,#395,#403,.T.);
#403 = LINE('',#404,#405);
#404 = CARTESIAN_POINT('',(2.34,0.2,3.5));
#405 = VECTOR('',#406,1.);
#406 = DIRECTION('',(-0.,-0.,-1.));
#407 = PLANE('',#408);
#408 = AXIS2_PLACEMENT_3D('',#409,#410,#411);
#409 = CARTESIAN_POINT('',(2.34,-0.2,3.5));
#410 = DIRECTION('',(1.,0.,0.));
#411 = DIRECTION('',(-0.,1.,0.));
#412 = ADVANCED_FACE('',(#413),#431,.F.);
#413 = FACE_BOUND('',#414,.F.);
#414 = EDGE_LOOP('',(#415,#416,#417,#425));
#415 = ORIENTED_EDGE('',*,*,#275,.T.);
#416 = ORIENTED_EDGE('',*,*,#402,.T.);
#417 = ORIENTED_EDGE('',*,*,#418,.T.);
#418 = EDGE_CURVE('',#395,#419,#421,.T.);
#419 = VERTEX_POINT('',#420);
#420 = CARTESIAN_POINT('',(2.74,0.2,-2.5));
#421 = LINE('',#422,#423);
#422 = CARTESIAN_POINT('',(2.34,0.2,-2.5));
#423 = VECTOR('',#424,1.);
#424 = DIRECTION('',(1.,0.,0.));
#425 = ORIENTED_EDGE('',*,*,#426,.F.);
#426 = EDGE_CURVE('',#268,#419,#427,.T.);
#427 = LINE('',#428,#429);
#428 = CARTESIAN_POINT('',(2.74,0.2,3.5));
#429 = VECTOR('',#430,1.);
#430 = DIRECTION('',(-0.,-0.,-1.));
#431 = PLANE('',#432);
#432 = AXIS2_PLACEMENT_3D('',#433,#434,#435);
#433 = CARTESIAN_POINT('',(2.34,0.2,3.5));
#434 = DIRECTION('',(0.,-1.,0.));
#435 = DIRECTION('',(1.,0.,0.));
#436 = ADVANCED_FACE('',(#437),#455,.F.);
#437 = FACE_BOUND('',#438,.F.);
#438 = EDGE_LOOP('',(#439,#440,#441,#449));
#439 = ORIENTED_EDGE('',*,*,#267,.T.);
#440 = ORIENTED_EDGE('',*,*,#426,.T.);
#441 = ORIENTED_EDGE('',*,*,#442,.T.);
#442 = EDGE_CURVE('',#419,#443,#445,.T.);
#443 = VERTEX_POINT('',#444);
#444 = CARTESIAN_POINT('',(2.74,-0.2,-2.5));
#445 = LINE('',#446,#447);
#446 = CARTESIAN_POINT('',(2.74,0.2,-2.5));
#447 = VECTOR('',#448,1.);
#448 = DIRECTION('',(0.,-1.,0.));
#449 = ORIENTED_EDGE('',*,*,#450,.F.);
#450 = EDGE_CURVE('',#260,#443,#451,.T.);
#451 = LINE('',#452,#453);
#452 = CARTESIAN_POINT('',(2.74,-0.2,3.5));
#453 = VECTOR('',#454,1.);
#454 = DIRECTION('',(-0.,-0.,-1.));
#455 = PLANE('',#456);
#456 = AXIS2_PLACEMENT_3D('',#457,#458,#459);
#457 = CARTESIAN_POINT('',(2.74,0.2,3.5));
#458 = DIRECTION('',(-1.,0.,0.));
#459 = DIRECTION('',(0.,-1.,0.));
#460 = ADVANCED_FACE('',(#461),#472,.F.);
#461 = FACE_BOUND('',#462,.F.);
#462 = EDGE_LOOP('',(#463,#464,#465,#471));
#463 = ORIENTED_EDGE('',*,*,#259,.T.);
#464 = ORIENTED_EDGE('',*,*,#450,.T.);
#465 = ORIENTED_EDGE('',*,*,#466,.T.);
#466 = EDGE_CURVE('',#443,#387,#467,.T.);
#467 = LINE('',#468,#469);
#468 = CARTESIAN_POINT('',(2.74,-0.2,-2.5));
#469 = VECTOR('',#470,1.);
#470 = DIRECTION('',(-1.,0.,0.));
#471 = ORIENTED_EDGE('',*,*,#386,.F.);
#472 = PLANE('',#473);
#473 = AXIS2_PLACEMENT_3D('',#474,#475,#476);
#474 = CARTESIAN_POINT('',(2.74,-0.2,3.5));
#475 = DIRECTION('',(0.,1.,0.));
#476 = DIRECTION('',(-1.,0.,0.));
#477 = ADVANCED_FACE('',(#478),#484,.F.);
#478 = FACE_BOUND('',#479,.T.);
#479 = EDGE_LOOP('',(#480,#481,#482,#483));
#480 = ORIENTED_EDGE('',*,*,#346,.T.);
#481 = ORIENTED_EDGE('',*,*,#370,.T.);
#482 = ORIENTED_EDGE('',*,*,#298,.T.);
#483 = ORIENTED_EDGE('',*,*,#322,.T.);
#484 = PLANE('',#485);
#485 = AXIS2_PLACEMENT_3D('',#486,#487,#488);
#486 = CARTESIAN_POINT('',(-0.2,0.2,-2.5));
#487 = DIRECTION('',(0.,0.,1.));
#488 = DIRECTION('',(1.,0.,-0.));
#489 = ADVANCED_FACE('',(#490),#496,.F.);
#490 = FACE_BOUND('',#491,.T.);
#491 = EDGE_LOOP('',(#492,#493,#494,#495));
#492 = ORIENTED_EDGE('',*,*,#418,.T.);
#493 = ORIENTED_EDGE('',*,*,#442,.T.);
#494 = ORIENTED_EDGE('',*,*,#466,.T.);
#495 = ORIENTED_EDGE('',*,*,#394,.T.);
#496 = PLANE('',#497);
#497 = AXIS2_PLACEMENT_3D('',#498,#499,#500);
#498 = CARTESIAN_POINT('',(2.34,0.2,-2.5));
#499 = DIRECTION('',(0.,0.,1.));
#500 = DIRECTION('',(1.,0.,-0.));
#501 = ( GEOMETRIC_REPRESENTATION_CONTEXT(3) 
GLOBAL_UNCERTAINTY_ASSIGNED_CONTEXT((#505)) GLOBAL_UNIT_ASSIGNED_CONTEXT
((#502,#503,#504)) REPRESENTATION_CONTEXT('Context #1',
  '3D Context with UNIT and UNCERTAINTY') );
#502 = ( LENGTH_UNIT() NAMED_UNIT(*) SI_UNIT(.MILLI.,.METRE.) );
#503 = ( NAMED_UNIT(*) PLANE_ANGLE_UNIT() SI_UNIT($,.RADIAN.) );
#504 = ( NAMED_UNIT(*) SI_UNIT($,.STERADIAN.) SOLID_ANGLE_UNIT() );
#505 = UNCERTAINTY_MEASURE_WITH_UNIT(LENGTH_MEASURE(1.E-07),#502,
  'distance_accuracy_value','confusion accuracy');
#506 = CONTEXT_DEPENDENT_SHAPE_REPRESENTATION(#507,#509);
#507 = ( REPRESENTATION_RELATIONSHIP('','',#75,#52) 
REPRESENTATION_RELATIONSHIP_WITH_TRANSFORMATION(#508) 
SHAPE_REPRESENTATION_RELATIONSHIP() );
#508 = ITEM_DEFINED_TRANSFORMATION('','',#11,#53);
#509 = PRODUCT_DEFINITION_SHAPE('Placement','Placement of an item',#510
  );
#510 = NEXT_ASSEMBLY_USAGE_OCCURRENCE('1','=>[0:1:1:3]','',#47,#70,$);
#511 = PRODUCT_RELATED_PRODUCT_CATEGORY('part',$,(#72));
#512 = CONTEXT_DEPENDENT_SHAPE_REPRESENTATION(#513,#515);
#513 = ( REPRESENTATION_RELATIONSHIP('','',#52,#10) 
REPRESENTATION_RELATIONSHIP_WITH_TRANSFORMATION(#514) 
SHAPE_REPRESENTATION_RELATIONSHIP() );
#514 = ITEM_DEFINED_TRANSFORMATION('','',#11,#19);
#515 = PRODUCT_DEFINITION_SHAPE('Placement','Placement of an item',#516
  );
#516 = NEXT_ASSEMBLY_USAGE_OCCURRENCE('3','D1','',#5,#47,$);
#517 = CONTEXT_DEPENDENT_SHAPE_REPRESENTATION(#518,#520);
#518 = ( REPRESENTATION_RELATIONSHIP('','',#52,#10) 
REPRESENTATION_RELATIONSHIP_WITH_TRANSFORMATION(#519) 
SHAPE_REPRESENTATION_RELATIONSHIP() );
#519 = ITEM_DEFINED_TRANSFORMATION('','',#11,#23);
#520 = PRODUCT_DEFINITION_SHAPE('Placement','Placement of an item',#521
  );
#521 = NEXT_ASSEMBLY_USAGE_OCCURRENCE('4','D2','',#5,#47,$);
#522 = CONTEXT_DEPENDENT_SHAPE_REPRESENTATION(#523,#525);
#523 = ( REPRESENTATION_RELATIONSHIP('','',#52,#10) 
REPRESENTATION_RELATIONSHIP_WITH_TRANSFORMATION(#524) 
SHAPE_REPRESENTATION_RELATIONSHIP() );
#524 = ITEM_DEFINED_TRANSFORMATION('','',#11,#27);
#525 = PRODUCT_DEFINITION_SHAPE('Placement','Placement of an item',#526
  );
#526 = NEXT_ASSEMBLY_USAGE_OCCURRENCE('5','D3','',#5,#47,$);
#527 = SHAPE_DEFINITION_REPRESENTATION(#528,#534);
#528 = PRODUCT_DEFINITION_SHAPE('','',#529);
#529 = PRODUCT_DEFINITION('design','',#530,#533);
#530 = PRODUCT_DEFINITION_FORMATION('','',#531);
#531 = PRODUCT('Molex_KK-254_AE-6410-05A_1x05_P2.54mm_Vertical',
  'Molex_KK-254_AE-6410-05A_1x05_P2.54mm_Vertical','',(#532));
#532 = PRODUCT_CONTEXT('',#2,'mechanical');
#533 = PRODUCT_DEFINITION_CONTEXT('part definition',#2,'design');
#534 = SHAPE_REPRESENTATION('',(#11,#535),#539);
#535 = AXIS2_PLACEMENT_3D('',#536,#537,#538);
#536 = CARTESIAN_POINT('',(0.,0.,0.));
#537 = DIRECTION('',(0.,0.,1.));
#538 = DIRECTION('',(1.,0.,-0.));
#539 = ( GEOMETRIC_REPRESENTATION_CONTEXT(3) 
GLOBAL_UNCERTAINTY_ASSIGNED_CONTEXT((#543)) GLOBAL_UNIT_ASSIGNED_CONTEXT
((#540,#541,#542)) REPRESENTATION_CONTEXT('Context #1',
  '3D Context with UNIT and UNCERTAINTY') );
#540 = ( LENGTH_UNIT() NAMED_UNIT(*) SI_UNIT(.MILLI.,.METRE.) );
#541 = ( NAMED_UNIT(*) PLANE_ANGLE_UNIT() SI_UNIT($,.RADIAN.) );
#542 = ( NAMED_UNIT(*) SI_UNIT($,.STERADIAN.) SOLID_ANGLE_UNIT() );
#543 = UNCERTAINTY_MEASURE_WITH_UNIT(LENGTH_MEASURE(1.E-07),#540,
  'distance_accuracy_value','confusion accuracy');
#544 = CONTEXT_DEPENDENT_SHAPE_REPRESENTATION(#545,#547);
#545 = ( REPRESENTATION_RELATIONSHIP('','',#534,#10) 
REPRESENTATION_RELATIONSHIP_WITH_TRANSFORMATION(#546) 
SHAPE_REPRESENTATION_RELATIONSHIP() );
#546 = ITEM_DEFINED_TRANSFORMATION('','',#11,#31);
#547 = PRODUCT_DEFINITION_SHAPE('Placement','Placement of an item',#548
  );
#548 = NEXT_ASSEMBLY_USAGE_OCCURRENCE('7','J1','',#5,#529,$);
#549 = PRODUCT_RELATED_PRODUCT_CATEGORY('part',$,(#531));
#550 = SHAPE_DEFINITION_REPRESENTATION(#551,#557);
#551 = PRODUCT_DEFINITION_SHAPE('','',#552);
#552 = PRODUCT_DEFINITION('design','',#553,#556);
#553 = PRODUCT_DEFINITION_FORMATION('','',#554);
#554 = PRODUCT('Molex_AE_6410_05A','Molex_AE_6410_05A','',(#555));
#555 = PRODUCT_CONTEXT('',#2,'mechanical');
#556 = PRODUCT_DEFINITION_CONTEXT('part definition',#2,'design');
#557 = ADVANCED_BREP_SHAPE_REPRESENTATION('',(#11,#558),#4657);
#558 = MANIFOLD_SOLID_BREP('',#559);
#559 = CLOSED_SHELL('',(#560,#600,#839,#863,#903,#920,#951,#975,#1033,
    #1057,#1115,#1139,#1197,#1221,#1279,#1303,#1361,#1385,#1443,#1467,
    #1525,#1549,#1607,#1631,#1689,#1713,#1737,#1761,#2114,#2165,#2216,
    #2233,#2250,#2282,#2313,#2337,#2361,#2378,#2400,#2417,#2434,#2446,
    #2477,#2501,#2525,#2542,#2564,#2581,#2598,#2610,#2641,#2665,#2689,
    #2706,#2728,#2745,#2762,#2774,#2805,#2829,#2853,#2870,#2892,#2909,
    #2926,#2938,#2969,#2993,#3017,#3034,#3051,#3082,#3106,#3130,#3147,
    #3178,#3202,#3226,#3243,#3274,#3298,#3322,#3339,#3370,#3394,#3418,
    #3435,#3466,#3490,#3514,#3531,#3548,#3565,#3577,#3608,#3632,#3656,
    #3673,#3704,#3728,#3752,#3769,#3800,#3824,#3848,#3865,#3896,#3920,
    #3944,#3961,#3992,#4016,#4040,#4057,#4088,#4112,#4136,#4153,#4184,
    #4208,#4232,#4249,#4280,#4304,#4328,#4345,#4376,#4400,#4424,#4441,
    #4472,#4496,#4520,#4537,#4549,#4561,#4573,#4585,#4597,#4609,#4621,
    #4633,#4645));
#560 = ADVANCED_FACE('',(#561),#595,.T.);
#561 = FACE_BOUND('',#562,.T.);
#562 = EDGE_LOOP('',(#563,#573,#581,#589));
#563 = ORIENTED_EDGE('',*,*,#564,.T.);
#564 = EDGE_CURVE('',#565,#567,#569,.T.);
#565 = VERTEX_POINT('',#566);
#566 = CARTESIAN_POINT('',(0.3,-2.9,11.7));
#567 = VERTEX_POINT('',#568);
#568 = CARTESIAN_POINT('',(9.86,-2.9,11.7));
#569 = LINE('',#570,#571);
#570 = CARTESIAN_POINT('',(5.08,-2.9,11.7));
#571 = VECTOR('',#572,1.);
#572 = DIRECTION('',(1.,0.,0.));
#573 = ORIENTED_EDGE('',*,*,#574,.T.);
#574 = EDGE_CURVE('',#567,#575,#577,.T.);
#575 = VERTEX_POINT('',#576);
#576 = CARTESIAN_POINT('',(9.86,-1.9,11.7));
#577 = LINE('',#578,#579);
#578 = CARTESIAN_POINT('',(9.86,-2.9,11.7));
#579 = VECTOR('',#580,1.);
#580 = DIRECTION('',(0.,1.,0.));
#581 = ORIENTED_EDGE('',*,*,#582,.F.);
#582 = EDGE_CURVE('',#583,#575,#585,.T.);
#583 = VERTEX_POINT('',#584);
#584 = CARTESIAN_POINT('',(0.3,-1.9,11.7));
#585 = LINE('',#586,#587);
#586 = CARTESIAN_POINT('',(5.08,-1.9,11.7));
#587 = VECTOR('',#588,1.);
#588 = DIRECTION('',(1.,0.,0.));
#589 = ORIENTED_EDGE('',*,*,#590,.F.);
#590 = EDGE_CURVE('',#565,#583,#591,.T.);
#591 = LINE('',#592,#593);
#592 = CARTESIAN_POINT('',(0.3,-2.9,11.7));
#593 = VECTOR('',#594,1.);
#594 = DIRECTION('',(0.,1.,0.));
#595 = PLANE('',#596);
#596 = AXIS2_PLACEMENT_3D('',#597,#598,#599);
#597 = CARTESIAN_POINT('',(5.08,-2.4,11.7));
#598 = DIRECTION('',(0.,6.070344427865E-30,1.));
#599 = DIRECTION('',(0.,1.,-6.070344427865E-30));
#600 = ADVANCED_FACE('',(#601),#834,.T.);
#601 = FACE_BOUND('',#602,.T.);
#602 = EDGE_LOOP('',(#603,#613,#621,#629,#637,#645,#653,#661,#669,#677,
    #685,#693,#701,#709,#717,#725,#733,#741,#749,#757,#765,#773,#781,
    #789,#797,#803,#804,#812,#820,#828));
#603 = ORIENTED_EDGE('',*,*,#604,.T.);
#604 = EDGE_CURVE('',#605,#607,#609,.T.);
#605 = VERTEX_POINT('',#606);
#606 = CARTESIAN_POINT('',(-1.27,-2.9,0.));
#607 = VERTEX_POINT('',#608);
#608 = CARTESIAN_POINT('',(-0.75,-2.9,0.));
#609 = LINE('',#610,#611);
#610 = CARTESIAN_POINT('',(-1.27,-2.9,0.));
#611 = VECTOR('',#612,1.);
#612 = DIRECTION('',(1.,0.,0.));
#613 = ORIENTED_EDGE('',*,*,#614,.T.);
#614 = EDGE_CURVE('',#607,#615,#617,.T.);
#615 = VERTEX_POINT('',#616);
#616 = CARTESIAN_POINT('',(-0.75,-2.9,0.6));
#617 = LINE('',#618,#619);
#618 = CARTESIAN_POINT('',(-0.75,-2.9,0.));
#619 = VECTOR('',#620,1.);
#620 = DIRECTION('',(0.,0.,1.));
#621 = ORIENTED_EDGE('',*,*,#622,.F.);
#622 = EDGE_CURVE('',#623,#615,#625,.T.);
#623 = VERTEX_POINT('',#624);
#624 = CARTESIAN_POINT('',(0.75,-2.9,0.6));
#625 = LINE('',#626,#627);
#626 = CARTESIAN_POINT('',(0.75,-2.9,0.6));
#627 = VECTOR('',#628,1.);
#628 = DIRECTION('',(-1.,0.,0.));
#629 = ORIENTED_EDGE('',*,*,#630,.F.);
#630 = EDGE_CURVE('',#631,#623,#633,.T.);
#631 = VERTEX_POINT('',#632);
#632 = CARTESIAN_POINT('',(0.75,-2.9,0.));
#633 = LINE('',#634,#635);
#634 = CARTESIAN_POINT('',(0.75,-2.9,0.));
#635 = VECTOR('',#636,1.);
#636 = DIRECTION('',(0.,0.,1.));
#637 = ORIENTED_EDGE('',*,*,#638,.T.);
#638 = EDGE_CURVE('',#631,#639,#641,.T.);
#639 = VERTEX_POINT('',#640);
#640 = CARTESIAN_POINT('',(1.79,-2.9,0.));
#641 = LINE('',#642,#643);
#642 = CARTESIAN_POINT('',(-1.27,-2.9,0.));
#643 = VECTOR('',#644,1.);
#644 = DIRECTION('',(1.,0.,0.));
#645 = ORIENTED_EDGE('',*,*,#646,.T.);
#646 = EDGE_CURVE('',#639,#647,#649,.T.);
#647 = VERTEX_POINT('',#648);
#648 = CARTESIAN_POINT('',(1.79,-2.9,0.6));
#649 = LINE('',#650,#651);
#650 = CARTESIAN_POINT('',(1.79,-2.9,0.));
#651 = VECTOR('',#652,1.);
#652 = DIRECTION('',(0.,0.,1.));
#653 = ORIENTED_EDGE('',*,*,#654,.F.);
#654 = EDGE_CURVE('',#655,#647,#657,.T.);
#655 = VERTEX_POINT('',#656);
#656 = CARTESIAN_POINT('',(3.29,-2.9,0.6));
#657 = LINE('',#658,#659);
#658 = CARTESIAN_POINT('',(3.29,-2.9,0.6));
#659 = VECTOR('',#660,1.);
#660 = DIRECTION('',(-1.,0.,0.));
#661 = ORIENTED_EDGE('',*,*,#662,.F.);
#662 = EDGE_CURVE('',#663,#655,#665,.T.);
#663 = VERTEX_POINT('',#664);
#664 = CARTESIAN_POINT('',(3.29,-2.9,0.));
#665 = LINE('',#666,#667);
#666 = CARTESIAN_POINT('',(3.29,-2.9,0.));
#667 = VECTOR('',#668,1.);
#668 = DIRECTION('',(0.,0.,1.));
#669 = ORIENTED_EDGE('',*,*,#670,.T.);
#670 = EDGE_CURVE('',#663,#671,#673,.T.);
#671 = VERTEX_POINT('',#672);
#672 = CARTESIAN_POINT('',(4.33,-2.9,0.));
#673 = LINE('',#674,#675);
#674 = CARTESIAN_POINT('',(-1.27,-2.9,0.));
#675 = VECTOR('',#676,1.);
#676 = DIRECTION('',(1.,0.,0.));
#677 = ORIENTED_EDGE('',*,*,#678,.T.);
#678 = EDGE_CURVE('',#671,#679,#681,.T.);
#679 = VERTEX_POINT('',#680);
#680 = CARTESIAN_POINT('',(4.33,-2.9,0.6));
#681 = LINE('',#682,#683);
#682 = CARTESIAN_POINT('',(4.33,-2.9,0.));
#683 = VECTOR('',#684,1.);
#684 = DIRECTION('',(0.,0.,1.));
#685 = ORIENTED_EDGE('',*,*,#686,.F.);
#686 = EDGE_CURVE('',#687,#679,#689,.T.);
#687 = VERTEX_POINT('',#688);
#688 = CARTESIAN_POINT('',(5.83,-2.9,0.6));
#689 = LINE('',#690,#691);
#690 = CARTESIAN_POINT('',(5.83,-2.9,0.6));
#691 = VECTOR('',#692,1.);
#692 = DIRECTION('',(-1.,0.,0.));
#693 = ORIENTED_EDGE('',*,*,#694,.F.);
#694 = EDGE_CURVE('',#695,#687,#697,.T.);
#695 = VERTEX_POINT('',#696);
#696 = CARTESIAN_POINT('',(5.83,-2.9,0.));
#697 = LINE('',#698,#699);
#698 = CARTESIAN_POINT('',(5.83,-2.9,0.));
#699 = VECTOR('',#700,1.);
#700 = DIRECTION('',(0.,0.,1.));
#701 = ORIENTED_EDGE('',*,*,#702,.T.);
#702 = EDGE_CURVE('',#695,#703,#705,.T.);
#703 = VERTEX_POINT('',#704);
#704 = CARTESIAN_POINT('',(6.87,-2.9,0.));
#705 = LINE('',#706,#707);
#706 = CARTESIAN_POINT('',(-1.27,-2.9,0.));
#707 = VECTOR('',#708,1.);
#708 = DIRECTION('',(1.,0.,0.));
#709 = ORIENTED_EDGE('',*,*,#710,.T.);
#710 = EDGE_CURVE('',#703,#711,#713,.T.);
#711 = VERTEX_POINT('',#712);
#712 = CARTESIAN_POINT('',(6.87,-2.9,0.6));
#713 = LINE('',#714,#715);
#714 = CARTESIAN_POINT('',(6.87,-2.9,0.));
#715 = VECTOR('',#716,1.);
#716 = DIRECTION('',(0.,0.,1.));
#717 = ORIENTED_EDGE('',*,*,#718,.F.);
#718 = EDGE_CURVE('',#719,#711,#721,.T.);
#719 = VERTEX_POINT('',#720);
#720 = CARTESIAN_POINT('',(8.37,-2.9,0.6));
#721 = LINE('',#722,#723);
#722 = CARTESIAN_POINT('',(8.37,-2.9,0.6));
#723 = VECTOR('',#724,1.);
#724 = DIRECTION('',(-1.,0.,0.));
#725 = ORIENTED_EDGE('',*,*,#726,.F.);
#726 = EDGE_CURVE('',#727,#719,#729,.T.);
#727 = VERTEX_POINT('',#728);
#728 = CARTESIAN_POINT('',(8.37,-2.9,0.));
#729 = LINE('',#730,#731);
#730 = CARTESIAN_POINT('',(8.37,-2.9,0.));
#731 = VECTOR('',#732,1.);
#732 = DIRECTION('',(0.,0.,1.));
#733 = ORIENTED_EDGE('',*,*,#734,.T.);
#734 = EDGE_CURVE('',#727,#735,#737,.T.);
#735 = VERTEX_POINT('',#736);
#736 = CARTESIAN_POINT('',(9.41,-2.9,0.));
#737 = LINE('',#738,#739);
#738 = CARTESIAN_POINT('',(-1.27,-2.9,0.));
#739 = VECTOR('',#740,1.);
#740 = DIRECTION('',(1.,0.,0.));
#741 = ORIENTED_EDGE('',*,*,#742,.T.);
#742 = EDGE_CURVE('',#735,#743,#745,.T.);
#743 = VERTEX_POINT('',#744);
#744 = CARTESIAN_POINT('',(9.41,-2.9,0.6));
#745 = LINE('',#746,#747);
#746 = CARTESIAN_POINT('',(9.41,-2.9,0.));
#747 = VECTOR('',#748,1.);
#748 = DIRECTION('',(0.,0.,1.));
#749 = ORIENTED_EDGE('',*,*,#750,.F.);
#750 = EDGE_CURVE('',#751,#743,#753,.T.);
#751 = VERTEX_POINT('',#752);
#752 = CARTESIAN_POINT('',(10.91,-2.9,0.6));
#753 = LINE('',#754,#755);
#754 = CARTESIAN_POINT('',(10.91,-2.9,0.6));
#755 = VECTOR('',#756,1.);
#756 = DIRECTION('',(-1.,0.,0.));
#757 = ORIENTED_EDGE('',*,*,#758,.F.);
#758 = EDGE_CURVE('',#759,#751,#761,.T.);
#759 = VERTEX_POINT('',#760);
#760 = CARTESIAN_POINT('',(10.91,-2.9,0.));
#761 = LINE('',#762,#763);
#762 = CARTESIAN_POINT('',(10.91,-2.9,0.));
#763 = VECTOR('',#764,1.);
#764 = DIRECTION('',(0.,0.,1.));
#765 = ORIENTED_EDGE('',*,*,#766,.T.);
#766 = EDGE_CURVE('',#759,#767,#769,.T.);
#767 = VERTEX_POINT('',#768);
#768 = CARTESIAN_POINT('',(11.43,-2.9,0.));
#769 = LINE('',#770,#771);
#770 = CARTESIAN_POINT('',(-1.27,-2.9,0.));
#771 = VECTOR('',#772,1.);
#772 = DIRECTION('',(1.,0.,0.));
#773 = ORIENTED_EDGE('',*,*,#774,.T.);
#774 = EDGE_CURVE('',#767,#775,#777,.T.);
#775 = VERTEX_POINT('',#776);
#776 = CARTESIAN_POINT('',(11.43,-2.9,3.17));
#777 = LINE('',#778,#779);
#778 = CARTESIAN_POINT('',(11.43,-2.9,0.));
#779 = VECTOR('',#780,1.);
#780 = DIRECTION('',(0.,0.,1.));
#781 = ORIENTED_EDGE('',*,*,#782,.F.);
#782 = EDGE_CURVE('',#783,#775,#785,.T.);
#783 = VERTEX_POINT('',#784);
#784 = CARTESIAN_POINT('',(10.16,-2.9,3.17));
#785 = LINE('',#786,#787);
#786 = CARTESIAN_POINT('',(-1.27,-2.9,3.17));
#787 = VECTOR('',#788,1.);
#788 = DIRECTION('',(1.,0.,0.));
#789 = ORIENTED_EDGE('',*,*,#790,.T.);
#790 = EDGE_CURVE('',#783,#791,#793,.T.);
#791 = VERTEX_POINT('',#792);
#792 = CARTESIAN_POINT('',(10.16,-2.9,11.));
#793 = LINE('',#794,#795);
#794 = CARTESIAN_POINT('',(10.16,-2.9,3.17));
#795 = VECTOR('',#796,1.);
#796 = DIRECTION('',(0.,0.,1.));
#797 = ORIENTED_EDGE('',*,*,#798,.F.);
#798 = EDGE_CURVE('',#567,#791,#799,.T.);
#799 = LINE('',#800,#801);
#800 = CARTESIAN_POINT('',(11.108362068966,-2.9,8.787155172414));
#801 = VECTOR('',#802,1.);
#802 = DIRECTION('',(0.393919298579,0.,-0.919145030018));
#803 = ORIENTED_EDGE('',*,*,#564,.F.);
#804 = ORIENTED_EDGE('',*,*,#805,.T.);
#805 = EDGE_CURVE('',#565,#806,#808,.T.);
#806 = VERTEX_POINT('',#807);
#807 = CARTESIAN_POINT('',(0.,-2.9,11.));
#808 = LINE('',#809,#810);
#809 = CARTESIAN_POINT('',(-0.948362068966,-2.9,8.787155172414));
#810 = VECTOR('',#811,1.);
#811 = DIRECTION('',(-0.393919298579,-0.,-0.919145030018));
#812 = ORIENTED_EDGE('',*,*,#813,.F.);
#813 = EDGE_CURVE('',#814,#806,#816,.T.);
#814 = VERTEX_POINT('',#815);
#815 = CARTESIAN_POINT('',(0.,-2.9,3.17));
#816 = LINE('',#817,#818);
#817 = CARTESIAN_POINT('',(0.,-2.9,3.17));
#818 = VECTOR('',#819,1.);
#819 = DIRECTION('',(0.,0.,1.));
#820 = ORIENTED_EDGE('',*,*,#821,.F.);
#821 = EDGE_CURVE('',#822,#814,#824,.T.);
#822 = VERTEX_POINT('',#823);
#823 = CARTESIAN_POINT('',(-1.27,-2.9,3.17));
#824 = LINE('',#825,#826);
#825 = CARTESIAN_POINT('',(-1.27,-2.9,3.17));
#826 = VECTOR('',#827,1.);
#827 = DIRECTION('',(1.,0.,0.));
#828 = ORIENTED_EDGE('',*,*,#829,.F.);
#829 = EDGE_CURVE('',#605,#822,#830,.T.);
#830 = LINE('',#831,#832);
#831 = CARTESIAN_POINT('',(-1.27,-2.9,0.));
#832 = VECTOR('',#833,1.);
#833 = DIRECTION('',(0.,0.,1.));
#834 = PLANE('',#835);
#835 = AXIS2_PLACEMENT_3D('',#836,#837,#838);
#836 = CARTESIAN_POINT('',(5.08,-2.9,4.868855772364));
#837 = DIRECTION('',(-5.41108393225E-32,-1.,-3.902060320624E-32));
#838 = DIRECTION('',(-1.,5.41108393225E-32,0.));
#839 = ADVANCED_FACE('',(#840),#858,.F.);
#840 = FACE_BOUND('',#841,.F.);
#841 = EDGE_LOOP('',(#842,#843,#844,#852));
#842 = ORIENTED_EDGE('',*,*,#798,.F.);
#843 = ORIENTED_EDGE('',*,*,#574,.T.);
#844 = ORIENTED_EDGE('',*,*,#845,.T.);
#845 = EDGE_CURVE('',#575,#846,#848,.T.);
#846 = VERTEX_POINT('',#847);
#847 = CARTESIAN_POINT('',(10.16,-1.9,11.));
#848 = LINE('',#849,#850);
#849 = CARTESIAN_POINT('',(9.564137931034,-1.9,12.390344827586));
#850 = VECTOR('',#851,1.);
#851 = DIRECTION('',(0.393919298579,0.,-0.919145030018));
#852 = ORIENTED_EDGE('',*,*,#853,.F.);
#853 = EDGE_CURVE('',#791,#846,#854,.T.);
#854 = LINE('',#855,#856);
#855 = CARTESIAN_POINT('',(10.16,-2.9,11.));
#856 = VECTOR('',#857,1.);
#857 = DIRECTION('',(0.,1.,0.));
#858 = PLANE('',#859);
#859 = AXIS2_PLACEMENT_3D('',#860,#861,#862);
#860 = CARTESIAN_POINT('',(10.01,-2.9,11.35));
#861 = DIRECTION('',(-0.919145030018,0.,-0.393919298579));
#862 = DIRECTION('',(0.,1.,0.));
#863 = ADVANCED_FACE('',(#864),#898,.T.);
#864 = FACE_BOUND('',#865,.T.);
#865 = EDGE_LOOP('',(#866,#867,#868,#876,#884,#892));
#866 = ORIENTED_EDGE('',*,*,#582,.T.);
#867 = ORIENTED_EDGE('',*,*,#845,.T.);
#868 = ORIENTED_EDGE('',*,*,#869,.T.);
#869 = EDGE_CURVE('',#846,#870,#872,.T.);
#870 = VERTEX_POINT('',#871);
#871 = CARTESIAN_POINT('',(10.16,-1.9,7.9));
#872 = LINE('',#873,#874);
#873 = CARTESIAN_POINT('',(10.16,-1.9,11.7));
#874 = VECTOR('',#875,1.);
#875 = DIRECTION('',(0.,0.,-1.));
#876 = ORIENTED_EDGE('',*,*,#877,.F.);
#877 = EDGE_CURVE('',#878,#870,#880,.T.);
#878 = VERTEX_POINT('',#879);
#879 = CARTESIAN_POINT('',(0.,-1.9,7.9));
#880 = LINE('',#881,#882);
#881 = CARTESIAN_POINT('',(5.08,-1.9,7.9));
#882 = VECTOR('',#883,1.);
#883 = DIRECTION('',(1.,0.,0.));
#884 = ORIENTED_EDGE('',*,*,#885,.F.);
#885 = EDGE_CURVE('',#886,#878,#888,.T.);
#886 = VERTEX_POINT('',#887);
#887 = CARTESIAN_POINT('',(0.,-1.9,11.));
#888 = LINE('',#889,#890);
#889 = CARTESIAN_POINT('',(0.,-1.9,11.7));
#890 = VECTOR('',#891,1.);
#891 = DIRECTION('',(-0.,-0.,-1.));
#892 = ORIENTED_EDGE('',*,*,#893,.F.);
#893 = EDGE_CURVE('',#583,#886,#894,.T.);
#894 = LINE('',#895,#896);
#895 = CARTESIAN_POINT('',(0.595862068966,-1.9,12.390344827586));
#896 = VECTOR('',#897,1.);
#897 = DIRECTION('',(-0.393919298579,-0.,-0.919145030018));
#898 = PLANE('',#899);
#899 = AXIS2_PLACEMENT_3D('',#900,#901,#902);
#900 = CARTESIAN_POINT('',(5.08,-1.9,9.765415406855));
#901 = DIRECTION('',(0.,1.,5.52549490493E-32));
#902 = DIRECTION('',(0.,-5.52549490493E-32,1.));
#903 = ADVANCED_FACE('',(#904),#915,.F.);
#904 = FACE_BOUND('',#905,.T.);
#905 = EDGE_LOOP('',(#906,#907,#908,#909));
#906 = ORIENTED_EDGE('',*,*,#805,.F.);
#907 = ORIENTED_EDGE('',*,*,#590,.T.);
#908 = ORIENTED_EDGE('',*,*,#893,.T.);
#909 = ORIENTED_EDGE('',*,*,#910,.F.);
#910 = EDGE_CURVE('',#806,#886,#911,.T.);
#911 = LINE('',#912,#913);
#912 = CARTESIAN_POINT('',(0.,-2.9,11.));
#913 = VECTOR('',#914,1.);
#914 = DIRECTION('',(0.,1.,0.));
#915 = PLANE('',#916);
#916 = AXIS2_PLACEMENT_3D('',#917,#918,#919);
#917 = CARTESIAN_POINT('',(0.15,-2.9,11.35));
#918 = DIRECTION('',(0.919145030018,0.,-0.393919298579));
#919 = DIRECTION('',(0.,-1.,0.));
#920 = ADVANCED_FACE('',(#921),#946,.F.);
#921 = FACE_BOUND('',#922,.F.);
#922 = EDGE_LOOP('',(#923,#931,#932,#940));
#923 = ORIENTED_EDGE('',*,*,#924,.T.);
#924 = EDGE_CURVE('',#925,#605,#927,.T.);
#925 = VERTEX_POINT('',#926);
#926 = CARTESIAN_POINT('',(-1.27,2.9,0.));
#927 = LINE('',#928,#929);
#928 = CARTESIAN_POINT('',(-1.27,2.9,0.));
#929 = VECTOR('',#930,1.);
#930 = DIRECTION('',(0.,-1.,0.));
#931 = ORIENTED_EDGE('',*,*,#604,.T.);
#932 = ORIENTED_EDGE('',*,*,#933,.T.);
#933 = EDGE_CURVE('',#607,#934,#936,.T.);
#934 = VERTEX_POINT('',#935);
#935 = CARTESIAN_POINT('',(-0.75,2.9,0.));
#936 = LINE('',#937,#938);
#937 = CARTESIAN_POINT('',(-0.75,-2.9,0.));
#938 = VECTOR('',#939,1.);
#939 = DIRECTION('',(0.,1.,0.));
#940 = ORIENTED_EDGE('',*,*,#941,.T.);
#941 = EDGE_CURVE('',#934,#925,#942,.T.);
#942 = LINE('',#943,#944);
#943 = CARTESIAN_POINT('',(11.43,2.9,0.));
#944 = VECTOR('',#945,1.);
#945 = DIRECTION('',(-1.,0.,0.));
#946 = PLANE('',#947);
#947 = AXIS2_PLACEMENT_3D('',#948,#949,#950);
#948 = CARTESIAN_POINT('',(5.08,0.,0.));
#949 = DIRECTION('',(0.,0.,1.));
#950 = DIRECTION('',(1.,0.,-0.));
#951 = ADVANCED_FACE('',(#952),#970,.F.);
#952 = FACE_BOUND('',#953,.F.);
#953 = EDGE_LOOP('',(#954,#955,#963,#969));
#954 = ORIENTED_EDGE('',*,*,#614,.T.);
#955 = ORIENTED_EDGE('',*,*,#956,.T.);
#956 = EDGE_CURVE('',#615,#957,#959,.T.);
#957 = VERTEX_POINT('',#958);
#958 = CARTESIAN_POINT('',(-0.75,2.9,0.6));
#959 = LINE('',#960,#961);
#960 = CARTESIAN_POINT('',(-0.75,-2.9,0.6));
#961 = VECTOR('',#962,1.);
#962 = DIRECTION('',(0.,1.,0.));
#963 = ORIENTED_EDGE('',*,*,#964,.F.);
#964 = EDGE_CURVE('',#934,#957,#965,.T.);
#965 = LINE('',#966,#967);
#966 = CARTESIAN_POINT('',(-0.75,2.9,0.));
#967 = VECTOR('',#968,1.);
#968 = DIRECTION('',(0.,0.,1.));
#969 = ORIENTED_EDGE('',*,*,#933,.F.);
#970 = PLANE('',#971);
#971 = AXIS2_PLACEMENT_3D('',#972,#973,#974);
#972 = CARTESIAN_POINT('',(-0.75,-2.9,0.));
#973 = DIRECTION('',(-1.,0.,0.));
#974 = DIRECTION('',(0.,1.,0.));
#975 = ADVANCED_FACE('',(#976,#994),#1028,.T.);
#976 = FACE_BOUND('',#977,.T.);
#977 = EDGE_LOOP('',(#978,#986,#992,#993));
#978 = ORIENTED_EDGE('',*,*,#979,.T.);
#979 = EDGE_CURVE('',#957,#980,#982,.T.);
#980 = VERTEX_POINT('',#981);
#981 = CARTESIAN_POINT('',(0.75,2.9,0.6));
#982 = LINE('',#983,#984);
#983 = CARTESIAN_POINT('',(-0.75,2.9,0.6));
#984 = VECTOR('',#985,1.);
#985 = DIRECTION('',(1.,0.,0.));
#986 = ORIENTED_EDGE('',*,*,#987,.T.);
#987 = EDGE_CURVE('',#980,#623,#988,.T.);
#988 = LINE('',#989,#990);
#989 = CARTESIAN_POINT('',(0.75,2.9,0.6));
#990 = VECTOR('',#991,1.);
#991 = DIRECTION('',(0.,-1.,0.));
#992 = ORIENTED_EDGE('',*,*,#622,.T.);
#993 = ORIENTED_EDGE('',*,*,#956,.T.);
#994 = FACE_BOUND('',#995,.T.);
#995 = EDGE_LOOP('',(#996,#1006,#1014,#1022));
#996 = ORIENTED_EDGE('',*,*,#997,.F.);
#997 = EDGE_CURVE('',#998,#1000,#1002,.T.);
#998 = VERTEX_POINT('',#999);
#999 = CARTESIAN_POINT('',(0.32,0.32,0.6));
#1000 = VERTEX_POINT('',#1001);
#1001 = CARTESIAN_POINT('',(0.32,-0.32,0.6));
#1002 = LINE('',#1003,#1004);
#1003 = CARTESIAN_POINT('',(0.32,0.,0.6));
#1004 = VECTOR('',#1005,1.);
#1005 = DIRECTION('',(0.,-1.,0.));
#1006 = ORIENTED_EDGE('',*,*,#1007,.T.);
#1007 = EDGE_CURVE('',#998,#1008,#1010,.T.);
#1008 = VERTEX_POINT('',#1009);
#1009 = CARTESIAN_POINT('',(-0.32,0.32,0.6));
#1010 = LINE('',#1011,#1012);
#1011 = CARTESIAN_POINT('',(-0.16,0.32,0.6));
#1012 = VECTOR('',#1013,1.);
#1013 = DIRECTION('',(-1.,0.,0.));
#1014 = ORIENTED_EDGE('',*,*,#1015,.T.);
#1015 = EDGE_CURVE('',#1008,#1016,#1018,.T.);
#1016 = VERTEX_POINT('',#1017);
#1017 = CARTESIAN_POINT('',(-0.32,-0.32,0.6));
#1018 = LINE('',#1019,#1020);
#1019 = CARTESIAN_POINT('',(-0.32,0.,0.6));
#1020 = VECTOR('',#1021,1.);
#1021 = DIRECTION('',(0.,-1.,0.));
#1022 = ORIENTED_EDGE('',*,*,#1023,.T.);
#1023 = EDGE_CURVE('',#1016,#1000,#1024,.T.);
#1024 = LINE('',#1025,#1026);
#1025 = CARTESIAN_POINT('',(-0.16,-0.32,0.6));
#1026 = VECTOR('',#1027,1.);
#1027 = DIRECTION('',(1.,0.,0.));
#1028 = PLANE('',#1029);
#1029 = AXIS2_PLACEMENT_3D('',#1030,#1031,#1032);
#1030 = CARTESIAN_POINT('',(0.,0.,0.6));
#1031 = DIRECTION('',(-0.,-0.,-1.));
#1032 = DIRECTION('',(-1.,0.,0.));
#1033 = ADVANCED_FACE('',(#1034),#1052,.F.);
#1034 = FACE_BOUND('',#1035,.F.);
#1035 = EDGE_LOOP('',(#1036,#1044,#1045,#1046));
#1036 = ORIENTED_EDGE('',*,*,#1037,.T.);
#1037 = EDGE_CURVE('',#1038,#980,#1040,.T.);
#1038 = VERTEX_POINT('',#1039);
#1039 = CARTESIAN_POINT('',(0.75,2.9,0.));
#1040 = LINE('',#1041,#1042);
#1041 = CARTESIAN_POINT('',(0.75,2.9,0.));
#1042 = VECTOR('',#1043,1.);
#1043 = DIRECTION('',(0.,0.,1.));
#1044 = ORIENTED_EDGE('',*,*,#987,.T.);
#1045 = ORIENTED_EDGE('',*,*,#630,.F.);
#1046 = ORIENTED_EDGE('',*,*,#1047,.F.);
#1047 = EDGE_CURVE('',#1038,#631,#1048,.T.);
#1048 = LINE('',#1049,#1050);
#1049 = CARTESIAN_POINT('',(0.75,2.9,0.));
#1050 = VECTOR('',#1051,1.);
#1051 = DIRECTION('',(0.,-1.,0.));
#1052 = PLANE('',#1053);
#1053 = AXIS2_PLACEMENT_3D('',#1054,#1055,#1056);
#1054 = CARTESIAN_POINT('',(0.75,2.9,0.));
#1055 = DIRECTION('',(1.,0.,0.));
#1056 = DIRECTION('',(0.,-1.,0.));
#1057 = ADVANCED_FACE('',(#1058,#1076),#1110,.F.);
#1058 = FACE_BOUND('',#1059,.F.);
#1059 = EDGE_LOOP('',(#1060,#1061,#1062,#1070));
#1060 = ORIENTED_EDGE('',*,*,#1047,.T.);
#1061 = ORIENTED_EDGE('',*,*,#638,.T.);
#1062 = ORIENTED_EDGE('',*,*,#1063,.T.);
#1063 = EDGE_CURVE('',#639,#1064,#1066,.T.);
#1064 = VERTEX_POINT('',#1065);
#1065 = CARTESIAN_POINT('',(1.79,2.9,0.));
#1066 = LINE('',#1067,#1068);
#1067 = CARTESIAN_POINT('',(1.79,-2.9,0.));
#1068 = VECTOR('',#1069,1.);
#1069 = DIRECTION('',(0.,1.,0.));
#1070 = ORIENTED_EDGE('',*,*,#1071,.T.);
#1071 = EDGE_CURVE('',#1064,#1038,#1072,.T.);
#1072 = LINE('',#1073,#1074);
#1073 = CARTESIAN_POINT('',(11.43,2.9,0.));
#1074 = VECTOR('',#1075,1.);
#1075 = DIRECTION('',(-1.,0.,0.));
#1076 = FACE_BOUND('',#1077,.F.);
#1077 = EDGE_LOOP('',(#1078,#1088,#1096,#1104));
#1078 = ORIENTED_EDGE('',*,*,#1079,.F.);
#1079 = EDGE_CURVE('',#1080,#1082,#1084,.T.);
#1080 = VERTEX_POINT('',#1081);
#1081 = CARTESIAN_POINT('',(1.57,0.6,0.));
#1082 = VERTEX_POINT('',#1083);
#1083 = CARTESIAN_POINT('',(0.97,0.6,0.));
#1084 = LINE('',#1085,#1086);
#1085 = CARTESIAN_POINT('',(3.325,0.6,0.));
#1086 = VECTOR('',#1087,1.);
#1087 = DIRECTION('',(-1.,0.,0.));
#1088 = ORIENTED_EDGE('',*,*,#1089,.F.);
#1089 = EDGE_CURVE('',#1090,#1080,#1092,.T.);
#1090 = VERTEX_POINT('',#1091);
#1091 = CARTESIAN_POINT('',(1.57,-0.6,0.));
#1092 = LINE('',#1093,#1094);
#1093 = CARTESIAN_POINT('',(1.57,-0.3,0.));
#1094 = VECTOR('',#1095,1.);
#1095 = DIRECTION('',(0.,1.,0.));
#1096 = ORIENTED_EDGE('',*,*,#1097,.F.);
#1097 = EDGE_CURVE('',#1098,#1090,#1100,.T.);
#1098 = VERTEX_POINT('',#1099);
#1099 = CARTESIAN_POINT('',(0.97,-0.6,0.));
#1100 = LINE('',#1101,#1102);
#1101 = CARTESIAN_POINT('',(3.025,-0.6,0.));
#1102 = VECTOR('',#1103,1.);
#1103 = DIRECTION('',(1.,0.,0.));
#1104 = ORIENTED_EDGE('',*,*,#1105,.F.);
#1105 = EDGE_CURVE('',#1082,#1098,#1106,.T.);
#1106 = LINE('',#1107,#1108);
#1107 = CARTESIAN_POINT('',(0.97,0.3,0.));
#1108 = VECTOR('',#1109,1.);
#1109 = DIRECTION('',(0.,-1.,0.));
#1110 = PLANE('',#1111);
#1111 = AXIS2_PLACEMENT_3D('',#1112,#1113,#1114);
#1112 = CARTESIAN_POINT('',(5.08,0.,0.));
#1113 = DIRECTION('',(0.,0.,1.));
#1114 = DIRECTION('',(1.,0.,-0.));
#1115 = ADVANCED_FACE('',(#1116),#1134,.F.);
#1116 = FACE_BOUND('',#1117,.F.);
#1117 = EDGE_LOOP('',(#1118,#1119,#1127,#1133));
#1118 = ORIENTED_EDGE('',*,*,#646,.T.);
#1119 = ORIENTED_EDGE('',*,*,#1120,.T.);
#1120 = EDGE_CURVE('',#647,#1121,#1123,.T.);
#1121 = VERTEX_POINT('',#1122);
#1122 = CARTESIAN_POINT('',(1.79,2.9,0.6));
#1123 = LINE('',#1124,#1125);
#1124 = CARTESIAN_POINT('',(1.79,-2.9,0.6));
#1125 = VECTOR('',#1126,1.);
#1126 = DIRECTION('',(0.,1.,0.));
#1127 = ORIENTED_EDGE('',*,*,#1128,.F.);
#1128 = EDGE_CURVE('',#1064,#1121,#1129,.T.);
#1129 = LINE('',#1130,#1131);
#1130 = CARTESIAN_POINT('',(1.79,2.9,0.));
#1131 = VECTOR('',#1132,1.);
#1132 = DIRECTION('',(0.,0.,1.));
#1133 = ORIENTED_EDGE('',*,*,#1063,.F.);
#1134 = PLANE('',#1135);
#1135 = AXIS2_PLACEMENT_3D('',#1136,#1137,#1138);
#1136 = CARTESIAN_POINT('',(1.79,-2.9,0.));
#1137 = DIRECTION('',(-1.,0.,0.));
#1138 = DIRECTION('',(0.,1.,0.));
#1139 = ADVANCED_FACE('',(#1140,#1158),#1192,.T.);
#1140 = FACE_BOUND('',#1141,.T.);
#1141 = EDGE_LOOP('',(#1142,#1150,#1156,#1157));
#1142 = ORIENTED_EDGE('',*,*,#1143,.T.);
#1143 = EDGE_CURVE('',#1121,#1144,#1146,.T.);
#1144 = VERTEX_POINT('',#1145);
#1145 = CARTESIAN_POINT('',(3.29,2.9,0.6));
#1146 = LINE('',#1147,#1148);
#1147 = CARTESIAN_POINT('',(1.79,2.9,0.6));
#1148 = VECTOR('',#1149,1.);
#1149 = DIRECTION('',(1.,0.,0.));
#1150 = ORIENTED_EDGE('',*,*,#1151,.T.);
#1151 = EDGE_CURVE('',#1144,#655,#1152,.T.);
#1152 = LINE('',#1153,#1154);
#1153 = CARTESIAN_POINT('',(3.29,2.9,0.6));
#1154 = VECTOR('',#1155,1.);
#1155 = DIRECTION('',(0.,-1.,0.));
#1156 = ORIENTED_EDGE('',*,*,#654,.T.);
#1157 = ORIENTED_EDGE('',*,*,#1120,.T.);
#1158 = FACE_BOUND('',#1159,.T.);
#1159 = EDGE_LOOP('',(#1160,#1170,#1178,#1186));
#1160 = ORIENTED_EDGE('',*,*,#1161,.T.);
#1161 = EDGE_CURVE('',#1162,#1164,#1166,.T.);
#1162 = VERTEX_POINT('',#1163);
#1163 = CARTESIAN_POINT('',(2.22,0.32,0.6));
#1164 = VERTEX_POINT('',#1165);
#1165 = CARTESIAN_POINT('',(2.22,-0.32,0.6));
#1166 = LINE('',#1167,#1168);
#1167 = CARTESIAN_POINT('',(2.22,0.,0.6));
#1168 = VECTOR('',#1169,1.);
#1169 = DIRECTION('',(0.,-1.,0.));
#1170 = ORIENTED_EDGE('',*,*,#1171,.T.);
#1171 = EDGE_CURVE('',#1164,#1172,#1174,.T.);
#1172 = VERTEX_POINT('',#1173);
#1173 = CARTESIAN_POINT('',(2.86,-0.32,0.6));
#1174 = LINE('',#1175,#1176);
#1175 = CARTESIAN_POINT('',(2.38,-0.32,0.6));
#1176 = VECTOR('',#1177,1.);
#1177 = DIRECTION('',(1.,0.,0.));
#1178 = ORIENTED_EDGE('',*,*,#1179,.F.);
#1179 = EDGE_CURVE('',#1180,#1172,#1182,.T.);
#1180 = VERTEX_POINT('',#1181);
#1181 = CARTESIAN_POINT('',(2.86,0.32,0.6));
#1182 = LINE('',#1183,#1184);
#1183 = CARTESIAN_POINT('',(2.86,0.,0.6));
#1184 = VECTOR('',#1185,1.);
#1185 = DIRECTION('',(0.,-1.,0.));
#1186 = ORIENTED_EDGE('',*,*,#1187,.T.);
#1187 = EDGE_CURVE('',#1180,#1162,#1188,.T.);
#1188 = LINE('',#1189,#1190);
#1189 = CARTESIAN_POINT('',(2.38,0.32,0.6));
#1190 = VECTOR('',#1191,1.);
#1191 = DIRECTION('',(-1.,0.,0.));
#1192 = PLANE('',#1193);
#1193 = AXIS2_PLACEMENT_3D('',#1194,#1195,#1196);
#1194 = CARTESIAN_POINT('',(2.54,0.,0.6));
#1195 = DIRECTION('',(-0.,-0.,-1.));
#1196 = DIRECTION('',(-1.,0.,0.));
#1197 = ADVANCED_FACE('',(#1198),#1216,.F.);
#1198 = FACE_BOUND('',#1199,.F.);
#1199 = EDGE_LOOP('',(#1200,#1208,#1209,#1210));
#1200 = ORIENTED_EDGE('',*,*,#1201,.T.);
#1201 = EDGE_CURVE('',#1202,#1144,#1204,.T.);
#1202 = VERTEX_POINT('',#1203);
#1203 = CARTESIAN_POINT('',(3.29,2.9,0.));
#1204 = LINE('',#1205,#1206);
#1205 = CARTESIAN_POINT('',(3.29,2.9,0.));
#1206 = VECTOR('',#1207,1.);
#1207 = DIRECTION('',(0.,0.,1.));
#1208 = ORIENTED_EDGE('',*,*,#1151,.T.);
#1209 = ORIENTED_EDGE('',*,*,#662,.F.);
#1210 = ORIENTED_EDGE('',*,*,#1211,.F.);
#1211 = EDGE_CURVE('',#1202,#663,#1212,.T.);
#1212 = LINE('',#1213,#1214);
#1213 = CARTESIAN_POINT('',(3.29,2.9,0.));
#1214 = VECTOR('',#1215,1.);
#1215 = DIRECTION('',(0.,-1.,0.));
#1216 = PLANE('',#1217);
#1217 = AXIS2_PLACEMENT_3D('',#1218,#1219,#1220);
#1218 = CARTESIAN_POINT('',(3.29,2.9,0.));
#1219 = DIRECTION('',(1.,0.,0.));
#1220 = DIRECTION('',(0.,-1.,0.));
#1221 = ADVANCED_FACE('',(#1222,#1240),#1274,.F.);
#1222 = FACE_BOUND('',#1223,.F.);
#1223 = EDGE_LOOP('',(#1224,#1225,#1226,#1234));
#1224 = ORIENTED_EDGE('',*,*,#1211,.T.);
#1225 = ORIENTED_EDGE('',*,*,#670,.T.);
#1226 = ORIENTED_EDGE('',*,*,#1227,.T.);
#1227 = EDGE_CURVE('',#671,#1228,#1230,.T.);
#1228 = VERTEX_POINT('',#1229);
#1229 = CARTESIAN_POINT('',(4.33,2.9,0.));
#1230 = LINE('',#1231,#1232);
#1231 = CARTESIAN_POINT('',(4.33,-2.9,0.));
#1232 = VECTOR('',#1233,1.);
#1233 = DIRECTION('',(0.,1.,0.));
#1234 = ORIENTED_EDGE('',*,*,#1235,.T.);
#1235 = EDGE_CURVE('',#1228,#1202,#1236,.T.);
#1236 = LINE('',#1237,#1238);
#1237 = CARTESIAN_POINT('',(11.43,2.9,0.));
#1238 = VECTOR('',#1239,1.);
#1239 = DIRECTION('',(-1.,0.,0.));
#1240 = FACE_BOUND('',#1241,.F.);
#1241 = EDGE_LOOP('',(#1242,#1252,#1260,#1268));
#1242 = ORIENTED_EDGE('',*,*,#1243,.F.);
#1243 = EDGE_CURVE('',#1244,#1246,#1248,.T.);
#1244 = VERTEX_POINT('',#1245);
#1245 = CARTESIAN_POINT('',(4.11,-0.6,0.));
#1246 = VERTEX_POINT('',#1247);
#1247 = CARTESIAN_POINT('',(4.11,0.6,0.));
#1248 = LINE('',#1249,#1250);
#1249 = CARTESIAN_POINT('',(4.11,-0.3,0.));
#1250 = VECTOR('',#1251,1.);
#1251 = DIRECTION('',(0.,1.,0.));
#1252 = ORIENTED_EDGE('',*,*,#1253,.F.);
#1253 = EDGE_CURVE('',#1254,#1244,#1256,.T.);
#1254 = VERTEX_POINT('',#1255);
#1255 = CARTESIAN_POINT('',(3.51,-0.6,0.));
#1256 = LINE('',#1257,#1258);
#1257 = CARTESIAN_POINT('',(4.295,-0.6,0.));
#1258 = VECTOR('',#1259,1.);
#1259 = DIRECTION('',(1.,0.,0.));
#1260 = ORIENTED_EDGE('',*,*,#1261,.F.);
#1261 = EDGE_CURVE('',#1262,#1254,#1264,.T.);
#1262 = VERTEX_POINT('',#1263);
#1263 = CARTESIAN_POINT('',(3.51,0.6,0.));
#1264 = LINE('',#1265,#1266);
#1265 = CARTESIAN_POINT('',(3.51,0.3,0.));
#1266 = VECTOR('',#1267,1.);
#1267 = DIRECTION('',(0.,-1.,0.));
#1268 = ORIENTED_EDGE('',*,*,#1269,.F.);
#1269 = EDGE_CURVE('',#1246,#1262,#1270,.T.);
#1270 = LINE('',#1271,#1272);
#1271 = CARTESIAN_POINT('',(4.595,0.6,0.));
#1272 = VECTOR('',#1273,1.);
#1273 = DIRECTION('',(-1.,0.,0.));
#1274 = PLANE('',#1275);
#1275 = AXIS2_PLACEMENT_3D('',#1276,#1277,#1278);
#1276 = CARTESIAN_POINT('',(5.08,0.,0.));
#1277 = DIRECTION('',(0.,0.,1.));
#1278 = DIRECTION('',(1.,0.,-0.));
#1279 = ADVANCED_FACE('',(#1280),#1298,.F.);
#1280 = FACE_BOUND('',#1281,.F.);
#1281 = EDGE_LOOP('',(#1282,#1283,#1291,#1297));
#1282 = ORIENTED_EDGE('',*,*,#678,.T.);
#1283 = ORIENTED_EDGE('',*,*,#1284,.T.);
#1284 = EDGE_CURVE('',#679,#1285,#1287,.T.);
#1285 = VERTEX_POINT('',#1286);
#1286 = CARTESIAN_POINT('',(4.33,2.9,0.6));
#1287 = LINE('',#1288,#1289);
#1288 = CARTESIAN_POINT('',(4.33,-2.9,0.6));
#1289 = VECTOR('',#1290,1.);
#1290 = DIRECTION('',(0.,1.,0.));
#1291 = ORIENTED_EDGE('',*,*,#1292,.F.);
#1292 = EDGE_CURVE('',#1228,#1285,#1293,.T.);
#1293 = LINE('',#1294,#1295);
#1294 = CARTESIAN_POINT('',(4.33,2.9,0.));
#1295 = VECTOR('',#1296,1.);
#1296 = DIRECTION('',(0.,0.,1.));
#1297 = ORIENTED_EDGE('',*,*,#1227,.F.);
#1298 = PLANE('',#1299);
#1299 = AXIS2_PLACEMENT_3D('',#1300,#1301,#1302);
#1300 = CARTESIAN_POINT('',(4.33,-2.9,0.));
#1301 = DIRECTION('',(-1.,0.,0.));
#1302 = DIRECTION('',(0.,1.,0.));
#1303 = ADVANCED_FACE('',(#1304,#1322),#1356,.T.);
#1304 = FACE_BOUND('',#1305,.T.);
#1305 = EDGE_LOOP('',(#1306,#1314,#1320,#1321));
#1306 = ORIENTED_EDGE('',*,*,#1307,.T.);
#1307 = EDGE_CURVE('',#1285,#1308,#1310,.T.);
#1308 = VERTEX_POINT('',#1309);
#1309 = CARTESIAN_POINT('',(5.83,2.9,0.6));
#1310 = LINE('',#1311,#1312);
#1311 = CARTESIAN_POINT('',(4.33,2.9,0.6));
#1312 = VECTOR('',#1313,1.);
#1313 = DIRECTION('',(1.,0.,0.));
#1314 = ORIENTED_EDGE('',*,*,#1315,.T.);
#1315 = EDGE_CURVE('',#1308,#687,#1316,.T.);
#1316 = LINE('',#1317,#1318);
#1317 = CARTESIAN_POINT('',(5.83,2.9,0.6));
#1318 = VECTOR('',#1319,1.);
#1319 = DIRECTION('',(0.,-1.,0.));
#1320 = ORIENTED_EDGE('',*,*,#686,.T.);
#1321 = ORIENTED_EDGE('',*,*,#1284,.T.);
#1322 = FACE_BOUND('',#1323,.T.);
#1323 = EDGE_LOOP('',(#1324,#1334,#1342,#1350));
#1324 = ORIENTED_EDGE('',*,*,#1325,.F.);
#1325 = EDGE_CURVE('',#1326,#1328,#1330,.T.);
#1326 = VERTEX_POINT('',#1327);
#1327 = CARTESIAN_POINT('',(5.4,0.32,0.6));
#1328 = VERTEX_POINT('',#1329);
#1329 = CARTESIAN_POINT('',(5.4,-0.32,0.6));
#1330 = LINE('',#1331,#1332);
#1331 = CARTESIAN_POINT('',(5.4,0.,0.6));
#1332 = VECTOR('',#1333,1.);
#1333 = DIRECTION('',(0.,-1.,0.));
#1334 = ORIENTED_EDGE('',*,*,#1335,.T.);
#1335 = EDGE_CURVE('',#1326,#1336,#1338,.T.);
#1336 = VERTEX_POINT('',#1337);
#1337 = CARTESIAN_POINT('',(4.76,0.32,0.6));
#1338 = LINE('',#1339,#1340);
#1339 = CARTESIAN_POINT('',(4.92,0.32,0.6));
#1340 = VECTOR('',#1341,1.);
#1341 = DIRECTION('',(-1.,0.,0.));
#1342 = ORIENTED_EDGE('',*,*,#1343,.T.);
#1343 = EDGE_CURVE('',#1336,#1344,#1346,.T.);
#1344 = VERTEX_POINT('',#1345);
#1345 = CARTESIAN_POINT('',(4.76,-0.32,0.6));
#1346 = LINE('',#1347,#1348);
#1347 = CARTESIAN_POINT('',(4.76,0.,0.6));
#1348 = VECTOR('',#1349,1.);
#1349 = DIRECTION('',(0.,-1.,0.));
#1350 = ORIENTED_EDGE('',*,*,#1351,.T.);
#1351 = EDGE_CURVE('',#1344,#1328,#1352,.T.);
#1352 = LINE('',#1353,#1354);
#1353 = CARTESIAN_POINT('',(4.92,-0.32,0.6));
#1354 = VECTOR('',#1355,1.);
#1355 = DIRECTION('',(1.,0.,0.));
#1356 = PLANE('',#1357);
#1357 = AXIS2_PLACEMENT_3D('',#1358,#1359,#1360);
#1358 = CARTESIAN_POINT('',(5.08,0.,0.6));
#1359 = DIRECTION('',(-0.,-0.,-1.));
#1360 = DIRECTION('',(-1.,0.,0.));
#1361 = ADVANCED_FACE('',(#1362),#1380,.F.);
#1362 = FACE_BOUND('',#1363,.F.);
#1363 = EDGE_LOOP('',(#1364,#1372,#1373,#1374));
#1364 = ORIENTED_EDGE('',*,*,#1365,.T.);
#1365 = EDGE_CURVE('',#1366,#1308,#1368,.T.);
#1366 = VERTEX_POINT('',#1367);
#1367 = CARTESIAN_POINT('',(5.83,2.9,0.));
#1368 = LINE('',#1369,#1370);
#1369 = CARTESIAN_POINT('',(5.83,2.9,0.));
#1370 = VECTOR('',#1371,1.);
#1371 = DIRECTION('',(0.,0.,1.));
#1372 = ORIENTED_EDGE('',*,*,#1315,.T.);
#1373 = ORIENTED_EDGE('',*,*,#694,.F.);
#1374 = ORIENTED_EDGE('',*,*,#1375,.F.);
#1375 = EDGE_CURVE('',#1366,#695,#1376,.T.);
#1376 = LINE('',#1377,#1378);
#1377 = CARTESIAN_POINT('',(5.83,2.9,0.));
#1378 = VECTOR('',#1379,1.);
#1379 = DIRECTION('',(0.,-1.,0.));
#1380 = PLANE('',#1381);
#1381 = AXIS2_PLACEMENT_3D('',#1382,#1383,#1384);
#1382 = CARTESIAN_POINT('',(5.83,2.9,0.));
#1383 = DIRECTION('',(1.,0.,0.));
#1384 = DIRECTION('',(0.,-1.,0.));
#1385 = ADVANCED_FACE('',(#1386,#1404),#1438,.F.);
#1386 = FACE_BOUND('',#1387,.F.);
#1387 = EDGE_LOOP('',(#1388,#1389,#1390,#1398));
#1388 = ORIENTED_EDGE('',*,*,#1375,.T.);
#1389 = ORIENTED_EDGE('',*,*,#702,.T.);
#1390 = ORIENTED_EDGE('',*,*,#1391,.T.);
#1391 = EDGE_CURVE('',#703,#1392,#1394,.T.);
#1392 = VERTEX_POINT('',#1393);
#1393 = CARTESIAN_POINT('',(6.87,2.9,0.));
#1394 = LINE('',#1395,#1396);
#1395 = CARTESIAN_POINT('',(6.87,-2.9,0.));
#1396 = VECTOR('',#1397,1.);
#1397 = DIRECTION('',(0.,1.,0.));
#1398 = ORIENTED_EDGE('',*,*,#1399,.T.);
#1399 = EDGE_CURVE('',#1392,#1366,#1400,.T.);
#1400 = LINE('',#1401,#1402);
#1401 = CARTESIAN_POINT('',(11.43,2.9,0.));
#1402 = VECTOR('',#1403,1.);
#1403 = DIRECTION('',(-1.,0.,0.));
#1404 = FACE_BOUND('',#1405,.F.);
#1405 = EDGE_LOOP('',(#1406,#1416,#1424,#1432));
#1406 = ORIENTED_EDGE('',*,*,#1407,.F.);
#1407 = EDGE_CURVE('',#1408,#1410,#1412,.T.);
#1408 = VERTEX_POINT('',#1409);
#1409 = CARTESIAN_POINT('',(6.65,0.6,0.));
#1410 = VERTEX_POINT('',#1411);
#1411 = CARTESIAN_POINT('',(6.05,0.6,0.));
#1412 = LINE('',#1413,#1414);
#1413 = CARTESIAN_POINT('',(5.865,0.6,0.));
#1414 = VECTOR('',#1415,1.);
#1415 = DIRECTION('',(-1.,0.,0.));
#1416 = ORIENTED_EDGE('',*,*,#1417,.F.);
#1417 = EDGE_CURVE('',#1418,#1408,#1420,.T.);
#1418 = VERTEX_POINT('',#1419);
#1419 = CARTESIAN_POINT('',(6.65,-0.6,0.));
#1420 = LINE('',#1421,#1422);
#1421 = CARTESIAN_POINT('',(6.65,-0.3,0.));
#1422 = VECTOR('',#1423,1.);
#1423 = DIRECTION('',(0.,1.,0.));
#1424 = ORIENTED_EDGE('',*,*,#1425,.F.);
#1425 = EDGE_CURVE('',#1426,#1418,#1428,.T.);
#1426 = VERTEX_POINT('',#1427);
#1427 = CARTESIAN_POINT('',(6.05,-0.6,0.));
#1428 = LINE('',#1429,#1430);
#1429 = CARTESIAN_POINT('',(5.565,-0.6,0.));
#1430 = VECTOR('',#1431,1.);
#1431 = DIRECTION('',(1.,0.,0.));
#1432 = ORIENTED_EDGE('',*,*,#1433,.F.);
#1433 = EDGE_CURVE('',#1410,#1426,#1434,.T.);
#1434 = LINE('',#1435,#1436);
#1435 = CARTESIAN_POINT('',(6.05,0.3,0.));
#1436 = VECTOR('',#1437,1.);
#1437 = DIRECTION('',(0.,-1.,0.));
#1438 = PLANE('',#1439);
#1439 = AXIS2_PLACEMENT_3D('',#1440,#1441,#1442);
#1440 = CARTESIAN_POINT('',(5.08,0.,0.));
#1441 = DIRECTION('',(0.,0.,1.));
#1442 = DIRECTION('',(1.,0.,-0.));
#1443 = ADVANCED_FACE('',(#1444),#1462,.F.);
#1444 = FACE_BOUND('',#1445,.F.);
#1445 = EDGE_LOOP('',(#1446,#1447,#1455,#1461));
#1446 = ORIENTED_EDGE('',*,*,#710,.T.);
#1447 = ORIENTED_EDGE('',*,*,#1448,.T.);
#1448 = EDGE_CURVE('',#711,#1449,#1451,.T.);
#1449 = VERTEX_POINT('',#1450);
#1450 = CARTESIAN_POINT('',(6.87,2.9,0.6));
#1451 = LINE('',#1452,#1453);
#1452 = CARTESIAN_POINT('',(6.87,-2.9,0.6));
#1453 = VECTOR('',#1454,1.);
#1454 = DIRECTION('',(0.,1.,0.));
#1455 = ORIENTED_EDGE('',*,*,#1456,.F.);
#1456 = EDGE_CURVE('',#1392,#1449,#1457,.T.);
#1457 = LINE('',#1458,#1459);
#1458 = CARTESIAN_POINT('',(6.87,2.9,0.));
#1459 = VECTOR('',#1460,1.);
#1460 = DIRECTION('',(0.,0.,1.));
#1461 = ORIENTED_EDGE('',*,*,#1391,.F.);
#1462 = PLANE('',#1463);
#1463 = AXIS2_PLACEMENT_3D('',#1464,#1465,#1466);
#1464 = CARTESIAN_POINT('',(6.87,-2.9,0.));
#1465 = DIRECTION('',(-1.,0.,0.));
#1466 = DIRECTION('',(0.,1.,0.));
#1467 = ADVANCED_FACE('',(#1468,#1486),#1520,.T.);
#1468 = FACE_BOUND('',#1469,.T.);
#1469 = EDGE_LOOP('',(#1470,#1478,#1484,#1485));
#1470 = ORIENTED_EDGE('',*,*,#1471,.T.);
#1471 = EDGE_CURVE('',#1449,#1472,#1474,.T.);
#1472 = VERTEX_POINT('',#1473);
#1473 = CARTESIAN_POINT('',(8.37,2.9,0.6));
#1474 = LINE('',#1475,#1476);
#1475 = CARTESIAN_POINT('',(6.87,2.9,0.6));
#1476 = VECTOR('',#1477,1.);
#1477 = DIRECTION('',(1.,0.,0.));
#1478 = ORIENTED_EDGE('',*,*,#1479,.T.);
#1479 = EDGE_CURVE('',#1472,#719,#1480,.T.);
#1480 = LINE('',#1481,#1482);
#1481 = CARTESIAN_POINT('',(8.37,2.9,0.6));
#1482 = VECTOR('',#1483,1.);
#1483 = DIRECTION('',(0.,-1.,0.));
#1484 = ORIENTED_EDGE('',*,*,#718,.T.);
#1485 = ORIENTED_EDGE('',*,*,#1448,.T.);
#1486 = FACE_BOUND('',#1487,.T.);
#1487 = EDGE_LOOP('',(#1488,#1498,#1506,#1514));
#1488 = ORIENTED_EDGE('',*,*,#1489,.F.);
#1489 = EDGE_CURVE('',#1490,#1492,#1494,.T.);
#1490 = VERTEX_POINT('',#1491);
#1491 = CARTESIAN_POINT('',(7.94,0.32,0.6));
#1492 = VERTEX_POINT('',#1493);
#1493 = CARTESIAN_POINT('',(7.94,-0.32,0.6));
#1494 = LINE('',#1495,#1496);
#1495 = CARTESIAN_POINT('',(7.94,0.,0.6));
#1496 = VECTOR('',#1497,1.);
#1497 = DIRECTION('',(0.,-1.,0.));
#1498 = ORIENTED_EDGE('',*,*,#1499,.T.);
#1499 = EDGE_CURVE('',#1490,#1500,#1502,.T.);
#1500 = VERTEX_POINT('',#1501);
#1501 = CARTESIAN_POINT('',(7.3,0.32,0.6));
#1502 = LINE('',#1503,#1504);
#1503 = CARTESIAN_POINT('',(7.46,0.32,0.6));
#1504 = VECTOR('',#1505,1.);
#1505 = DIRECTION('',(-1.,0.,0.));
#1506 = ORIENTED_EDGE('',*,*,#1507,.T.);
#1507 = EDGE_CURVE('',#1500,#1508,#1510,.T.);
#1508 = VERTEX_POINT('',#1509);
#1509 = CARTESIAN_POINT('',(7.3,-0.32,0.6));
#1510 = LINE('',#1511,#1512);
#1511 = CARTESIAN_POINT('',(7.3,0.,0.6));
#1512 = VECTOR('',#1513,1.);
#1513 = DIRECTION('',(0.,-1.,0.));
#1514 = ORIENTED_EDGE('',*,*,#1515,.T.);
#1515 = EDGE_CURVE('',#1508,#1492,#1516,.T.);
#1516 = LINE('',#1517,#1518);
#1517 = CARTESIAN_POINT('',(7.46,-0.32,0.6));
#1518 = VECTOR('',#1519,1.);
#1519 = DIRECTION('',(1.,0.,0.));
#1520 = PLANE('',#1521);
#1521 = AXIS2_PLACEMENT_3D('',#1522,#1523,#1524);
#1522 = CARTESIAN_POINT('',(7.62,0.,0.6));
#1523 = DIRECTION('',(-0.,-0.,-1.));
#1524 = DIRECTION('',(-1.,0.,0.));
#1525 = ADVANCED_FACE('',(#1526),#1544,.F.);
#1526 = FACE_BOUND('',#1527,.F.);
#1527 = EDGE_LOOP('',(#1528,#1536,#1537,#1538));
#1528 = ORIENTED_EDGE('',*,*,#1529,.T.);
#1529 = EDGE_CURVE('',#1530,#1472,#1532,.T.);
#1530 = VERTEX_POINT('',#1531);
#1531 = CARTESIAN_POINT('',(8.37,2.9,0.));
#1532 = LINE('',#1533,#1534);
#1533 = CARTESIAN_POINT('',(8.37,2.9,0.));
#1534 = VECTOR('',#1535,1.);
#1535 = DIRECTION('',(0.,0.,1.));
#1536 = ORIENTED_EDGE('',*,*,#1479,.T.);
#1537 = ORIENTED_EDGE('',*,*,#726,.F.);
#1538 = ORIENTED_EDGE('',*,*,#1539,.F.);
#1539 = EDGE_CURVE('',#1530,#727,#1540,.T.);
#1540 = LINE('',#1541,#1542);
#1541 = CARTESIAN_POINT('',(8.37,2.9,0.));
#1542 = VECTOR('',#1543,1.);
#1543 = DIRECTION('',(0.,-1.,0.));
#1544 = PLANE('',#1545);
#1545 = AXIS2_PLACEMENT_3D('',#1546,#1547,#1548);
#1546 = CARTESIAN_POINT('',(8.37,2.9,0.));
#1547 = DIRECTION('',(1.,0.,0.));
#1548 = DIRECTION('',(0.,-1.,0.));
#1549 = ADVANCED_FACE('',(#1550,#1568),#1602,.F.);
#1550 = FACE_BOUND('',#1551,.F.);
#1551 = EDGE_LOOP('',(#1552,#1553,#1554,#1562));
#1552 = ORIENTED_EDGE('',*,*,#1539,.T.);
#1553 = ORIENTED_EDGE('',*,*,#734,.T.);
#1554 = ORIENTED_EDGE('',*,*,#1555,.T.);
#1555 = EDGE_CURVE('',#735,#1556,#1558,.T.);
#1556 = VERTEX_POINT('',#1557);
#1557 = CARTESIAN_POINT('',(9.41,2.9,0.));
#1558 = LINE('',#1559,#1560);
#1559 = CARTESIAN_POINT('',(9.41,-2.9,0.));
#1560 = VECTOR('',#1561,1.);
#1561 = DIRECTION('',(0.,1.,0.));
#1562 = ORIENTED_EDGE('',*,*,#1563,.T.);
#1563 = EDGE_CURVE('',#1556,#1530,#1564,.T.);
#1564 = LINE('',#1565,#1566);
#1565 = CARTESIAN_POINT('',(11.43,2.9,0.));
#1566 = VECTOR('',#1567,1.);
#1567 = DIRECTION('',(-1.,0.,0.));
#1568 = FACE_BOUND('',#1569,.F.);
#1569 = EDGE_LOOP('',(#1570,#1580,#1588,#1596));
#1570 = ORIENTED_EDGE('',*,*,#1571,.F.);
#1571 = EDGE_CURVE('',#1572,#1574,#1576,.T.);
#1572 = VERTEX_POINT('',#1573);
#1573 = CARTESIAN_POINT('',(8.59,0.6,0.));
#1574 = VERTEX_POINT('',#1575);
#1575 = CARTESIAN_POINT('',(8.59,-0.6,0.));
#1576 = LINE('',#1577,#1578);
#1577 = CARTESIAN_POINT('',(8.59,0.3,0.));
#1578 = VECTOR('',#1579,1.);
#1579 = DIRECTION('',(0.,-1.,0.));
#1580 = ORIENTED_EDGE('',*,*,#1581,.F.);
#1581 = EDGE_CURVE('',#1582,#1572,#1584,.T.);
#1582 = VERTEX_POINT('',#1583);
#1583 = CARTESIAN_POINT('',(9.19,0.6,0.));
#1584 = LINE('',#1585,#1586);
#1585 = CARTESIAN_POINT('',(7.135,0.6,0.));
#1586 = VECTOR('',#1587,1.);
#1587 = DIRECTION('',(-1.,0.,0.));
#1588 = ORIENTED_EDGE('',*,*,#1589,.F.);
#1589 = EDGE_CURVE('',#1590,#1582,#1592,.T.);
#1590 = VERTEX_POINT('',#1591);
#1591 = CARTESIAN_POINT('',(9.19,-0.6,0.));
#1592 = LINE('',#1593,#1594);
#1593 = CARTESIAN_POINT('',(9.19,-0.3,0.));
#1594 = VECTOR('',#1595,1.);
#1595 = DIRECTION('',(0.,1.,0.));
#1596 = ORIENTED_EDGE('',*,*,#1597,.F.);
#1597 = EDGE_CURVE('',#1574,#1590,#1598,.T.);
#1598 = LINE('',#1599,#1600);
#1599 = CARTESIAN_POINT('',(6.835,-0.6,0.));
#1600 = VECTOR('',#1601,1.);
#1601 = DIRECTION('',(1.,0.,0.));
#1602 = PLANE('',#1603);
#1603 = AXIS2_PLACEMENT_3D('',#1604,#1605,#1606);
#1604 = CARTESIAN_POINT('',(5.08,0.,0.));
#1605 = DIRECTION('',(0.,0.,1.));
#1606 = DIRECTION('',(1.,0.,-0.));
#1607 = ADVANCED_FACE('',(#1608),#1626,.F.);
#1608 = FACE_BOUND('',#1609,.F.);
#1609 = EDGE_LOOP('',(#1610,#1611,#1619,#1625));
#1610 = ORIENTED_EDGE('',*,*,#742,.T.);
#1611 = ORIENTED_EDGE('',*,*,#1612,.T.);
#1612 = EDGE_CURVE('',#743,#1613,#1615,.T.);
#1613 = VERTEX_POINT('',#1614);
#1614 = CARTESIAN_POINT('',(9.41,2.9,0.6));
#1615 = LINE('',#1616,#1617);
#1616 = CARTESIAN_POINT('',(9.41,-2.9,0.6));
#1617 = VECTOR('',#1618,1.);
#1618 = DIRECTION('',(0.,1.,0.));
#1619 = ORIENTED_EDGE('',*,*,#1620,.F.);
#1620 = EDGE_CURVE('',#1556,#1613,#1621,.T.);
#1621 = LINE('',#1622,#1623);
#1622 = CARTESIAN_POINT('',(9.41,2.9,0.));
#1623 = VECTOR('',#1624,1.);
#1624 = DIRECTION('',(0.,0.,1.));
#1625 = ORIENTED_EDGE('',*,*,#1555,.F.);
#1626 = PLANE('',#1627);
#1627 = AXIS2_PLACEMENT_3D('',#1628,#1629,#1630);
#1628 = CARTESIAN_POINT('',(9.41,-2.9,0.));
#1629 = DIRECTION('',(-1.,0.,0.));
#1630 = DIRECTION('',(0.,1.,0.));
#1631 = ADVANCED_FACE('',(#1632,#1650),#1684,.T.);
#1632 = FACE_BOUND('',#1633,.T.);
#1633 = EDGE_LOOP('',(#1634,#1642,#1648,#1649));
#1634 = ORIENTED_EDGE('',*,*,#1635,.T.);
#1635 = EDGE_CURVE('',#1613,#1636,#1638,.T.);
#1636 = VERTEX_POINT('',#1637);
#1637 = CARTESIAN_POINT('',(10.91,2.9,0.6));
#1638 = LINE('',#1639,#1640);
#1639 = CARTESIAN_POINT('',(9.41,2.9,0.6));
#1640 = VECTOR('',#1641,1.);
#1641 = DIRECTION('',(1.,0.,0.));
#1642 = ORIENTED_EDGE('',*,*,#1643,.T.);
#1643 = EDGE_CURVE('',#1636,#751,#1644,.T.);
#1644 = LINE('',#1645,#1646);
#1645 = CARTESIAN_POINT('',(10.91,2.9,0.6));
#1646 = VECTOR('',#1647,1.);
#1647 = DIRECTION('',(0.,-1.,0.));
#1648 = ORIENTED_EDGE('',*,*,#750,.T.);
#1649 = ORIENTED_EDGE('',*,*,#1612,.T.);
#1650 = FACE_BOUND('',#1651,.T.);
#1651 = EDGE_LOOP('',(#1652,#1662,#1670,#1678));
#1652 = ORIENTED_EDGE('',*,*,#1653,.T.);
#1653 = EDGE_CURVE('',#1654,#1656,#1658,.T.);
#1654 = VERTEX_POINT('',#1655);
#1655 = CARTESIAN_POINT('',(10.48,0.32,0.6));
#1656 = VERTEX_POINT('',#1657);
#1657 = CARTESIAN_POINT('',(9.84,0.32,0.6));
#1658 = LINE('',#1659,#1660);
#1659 = CARTESIAN_POINT('',(10.,0.32,0.6));
#1660 = VECTOR('',#1661,1.);
#1661 = DIRECTION('',(-1.,0.,0.));
#1662 = ORIENTED_EDGE('',*,*,#1663,.T.);
#1663 = EDGE_CURVE('',#1656,#1664,#1666,.T.);
#1664 = VERTEX_POINT('',#1665);
#1665 = CARTESIAN_POINT('',(9.84,-0.32,0.6));
#1666 = LINE('',#1667,#1668);
#1667 = CARTESIAN_POINT('',(9.84,0.,0.6));
#1668 = VECTOR('',#1669,1.);
#1669 = DIRECTION('',(0.,-1.,0.));
#1670 = ORIENTED_EDGE('',*,*,#1671,.T.);
#1671 = EDGE_CURVE('',#1664,#1672,#1674,.T.);
#1672 = VERTEX_POINT('',#1673);
#1673 = CARTESIAN_POINT('',(10.48,-0.32,0.6));
#1674 = LINE('',#1675,#1676);
#1675 = CARTESIAN_POINT('',(10.,-0.32,0.6));
#1676 = VECTOR('',#1677,1.);
#1677 = DIRECTION('',(1.,0.,0.));
#1678 = ORIENTED_EDGE('',*,*,#1679,.F.);
#1679 = EDGE_CURVE('',#1654,#1672,#1680,.T.);
#1680 = LINE('',#1681,#1682);
#1681 = CARTESIAN_POINT('',(10.48,0.,0.6));
#1682 = VECTOR('',#1683,1.);
#1683 = DIRECTION('',(0.,-1.,0.));
#1684 = PLANE('',#1685);
#1685 = AXIS2_PLACEMENT_3D('',#1686,#1687,#1688);
#1686 = CARTESIAN_POINT('',(10.16,0.,0.6));
#1687 = DIRECTION('',(-0.,-0.,-1.));
#1688 = DIRECTION('',(-1.,0.,0.));
#1689 = ADVANCED_FACE('',(#1690),#1708,.F.);
#1690 = FACE_BOUND('',#1691,.F.);
#1691 = EDGE_LOOP('',(#1692,#1700,#1701,#1702));
#1692 = ORIENTED_EDGE('',*,*,#1693,.T.);
#1693 = EDGE_CURVE('',#1694,#1636,#1696,.T.);
#1694 = VERTEX_POINT('',#1695);
#1695 = CARTESIAN_POINT('',(10.91,2.9,0.));
#1696 = LINE('',#1697,#1698);
#1697 = CARTESIAN_POINT('',(10.91,2.9,0.));
#1698 = VECTOR('',#1699,1.);
#1699 = DIRECTION('',(0.,0.,1.));
#1700 = ORIENTED_EDGE('',*,*,#1643,.T.);
#1701 = ORIENTED_EDGE('',*,*,#758,.F.);
#1702 = ORIENTED_EDGE('',*,*,#1703,.F.);
#1703 = EDGE_CURVE('',#1694,#759,#1704,.T.);
#1704 = LINE('',#1705,#1706);
#1705 = CARTESIAN_POINT('',(10.91,2.9,0.));
#1706 = VECTOR('',#1707,1.);
#1707 = DIRECTION('',(0.,-1.,0.));
#1708 = PLANE('',#1709);
#1709 = AXIS2_PLACEMENT_3D('',#1710,#1711,#1712);
#1710 = CARTESIAN_POINT('',(10.91,2.9,0.));
#1711 = DIRECTION('',(1.,0.,0.));
#1712 = DIRECTION('',(0.,-1.,0.));
#1713 = ADVANCED_FACE('',(#1714),#1732,.F.);
#1714 = FACE_BOUND('',#1715,.F.);
#1715 = EDGE_LOOP('',(#1716,#1717,#1718,#1726));
#1716 = ORIENTED_EDGE('',*,*,#1703,.T.);
#1717 = ORIENTED_EDGE('',*,*,#766,.T.);
#1718 = ORIENTED_EDGE('',*,*,#1719,.T.);
#1719 = EDGE_CURVE('',#767,#1720,#1722,.T.);
#1720 = VERTEX_POINT('',#1721);
#1721 = CARTESIAN_POINT('',(11.43,2.9,0.));
#1722 = LINE('',#1723,#1724);
#1723 = CARTESIAN_POINT('',(11.43,-2.9,0.));
#1724 = VECTOR('',#1725,1.);
#1725 = DIRECTION('',(0.,1.,0.));
#1726 = ORIENTED_EDGE('',*,*,#1727,.T.);
#1727 = EDGE_CURVE('',#1720,#1694,#1728,.T.);
#1728 = LINE('',#1729,#1730);
#1729 = CARTESIAN_POINT('',(11.43,2.9,0.));
#1730 = VECTOR('',#1731,1.);
#1731 = DIRECTION('',(-1.,0.,0.));
#1732 = PLANE('',#1733);
#1733 = AXIS2_PLACEMENT_3D('',#1734,#1735,#1736);
#1734 = CARTESIAN_POINT('',(5.08,0.,0.));
#1735 = DIRECTION('',(0.,0.,1.));
#1736 = DIRECTION('',(1.,0.,-0.));
#1737 = ADVANCED_FACE('',(#1738),#1756,.F.);
#1738 = FACE_BOUND('',#1739,.F.);
#1739 = EDGE_LOOP('',(#1740,#1741,#1749,#1755));
#1740 = ORIENTED_EDGE('',*,*,#774,.T.);
#1741 = ORIENTED_EDGE('',*,*,#1742,.T.);
#1742 = EDGE_CURVE('',#775,#1743,#1745,.T.);
#1743 = VERTEX_POINT('',#1744);
#1744 = CARTESIAN_POINT('',(11.43,2.9,3.17));
#1745 = LINE('',#1746,#1747);
#1746 = CARTESIAN_POINT('',(11.43,-2.9,3.17));
#1747 = VECTOR('',#1748,1.);
#1748 = DIRECTION('',(0.,1.,0.));
#1749 = ORIENTED_EDGE('',*,*,#1750,.F.);
#1750 = EDGE_CURVE('',#1720,#1743,#1751,.T.);
#1751 = LINE('',#1752,#1753);
#1752 = CARTESIAN_POINT('',(11.43,2.9,0.));
#1753 = VECTOR('',#1754,1.);
#1754 = DIRECTION('',(0.,0.,1.));
#1755 = ORIENTED_EDGE('',*,*,#1719,.F.);
#1756 = PLANE('',#1757);
#1757 = AXIS2_PLACEMENT_3D('',#1758,#1759,#1760);
#1758 = CARTESIAN_POINT('',(11.43,-2.9,0.));
#1759 = DIRECTION('',(-1.,0.,0.));
#1760 = DIRECTION('',(0.,1.,0.));
#1761 = ADVANCED_FACE('',(#1762,#1803,#1837,#1871,#1905,#1939,#1973,
    #2007,#2041,#2075),#2109,.T.);
#1762 = FACE_BOUND('',#1763,.T.);
#1763 = EDGE_LOOP('',(#1764,#1772,#1773,#1781,#1789,#1795,#1796,#1797));
#1764 = ORIENTED_EDGE('',*,*,#1765,.T.);
#1765 = EDGE_CURVE('',#1766,#822,#1768,.T.);
#1766 = VERTEX_POINT('',#1767);
#1767 = CARTESIAN_POINT('',(-1.27,2.9,3.17));
#1768 = LINE('',#1769,#1770);
#1769 = CARTESIAN_POINT('',(-1.27,2.9,3.17));
#1770 = VECTOR('',#1771,1.);
#1771 = DIRECTION('',(0.,-1.,0.));
#1772 = ORIENTED_EDGE('',*,*,#821,.T.);
#1773 = ORIENTED_EDGE('',*,*,#1774,.F.);
#1774 = EDGE_CURVE('',#1775,#814,#1777,.T.);
#1775 = VERTEX_POINT('',#1776);
#1776 = CARTESIAN_POINT('',(0.,-1.3,3.17));
#1777 = LINE('',#1778,#1779);
#1778 = CARTESIAN_POINT('',(0.,-1.3,3.17));
#1779 = VECTOR('',#1780,1.);
#1780 = DIRECTION('',(-0.,-1.,-0.));
#1781 = ORIENTED_EDGE('',*,*,#1782,.F.);
#1782 = EDGE_CURVE('',#1783,#1775,#1785,.T.);
#1783 = VERTEX_POINT('',#1784);
#1784 = CARTESIAN_POINT('',(10.16,-1.3,3.17));
#1785 = LINE('',#1786,#1787);
#1786 = CARTESIAN_POINT('',(5.08,-1.3,3.17));
#1787 = VECTOR('',#1788,1.);
#1788 = DIRECTION('',(-1.,-0.,-0.));
#1789 = ORIENTED_EDGE('',*,*,#1790,.T.);
#1790 = EDGE_CURVE('',#1783,#783,#1791,.T.);
#1791 = LINE('',#1792,#1793);
#1792 = CARTESIAN_POINT('',(10.16,-1.3,3.17));
#1793 = VECTOR('',#1794,1.);
#1794 = DIRECTION('',(0.,-1.,0.));
#1795 = ORIENTED_EDGE('',*,*,#782,.T.);
#1796 = ORIENTED_EDGE('',*,*,#1742,.T.);
#1797 = ORIENTED_EDGE('',*,*,#1798,.T.);
#1798 = EDGE_CURVE('',#1743,#1766,#1799,.T.);
#1799 = LINE('',#1800,#1801);
#1800 = CARTESIAN_POINT('',(11.43,2.9,3.17));
#1801 = VECTOR('',#1802,1.);
#1802 = DIRECTION('',(-1.,0.,0.));
#1803 = FACE_BOUND('',#1804,.T.);
#1804 = EDGE_LOOP('',(#1805,#1815,#1823,#1831));
#1805 = ORIENTED_EDGE('',*,*,#1806,.F.);
#1806 = EDGE_CURVE('',#1807,#1809,#1811,.T.);
#1807 = VERTEX_POINT('',#1808);
#1808 = CARTESIAN_POINT('',(6.65,-0.6,3.17));
#1809 = VERTEX_POINT('',#1810);
#1810 = CARTESIAN_POINT('',(6.65,0.6,3.17));
#1811 = LINE('',#1812,#1813);
#1812 = CARTESIAN_POINT('',(6.65,-0.6,3.17));
#1813 = VECTOR('',#1814,1.);
#1814 = DIRECTION('',(0.,1.,0.));
#1815 = ORIENTED_EDGE('',*,*,#1816,.F.);
#1816 = EDGE_CURVE('',#1817,#1807,#1819,.T.);
#1817 = VERTEX_POINT('',#1818);
#1818 = CARTESIAN_POINT('',(6.05,-0.6,3.17));
#1819 = LINE('',#1820,#1821);
#1820 = CARTESIAN_POINT('',(6.05,-0.6,3.17));
#1821 = VECTOR('',#1822,1.);
#1822 = DIRECTION('',(1.,0.,0.));
#1823 = ORIENTED_EDGE('',*,*,#1824,.F.);
#1824 = EDGE_CURVE('',#1825,#1817,#1827,.T.);
#1825 = VERTEX_POINT('',#1826);
#1826 = CARTESIAN_POINT('',(6.05,0.6,3.17));
#1827 = LINE('',#1828,#1829);
#1828 = CARTESIAN_POINT('',(6.05,0.6,3.17));
#1829 = VECTOR('',#1830,1.);
#1830 = DIRECTION('',(0.,-1.,0.));
#1831 = ORIENTED_EDGE('',*,*,#1832,.F.);
#1832 = EDGE_CURVE('',#1809,#1825,#1833,.T.);
#1833 = LINE('',#1834,#1835);
#1834 = CARTESIAN_POINT('',(6.65,0.6,3.17));
#1835 = VECTOR('',#1836,1.);
#1836 = DIRECTION('',(-1.,0.,0.));
#1837 = FACE_BOUND('',#1838,.T.);
#1838 = EDGE_LOOP('',(#1839,#1849,#1857,#1865));
#1839 = ORIENTED_EDGE('',*,*,#1840,.F.);
#1840 = EDGE_CURVE('',#1841,#1843,#1845,.T.);
#1841 = VERTEX_POINT('',#1842);
#1842 = CARTESIAN_POINT('',(5.4,-0.32,3.17));
#1843 = VERTEX_POINT('',#1844);
#1844 = CARTESIAN_POINT('',(5.4,0.32,3.17));
#1845 = LINE('',#1846,#1847);
#1846 = CARTESIAN_POINT('',(5.4,0.,3.17));
#1847 = VECTOR('',#1848,1.);
#1848 = DIRECTION('',(0.,1.,0.));
#1849 = ORIENTED_EDGE('',*,*,#1850,.T.);
#1850 = EDGE_CURVE('',#1841,#1851,#1853,.T.);
#1851 = VERTEX_POINT('',#1852);
#1852 = CARTESIAN_POINT('',(4.76,-0.32,3.17));
#1853 = LINE('',#1854,#1855);
#1854 = CARTESIAN_POINT('',(4.92,-0.32,3.17));
#1855 = VECTOR('',#1856,1.);
#1856 = DIRECTION('',(-1.,0.,0.));
#1857 = ORIENTED_EDGE('',*,*,#1858,.T.);
#1858 = EDGE_CURVE('',#1851,#1859,#1861,.T.);
#1859 = VERTEX_POINT('',#1860);
#1860 = CARTESIAN_POINT('',(4.76,0.32,3.17));
#1861 = LINE('',#1862,#1863);
#1862 = CARTESIAN_POINT('',(4.76,0.,3.17));
#1863 = VECTOR('',#1864,1.);
#1864 = DIRECTION('',(0.,1.,0.));
#1865 = ORIENTED_EDGE('',*,*,#1866,.T.);
#1866 = EDGE_CURVE('',#1859,#1843,#1867,.T.);
#1867 = LINE('',#1868,#1869);
#1868 = CARTESIAN_POINT('',(4.92,0.32,3.17));
#1869 = VECTOR('',#1870,1.);
#1870 = DIRECTION('',(1.,0.,0.));
#1871 = FACE_BOUND('',#1872,.T.);
#1872 = EDGE_LOOP('',(#1873,#1883,#1891,#1899));
#1873 = ORIENTED_EDGE('',*,*,#1874,.F.);
#1874 = EDGE_CURVE('',#1875,#1877,#1879,.T.);
#1875 = VERTEX_POINT('',#1876);
#1876 = CARTESIAN_POINT('',(4.11,0.6,3.17));
#1877 = VERTEX_POINT('',#1878);
#1878 = CARTESIAN_POINT('',(3.51,0.6,3.17));
#1879 = LINE('',#1880,#1881);
#1880 = CARTESIAN_POINT('',(4.11,0.6,3.17));
#1881 = VECTOR('',#1882,1.);
#1882 = DIRECTION('',(-1.,0.,0.));
#1883 = ORIENTED_EDGE('',*,*,#1884,.F.);
#1884 = EDGE_CURVE('',#1885,#1875,#1887,.T.);
#1885 = VERTEX_POINT('',#1886);
#1886 = CARTESIAN_POINT('',(4.11,-0.6,3.17));
#1887 = LINE('',#1888,#1889);
#1888 = CARTESIAN_POINT('',(4.11,-0.6,3.17));
#1889 = VECTOR('',#1890,1.);
#1890 = DIRECTION('',(0.,1.,0.));
#1891 = ORIENTED_EDGE('',*,*,#1892,.F.);
#1892 = EDGE_CURVE('',#1893,#1885,#1895,.T.);
#1893 = VERTEX_POINT('',#1894);
#1894 = CARTESIAN_POINT('',(3.51,-0.6,3.17));
#1895 = LINE('',#1896,#1897);
#1896 = CARTESIAN_POINT('',(3.51,-0.6,3.17));
#1897 = VECTOR('',#1898,1.);
#1898 = DIRECTION('',(1.,0.,0.));
#1899 = ORIENTED_EDGE('',*,*,#1900,.F.);
#1900 = EDGE_CURVE('',#1877,#1893,#1901,.T.);
#1901 = LINE('',#1902,#1903);
#1902 = CARTESIAN_POINT('',(3.51,0.6,3.17));
#1903 = VECTOR('',#1904,1.);
#1904 = DIRECTION('',(0.,-1.,0.));
#1905 = FACE_BOUND('',#1906,.T.);
#1906 = EDGE_LOOP('',(#1907,#1917,#1925,#1933));
#1907 = ORIENTED_EDGE('',*,*,#1908,.T.);
#1908 = EDGE_CURVE('',#1909,#1911,#1913,.T.);
#1909 = VERTEX_POINT('',#1910);
#1910 = CARTESIAN_POINT('',(7.3,-0.32,3.17));
#1911 = VERTEX_POINT('',#1912);
#1912 = CARTESIAN_POINT('',(7.3,0.32,3.17));
#1913 = LINE('',#1914,#1915);
#1914 = CARTESIAN_POINT('',(7.3,0.,3.17));
#1915 = VECTOR('',#1916,1.);
#1916 = DIRECTION('',(0.,1.,0.));
#1917 = ORIENTED_EDGE('',*,*,#1918,.T.);
#1918 = EDGE_CURVE('',#1911,#1919,#1921,.T.);
#1919 = VERTEX_POINT('',#1920);
#1920 = CARTESIAN_POINT('',(7.94,0.32,3.17));
#1921 = LINE('',#1922,#1923);
#1922 = CARTESIAN_POINT('',(6.19,0.32,3.17));
#1923 = VECTOR('',#1924,1.);
#1924 = DIRECTION('',(1.,0.,0.));
#1925 = ORIENTED_EDGE('',*,*,#1926,.F.);
#1926 = EDGE_CURVE('',#1927,#1919,#1929,.T.);
#1927 = VERTEX_POINT('',#1928);
#1928 = CARTESIAN_POINT('',(7.94,-0.32,3.17));
#1929 = LINE('',#1930,#1931);
#1930 = CARTESIAN_POINT('',(7.94,0.,3.17));
#1931 = VECTOR('',#1932,1.);
#1932 = DIRECTION('',(0.,1.,0.));
#1933 = ORIENTED_EDGE('',*,*,#1934,.T.);
#1934 = EDGE_CURVE('',#1927,#1909,#1935,.T.);
#1935 = LINE('',#1936,#1937);
#1936 = CARTESIAN_POINT('',(6.19,-0.32,3.17));
#1937 = VECTOR('',#1938,1.);
#1938 = DIRECTION('',(-1.,0.,0.));
#1939 = FACE_BOUND('',#1940,.T.);
#1940 = EDGE_LOOP('',(#1941,#1951,#1959,#1967));
#1941 = ORIENTED_EDGE('',*,*,#1942,.F.);
#1942 = EDGE_CURVE('',#1943,#1945,#1947,.T.);
#1943 = VERTEX_POINT('',#1944);
#1944 = CARTESIAN_POINT('',(8.59,0.6,3.17));
#1945 = VERTEX_POINT('',#1946);
#1946 = CARTESIAN_POINT('',(8.59,-0.6,3.17));
#1947 = LINE('',#1948,#1949);
#1948 = CARTESIAN_POINT('',(8.59,0.6,3.17));
#1949 = VECTOR('',#1950,1.);
#1950 = DIRECTION('',(0.,-1.,0.));
#1951 = ORIENTED_EDGE('',*,*,#1952,.F.);
#1952 = EDGE_CURVE('',#1953,#1943,#1955,.T.);
#1953 = VERTEX_POINT('',#1954);
#1954 = CARTESIAN_POINT('',(9.19,0.6,3.17));
#1955 = LINE('',#1956,#1957);
#1956 = CARTESIAN_POINT('',(9.19,0.6,3.17));
#1957 = VECTOR('',#1958,1.);
#1958 = DIRECTION('',(-1.,0.,0.));
#1959 = ORIENTED_EDGE('',*,*,#1960,.F.);
#1960 = EDGE_CURVE('',#1961,#1953,#1963,.T.);
#1961 = VERTEX_POINT('',#1962);
#1962 = CARTESIAN_POINT('',(9.19,-0.6,3.17));
#1963 = LINE('',#1964,#1965);
#1964 = CARTESIAN_POINT('',(9.19,-0.6,3.17));
#1965 = VECTOR('',#1966,1.);
#1966 = DIRECTION('',(0.,1.,0.));
#1967 = ORIENTED_EDGE('',*,*,#1968,.F.);
#1968 = EDGE_CURVE('',#1945,#1961,#1969,.T.);
#1969 = LINE('',#1970,#1971);
#1970 = CARTESIAN_POINT('',(8.59,-0.6,3.17));
#1971 = VECTOR('',#1972,1.);
#1972 = DIRECTION('',(1.,0.,0.));
#1973 = FACE_BOUND('',#1974,.T.);
#1974 = EDGE_LOOP('',(#1975,#1985,#1993,#2001));
#1975 = ORIENTED_EDGE('',*,*,#1976,.T.);
#1976 = EDGE_CURVE('',#1977,#1979,#1981,.T.);
#1977 = VERTEX_POINT('',#1978);
#1978 = CARTESIAN_POINT('',(-0.32,-0.32,3.17));
#1979 = VERTEX_POINT('',#1980);
#1980 = CARTESIAN_POINT('',(-0.32,0.32,3.17));
#1981 = LINE('',#1982,#1983);
#1982 = CARTESIAN_POINT('',(-0.32,0.,3.17));
#1983 = VECTOR('',#1984,1.);
#1984 = DIRECTION('',(0.,1.,0.));
#1985 = ORIENTED_EDGE('',*,*,#1986,.T.);
#1986 = EDGE_CURVE('',#1979,#1987,#1989,.T.);
#1987 = VERTEX_POINT('',#1988);
#1988 = CARTESIAN_POINT('',(0.32,0.32,3.17));
#1989 = LINE('',#1990,#1991);
#1990 = CARTESIAN_POINT('',(2.38,0.32,3.17));
#1991 = VECTOR('',#1992,1.);
#1992 = DIRECTION('',(1.,0.,0.));
#1993 = ORIENTED_EDGE('',*,*,#1994,.F.);
#1994 = EDGE_CURVE('',#1995,#1987,#1997,.T.);
#1995 = VERTEX_POINT('',#1996);
#1996 = CARTESIAN_POINT('',(0.32,-0.32,3.17));
#1997 = LINE('',#1998,#1999);
#1998 = CARTESIAN_POINT('',(0.32,0.,3.17));
#1999 = VECTOR('',#2000,1.);
#2000 = DIRECTION('',(0.,1.,0.));
#2001 = ORIENTED_EDGE('',*,*,#2002,.T.);
#2002 = EDGE_CURVE('',#1995,#1977,#2003,.T.);
#2003 = LINE('',#2004,#2005);
#2004 = CARTESIAN_POINT('',(2.38,-0.32,3.17));
#2005 = VECTOR('',#2006,1.);
#2006 = DIRECTION('',(-1.,0.,0.));
#2007 = FACE_BOUND('',#2008,.T.);
#2008 = EDGE_LOOP('',(#2009,#2019,#2027,#2035));
#2009 = ORIENTED_EDGE('',*,*,#2010,.F.);
#2010 = EDGE_CURVE('',#2011,#2013,#2015,.T.);
#2011 = VERTEX_POINT('',#2012);
#2012 = CARTESIAN_POINT('',(0.97,-0.6,3.17));
#2013 = VERTEX_POINT('',#2014);
#2014 = CARTESIAN_POINT('',(1.57,-0.6,3.17));
#2015 = LINE('',#2016,#2017);
#2016 = CARTESIAN_POINT('',(0.97,-0.6,3.17));
#2017 = VECTOR('',#2018,1.);
#2018 = DIRECTION('',(1.,0.,0.));
#2019 = ORIENTED_EDGE('',*,*,#2020,.F.);
#2020 = EDGE_CURVE('',#2021,#2011,#2023,.T.);
#2021 = VERTEX_POINT('',#2022);
#2022 = CARTESIAN_POINT('',(0.97,0.6,3.17));
#2023 = LINE('',#2024,#2025);
#2024 = CARTESIAN_POINT('',(0.97,0.6,3.17));
#2025 = VECTOR('',#2026,1.);
#2026 = DIRECTION('',(0.,-1.,0.));
#2027 = ORIENTED_EDGE('',*,*,#2028,.F.);
#2028 = EDGE_CURVE('',#2029,#2021,#2031,.T.);
#2029 = VERTEX_POINT('',#2030);
#2030 = CARTESIAN_POINT('',(1.57,0.6,3.17));
#2031 = LINE('',#2032,#2033);
#2032 = CARTESIAN_POINT('',(1.57,0.6,3.17));
#2033 = VECTOR('',#2034,1.);
#2034 = DIRECTION('',(-1.,0.,0.));
#2035 = ORIENTED_EDGE('',*,*,#2036,.F.);
#2036 = EDGE_CURVE('',#2013,#2029,#2037,.T.);
#2037 = LINE('',#2038,#2039);
#2038 = CARTESIAN_POINT('',(1.57,-0.6,3.17));
#2039 = VECTOR('',#2040,1.);
#2040 = DIRECTION('',(0.,1.,0.));
#2041 = FACE_BOUND('',#2042,.T.);
#2042 = EDGE_LOOP('',(#2043,#2053,#2061,#2069));
#2043 = ORIENTED_EDGE('',*,*,#2044,.F.);
#2044 = EDGE_CURVE('',#2045,#2047,#2049,.T.);
#2045 = VERTEX_POINT('',#2046);
#2046 = CARTESIAN_POINT('',(2.86,-0.32,3.17));
#2047 = VERTEX_POINT('',#2048);
#2048 = CARTESIAN_POINT('',(2.86,0.32,3.17));
#2049 = LINE('',#2050,#2051);
#2050 = CARTESIAN_POINT('',(2.86,0.,3.17));
#2051 = VECTOR('',#2052,1.);
#2052 = DIRECTION('',(0.,1.,0.));
#2053 = ORIENTED_EDGE('',*,*,#2054,.T.);
#2054 = EDGE_CURVE('',#2045,#2055,#2057,.T.);
#2055 = VERTEX_POINT('',#2056);
#2056 = CARTESIAN_POINT('',(2.22,-0.32,3.17));
#2057 = LINE('',#2058,#2059);
#2058 = CARTESIAN_POINT('',(3.65,-0.32,3.17));
#2059 = VECTOR('',#2060,1.);
#2060 = DIRECTION('',(-1.,0.,0.));
#2061 = ORIENTED_EDGE('',*,*,#2062,.T.);
#2062 = EDGE_CURVE('',#2055,#2063,#2065,.T.);
#2063 = VERTEX_POINT('',#2064);
#2064 = CARTESIAN_POINT('',(2.22,0.32,3.17));
#2065 = LINE('',#2066,#2067);
#2066 = CARTESIAN_POINT('',(2.22,0.,3.17));
#2067 = VECTOR('',#2068,1.);
#2068 = DIRECTION('',(0.,1.,0.));
#2069 = ORIENTED_EDGE('',*,*,#2070,.T.);
#2070 = EDGE_CURVE('',#2063,#2047,#2071,.T.);
#2071 = LINE('',#2072,#2073);
#2072 = CARTESIAN_POINT('',(3.65,0.32,3.17));
#2073 = VECTOR('',#2074,1.);
#2074 = DIRECTION('',(1.,0.,0.));
#2075 = FACE_BOUND('',#2076,.T.);
#2076 = EDGE_LOOP('',(#2077,#2087,#2095,#2103));
#2077 = ORIENTED_EDGE('',*,*,#2078,.T.);
#2078 = EDGE_CURVE('',#2079,#2081,#2083,.T.);
#2079 = VERTEX_POINT('',#2080);
#2080 = CARTESIAN_POINT('',(10.48,-0.32,3.17));
#2081 = VERTEX_POINT('',#2082);
#2082 = CARTESIAN_POINT('',(9.84,-0.32,3.17));
#2083 = LINE('',#2084,#2085);
#2084 = CARTESIAN_POINT('',(7.46,-0.32,3.17));
#2085 = VECTOR('',#2086,1.);
#2086 = DIRECTION('',(-1.,0.,0.));
#2087 = ORIENTED_EDGE('',*,*,#2088,.T.);
#2088 = EDGE_CURVE('',#2081,#2089,#2091,.T.);
#2089 = VERTEX_POINT('',#2090);
#2090 = CARTESIAN_POINT('',(9.84,0.32,3.17));
#2091 = LINE('',#2092,#2093);
#2092 = CARTESIAN_POINT('',(9.84,0.,3.17));
#2093 = VECTOR('',#2094,1.);
#2094 = DIRECTION('',(0.,1.,0.));
#2095 = ORIENTED_EDGE('',*,*,#2096,.T.);
#2096 = EDGE_CURVE('',#2089,#2097,#2099,.T.);
#2097 = VERTEX_POINT('',#2098);
#2098 = CARTESIAN_POINT('',(10.48,0.32,3.17));
#2099 = LINE('',#2100,#2101);
#2100 = CARTESIAN_POINT('',(7.46,0.32,3.17));
#2101 = VECTOR('',#2102,1.);
#2102 = DIRECTION('',(1.,0.,0.));
#2103 = ORIENTED_EDGE('',*,*,#2104,.F.);
#2104 = EDGE_CURVE('',#2079,#2097,#2105,.T.);
#2105 = LINE('',#2106,#2107);
#2106 = CARTESIAN_POINT('',(10.48,0.,3.17));
#2107 = VECTOR('',#2108,1.);
#2108 = DIRECTION('',(0.,1.,0.));
#2109 = PLANE('',#2110);
#2110 = AXIS2_PLACEMENT_3D('',#2111,#2112,#2113);
#2111 = CARTESIAN_POINT('',(5.08,0.,3.17));
#2112 = DIRECTION('',(0.,0.,1.));
#2113 = DIRECTION('',(1.,0.,-0.));
#2114 = ADVANCED_FACE('',(#2115),#2160,.F.);
#2115 = FACE_BOUND('',#2116,.F.);
#2116 = EDGE_LOOP('',(#2117,#2118,#2119,#2120,#2128,#2136,#2144,#2152,
    #2159));
#2117 = ORIENTED_EDGE('',*,*,#790,.T.);
#2118 = ORIENTED_EDGE('',*,*,#853,.T.);
#2119 = ORIENTED_EDGE('',*,*,#869,.T.);
#2120 = ORIENTED_EDGE('',*,*,#2121,.T.);
#2121 = EDGE_CURVE('',#870,#2122,#2124,.T.);
#2122 = VERTEX_POINT('',#2123);
#2123 = CARTESIAN_POINT('',(10.16,-1.4,7.));
#2124 = LINE('',#2125,#2126);
#2125 = CARTESIAN_POINT('',(10.16,-1.9,7.9));
#2126 = VECTOR('',#2127,1.);
#2127 = DIRECTION('',(0.,0.485642931179,-0.874157276121));
#2128 = ORIENTED_EDGE('',*,*,#2129,.T.);
#2129 = EDGE_CURVE('',#2122,#2130,#2132,.T.);
#2130 = VERTEX_POINT('',#2131);
#2131 = CARTESIAN_POINT('',(10.16,-1.4,6.));
#2132 = LINE('',#2133,#2134);
#2133 = CARTESIAN_POINT('',(10.16,-1.4,7.));
#2134 = VECTOR('',#2135,1.);
#2135 = DIRECTION('',(0.,0.,-1.));
#2136 = ORIENTED_EDGE('',*,*,#2137,.T.);
#2137 = EDGE_CURVE('',#2130,#2138,#2140,.T.);
#2138 = VERTEX_POINT('',#2139);
#2139 = CARTESIAN_POINT('',(10.16,-1.9,5.5));
#2140 = LINE('',#2141,#2142);
#2141 = CARTESIAN_POINT('',(10.16,-1.4,6.));
#2142 = VECTOR('',#2143,1.);
#2143 = DIRECTION('',(0.,-0.707106781187,-0.707106781187));
#2144 = ORIENTED_EDGE('',*,*,#2145,.T.);
#2145 = EDGE_CURVE('',#2138,#2146,#2148,.T.);
#2146 = VERTEX_POINT('',#2147);
#2147 = CARTESIAN_POINT('',(10.16,-1.9,3.8));
#2148 = LINE('',#2149,#2150);
#2149 = CARTESIAN_POINT('',(10.16,-1.9,5.5));
#2150 = VECTOR('',#2151,1.);
#2151 = DIRECTION('',(0.,0.,-1.));
#2152 = ORIENTED_EDGE('',*,*,#2153,.T.);
#2153 = EDGE_CURVE('',#2146,#1783,#2154,.T.);
#2154 = CIRCLE('',#2155,0.601382070665);
#2155 = AXIS2_PLACEMENT_3D('',#2156,#2157,#2158);
#2156 = CARTESIAN_POINT('',(10.16,-1.299299254479,3.771381662401));
#2157 = DIRECTION('',(1.,0.,0.));
#2158 = DIRECTION('',(0.,-0.998867067749,4.758761359E-02));
#2159 = ORIENTED_EDGE('',*,*,#1790,.T.);
#2160 = PLANE('',#2161);
#2161 = AXIS2_PLACEMENT_3D('',#2162,#2163,#2164);
#2162 = CARTESIAN_POINT('',(10.16,-2.303583274757,7.224177570025));
#2163 = DIRECTION('',(-1.,-0.,-0.));
#2164 = DIRECTION('',(0.,0.,-1.));
#2165 = ADVANCED_FACE('',(#2166),#2211,.F.);
#2166 = FACE_BOUND('',#2167,.T.);
#2167 = EDGE_LOOP('',(#2168,#2169,#2170,#2171,#2179,#2187,#2195,#2203,
    #2210));
#2168 = ORIENTED_EDGE('',*,*,#813,.T.);
#2169 = ORIENTED_EDGE('',*,*,#910,.T.);
#2170 = ORIENTED_EDGE('',*,*,#885,.T.);
#2171 = ORIENTED_EDGE('',*,*,#2172,.T.);
#2172 = EDGE_CURVE('',#878,#2173,#2175,.T.);
#2173 = VERTEX_POINT('',#2174);
#2174 = CARTESIAN_POINT('',(0.,-1.4,7.));
#2175 = LINE('',#2176,#2177);
#2176 = CARTESIAN_POINT('',(0.,-1.9,7.9));
#2177 = VECTOR('',#2178,1.);
#2178 = DIRECTION('',(0.,0.485642931179,-0.874157276121));
#2179 = ORIENTED_EDGE('',*,*,#2180,.T.);
#2180 = EDGE_CURVE('',#2173,#2181,#2183,.T.);
#2181 = VERTEX_POINT('',#2182);
#2182 = CARTESIAN_POINT('',(0.,-1.4,6.));
#2183 = LINE('',#2184,#2185);
#2184 = CARTESIAN_POINT('',(0.,-1.4,7.));
#2185 = VECTOR('',#2186,1.);
#2186 = DIRECTION('',(-0.,-0.,-1.));
#2187 = ORIENTED_EDGE('',*,*,#2188,.T.);
#2188 = EDGE_CURVE('',#2181,#2189,#2191,.T.);
#2189 = VERTEX_POINT('',#2190);
#2190 = CARTESIAN_POINT('',(0.,-1.9,5.5));
#2191 = LINE('',#2192,#2193);
#2192 = CARTESIAN_POINT('',(0.,-1.4,6.));
#2193 = VECTOR('',#2194,1.);
#2194 = DIRECTION('',(-0.,-0.707106781187,-0.707106781187));
#2195 = ORIENTED_EDGE('',*,*,#2196,.T.);
#2196 = EDGE_CURVE('',#2189,#2197,#2199,.T.);
#2197 = VERTEX_POINT('',#2198);
#2198 = CARTESIAN_POINT('',(0.,-1.9,3.8));
#2199 = LINE('',#2200,#2201);
#2200 = CARTESIAN_POINT('',(0.,-1.9,5.5));
#2201 = VECTOR('',#2202,1.);
#2202 = DIRECTION('',(-0.,-0.,-1.));
#2203 = ORIENTED_EDGE('',*,*,#2204,.T.);
#2204 = EDGE_CURVE('',#2197,#1775,#2205,.T.);
#2205 = CIRCLE('',#2206,0.601382070665);
#2206 = AXIS2_PLACEMENT_3D('',#2207,#2208,#2209);
#2207 = CARTESIAN_POINT('',(0.,-1.299299254479,3.771381662401));
#2208 = DIRECTION('',(1.,0.,0.));
#2209 = DIRECTION('',(0.,-0.998867067749,4.758761359E-02));
#2210 = ORIENTED_EDGE('',*,*,#1774,.T.);
#2211 = PLANE('',#2212);
#2212 = AXIS2_PLACEMENT_3D('',#2213,#2214,#2215);
#2213 = CARTESIAN_POINT('',(0.,-2.303583274757,7.224177570025));
#2214 = DIRECTION('',(1.,0.,0.));
#2215 = DIRECTION('',(0.,0.,1.));
#2216 = ADVANCED_FACE('',(#2217),#2228,.F.);
#2217 = FACE_BOUND('',#2218,.F.);
#2218 = EDGE_LOOP('',(#2219,#2225,#2226,#2227));
#2219 = ORIENTED_EDGE('',*,*,#2220,.T.);
#2220 = EDGE_CURVE('',#925,#1766,#2221,.T.);
#2221 = LINE('',#2222,#2223);
#2222 = CARTESIAN_POINT('',(-1.27,2.9,0.));
#2223 = VECTOR('',#2224,1.);
#2224 = DIRECTION('',(0.,0.,1.));
#2225 = ORIENTED_EDGE('',*,*,#1765,.T.);
#2226 = ORIENTED_EDGE('',*,*,#829,.F.);
#2227 = ORIENTED_EDGE('',*,*,#924,.F.);
#2228 = PLANE('',#2229);
#2229 = AXIS2_PLACEMENT_3D('',#2230,#2231,#2232);
#2230 = CARTESIAN_POINT('',(-1.27,2.9,0.));
#2231 = DIRECTION('',(1.,0.,0.));
#2232 = DIRECTION('',(0.,-1.,0.));
#2233 = ADVANCED_FACE('',(#2234),#2245,.T.);
#2234 = FACE_BOUND('',#2235,.T.);
#2235 = EDGE_LOOP('',(#2236,#2237,#2238,#2244));
#2236 = ORIENTED_EDGE('',*,*,#877,.T.);
#2237 = ORIENTED_EDGE('',*,*,#2121,.T.);
#2238 = ORIENTED_EDGE('',*,*,#2239,.F.);
#2239 = EDGE_CURVE('',#2173,#2122,#2240,.T.);
#2240 = LINE('',#2241,#2242);
#2241 = CARTESIAN_POINT('',(5.08,-1.4,7.));
#2242 = VECTOR('',#2243,1.);
#2243 = DIRECTION('',(1.,0.,0.));
#2244 = ORIENTED_EDGE('',*,*,#2172,.F.);
#2245 = PLANE('',#2246);
#2246 = AXIS2_PLACEMENT_3D('',#2247,#2248,#2249);
#2247 = CARTESIAN_POINT('',(5.08,-1.65,7.45));
#2248 = DIRECTION('',(1.737214480466E-18,0.874157276121,0.485642931179)
  );
#2249 = DIRECTION('',(0.,-0.485642931179,0.874157276121));
#2250 = ADVANCED_FACE('',(#2251),#2277,.F.);
#2251 = FACE_BOUND('',#2252,.F.);
#2252 = EDGE_LOOP('',(#2253,#2254,#2255,#2256,#2257,#2258,#2259,#2260,
    #2261,#2262,#2263,#2264,#2265,#2266,#2267,#2268,#2269,#2270,#2271,
    #2272,#2273,#2274,#2275,#2276));
#2253 = ORIENTED_EDGE('',*,*,#1727,.F.);
#2254 = ORIENTED_EDGE('',*,*,#1750,.T.);
#2255 = ORIENTED_EDGE('',*,*,#1798,.T.);
#2256 = ORIENTED_EDGE('',*,*,#2220,.F.);
#2257 = ORIENTED_EDGE('',*,*,#941,.F.);
#2258 = ORIENTED_EDGE('',*,*,#964,.T.);
#2259 = ORIENTED_EDGE('',*,*,#979,.T.);
#2260 = ORIENTED_EDGE('',*,*,#1037,.F.);
#2261 = ORIENTED_EDGE('',*,*,#1071,.F.);
#2262 = ORIENTED_EDGE('',*,*,#1128,.T.);
#2263 = ORIENTED_EDGE('',*,*,#1143,.T.);
#2264 = ORIENTED_EDGE('',*,*,#1201,.F.);
#2265 = ORIENTED_EDGE('',*,*,#1235,.F.);
#2266 = ORIENTED_EDGE('',*,*,#1292,.T.);
#2267 = ORIENTED_EDGE('',*,*,#1307,.T.);
#2268 = ORIENTED_EDGE('',*,*,#1365,.F.);
#2269 = ORIENTED_EDGE('',*,*,#1399,.F.);
#2270 = ORIENTED_EDGE('',*,*,#1456,.T.);
#2271 = ORIENTED_EDGE('',*,*,#1471,.T.);
#2272 = ORIENTED_EDGE('',*,*,#1529,.F.);
#2273 = ORIENTED_EDGE('',*,*,#1563,.F.);
#2274 = ORIENTED_EDGE('',*,*,#1620,.T.);
#2275 = ORIENTED_EDGE('',*,*,#1635,.T.);
#2276 = ORIENTED_EDGE('',*,*,#1693,.F.);
#2277 = PLANE('',#2278);
#2278 = AXIS2_PLACEMENT_3D('',#2279,#2280,#2281);
#2279 = CARTESIAN_POINT('',(11.43,2.9,0.));
#2280 = DIRECTION('',(0.,-1.,0.));
#2281 = DIRECTION('',(-1.,0.,0.));
#2282 = ADVANCED_FACE('',(#2283),#2308,.T.);
#2283 = FACE_BOUND('',#2284,.T.);
#2284 = EDGE_LOOP('',(#2285,#2295,#2301,#2302));
#2285 = ORIENTED_EDGE('',*,*,#2286,.T.);
#2286 = EDGE_CURVE('',#2287,#2289,#2291,.T.);
#2287 = VERTEX_POINT('',#2288);
#2288 = CARTESIAN_POINT('',(0.32,-0.32,-3.31));
#2289 = VERTEX_POINT('',#2290);
#2290 = CARTESIAN_POINT('',(0.32,0.32,-3.31));
#2291 = LINE('',#2292,#2293);
#2292 = CARTESIAN_POINT('',(0.32,-0.32,-3.31));
#2293 = VECTOR('',#2294,1.);
#2294 = DIRECTION('',(0.,1.,0.));
#2295 = ORIENTED_EDGE('',*,*,#2296,.T.);
#2296 = EDGE_CURVE('',#2289,#998,#2297,.T.);
#2297 = LINE('',#2298,#2299);
#2298 = CARTESIAN_POINT('',(0.32,0.32,-3.56));
#2299 = VECTOR('',#2300,1.);
#2300 = DIRECTION('',(0.,0.,1.));
#2301 = ORIENTED_EDGE('',*,*,#997,.T.);
#2302 = ORIENTED_EDGE('',*,*,#2303,.T.);
#2303 = EDGE_CURVE('',#1000,#2287,#2304,.T.);
#2304 = LINE('',#2305,#2306);
#2305 = CARTESIAN_POINT('',(0.32,-0.32,10.66));
#2306 = VECTOR('',#2307,1.);
#2307 = DIRECTION('',(0.,0.,-1.));
#2308 = PLANE('',#2309);
#2309 = AXIS2_PLACEMENT_3D('',#2310,#2311,#2312);
#2310 = CARTESIAN_POINT('',(0.32,0.,3.55));
#2311 = DIRECTION('',(1.,0.,0.));
#2312 = DIRECTION('',(0.,0.,1.));
#2313 = ADVANCED_FACE('',(#2314),#2332,.F.);
#2314 = FACE_BOUND('',#2315,.F.);
#2315 = EDGE_LOOP('',(#2316,#2324,#2330,#2331));
#2316 = ORIENTED_EDGE('',*,*,#2317,.F.);
#2317 = EDGE_CURVE('',#2318,#2287,#2320,.T.);
#2318 = VERTEX_POINT('',#2319);
#2319 = CARTESIAN_POINT('',(-0.32,-0.32,-3.31));
#2320 = LINE('',#2321,#2322);
#2321 = CARTESIAN_POINT('',(-7.E-02,-0.32,-3.31));
#2322 = VECTOR('',#2323,1.);
#2323 = DIRECTION('',(1.,0.,0.));
#2324 = ORIENTED_EDGE('',*,*,#2325,.F.);
#2325 = EDGE_CURVE('',#1016,#2318,#2326,.T.);
#2326 = LINE('',#2327,#2328);
#2327 = CARTESIAN_POINT('',(-0.32,-0.32,10.66));
#2328 = VECTOR('',#2329,1.);
#2329 = DIRECTION('',(0.,0.,-1.));
#2330 = ORIENTED_EDGE('',*,*,#1023,.T.);
#2331 = ORIENTED_EDGE('',*,*,#2303,.T.);
#2332 = PLANE('',#2333);
#2333 = AXIS2_PLACEMENT_3D('',#2334,#2335,#2336);
#2334 = CARTESIAN_POINT('',(-0.32,-0.32,10.66));
#2335 = DIRECTION('',(0.,1.,0.));
#2336 = DIRECTION('',(0.,0.,-1.));
#2337 = ADVANCED_FACE('',(#2338),#2356,.F.);
#2338 = FACE_BOUND('',#2339,.F.);
#2339 = EDGE_LOOP('',(#2340,#2348,#2354,#2355));
#2340 = ORIENTED_EDGE('',*,*,#2341,.T.);
#2341 = EDGE_CURVE('',#2318,#2342,#2344,.T.);
#2342 = VERTEX_POINT('',#2343);
#2343 = CARTESIAN_POINT('',(-0.32,0.32,-3.31));
#2344 = LINE('',#2345,#2346);
#2345 = CARTESIAN_POINT('',(-0.32,-0.32,-3.31));
#2346 = VECTOR('',#2347,1.);
#2347 = DIRECTION('',(0.,1.,0.));
#2348 = ORIENTED_EDGE('',*,*,#2349,.T.);
#2349 = EDGE_CURVE('',#2342,#1008,#2350,.T.);
#2350 = LINE('',#2351,#2352);
#2351 = CARTESIAN_POINT('',(-0.32,0.32,-3.56));
#2352 = VECTOR('',#2353,1.);
#2353 = DIRECTION('',(0.,0.,1.));
#2354 = ORIENTED_EDGE('',*,*,#1015,.T.);
#2355 = ORIENTED_EDGE('',*,*,#2325,.T.);
#2356 = PLANE('',#2357);
#2357 = AXIS2_PLACEMENT_3D('',#2358,#2359,#2360);
#2358 = CARTESIAN_POINT('',(-0.32,0.,3.55));
#2359 = DIRECTION('',(1.,0.,0.));
#2360 = DIRECTION('',(0.,0.,1.));
#2361 = ADVANCED_FACE('',(#2362),#2373,.F.);
#2362 = FACE_BOUND('',#2363,.F.);
#2363 = EDGE_LOOP('',(#2364,#2365,#2371,#2372));
#2364 = ORIENTED_EDGE('',*,*,#2349,.F.);
#2365 = ORIENTED_EDGE('',*,*,#2366,.T.);
#2366 = EDGE_CURVE('',#2342,#2289,#2367,.T.);
#2367 = LINE('',#2368,#2369);
#2368 = CARTESIAN_POINT('',(-7.E-02,0.32,-3.31));
#2369 = VECTOR('',#2370,1.);
#2370 = DIRECTION('',(1.,0.,0.));
#2371 = ORIENTED_EDGE('',*,*,#2296,.T.);
#2372 = ORIENTED_EDGE('',*,*,#1007,.T.);
#2373 = PLANE('',#2374);
#2374 = AXIS2_PLACEMENT_3D('',#2375,#2376,#2377);
#2375 = CARTESIAN_POINT('',(-0.32,0.32,-3.56));
#2376 = DIRECTION('',(0.,-1.,0.));
#2377 = DIRECTION('',(0.,0.,1.));
#2378 = ADVANCED_FACE('',(#2379),#2395,.F.);
#2379 = FACE_BOUND('',#2380,.F.);
#2380 = EDGE_LOOP('',(#2381,#2382,#2388,#2389));
#2381 = ORIENTED_EDGE('',*,*,#2028,.F.);
#2382 = ORIENTED_EDGE('',*,*,#2383,.T.);
#2383 = EDGE_CURVE('',#2029,#1080,#2384,.T.);
#2384 = LINE('',#2385,#2386);
#2385 = CARTESIAN_POINT('',(1.57,0.6,3.17));
#2386 = VECTOR('',#2387,1.);
#2387 = DIRECTION('',(-0.,-0.,-1.));
#2388 = ORIENTED_EDGE('',*,*,#1079,.T.);
#2389 = ORIENTED_EDGE('',*,*,#2390,.F.);
#2390 = EDGE_CURVE('',#2021,#1082,#2391,.T.);
#2391 = LINE('',#2392,#2393);
#2392 = CARTESIAN_POINT('',(0.97,0.6,3.17));
#2393 = VECTOR('',#2394,1.);
#2394 = DIRECTION('',(-0.,-0.,-1.));
#2395 = PLANE('',#2396);
#2396 = AXIS2_PLACEMENT_3D('',#2397,#2398,#2399);
#2397 = CARTESIAN_POINT('',(1.57,0.6,3.17));
#2398 = DIRECTION('',(0.,1.,0.));
#2399 = DIRECTION('',(-1.,0.,0.));
#2400 = ADVANCED_FACE('',(#2401),#2412,.F.);
#2401 = FACE_BOUND('',#2402,.F.);
#2402 = EDGE_LOOP('',(#2403,#2404,#2405,#2406));
#2403 = ORIENTED_EDGE('',*,*,#2020,.F.);
#2404 = ORIENTED_EDGE('',*,*,#2390,.T.);
#2405 = ORIENTED_EDGE('',*,*,#1105,.T.);
#2406 = ORIENTED_EDGE('',*,*,#2407,.F.);
#2407 = EDGE_CURVE('',#2011,#1098,#2408,.T.);
#2408 = LINE('',#2409,#2410);
#2409 = CARTESIAN_POINT('',(0.97,-0.6,3.17));
#2410 = VECTOR('',#2411,1.);
#2411 = DIRECTION('',(-0.,-0.,-1.));
#2412 = PLANE('',#2413);
#2413 = AXIS2_PLACEMENT_3D('',#2414,#2415,#2416);
#2414 = CARTESIAN_POINT('',(0.97,0.6,3.17));
#2415 = DIRECTION('',(-1.,0.,0.));
#2416 = DIRECTION('',(0.,-1.,0.));
#2417 = ADVANCED_FACE('',(#2418),#2429,.F.);
#2418 = FACE_BOUND('',#2419,.F.);
#2419 = EDGE_LOOP('',(#2420,#2421,#2422,#2423));
#2420 = ORIENTED_EDGE('',*,*,#2010,.F.);
#2421 = ORIENTED_EDGE('',*,*,#2407,.T.);
#2422 = ORIENTED_EDGE('',*,*,#1097,.T.);
#2423 = ORIENTED_EDGE('',*,*,#2424,.F.);
#2424 = EDGE_CURVE('',#2013,#1090,#2425,.T.);
#2425 = LINE('',#2426,#2427);
#2426 = CARTESIAN_POINT('',(1.57,-0.6,3.17));
#2427 = VECTOR('',#2428,1.);
#2428 = DIRECTION('',(-0.,-0.,-1.));
#2429 = PLANE('',#2430);
#2430 = AXIS2_PLACEMENT_3D('',#2431,#2432,#2433);
#2431 = CARTESIAN_POINT('',(0.97,-0.6,3.17));
#2432 = DIRECTION('',(0.,-1.,0.));
#2433 = DIRECTION('',(1.,0.,0.));
#2434 = ADVANCED_FACE('',(#2435),#2441,.F.);
#2435 = FACE_BOUND('',#2436,.F.);
#2436 = EDGE_LOOP('',(#2437,#2438,#2439,#2440));
#2437 = ORIENTED_EDGE('',*,*,#2036,.F.);
#2438 = ORIENTED_EDGE('',*,*,#2424,.T.);
#2439 = ORIENTED_EDGE('',*,*,#1089,.T.);
#2440 = ORIENTED_EDGE('',*,*,#2383,.F.);
#2441 = PLANE('',#2442);
#2442 = AXIS2_PLACEMENT_3D('',#2443,#2444,#2445);
#2443 = CARTESIAN_POINT('',(1.57,-0.6,3.17));
#2444 = DIRECTION('',(1.,0.,0.));
#2445 = DIRECTION('',(-0.,1.,0.));
#2446 = ADVANCED_FACE('',(#2447),#2472,.F.);
#2447 = FACE_BOUND('',#2448,.F.);
#2448 = EDGE_LOOP('',(#2449,#2459,#2465,#2466));
#2449 = ORIENTED_EDGE('',*,*,#2450,.T.);
#2450 = EDGE_CURVE('',#2451,#2453,#2455,.T.);
#2451 = VERTEX_POINT('',#2452);
#2452 = CARTESIAN_POINT('',(2.22,-0.32,-3.31));
#2453 = VERTEX_POINT('',#2454);
#2454 = CARTESIAN_POINT('',(2.22,0.32,-3.31));
#2455 = LINE('',#2456,#2457);
#2456 = CARTESIAN_POINT('',(2.22,-0.32,-3.31));
#2457 = VECTOR('',#2458,1.);
#2458 = DIRECTION('',(0.,1.,0.));
#2459 = ORIENTED_EDGE('',*,*,#2460,.T.);
#2460 = EDGE_CURVE('',#2453,#1162,#2461,.T.);
#2461 = LINE('',#2462,#2463);
#2462 = CARTESIAN_POINT('',(2.22,0.32,-3.56));
#2463 = VECTOR('',#2464,1.);
#2464 = DIRECTION('',(0.,0.,1.));
#2465 = ORIENTED_EDGE('',*,*,#1161,.T.);
#2466 = ORIENTED_EDGE('',*,*,#2467,.T.);
#2467 = EDGE_CURVE('',#1164,#2451,#2468,.T.);
#2468 = LINE('',#2469,#2470);
#2469 = CARTESIAN_POINT('',(2.22,-0.32,10.66));
#2470 = VECTOR('',#2471,1.);
#2471 = DIRECTION('',(0.,0.,-1.));
#2472 = PLANE('',#2473);
#2473 = AXIS2_PLACEMENT_3D('',#2474,#2475,#2476);
#2474 = CARTESIAN_POINT('',(2.22,0.,3.55));
#2475 = DIRECTION('',(1.,0.,0.));
#2476 = DIRECTION('',(0.,0.,1.));
#2477 = ADVANCED_FACE('',(#2478),#2496,.F.);
#2478 = FACE_BOUND('',#2479,.F.);
#2479 = EDGE_LOOP('',(#2480,#2481,#2489,#2495));
#2480 = ORIENTED_EDGE('',*,*,#2460,.F.);
#2481 = ORIENTED_EDGE('',*,*,#2482,.T.);
#2482 = EDGE_CURVE('',#2453,#2483,#2485,.T.);
#2483 = VERTEX_POINT('',#2484);
#2484 = CARTESIAN_POINT('',(2.86,0.32,-3.31));
#2485 = LINE('',#2486,#2487);
#2486 = CARTESIAN_POINT('',(2.47,0.32,-3.31));
#2487 = VECTOR('',#2488,1.);
#2488 = DIRECTION('',(1.,0.,0.));
#2489 = ORIENTED_EDGE('',*,*,#2490,.T.);
#2490 = EDGE_CURVE('',#2483,#1180,#2491,.T.);
#2491 = LINE('',#2492,#2493);
#2492 = CARTESIAN_POINT('',(2.86,0.32,-3.56));
#2493 = VECTOR('',#2494,1.);
#2494 = DIRECTION('',(0.,0.,1.));
#2495 = ORIENTED_EDGE('',*,*,#1187,.T.);
#2496 = PLANE('',#2497);
#2497 = AXIS2_PLACEMENT_3D('',#2498,#2499,#2500);
#2498 = CARTESIAN_POINT('',(2.22,0.32,-3.56));
#2499 = DIRECTION('',(0.,-1.,0.));
#2500 = DIRECTION('',(0.,0.,1.));
#2501 = ADVANCED_FACE('',(#2502),#2520,.T.);
#2502 = FACE_BOUND('',#2503,.T.);
#2503 = EDGE_LOOP('',(#2504,#2512,#2513,#2514));
#2504 = ORIENTED_EDGE('',*,*,#2505,.T.);
#2505 = EDGE_CURVE('',#2506,#2483,#2508,.T.);
#2506 = VERTEX_POINT('',#2507);
#2507 = CARTESIAN_POINT('',(2.86,-0.32,-3.31));
#2508 = LINE('',#2509,#2510);
#2509 = CARTESIAN_POINT('',(2.86,-0.32,-3.31));
#2510 = VECTOR('',#2511,1.);
#2511 = DIRECTION('',(0.,1.,0.));
#2512 = ORIENTED_EDGE('',*,*,#2490,.T.);
#2513 = ORIENTED_EDGE('',*,*,#1179,.T.);
#2514 = ORIENTED_EDGE('',*,*,#2515,.T.);
#2515 = EDGE_CURVE('',#1172,#2506,#2516,.T.);
#2516 = LINE('',#2517,#2518);
#2517 = CARTESIAN_POINT('',(2.86,-0.32,10.66));
#2518 = VECTOR('',#2519,1.);
#2519 = DIRECTION('',(0.,0.,-1.));
#2520 = PLANE('',#2521);
#2521 = AXIS2_PLACEMENT_3D('',#2522,#2523,#2524);
#2522 = CARTESIAN_POINT('',(2.86,0.,3.55));
#2523 = DIRECTION('',(1.,0.,0.));
#2524 = DIRECTION('',(0.,0.,1.));
#2525 = ADVANCED_FACE('',(#2526),#2537,.F.);
#2526 = FACE_BOUND('',#2527,.F.);
#2527 = EDGE_LOOP('',(#2528,#2534,#2535,#2536));
#2528 = ORIENTED_EDGE('',*,*,#2529,.F.);
#2529 = EDGE_CURVE('',#2451,#2506,#2530,.T.);
#2530 = LINE('',#2531,#2532);
#2531 = CARTESIAN_POINT('',(2.47,-0.32,-3.31));
#2532 = VECTOR('',#2533,1.);
#2533 = DIRECTION('',(1.,0.,0.));
#2534 = ORIENTED_EDGE('',*,*,#2467,.F.);
#2535 = ORIENTED_EDGE('',*,*,#1171,.T.);
#2536 = ORIENTED_EDGE('',*,*,#2515,.T.);
#2537 = PLANE('',#2538);
#2538 = AXIS2_PLACEMENT_3D('',#2539,#2540,#2541);
#2539 = CARTESIAN_POINT('',(2.22,-0.32,10.66));
#2540 = DIRECTION('',(0.,1.,0.));
#2541 = DIRECTION('',(0.,0.,-1.));
#2542 = ADVANCED_FACE('',(#2543),#2559,.F.);
#2543 = FACE_BOUND('',#2544,.F.);
#2544 = EDGE_LOOP('',(#2545,#2546,#2552,#2553));
#2545 = ORIENTED_EDGE('',*,*,#1884,.F.);
#2546 = ORIENTED_EDGE('',*,*,#2547,.T.);
#2547 = EDGE_CURVE('',#1885,#1244,#2548,.T.);
#2548 = LINE('',#2549,#2550);
#2549 = CARTESIAN_POINT('',(4.11,-0.6,3.17));
#2550 = VECTOR('',#2551,1.);
#2551 = DIRECTION('',(-0.,-0.,-1.));
#2552 = ORIENTED_EDGE('',*,*,#1243,.T.);
#2553 = ORIENTED_EDGE('',*,*,#2554,.F.);
#2554 = EDGE_CURVE('',#1875,#1246,#2555,.T.);
#2555 = LINE('',#2556,#2557);
#2556 = CARTESIAN_POINT('',(4.11,0.6,3.17));
#2557 = VECTOR('',#2558,1.);
#2558 = DIRECTION('',(-0.,-0.,-1.));
#2559 = PLANE('',#2560);
#2560 = AXIS2_PLACEMENT_3D('',#2561,#2562,#2563);
#2561 = CARTESIAN_POINT('',(4.11,-0.6,3.17));
#2562 = DIRECTION('',(1.,0.,0.));
#2563 = DIRECTION('',(-0.,1.,0.));
#2564 = ADVANCED_FACE('',(#2565),#2576,.F.);
#2565 = FACE_BOUND('',#2566,.F.);
#2566 = EDGE_LOOP('',(#2567,#2568,#2569,#2570));
#2567 = ORIENTED_EDGE('',*,*,#1874,.F.);
#2568 = ORIENTED_EDGE('',*,*,#2554,.T.);
#2569 = ORIENTED_EDGE('',*,*,#1269,.T.);
#2570 = ORIENTED_EDGE('',*,*,#2571,.F.);
#2571 = EDGE_CURVE('',#1877,#1262,#2572,.T.);
#2572 = LINE('',#2573,#2574);
#2573 = CARTESIAN_POINT('',(3.51,0.6,3.17));
#2574 = VECTOR('',#2575,1.);
#2575 = DIRECTION('',(-0.,-0.,-1.));
#2576 = PLANE('',#2577);
#2577 = AXIS2_PLACEMENT_3D('',#2578,#2579,#2580);
#2578 = CARTESIAN_POINT('',(4.11,0.6,3.17));
#2579 = DIRECTION('',(0.,1.,0.));
#2580 = DIRECTION('',(-1.,0.,0.));
#2581 = ADVANCED_FACE('',(#2582),#2593,.F.);
#2582 = FACE_BOUND('',#2583,.F.);
#2583 = EDGE_LOOP('',(#2584,#2585,#2586,#2587));
#2584 = ORIENTED_EDGE('',*,*,#1900,.F.);
#2585 = ORIENTED_EDGE('',*,*,#2571,.T.);
#2586 = ORIENTED_EDGE('',*,*,#1261,.T.);
#2587 = ORIENTED_EDGE('',*,*,#2588,.F.);
#2588 = EDGE_CURVE('',#1893,#1254,#2589,.T.);
#2589 = LINE('',#2590,#2591);
#2590 = CARTESIAN_POINT('',(3.51,-0.6,3.17));
#2591 = VECTOR('',#2592,1.);
#2592 = DIRECTION('',(-0.,-0.,-1.));
#2593 = PLANE('',#2594);
#2594 = AXIS2_PLACEMENT_3D('',#2595,#2596,#2597);
#2595 = CARTESIAN_POINT('',(3.51,0.6,3.17));
#2596 = DIRECTION('',(-1.,0.,0.));
#2597 = DIRECTION('',(0.,-1.,0.));
#2598 = ADVANCED_FACE('',(#2599),#2605,.F.);
#2599 = FACE_BOUND('',#2600,.F.);
#2600 = EDGE_LOOP('',(#2601,#2602,#2603,#2604));
#2601 = ORIENTED_EDGE('',*,*,#1892,.F.);
#2602 = ORIENTED_EDGE('',*,*,#2588,.T.);
#2603 = ORIENTED_EDGE('',*,*,#1253,.T.);
#2604 = ORIENTED_EDGE('',*,*,#2547,.F.);
#2605 = PLANE('',#2606);
#2606 = AXIS2_PLACEMENT_3D('',#2607,#2608,#2609);
#2607 = CARTESIAN_POINT('',(3.51,-0.6,3.17));
#2608 = DIRECTION('',(0.,-1.,0.));
#2609 = DIRECTION('',(1.,0.,0.));
#2610 = ADVANCED_FACE('',(#2611),#2636,.T.);
#2611 = FACE_BOUND('',#2612,.T.);
#2612 = EDGE_LOOP('',(#2613,#2623,#2629,#2630));
#2613 = ORIENTED_EDGE('',*,*,#2614,.T.);
#2614 = EDGE_CURVE('',#2615,#2617,#2619,.T.);
#2615 = VERTEX_POINT('',#2616);
#2616 = CARTESIAN_POINT('',(5.4,-0.32,-3.31));
#2617 = VERTEX_POINT('',#2618);
#2618 = CARTESIAN_POINT('',(5.4,0.32,-3.31));
#2619 = LINE('',#2620,#2621);
#2620 = CARTESIAN_POINT('',(5.4,-0.32,-3.31));
#2621 = VECTOR('',#2622,1.);
#2622 = DIRECTION('',(0.,1.,0.));
#2623 = ORIENTED_EDGE('',*,*,#2624,.T.);
#2624 = EDGE_CURVE('',#2617,#1326,#2625,.T.);
#2625 = LINE('',#2626,#2627);
#2626 = CARTESIAN_POINT('',(5.4,0.32,-3.56));
#2627 = VECTOR('',#2628,1.);
#2628 = DIRECTION('',(0.,0.,1.));
#2629 = ORIENTED_EDGE('',*,*,#1325,.T.);
#2630 = ORIENTED_EDGE('',*,*,#2631,.T.);
#2631 = EDGE_CURVE('',#1328,#2615,#2632,.T.);
#2632 = LINE('',#2633,#2634);
#2633 = CARTESIAN_POINT('',(5.4,-0.32,10.66));
#2634 = VECTOR('',#2635,1.);
#2635 = DIRECTION('',(0.,0.,-1.));
#2636 = PLANE('',#2637);
#2637 = AXIS2_PLACEMENT_3D('',#2638,#2639,#2640);
#2638 = CARTESIAN_POINT('',(5.4,0.,3.55));
#2639 = DIRECTION('',(1.,0.,0.));
#2640 = DIRECTION('',(0.,0.,1.));
#2641 = ADVANCED_FACE('',(#2642),#2660,.F.);
#2642 = FACE_BOUND('',#2643,.F.);
#2643 = EDGE_LOOP('',(#2644,#2652,#2658,#2659));
#2644 = ORIENTED_EDGE('',*,*,#2645,.F.);
#2645 = EDGE_CURVE('',#2646,#2615,#2648,.T.);
#2646 = VERTEX_POINT('',#2647);
#2647 = CARTESIAN_POINT('',(4.76,-0.32,-3.31));
#2648 = LINE('',#2649,#2650);
#2649 = CARTESIAN_POINT('',(5.01,-0.32,-3.31));
#2650 = VECTOR('',#2651,1.);
#2651 = DIRECTION('',(1.,0.,0.));
#2652 = ORIENTED_EDGE('',*,*,#2653,.F.);
#2653 = EDGE_CURVE('',#1344,#2646,#2654,.T.);
#2654 = LINE('',#2655,#2656);
#2655 = CARTESIAN_POINT('',(4.76,-0.32,10.66));
#2656 = VECTOR('',#2657,1.);
#2657 = DIRECTION('',(0.,0.,-1.));
#2658 = ORIENTED_EDGE('',*,*,#1351,.T.);
#2659 = ORIENTED_EDGE('',*,*,#2631,.T.);
#2660 = PLANE('',#2661);
#2661 = AXIS2_PLACEMENT_3D('',#2662,#2663,#2664);
#2662 = CARTESIAN_POINT('',(4.76,-0.32,10.66));
#2663 = DIRECTION('',(0.,1.,0.));
#2664 = DIRECTION('',(0.,0.,-1.));
#2665 = ADVANCED_FACE('',(#2666),#2684,.F.);
#2666 = FACE_BOUND('',#2667,.F.);
#2667 = EDGE_LOOP('',(#2668,#2676,#2682,#2683));
#2668 = ORIENTED_EDGE('',*,*,#2669,.T.);
#2669 = EDGE_CURVE('',#2646,#2670,#2672,.T.);
#2670 = VERTEX_POINT('',#2671);
#2671 = CARTESIAN_POINT('',(4.76,0.32,-3.31));
#2672 = LINE('',#2673,#2674);
#2673 = CARTESIAN_POINT('',(4.76,-0.32,-3.31));
#2674 = VECTOR('',#2675,1.);
#2675 = DIRECTION('',(0.,1.,0.));
#2676 = ORIENTED_EDGE('',*,*,#2677,.T.);
#2677 = EDGE_CURVE('',#2670,#1336,#2678,.T.);
#2678 = LINE('',#2679,#2680);
#2679 = CARTESIAN_POINT('',(4.76,0.32,-3.56));
#2680 = VECTOR('',#2681,1.);
#2681 = DIRECTION('',(0.,0.,1.));
#2682 = ORIENTED_EDGE('',*,*,#1343,.T.);
#2683 = ORIENTED_EDGE('',*,*,#2653,.T.);
#2684 = PLANE('',#2685);
#2685 = AXIS2_PLACEMENT_3D('',#2686,#2687,#2688);
#2686 = CARTESIAN_POINT('',(4.76,0.,3.55));
#2687 = DIRECTION('',(1.,0.,0.));
#2688 = DIRECTION('',(0.,0.,1.));
#2689 = ADVANCED_FACE('',(#2690),#2701,.F.);
#2690 = FACE_BOUND('',#2691,.F.);
#2691 = EDGE_LOOP('',(#2692,#2693,#2699,#2700));
#2692 = ORIENTED_EDGE('',*,*,#2677,.F.);
#2693 = ORIENTED_EDGE('',*,*,#2694,.T.);
#2694 = EDGE_CURVE('',#2670,#2617,#2695,.T.);
#2695 = LINE('',#2696,#2697);
#2696 = CARTESIAN_POINT('',(5.01,0.32,-3.31));
#2697 = VECTOR('',#2698,1.);
#2698 = DIRECTION('',(1.,0.,0.));
#2699 = ORIENTED_EDGE('',*,*,#2624,.T.);
#2700 = ORIENTED_EDGE('',*,*,#1335,.T.);
#2701 = PLANE('',#2702);
#2702 = AXIS2_PLACEMENT_3D('',#2703,#2704,#2705);
#2703 = CARTESIAN_POINT('',(4.76,0.32,-3.56));
#2704 = DIRECTION('',(0.,-1.,0.));
#2705 = DIRECTION('',(0.,0.,1.));
#2706 = ADVANCED_FACE('',(#2707),#2723,.F.);
#2707 = FACE_BOUND('',#2708,.F.);
#2708 = EDGE_LOOP('',(#2709,#2710,#2716,#2717));
#2709 = ORIENTED_EDGE('',*,*,#1832,.F.);
#2710 = ORIENTED_EDGE('',*,*,#2711,.T.);
#2711 = EDGE_CURVE('',#1809,#1408,#2712,.T.);
#2712 = LINE('',#2713,#2714);
#2713 = CARTESIAN_POINT('',(6.65,0.6,3.17));
#2714 = VECTOR('',#2715,1.);
#2715 = DIRECTION('',(-0.,-0.,-1.));
#2716 = ORIENTED_EDGE('',*,*,#1407,.T.);
#2717 = ORIENTED_EDGE('',*,*,#2718,.F.);
#2718 = EDGE_CURVE('',#1825,#1410,#2719,.T.);
#2719 = LINE('',#2720,#2721);
#2720 = CARTESIAN_POINT('',(6.05,0.6,3.17));
#2721 = VECTOR('',#2722,1.);
#2722 = DIRECTION('',(-0.,-0.,-1.));
#2723 = PLANE('',#2724);
#2724 = AXIS2_PLACEMENT_3D('',#2725,#2726,#2727);
#2725 = CARTESIAN_POINT('',(6.65,0.6,3.17));
#2726 = DIRECTION('',(0.,1.,0.));
#2727 = DIRECTION('',(-1.,0.,0.));
#2728 = ADVANCED_FACE('',(#2729),#2740,.F.);
#2729 = FACE_BOUND('',#2730,.F.);
#2730 = EDGE_LOOP('',(#2731,#2732,#2733,#2734));
#2731 = ORIENTED_EDGE('',*,*,#1824,.F.);
#2732 = ORIENTED_EDGE('',*,*,#2718,.T.);
#2733 = ORIENTED_EDGE('',*,*,#1433,.T.);
#2734 = ORIENTED_EDGE('',*,*,#2735,.F.);
#2735 = EDGE_CURVE('',#1817,#1426,#2736,.T.);
#2736 = LINE('',#2737,#2738);
#2737 = CARTESIAN_POINT('',(6.05,-0.6,3.17));
#2738 = VECTOR('',#2739,1.);
#2739 = DIRECTION('',(-0.,-0.,-1.));
#2740 = PLANE('',#2741);
#2741 = AXIS2_PLACEMENT_3D('',#2742,#2743,#2744);
#2742 = CARTESIAN_POINT('',(6.05,0.6,3.17));
#2743 = DIRECTION('',(-1.,0.,0.));
#2744 = DIRECTION('',(0.,-1.,0.));
#2745 = ADVANCED_FACE('',(#2746),#2757,.F.);
#2746 = FACE_BOUND('',#2747,.F.);
#2747 = EDGE_LOOP('',(#2748,#2749,#2750,#2751));
#2748 = ORIENTED_EDGE('',*,*,#1816,.F.);
#2749 = ORIENTED_EDGE('',*,*,#2735,.T.);
#2750 = ORIENTED_EDGE('',*,*,#1425,.T.);
#2751 = ORIENTED_EDGE('',*,*,#2752,.F.);
#2752 = EDGE_CURVE('',#1807,#1418,#2753,.T.);
#2753 = LINE('',#2754,#2755);
#2754 = CARTESIAN_POINT('',(6.65,-0.6,3.17));
#2755 = VECTOR('',#2756,1.);
#2756 = DIRECTION('',(-0.,-0.,-1.));
#2757 = PLANE('',#2758);
#2758 = AXIS2_PLACEMENT_3D('',#2759,#2760,#2761);
#2759 = CARTESIAN_POINT('',(6.05,-0.6,3.17));
#2760 = DIRECTION('',(0.,-1.,0.));
#2761 = DIRECTION('',(1.,0.,0.));
#2762 = ADVANCED_FACE('',(#2763),#2769,.F.);
#2763 = FACE_BOUND('',#2764,.F.);
#2764 = EDGE_LOOP('',(#2765,#2766,#2767,#2768));
#2765 = ORIENTED_EDGE('',*,*,#1806,.F.);
#2766 = ORIENTED_EDGE('',*,*,#2752,.T.);
#2767 = ORIENTED_EDGE('',*,*,#1417,.T.);
#2768 = ORIENTED_EDGE('',*,*,#2711,.F.);
#2769 = PLANE('',#2770);
#2770 = AXIS2_PLACEMENT_3D('',#2771,#2772,#2773);
#2771 = CARTESIAN_POINT('',(6.65,-0.6,3.17));
#2772 = DIRECTION('',(1.,0.,0.));
#2773 = DIRECTION('',(-0.,1.,0.));
#2774 = ADVANCED_FACE('',(#2775),#2800,.T.);
#2775 = FACE_BOUND('',#2776,.T.);
#2776 = EDGE_LOOP('',(#2777,#2787,#2793,#2794));
#2777 = ORIENTED_EDGE('',*,*,#2778,.T.);
#2778 = EDGE_CURVE('',#2779,#2781,#2783,.T.);
#2779 = VERTEX_POINT('',#2780);
#2780 = CARTESIAN_POINT('',(7.94,-0.32,-3.31));
#2781 = VERTEX_POINT('',#2782);
#2782 = CARTESIAN_POINT('',(7.94,0.32,-3.31));
#2783 = LINE('',#2784,#2785);
#2784 = CARTESIAN_POINT('',(7.94,-0.32,-3.31));
#2785 = VECTOR('',#2786,1.);
#2786 = DIRECTION('',(0.,1.,0.));
#2787 = ORIENTED_EDGE('',*,*,#2788,.T.);
#2788 = EDGE_CURVE('',#2781,#1490,#2789,.T.);
#2789 = LINE('',#2790,#2791);
#2790 = CARTESIAN_POINT('',(7.94,0.32,-3.56));
#2791 = VECTOR('',#2792,1.);
#2792 = DIRECTION('',(0.,0.,1.));
#2793 = ORIENTED_EDGE('',*,*,#1489,.T.);
#2794 = ORIENTED_EDGE('',*,*,#2795,.T.);
#2795 = EDGE_CURVE('',#1492,#2779,#2796,.T.);
#2796 = LINE('',#2797,#2798);
#2797 = CARTESIAN_POINT('',(7.94,-0.32,10.66));
#2798 = VECTOR('',#2799,1.);
#2799 = DIRECTION('',(0.,0.,-1.));
#2800 = PLANE('',#2801);
#2801 = AXIS2_PLACEMENT_3D('',#2802,#2803,#2804);
#2802 = CARTESIAN_POINT('',(7.94,0.,3.55));
#2803 = DIRECTION('',(1.,0.,0.));
#2804 = DIRECTION('',(0.,0.,1.));
#2805 = ADVANCED_FACE('',(#2806),#2824,.F.);
#2806 = FACE_BOUND('',#2807,.F.);
#2807 = EDGE_LOOP('',(#2808,#2816,#2822,#2823));
#2808 = ORIENTED_EDGE('',*,*,#2809,.F.);
#2809 = EDGE_CURVE('',#2810,#2779,#2812,.T.);
#2810 = VERTEX_POINT('',#2811);
#2811 = CARTESIAN_POINT('',(7.3,-0.32,-3.31));
#2812 = LINE('',#2813,#2814);
#2813 = CARTESIAN_POINT('',(7.55,-0.32,-3.31));
#2814 = VECTOR('',#2815,1.);
#2815 = DIRECTION('',(1.,0.,0.));
#2816 = ORIENTED_EDGE('',*,*,#2817,.F.);
#2817 = EDGE_CURVE('',#1508,#2810,#2818,.T.);
#2818 = LINE('',#2819,#2820);
#2819 = CARTESIAN_POINT('',(7.3,-0.32,10.66));
#2820 = VECTOR('',#2821,1.);
#2821 = DIRECTION('',(0.,0.,-1.));
#2822 = ORIENTED_EDGE('',*,*,#1515,.T.);
#2823 = ORIENTED_EDGE('',*,*,#2795,.T.);
#2824 = PLANE('',#2825);
#2825 = AXIS2_PLACEMENT_3D('',#2826,#2827,#2828);
#2826 = CARTESIAN_POINT('',(7.3,-0.32,10.66));
#2827 = DIRECTION('',(0.,1.,0.));
#2828 = DIRECTION('',(0.,0.,-1.));
#2829 = ADVANCED_FACE('',(#2830),#2848,.F.);
#2830 = FACE_BOUND('',#2831,.F.);
#2831 = EDGE_LOOP('',(#2832,#2840,#2846,#2847));
#2832 = ORIENTED_EDGE('',*,*,#2833,.T.);
#2833 = EDGE_CURVE('',#2810,#2834,#2836,.T.);
#2834 = VERTEX_POINT('',#2835);
#2835 = CARTESIAN_POINT('',(7.3,0.32,-3.31));
#2836 = LINE('',#2837,#2838);
#2837 = CARTESIAN_POINT('',(7.3,-0.32,-3.31));
#2838 = VECTOR('',#2839,1.);
#2839 = DIRECTION('',(0.,1.,0.));
#2840 = ORIENTED_EDGE('',*,*,#2841,.T.);
#2841 = EDGE_CURVE('',#2834,#1500,#2842,.T.);
#2842 = LINE('',#2843,#2844);
#2843 = CARTESIAN_POINT('',(7.3,0.32,-3.56));
#2844 = VECTOR('',#2845,1.);
#2845 = DIRECTION('',(0.,0.,1.));
#2846 = ORIENTED_EDGE('',*,*,#1507,.T.);
#2847 = ORIENTED_EDGE('',*,*,#2817,.T.);
#2848 = PLANE('',#2849);
#2849 = AXIS2_PLACEMENT_3D('',#2850,#2851,#2852);
#2850 = CARTESIAN_POINT('',(7.3,0.,3.55));
#2851 = DIRECTION('',(1.,0.,0.));
#2852 = DIRECTION('',(0.,0.,1.));
#2853 = ADVANCED_FACE('',(#2854),#2865,.F.);
#2854 = FACE_BOUND('',#2855,.F.);
#2855 = EDGE_LOOP('',(#2856,#2857,#2863,#2864));
#2856 = ORIENTED_EDGE('',*,*,#2841,.F.);
#2857 = ORIENTED_EDGE('',*,*,#2858,.T.);
#2858 = EDGE_CURVE('',#2834,#2781,#2859,.T.);
#2859 = LINE('',#2860,#2861);
#2860 = CARTESIAN_POINT('',(7.55,0.32,-3.31));
#2861 = VECTOR('',#2862,1.);
#2862 = DIRECTION('',(1.,0.,0.));
#2863 = ORIENTED_EDGE('',*,*,#2788,.T.);
#2864 = ORIENTED_EDGE('',*,*,#1499,.T.);
#2865 = PLANE('',#2866);
#2866 = AXIS2_PLACEMENT_3D('',#2867,#2868,#2869);
#2867 = CARTESIAN_POINT('',(7.3,0.32,-3.56));
#2868 = DIRECTION('',(0.,-1.,0.));
#2869 = DIRECTION('',(0.,0.,1.));
#2870 = ADVANCED_FACE('',(#2871),#2887,.F.);
#2871 = FACE_BOUND('',#2872,.F.);
#2872 = EDGE_LOOP('',(#2873,#2874,#2880,#2881));
#2873 = ORIENTED_EDGE('',*,*,#1942,.F.);
#2874 = ORIENTED_EDGE('',*,*,#2875,.T.);
#2875 = EDGE_CURVE('',#1943,#1572,#2876,.T.);
#2876 = LINE('',#2877,#2878);
#2877 = CARTESIAN_POINT('',(8.59,0.6,3.17));
#2878 = VECTOR('',#2879,1.);
#2879 = DIRECTION('',(-0.,-0.,-1.));
#2880 = ORIENTED_EDGE('',*,*,#1571,.T.);
#2881 = ORIENTED_EDGE('',*,*,#2882,.F.);
#2882 = EDGE_CURVE('',#1945,#1574,#2883,.T.);
#2883 = LINE('',#2884,#2885);
#2884 = CARTESIAN_POINT('',(8.59,-0.6,3.17));
#2885 = VECTOR('',#2886,1.);
#2886 = DIRECTION('',(-0.,-0.,-1.));
#2887 = PLANE('',#2888);
#2888 = AXIS2_PLACEMENT_3D('',#2889,#2890,#2891);
#2889 = CARTESIAN_POINT('',(8.59,0.6,3.17));
#2890 = DIRECTION('',(-1.,0.,0.));
#2891 = DIRECTION('',(0.,-1.,0.));
#2892 = ADVANCED_FACE('',(#2893),#2904,.F.);
#2893 = FACE_BOUND('',#2894,.F.);
#2894 = EDGE_LOOP('',(#2895,#2896,#2897,#2898));
#2895 = ORIENTED_EDGE('',*,*,#1968,.F.);
#2896 = ORIENTED_EDGE('',*,*,#2882,.T.);
#2897 = ORIENTED_EDGE('',*,*,#1597,.T.);
#2898 = ORIENTED_EDGE('',*,*,#2899,.F.);
#2899 = EDGE_CURVE('',#1961,#1590,#2900,.T.);
#2900 = LINE('',#2901,#2902);
#2901 = CARTESIAN_POINT('',(9.19,-0.6,3.17));
#2902 = VECTOR('',#2903,1.);
#2903 = DIRECTION('',(-0.,-0.,-1.));
#2904 = PLANE('',#2905);
#2905 = AXIS2_PLACEMENT_3D('',#2906,#2907,#2908);
#2906 = CARTESIAN_POINT('',(8.59,-0.6,3.17));
#2907 = DIRECTION('',(0.,-1.,0.));
#2908 = DIRECTION('',(1.,0.,0.));
#2909 = ADVANCED_FACE('',(#2910),#2921,.F.);
#2910 = FACE_BOUND('',#2911,.F.);
#2911 = EDGE_LOOP('',(#2912,#2913,#2914,#2915));
#2912 = ORIENTED_EDGE('',*,*,#1960,.F.);
#2913 = ORIENTED_EDGE('',*,*,#2899,.T.);
#2914 = ORIENTED_EDGE('',*,*,#1589,.T.);
#2915 = ORIENTED_EDGE('',*,*,#2916,.F.);
#2916 = EDGE_CURVE('',#1953,#1582,#2917,.T.);
#2917 = LINE('',#2918,#2919);
#2918 = CARTESIAN_POINT('',(9.19,0.6,3.17));
#2919 = VECTOR('',#2920,1.);
#2920 = DIRECTION('',(-0.,-0.,-1.));
#2921 = PLANE('',#2922);
#2922 = AXIS2_PLACEMENT_3D('',#2923,#2924,#2925);
#2923 = CARTESIAN_POINT('',(9.19,-0.6,3.17));
#2924 = DIRECTION('',(1.,0.,0.));
#2925 = DIRECTION('',(-0.,1.,0.));
#2926 = ADVANCED_FACE('',(#2927),#2933,.F.);
#2927 = FACE_BOUND('',#2928,.F.);
#2928 = EDGE_LOOP('',(#2929,#2930,#2931,#2932));
#2929 = ORIENTED_EDGE('',*,*,#1952,.F.);
#2930 = ORIENTED_EDGE('',*,*,#2916,.T.);
#2931 = ORIENTED_EDGE('',*,*,#1581,.T.);
#2932 = ORIENTED_EDGE('',*,*,#2875,.F.);
#2933 = PLANE('',#2934);
#2934 = AXIS2_PLACEMENT_3D('',#2935,#2936,#2937);
#2935 = CARTESIAN_POINT('',(9.19,0.6,3.17));
#2936 = DIRECTION('',(0.,1.,0.));
#2937 = DIRECTION('',(-1.,0.,0.));
#2938 = ADVANCED_FACE('',(#2939),#2964,.F.);
#2939 = FACE_BOUND('',#2940,.F.);
#2940 = EDGE_LOOP('',(#2941,#2949,#2957,#2963));
#2941 = ORIENTED_EDGE('',*,*,#2942,.F.);
#2942 = EDGE_CURVE('',#2943,#1656,#2945,.T.);
#2943 = VERTEX_POINT('',#2944);
#2944 = CARTESIAN_POINT('',(9.84,0.32,-3.31));
#2945 = LINE('',#2946,#2947);
#2946 = CARTESIAN_POINT('',(9.84,0.32,-3.56));
#2947 = VECTOR('',#2948,1.);
#2948 = DIRECTION('',(0.,0.,1.));
#2949 = ORIENTED_EDGE('',*,*,#2950,.T.);
#2950 = EDGE_CURVE('',#2943,#2951,#2953,.T.);
#2951 = VERTEX_POINT('',#2952);
#2952 = CARTESIAN_POINT('',(10.48,0.32,-3.31));
#2953 = LINE('',#2954,#2955);
#2954 = CARTESIAN_POINT('',(10.09,0.32,-3.31));
#2955 = VECTOR('',#2956,1.);
#2956 = DIRECTION('',(1.,0.,0.));
#2957 = ORIENTED_EDGE('',*,*,#2958,.T.);
#2958 = EDGE_CURVE('',#2951,#1654,#2959,.T.);
#2959 = LINE('',#2960,#2961);
#2960 = CARTESIAN_POINT('',(10.48,0.32,-3.56));
#2961 = VECTOR('',#2962,1.);
#2962 = DIRECTION('',(0.,0.,1.));
#2963 = ORIENTED_EDGE('',*,*,#1653,.T.);
#2964 = PLANE('',#2965);
#2965 = AXIS2_PLACEMENT_3D('',#2966,#2967,#2968);
#2966 = CARTESIAN_POINT('',(9.84,0.32,-3.56));
#2967 = DIRECTION('',(0.,-1.,0.));
#2968 = DIRECTION('',(0.,0.,1.));
#2969 = ADVANCED_FACE('',(#2970),#2988,.T.);
#2970 = FACE_BOUND('',#2971,.T.);
#2971 = EDGE_LOOP('',(#2972,#2980,#2981,#2982));
#2972 = ORIENTED_EDGE('',*,*,#2973,.T.);
#2973 = EDGE_CURVE('',#2974,#2951,#2976,.T.);
#2974 = VERTEX_POINT('',#2975);
#2975 = CARTESIAN_POINT('',(10.48,-0.32,-3.31));
#2976 = LINE('',#2977,#2978);
#2977 = CARTESIAN_POINT('',(10.48,-0.32,-3.31));
#2978 = VECTOR('',#2979,1.);
#2979 = DIRECTION('',(0.,1.,0.));
#2980 = ORIENTED_EDGE('',*,*,#2958,.T.);
#2981 = ORIENTED_EDGE('',*,*,#1679,.T.);
#2982 = ORIENTED_EDGE('',*,*,#2983,.T.);
#2983 = EDGE_CURVE('',#1672,#2974,#2984,.T.);
#2984 = LINE('',#2985,#2986);
#2985 = CARTESIAN_POINT('',(10.48,-0.32,10.66));
#2986 = VECTOR('',#2987,1.);
#2987 = DIRECTION('',(0.,0.,-1.));
#2988 = PLANE('',#2989);
#2989 = AXIS2_PLACEMENT_3D('',#2990,#2991,#2992);
#2990 = CARTESIAN_POINT('',(10.48,0.,3.55));
#2991 = DIRECTION('',(1.,0.,0.));
#2992 = DIRECTION('',(0.,0.,1.));
#2993 = ADVANCED_FACE('',(#2994),#3012,.F.);
#2994 = FACE_BOUND('',#2995,.F.);
#2995 = EDGE_LOOP('',(#2996,#3004,#3010,#3011));
#2996 = ORIENTED_EDGE('',*,*,#2997,.F.);
#2997 = EDGE_CURVE('',#2998,#2974,#3000,.T.);
#2998 = VERTEX_POINT('',#2999);
#2999 = CARTESIAN_POINT('',(9.84,-0.32,-3.31));
#3000 = LINE('',#3001,#3002);
#3001 = CARTESIAN_POINT('',(10.09,-0.32,-3.31));
#3002 = VECTOR('',#3003,1.);
#3003 = DIRECTION('',(1.,0.,0.));
#3004 = ORIENTED_EDGE('',*,*,#3005,.F.);
#3005 = EDGE_CURVE('',#1664,#2998,#3006,.T.);
#3006 = LINE('',#3007,#3008);
#3007 = CARTESIAN_POINT('',(9.84,-0.32,10.66));
#3008 = VECTOR('',#3009,1.);
#3009 = DIRECTION('',(0.,0.,-1.));
#3010 = ORIENTED_EDGE('',*,*,#1671,.T.);
#3011 = ORIENTED_EDGE('',*,*,#2983,.T.);
#3012 = PLANE('',#3013);
#3013 = AXIS2_PLACEMENT_3D('',#3014,#3015,#3016);
#3014 = CARTESIAN_POINT('',(9.84,-0.32,10.66));
#3015 = DIRECTION('',(0.,1.,0.));
#3016 = DIRECTION('',(0.,0.,-1.));
#3017 = ADVANCED_FACE('',(#3018),#3029,.F.);
#3018 = FACE_BOUND('',#3019,.F.);
#3019 = EDGE_LOOP('',(#3020,#3026,#3027,#3028));
#3020 = ORIENTED_EDGE('',*,*,#3021,.T.);
#3021 = EDGE_CURVE('',#2998,#2943,#3022,.T.);
#3022 = LINE('',#3023,#3024);
#3023 = CARTESIAN_POINT('',(9.84,-0.32,-3.31));
#3024 = VECTOR('',#3025,1.);
#3025 = DIRECTION('',(0.,1.,0.));
#3026 = ORIENTED_EDGE('',*,*,#2942,.T.);
#3027 = ORIENTED_EDGE('',*,*,#1663,.T.);
#3028 = ORIENTED_EDGE('',*,*,#3005,.T.);
#3029 = PLANE('',#3030);
#3030 = AXIS2_PLACEMENT_3D('',#3031,#3032,#3033);
#3031 = CARTESIAN_POINT('',(9.84,0.,3.55));
#3032 = DIRECTION('',(1.,0.,0.));
#3033 = DIRECTION('',(0.,0.,1.));
#3034 = ADVANCED_FACE('',(#3035),#3046,.F.);
#3035 = FACE_BOUND('',#3036,.F.);
#3036 = EDGE_LOOP('',(#3037,#3038,#3044,#3045));
#3037 = ORIENTED_EDGE('',*,*,#2153,.F.);
#3038 = ORIENTED_EDGE('',*,*,#3039,.F.);
#3039 = EDGE_CURVE('',#2197,#2146,#3040,.T.);
#3040 = LINE('',#3041,#3042);
#3041 = CARTESIAN_POINT('',(5.08,-1.9,3.8));
#3042 = VECTOR('',#3043,1.);
#3043 = DIRECTION('',(1.,0.,0.));
#3044 = ORIENTED_EDGE('',*,*,#2204,.T.);
#3045 = ORIENTED_EDGE('',*,*,#1782,.F.);
#3046 = CYLINDRICAL_SURFACE('',#3047,0.601382070665);
#3047 = AXIS2_PLACEMENT_3D('',#3048,#3049,#3050);
#3048 = CARTESIAN_POINT('',(5.08,-1.299299254479,3.771381662401));
#3049 = DIRECTION('',(-1.,-0.,-0.));
#3050 = DIRECTION('',(0.,-0.998867067749,4.758761359E-02));
#3051 = ADVANCED_FACE('',(#3052),#3077,.T.);
#3052 = FACE_BOUND('',#3053,.T.);
#3053 = EDGE_LOOP('',(#3054,#3055,#3063,#3071));
#3054 = ORIENTED_EDGE('',*,*,#1840,.T.);
#3055 = ORIENTED_EDGE('',*,*,#3056,.T.);
#3056 = EDGE_CURVE('',#1843,#3057,#3059,.T.);
#3057 = VERTEX_POINT('',#3058);
#3058 = CARTESIAN_POINT('',(5.4,0.32,10.41));
#3059 = LINE('',#3060,#3061);
#3060 = CARTESIAN_POINT('',(5.4,0.32,-3.56));
#3061 = VECTOR('',#3062,1.);
#3062 = DIRECTION('',(0.,0.,1.));
#3063 = ORIENTED_EDGE('',*,*,#3064,.T.);
#3064 = EDGE_CURVE('',#3057,#3065,#3067,.T.);
#3065 = VERTEX_POINT('',#3066);
#3066 = CARTESIAN_POINT('',(5.4,-0.32,10.41));
#3067 = LINE('',#3068,#3069);
#3068 = CARTESIAN_POINT('',(5.4,0.32,10.41));
#3069 = VECTOR('',#3070,1.);
#3070 = DIRECTION('',(0.,-1.,0.));
#3071 = ORIENTED_EDGE('',*,*,#3072,.T.);
#3072 = EDGE_CURVE('',#3065,#1841,#3073,.T.);
#3073 = LINE('',#3074,#3075);
#3074 = CARTESIAN_POINT('',(5.4,-0.32,10.66));
#3075 = VECTOR('',#3076,1.);
#3076 = DIRECTION('',(0.,0.,-1.));
#3077 = PLANE('',#3078);
#3078 = AXIS2_PLACEMENT_3D('',#3079,#3080,#3081);
#3079 = CARTESIAN_POINT('',(5.4,0.,3.55));
#3080 = DIRECTION('',(1.,0.,0.));
#3081 = DIRECTION('',(0.,0.,1.));
#3082 = ADVANCED_FACE('',(#3083),#3101,.F.);
#3083 = FACE_BOUND('',#3084,.F.);
#3084 = EDGE_LOOP('',(#3085,#3093,#3094,#3095));
#3085 = ORIENTED_EDGE('',*,*,#3086,.F.);
#3086 = EDGE_CURVE('',#1859,#3087,#3089,.T.);
#3087 = VERTEX_POINT('',#3088);
#3088 = CARTESIAN_POINT('',(4.76,0.32,10.41));
#3089 = LINE('',#3090,#3091);
#3090 = CARTESIAN_POINT('',(4.76,0.32,-3.56));
#3091 = VECTOR('',#3092,1.);
#3092 = DIRECTION('',(0.,0.,1.));
#3093 = ORIENTED_EDGE('',*,*,#1866,.T.);
#3094 = ORIENTED_EDGE('',*,*,#3056,.T.);
#3095 = ORIENTED_EDGE('',*,*,#3096,.F.);
#3096 = EDGE_CURVE('',#3087,#3057,#3097,.T.);
#3097 = LINE('',#3098,#3099);
#3098 = CARTESIAN_POINT('',(5.01,0.32,10.41));
#3099 = VECTOR('',#3100,1.);
#3100 = DIRECTION('',(1.,0.,0.));
#3101 = PLANE('',#3102);
#3102 = AXIS2_PLACEMENT_3D('',#3103,#3104,#3105);
#3103 = CARTESIAN_POINT('',(4.76,0.32,-3.56));
#3104 = DIRECTION('',(0.,-1.,0.));
#3105 = DIRECTION('',(0.,0.,1.));
#3106 = ADVANCED_FACE('',(#3107),#3125,.F.);
#3107 = FACE_BOUND('',#3108,.F.);
#3108 = EDGE_LOOP('',(#3109,#3110,#3111,#3119));
#3109 = ORIENTED_EDGE('',*,*,#1858,.T.);
#3110 = ORIENTED_EDGE('',*,*,#3086,.T.);
#3111 = ORIENTED_EDGE('',*,*,#3112,.T.);
#3112 = EDGE_CURVE('',#3087,#3113,#3115,.T.);
#3113 = VERTEX_POINT('',#3114);
#3114 = CARTESIAN_POINT('',(4.76,-0.32,10.41));
#3115 = LINE('',#3116,#3117);
#3116 = CARTESIAN_POINT('',(4.76,0.32,10.41));
#3117 = VECTOR('',#3118,1.);
#3118 = DIRECTION('',(0.,-1.,0.));
#3119 = ORIENTED_EDGE('',*,*,#3120,.T.);
#3120 = EDGE_CURVE('',#3113,#1851,#3121,.T.);
#3121 = LINE('',#3122,#3123);
#3122 = CARTESIAN_POINT('',(4.76,-0.32,10.66));
#3123 = VECTOR('',#3124,1.);
#3124 = DIRECTION('',(0.,0.,-1.));
#3125 = PLANE('',#3126);
#3126 = AXIS2_PLACEMENT_3D('',#3127,#3128,#3129);
#3127 = CARTESIAN_POINT('',(4.76,0.,3.55));
#3128 = DIRECTION('',(1.,0.,0.));
#3129 = DIRECTION('',(0.,0.,1.));
#3130 = ADVANCED_FACE('',(#3131),#3142,.F.);
#3131 = FACE_BOUND('',#3132,.F.);
#3132 = EDGE_LOOP('',(#3133,#3134,#3135,#3141));
#3133 = ORIENTED_EDGE('',*,*,#1850,.T.);
#3134 = ORIENTED_EDGE('',*,*,#3120,.F.);
#3135 = ORIENTED_EDGE('',*,*,#3136,.T.);
#3136 = EDGE_CURVE('',#3113,#3065,#3137,.T.);
#3137 = LINE('',#3138,#3139);
#3138 = CARTESIAN_POINT('',(5.01,-0.32,10.41));
#3139 = VECTOR('',#3140,1.);
#3140 = DIRECTION('',(1.,0.,0.));
#3141 = ORIENTED_EDGE('',*,*,#3072,.T.);
#3142 = PLANE('',#3143);
#3143 = AXIS2_PLACEMENT_3D('',#3144,#3145,#3146);
#3144 = CARTESIAN_POINT('',(4.76,-0.32,10.66));
#3145 = DIRECTION('',(0.,1.,0.));
#3146 = DIRECTION('',(0.,0.,-1.));
#3147 = ADVANCED_FACE('',(#3148),#3173,.F.);
#3148 = FACE_BOUND('',#3149,.F.);
#3149 = EDGE_LOOP('',(#3150,#3151,#3159,#3167));
#3150 = ORIENTED_EDGE('',*,*,#1908,.T.);
#3151 = ORIENTED_EDGE('',*,*,#3152,.T.);
#3152 = EDGE_CURVE('',#1911,#3153,#3155,.T.);
#3153 = VERTEX_POINT('',#3154);
#3154 = CARTESIAN_POINT('',(7.3,0.32,10.41));
#3155 = LINE('',#3156,#3157);
#3156 = CARTESIAN_POINT('',(7.3,0.32,-3.56));
#3157 = VECTOR('',#3158,1.);
#3158 = DIRECTION('',(0.,0.,1.));
#3159 = ORIENTED_EDGE('',*,*,#3160,.T.);
#3160 = EDGE_CURVE('',#3153,#3161,#3163,.T.);
#3161 = VERTEX_POINT('',#3162);
#3162 = CARTESIAN_POINT('',(7.3,-0.32,10.41));
#3163 = LINE('',#3164,#3165);
#3164 = CARTESIAN_POINT('',(7.3,0.32,10.41));
#3165 = VECTOR('',#3166,1.);
#3166 = DIRECTION('',(0.,-1.,0.));
#3167 = ORIENTED_EDGE('',*,*,#3168,.T.);
#3168 = EDGE_CURVE('',#3161,#1909,#3169,.T.);
#3169 = LINE('',#3170,#3171);
#3170 = CARTESIAN_POINT('',(7.3,-0.32,10.66));
#3171 = VECTOR('',#3172,1.);
#3172 = DIRECTION('',(0.,0.,-1.));
#3173 = PLANE('',#3174);
#3174 = AXIS2_PLACEMENT_3D('',#3175,#3176,#3177);
#3175 = CARTESIAN_POINT('',(7.3,0.,3.55));
#3176 = DIRECTION('',(1.,0.,0.));
#3177 = DIRECTION('',(0.,0.,1.));
#3178 = ADVANCED_FACE('',(#3179),#3197,.F.);
#3179 = FACE_BOUND('',#3180,.F.);
#3180 = EDGE_LOOP('',(#3181,#3182,#3183,#3191));
#3181 = ORIENTED_EDGE('',*,*,#1934,.T.);
#3182 = ORIENTED_EDGE('',*,*,#3168,.F.);
#3183 = ORIENTED_EDGE('',*,*,#3184,.T.);
#3184 = EDGE_CURVE('',#3161,#3185,#3187,.T.);
#3185 = VERTEX_POINT('',#3186);
#3186 = CARTESIAN_POINT('',(7.94,-0.32,10.41));
#3187 = LINE('',#3188,#3189);
#3188 = CARTESIAN_POINT('',(7.55,-0.32,10.41));
#3189 = VECTOR('',#3190,1.);
#3190 = DIRECTION('',(1.,0.,0.));
#3191 = ORIENTED_EDGE('',*,*,#3192,.T.);
#3192 = EDGE_CURVE('',#3185,#1927,#3193,.T.);
#3193 = LINE('',#3194,#3195);
#3194 = CARTESIAN_POINT('',(7.94,-0.32,10.66));
#3195 = VECTOR('',#3196,1.);
#3196 = DIRECTION('',(0.,0.,-1.));
#3197 = PLANE('',#3198);
#3198 = AXIS2_PLACEMENT_3D('',#3199,#3200,#3201);
#3199 = CARTESIAN_POINT('',(7.3,-0.32,10.66));
#3200 = DIRECTION('',(0.,1.,0.));
#3201 = DIRECTION('',(0.,0.,-1.));
#3202 = ADVANCED_FACE('',(#3203),#3221,.T.);
#3203 = FACE_BOUND('',#3204,.T.);
#3204 = EDGE_LOOP('',(#3205,#3206,#3214,#3220));
#3205 = ORIENTED_EDGE('',*,*,#1926,.T.);
#3206 = ORIENTED_EDGE('',*,*,#3207,.T.);
#3207 = EDGE_CURVE('',#1919,#3208,#3210,.T.);
#3208 = VERTEX_POINT('',#3209);
#3209 = CARTESIAN_POINT('',(7.94,0.32,10.41));
#3210 = LINE('',#3211,#3212);
#3211 = CARTESIAN_POINT('',(7.94,0.32,-3.56));
#3212 = VECTOR('',#3213,1.);
#3213 = DIRECTION('',(0.,0.,1.));
#3214 = ORIENTED_EDGE('',*,*,#3215,.T.);
#3215 = EDGE_CURVE('',#3208,#3185,#3216,.T.);
#3216 = LINE('',#3217,#3218);
#3217 = CARTESIAN_POINT('',(7.94,0.32,10.41));
#3218 = VECTOR('',#3219,1.);
#3219 = DIRECTION('',(0.,-1.,0.));
#3220 = ORIENTED_EDGE('',*,*,#3192,.T.);
#3221 = PLANE('',#3222);
#3222 = AXIS2_PLACEMENT_3D('',#3223,#3224,#3225);
#3223 = CARTESIAN_POINT('',(7.94,0.,3.55));
#3224 = DIRECTION('',(1.,0.,0.));
#3225 = DIRECTION('',(0.,0.,1.));
#3226 = ADVANCED_FACE('',(#3227),#3238,.F.);
#3227 = FACE_BOUND('',#3228,.F.);
#3228 = EDGE_LOOP('',(#3229,#3230,#3231,#3232));
#3229 = ORIENTED_EDGE('',*,*,#3152,.F.);
#3230 = ORIENTED_EDGE('',*,*,#1918,.T.);
#3231 = ORIENTED_EDGE('',*,*,#3207,.T.);
#3232 = ORIENTED_EDGE('',*,*,#3233,.F.);
#3233 = EDGE_CURVE('',#3153,#3208,#3234,.T.);
#3234 = LINE('',#3235,#3236);
#3235 = CARTESIAN_POINT('',(7.55,0.32,10.41));
#3236 = VECTOR('',#3237,1.);
#3237 = DIRECTION('',(1.,0.,0.));
#3238 = PLANE('',#3239);
#3239 = AXIS2_PLACEMENT_3D('',#3240,#3241,#3242);
#3240 = CARTESIAN_POINT('',(7.3,0.32,-3.56));
#3241 = DIRECTION('',(0.,-1.,0.));
#3242 = DIRECTION('',(0.,0.,1.));
#3243 = ADVANCED_FACE('',(#3244),#3269,.F.);
#3244 = FACE_BOUND('',#3245,.F.);
#3245 = EDGE_LOOP('',(#3246,#3247,#3255,#3263));
#3246 = ORIENTED_EDGE('',*,*,#1976,.T.);
#3247 = ORIENTED_EDGE('',*,*,#3248,.T.);
#3248 = EDGE_CURVE('',#1979,#3249,#3251,.T.);
#3249 = VERTEX_POINT('',#3250);
#3250 = CARTESIAN_POINT('',(-0.32,0.32,10.41));
#3251 = LINE('',#3252,#3253);
#3252 = CARTESIAN_POINT('',(-0.32,0.32,-3.56));
#3253 = VECTOR('',#3254,1.);
#3254 = DIRECTION('',(0.,0.,1.));
#3255 = ORIENTED_EDGE('',*,*,#3256,.T.);
#3256 = EDGE_CURVE('',#3249,#3257,#3259,.T.);
#3257 = VERTEX_POINT('',#3258);
#3258 = CARTESIAN_POINT('',(-0.32,-0.32,10.41));
#3259 = LINE('',#3260,#3261);
#3260 = CARTESIAN_POINT('',(-0.32,0.32,10.41));
#3261 = VECTOR('',#3262,1.);
#3262 = DIRECTION('',(0.,-1.,0.));
#3263 = ORIENTED_EDGE('',*,*,#3264,.T.);
#3264 = EDGE_CURVE('',#3257,#1977,#3265,.T.);
#3265 = LINE('',#3266,#3267);
#3266 = CARTESIAN_POINT('',(-0.32,-0.32,10.66));
#3267 = VECTOR('',#3268,1.);
#3268 = DIRECTION('',(0.,0.,-1.));
#3269 = PLANE('',#3270);
#3270 = AXIS2_PLACEMENT_3D('',#3271,#3272,#3273);
#3271 = CARTESIAN_POINT('',(-0.32,0.,3.55));
#3272 = DIRECTION('',(1.,0.,0.));
#3273 = DIRECTION('',(0.,0.,1.));
#3274 = ADVANCED_FACE('',(#3275),#3293,.F.);
#3275 = FACE_BOUND('',#3276,.F.);
#3276 = EDGE_LOOP('',(#3277,#3278,#3279,#3287));
#3277 = ORIENTED_EDGE('',*,*,#2002,.T.);
#3278 = ORIENTED_EDGE('',*,*,#3264,.F.);
#3279 = ORIENTED_EDGE('',*,*,#3280,.T.);
#3280 = EDGE_CURVE('',#3257,#3281,#3283,.T.);
#3281 = VERTEX_POINT('',#3282);
#3282 = CARTESIAN_POINT('',(0.32,-0.32,10.41));
#3283 = LINE('',#3284,#3285);
#3284 = CARTESIAN_POINT('',(-7.E-02,-0.32,10.41));
#3285 = VECTOR('',#3286,1.);
#3286 = DIRECTION('',(1.,0.,0.));
#3287 = ORIENTED_EDGE('',*,*,#3288,.T.);
#3288 = EDGE_CURVE('',#3281,#1995,#3289,.T.);
#3289 = LINE('',#3290,#3291);
#3290 = CARTESIAN_POINT('',(0.32,-0.32,10.66));
#3291 = VECTOR('',#3292,1.);
#3292 = DIRECTION('',(0.,0.,-1.));
#3293 = PLANE('',#3294);
#3294 = AXIS2_PLACEMENT_3D('',#3295,#3296,#3297);
#3295 = CARTESIAN_POINT('',(-0.32,-0.32,10.66));
#3296 = DIRECTION('',(0.,1.,0.));
#3297 = DIRECTION('',(0.,0.,-1.));
#3298 = ADVANCED_FACE('',(#3299),#3317,.T.);
#3299 = FACE_BOUND('',#3300,.T.);
#3300 = EDGE_LOOP('',(#3301,#3302,#3310,#3316));
#3301 = ORIENTED_EDGE('',*,*,#1994,.T.);
#3302 = ORIENTED_EDGE('',*,*,#3303,.T.);
#3303 = EDGE_CURVE('',#1987,#3304,#3306,.T.);
#3304 = VERTEX_POINT('',#3305);
#3305 = CARTESIAN_POINT('',(0.32,0.32,10.41));
#3306 = LINE('',#3307,#3308);
#3307 = CARTESIAN_POINT('',(0.32,0.32,-3.56));
#3308 = VECTOR('',#3309,1.);
#3309 = DIRECTION('',(0.,0.,1.));
#3310 = ORIENTED_EDGE('',*,*,#3311,.T.);
#3311 = EDGE_CURVE('',#3304,#3281,#3312,.T.);
#3312 = LINE('',#3313,#3314);
#3313 = CARTESIAN_POINT('',(0.32,0.32,10.41));
#3314 = VECTOR('',#3315,1.);
#3315 = DIRECTION('',(0.,-1.,0.));
#3316 = ORIENTED_EDGE('',*,*,#3288,.T.);
#3317 = PLANE('',#3318);
#3318 = AXIS2_PLACEMENT_3D('',#3319,#3320,#3321);
#3319 = CARTESIAN_POINT('',(0.32,0.,3.55));
#3320 = DIRECTION('',(1.,0.,0.));
#3321 = DIRECTION('',(0.,0.,1.));
#3322 = ADVANCED_FACE('',(#3323),#3334,.F.);
#3323 = FACE_BOUND('',#3324,.F.);
#3324 = EDGE_LOOP('',(#3325,#3326,#3327,#3328));
#3325 = ORIENTED_EDGE('',*,*,#3248,.F.);
#3326 = ORIENTED_EDGE('',*,*,#1986,.T.);
#3327 = ORIENTED_EDGE('',*,*,#3303,.T.);
#3328 = ORIENTED_EDGE('',*,*,#3329,.F.);
#3329 = EDGE_CURVE('',#3249,#3304,#3330,.T.);
#3330 = LINE('',#3331,#3332);
#3331 = CARTESIAN_POINT('',(-7.E-02,0.32,10.41));
#3332 = VECTOR('',#3333,1.);
#3333 = DIRECTION('',(1.,0.,0.));
#3334 = PLANE('',#3335);
#3335 = AXIS2_PLACEMENT_3D('',#3336,#3337,#3338);
#3336 = CARTESIAN_POINT('',(-0.32,0.32,-3.56));
#3337 = DIRECTION('',(0.,-1.,0.));
#3338 = DIRECTION('',(0.,0.,1.));
#3339 = ADVANCED_FACE('',(#3340),#3365,.T.);
#3340 = FACE_BOUND('',#3341,.T.);
#3341 = EDGE_LOOP('',(#3342,#3343,#3351,#3359));
#3342 = ORIENTED_EDGE('',*,*,#2044,.T.);
#3343 = ORIENTED_EDGE('',*,*,#3344,.T.);
#3344 = EDGE_CURVE('',#2047,#3345,#3347,.T.);
#3345 = VERTEX_POINT('',#3346);
#3346 = CARTESIAN_POINT('',(2.86,0.32,10.41));
#3347 = LINE('',#3348,#3349);
#3348 = CARTESIAN_POINT('',(2.86,0.32,-3.56));
#3349 = VECTOR('',#3350,1.);
#3350 = DIRECTION('',(0.,0.,1.));
#3351 = ORIENTED_EDGE('',*,*,#3352,.T.);
#3352 = EDGE_CURVE('',#3345,#3353,#3355,.T.);
#3353 = VERTEX_POINT('',#3354);
#3354 = CARTESIAN_POINT('',(2.86,-0.32,10.41));
#3355 = LINE('',#3356,#3357);
#3356 = CARTESIAN_POINT('',(2.86,0.32,10.41));
#3357 = VECTOR('',#3358,1.);
#3358 = DIRECTION('',(0.,-1.,0.));
#3359 = ORIENTED_EDGE('',*,*,#3360,.T.);
#3360 = EDGE_CURVE('',#3353,#2045,#3361,.T.);
#3361 = LINE('',#3362,#3363);
#3362 = CARTESIAN_POINT('',(2.86,-0.32,10.66));
#3363 = VECTOR('',#3364,1.);
#3364 = DIRECTION('',(0.,0.,-1.));
#3365 = PLANE('',#3366);
#3366 = AXIS2_PLACEMENT_3D('',#3367,#3368,#3369);
#3367 = CARTESIAN_POINT('',(2.86,0.,3.55));
#3368 = DIRECTION('',(1.,0.,0.));
#3369 = DIRECTION('',(0.,0.,1.));
#3370 = ADVANCED_FACE('',(#3371),#3389,.F.);
#3371 = FACE_BOUND('',#3372,.F.);
#3372 = EDGE_LOOP('',(#3373,#3381,#3382,#3383));
#3373 = ORIENTED_EDGE('',*,*,#3374,.F.);
#3374 = EDGE_CURVE('',#2063,#3375,#3377,.T.);
#3375 = VERTEX_POINT('',#3376);
#3376 = CARTESIAN_POINT('',(2.22,0.32,10.41));
#3377 = LINE('',#3378,#3379);
#3378 = CARTESIAN_POINT('',(2.22,0.32,-3.56));
#3379 = VECTOR('',#3380,1.);
#3380 = DIRECTION('',(0.,0.,1.));
#3381 = ORIENTED_EDGE('',*,*,#2070,.T.);
#3382 = ORIENTED_EDGE('',*,*,#3344,.T.);
#3383 = ORIENTED_EDGE('',*,*,#3384,.F.);
#3384 = EDGE_CURVE('',#3375,#3345,#3385,.T.);
#3385 = LINE('',#3386,#3387);
#3386 = CARTESIAN_POINT('',(2.47,0.32,10.41));
#3387 = VECTOR('',#3388,1.);
#3388 = DIRECTION('',(1.,0.,0.));
#3389 = PLANE('',#3390);
#3390 = AXIS2_PLACEMENT_3D('',#3391,#3392,#3393);
#3391 = CARTESIAN_POINT('',(2.22,0.32,-3.56));
#3392 = DIRECTION('',(0.,-1.,0.));
#3393 = DIRECTION('',(0.,0.,1.));
#3394 = ADVANCED_FACE('',(#3395),#3413,.F.);
#3395 = FACE_BOUND('',#3396,.F.);
#3396 = EDGE_LOOP('',(#3397,#3398,#3399,#3407));
#3397 = ORIENTED_EDGE('',*,*,#2062,.T.);
#3398 = ORIENTED_EDGE('',*,*,#3374,.T.);
#3399 = ORIENTED_EDGE('',*,*,#3400,.T.);
#3400 = EDGE_CURVE('',#3375,#3401,#3403,.T.);
#3401 = VERTEX_POINT('',#3402);
#3402 = CARTESIAN_POINT('',(2.22,-0.32,10.41));
#3403 = LINE('',#3404,#3405);
#3404 = CARTESIAN_POINT('',(2.22,0.32,10.41));
#3405 = VECTOR('',#3406,1.);
#3406 = DIRECTION('',(0.,-1.,0.));
#3407 = ORIENTED_EDGE('',*,*,#3408,.T.);
#3408 = EDGE_CURVE('',#3401,#2055,#3409,.T.);
#3409 = LINE('',#3410,#3411);
#3410 = CARTESIAN_POINT('',(2.22,-0.32,10.66));
#3411 = VECTOR('',#3412,1.);
#3412 = DIRECTION('',(0.,0.,-1.));
#3413 = PLANE('',#3414);
#3414 = AXIS2_PLACEMENT_3D('',#3415,#3416,#3417);
#3415 = CARTESIAN_POINT('',(2.22,0.,3.55));
#3416 = DIRECTION('',(1.,0.,0.));
#3417 = DIRECTION('',(0.,0.,1.));
#3418 = ADVANCED_FACE('',(#3419),#3430,.F.);
#3419 = FACE_BOUND('',#3420,.F.);
#3420 = EDGE_LOOP('',(#3421,#3422,#3423,#3429));
#3421 = ORIENTED_EDGE('',*,*,#2054,.T.);
#3422 = ORIENTED_EDGE('',*,*,#3408,.F.);
#3423 = ORIENTED_EDGE('',*,*,#3424,.T.);
#3424 = EDGE_CURVE('',#3401,#3353,#3425,.T.);
#3425 = LINE('',#3426,#3427);
#3426 = CARTESIAN_POINT('',(2.47,-0.32,10.41));
#3427 = VECTOR('',#3428,1.);
#3428 = DIRECTION('',(1.,0.,0.));
#3429 = ORIENTED_EDGE('',*,*,#3360,.T.);
#3430 = PLANE('',#3431);
#3431 = AXIS2_PLACEMENT_3D('',#3432,#3433,#3434);
#3432 = CARTESIAN_POINT('',(2.22,-0.32,10.66));
#3433 = DIRECTION('',(0.,1.,0.));
#3434 = DIRECTION('',(0.,0.,-1.));
#3435 = ADVANCED_FACE('',(#3436),#3461,.F.);
#3436 = FACE_BOUND('',#3437,.F.);
#3437 = EDGE_LOOP('',(#3438,#3439,#3447,#3455));
#3438 = ORIENTED_EDGE('',*,*,#2078,.T.);
#3439 = ORIENTED_EDGE('',*,*,#3440,.F.);
#3440 = EDGE_CURVE('',#3441,#2081,#3443,.T.);
#3441 = VERTEX_POINT('',#3442);
#3442 = CARTESIAN_POINT('',(9.84,-0.32,10.41));
#3443 = LINE('',#3444,#3445);
#3444 = CARTESIAN_POINT('',(9.84,-0.32,10.66));
#3445 = VECTOR('',#3446,1.);
#3446 = DIRECTION('',(0.,0.,-1.));
#3447 = ORIENTED_EDGE('',*,*,#3448,.T.);
#3448 = EDGE_CURVE('',#3441,#3449,#3451,.T.);
#3449 = VERTEX_POINT('',#3450);
#3450 = CARTESIAN_POINT('',(10.48,-0.32,10.41));
#3451 = LINE('',#3452,#3453);
#3452 = CARTESIAN_POINT('',(10.09,-0.32,10.41));
#3453 = VECTOR('',#3454,1.);
#3454 = DIRECTION('',(1.,0.,0.));
#3455 = ORIENTED_EDGE('',*,*,#3456,.T.);
#3456 = EDGE_CURVE('',#3449,#2079,#3457,.T.);
#3457 = LINE('',#3458,#3459);
#3458 = CARTESIAN_POINT('',(10.48,-0.32,10.66));
#3459 = VECTOR('',#3460,1.);
#3460 = DIRECTION('',(0.,0.,-1.));
#3461 = PLANE('',#3462);
#3462 = AXIS2_PLACEMENT_3D('',#3463,#3464,#3465);
#3463 = CARTESIAN_POINT('',(9.84,-0.32,10.66));
#3464 = DIRECTION('',(0.,1.,0.));
#3465 = DIRECTION('',(0.,0.,-1.));
#3466 = ADVANCED_FACE('',(#3467),#3485,.T.);
#3467 = FACE_BOUND('',#3468,.T.);
#3468 = EDGE_LOOP('',(#3469,#3470,#3478,#3484));
#3469 = ORIENTED_EDGE('',*,*,#2104,.T.);
#3470 = ORIENTED_EDGE('',*,*,#3471,.T.);
#3471 = EDGE_CURVE('',#2097,#3472,#3474,.T.);
#3472 = VERTEX_POINT('',#3473);
#3473 = CARTESIAN_POINT('',(10.48,0.32,10.41));
#3474 = LINE('',#3475,#3476);
#3475 = CARTESIAN_POINT('',(10.48,0.32,-3.56));
#3476 = VECTOR('',#3477,1.);
#3477 = DIRECTION('',(0.,0.,1.));
#3478 = ORIENTED_EDGE('',*,*,#3479,.T.);
#3479 = EDGE_CURVE('',#3472,#3449,#3480,.T.);
#3480 = LINE('',#3481,#3482);
#3481 = CARTESIAN_POINT('',(10.48,0.32,10.41));
#3482 = VECTOR('',#3483,1.);
#3483 = DIRECTION('',(0.,-1.,0.));
#3484 = ORIENTED_EDGE('',*,*,#3456,.T.);
#3485 = PLANE('',#3486);
#3486 = AXIS2_PLACEMENT_3D('',#3487,#3488,#3489);
#3487 = CARTESIAN_POINT('',(10.48,0.,3.55));
#3488 = DIRECTION('',(1.,0.,0.));
#3489 = DIRECTION('',(0.,0.,1.));
#3490 = ADVANCED_FACE('',(#3491),#3509,.F.);
#3491 = FACE_BOUND('',#3492,.F.);
#3492 = EDGE_LOOP('',(#3493,#3501,#3502,#3503));
#3493 = ORIENTED_EDGE('',*,*,#3494,.F.);
#3494 = EDGE_CURVE('',#2089,#3495,#3497,.T.);
#3495 = VERTEX_POINT('',#3496);
#3496 = CARTESIAN_POINT('',(9.84,0.32,10.41));
#3497 = LINE('',#3498,#3499);
#3498 = CARTESIAN_POINT('',(9.84,0.32,-3.56));
#3499 = VECTOR('',#3500,1.);
#3500 = DIRECTION('',(0.,0.,1.));
#3501 = ORIENTED_EDGE('',*,*,#2096,.T.);
#3502 = ORIENTED_EDGE('',*,*,#3471,.T.);
#3503 = ORIENTED_EDGE('',*,*,#3504,.F.);
#3504 = EDGE_CURVE('',#3495,#3472,#3505,.T.);
#3505 = LINE('',#3506,#3507);
#3506 = CARTESIAN_POINT('',(10.09,0.32,10.41));
#3507 = VECTOR('',#3508,1.);
#3508 = DIRECTION('',(1.,0.,0.));
#3509 = PLANE('',#3510);
#3510 = AXIS2_PLACEMENT_3D('',#3511,#3512,#3513);
#3511 = CARTESIAN_POINT('',(9.84,0.32,-3.56));
#3512 = DIRECTION('',(0.,-1.,0.));
#3513 = DIRECTION('',(0.,0.,1.));
#3514 = ADVANCED_FACE('',(#3515),#3526,.F.);
#3515 = FACE_BOUND('',#3516,.F.);
#3516 = EDGE_LOOP('',(#3517,#3518,#3519,#3525));
#3517 = ORIENTED_EDGE('',*,*,#2088,.T.);
#3518 = ORIENTED_EDGE('',*,*,#3494,.T.);
#3519 = ORIENTED_EDGE('',*,*,#3520,.T.);
#3520 = EDGE_CURVE('',#3495,#3441,#3521,.T.);
#3521 = LINE('',#3522,#3523);
#3522 = CARTESIAN_POINT('',(9.84,0.32,10.41));
#3523 = VECTOR('',#3524,1.);
#3524 = DIRECTION('',(0.,-1.,0.));
#3525 = ORIENTED_EDGE('',*,*,#3440,.T.);
#3526 = PLANE('',#3527);
#3527 = AXIS2_PLACEMENT_3D('',#3528,#3529,#3530);
#3528 = CARTESIAN_POINT('',(9.84,0.,3.55));
#3529 = DIRECTION('',(1.,0.,0.));
#3530 = DIRECTION('',(0.,0.,1.));
#3531 = ADVANCED_FACE('',(#3532),#3543,.T.);
#3532 = FACE_BOUND('',#3533,.T.);
#3533 = EDGE_LOOP('',(#3534,#3535,#3536,#3537));
#3534 = ORIENTED_EDGE('',*,*,#2145,.T.);
#3535 = ORIENTED_EDGE('',*,*,#3039,.F.);
#3536 = ORIENTED_EDGE('',*,*,#2196,.F.);
#3537 = ORIENTED_EDGE('',*,*,#3538,.F.);
#3538 = EDGE_CURVE('',#2138,#2189,#3539,.T.);
#3539 = LINE('',#3540,#3541);
#3540 = CARTESIAN_POINT('',(5.08,-1.9,5.5));
#3541 = VECTOR('',#3542,1.);
#3542 = DIRECTION('',(-1.,-0.,-0.));
#3543 = PLANE('',#3544);
#3544 = AXIS2_PLACEMENT_3D('',#3545,#3546,#3547);
#3545 = CARTESIAN_POINT('',(5.08,-1.9,4.65));
#3546 = DIRECTION('',(0.,1.,2.630656431924E-31));
#3547 = DIRECTION('',(0.,-2.630656431924E-31,1.));
#3548 = ADVANCED_FACE('',(#3549),#3560,.T.);
#3549 = FACE_BOUND('',#3550,.T.);
#3550 = EDGE_LOOP('',(#3551,#3552,#3553,#3559));
#3551 = ORIENTED_EDGE('',*,*,#2239,.T.);
#3552 = ORIENTED_EDGE('',*,*,#2129,.T.);
#3553 = ORIENTED_EDGE('',*,*,#3554,.F.);
#3554 = EDGE_CURVE('',#2181,#2130,#3555,.T.);
#3555 = LINE('',#3556,#3557);
#3556 = CARTESIAN_POINT('',(5.08,-1.4,6.));
#3557 = VECTOR('',#3558,1.);
#3558 = DIRECTION('',(1.,0.,0.));
#3559 = ORIENTED_EDGE('',*,*,#2180,.F.);
#3560 = PLANE('',#3561);
#3561 = AXIS2_PLACEMENT_3D('',#3562,#3563,#3564);
#3562 = CARTESIAN_POINT('',(5.08,-1.4,6.5));
#3563 = DIRECTION('',(0.,1.,8.079462497022E-31));
#3564 = DIRECTION('',(0.,-8.079462497022E-31,1.));
#3565 = ADVANCED_FACE('',(#3566),#3572,.T.);
#3566 = FACE_BOUND('',#3567,.T.);
#3567 = EDGE_LOOP('',(#3568,#3569,#3570,#3571));
#3568 = ORIENTED_EDGE('',*,*,#3554,.T.);
#3569 = ORIENTED_EDGE('',*,*,#2137,.T.);
#3570 = ORIENTED_EDGE('',*,*,#3538,.T.);
#3571 = ORIENTED_EDGE('',*,*,#2188,.F.);
#3572 = PLANE('',#3573);
#3573 = AXIS2_PLACEMENT_3D('',#3574,#3575,#3576);
#3574 = CARTESIAN_POINT('',(5.08,-1.65,5.75));
#3575 = DIRECTION('',(0.,0.707106781187,-0.707106781187));
#3576 = DIRECTION('',(0.,0.707106781187,0.707106781187));
#3577 = ADVANCED_FACE('',(#3578),#3603,.F.);
#3578 = FACE_BOUND('',#3579,.T.);
#3579 = EDGE_LOOP('',(#3580,#3590,#3596,#3597));
#3580 = ORIENTED_EDGE('',*,*,#3581,.T.);
#3581 = EDGE_CURVE('',#3582,#3584,#3586,.T.);
#3582 = VERTEX_POINT('',#3583);
#3583 = CARTESIAN_POINT('',(7.E-02,-7.E-02,-3.56));
#3584 = VERTEX_POINT('',#3585);
#3585 = CARTESIAN_POINT('',(7.E-02,7.E-02,-3.56));
#3586 = LINE('',#3587,#3588);
#3587 = CARTESIAN_POINT('',(7.E-02,-0.32,-3.56));
#3588 = VECTOR('',#3589,1.);
#3589 = DIRECTION('',(0.,1.,0.));
#3590 = ORIENTED_EDGE('',*,*,#3591,.T.);
#3591 = EDGE_CURVE('',#3584,#2289,#3592,.T.);
#3592 = LINE('',#3593,#3594);
#3593 = CARTESIAN_POINT('',(6.5E-02,6.5E-02,-3.565));
#3594 = VECTOR('',#3595,1.);
#3595 = DIRECTION('',(0.57735026919,0.57735026919,0.57735026919));
#3596 = ORIENTED_EDGE('',*,*,#2286,.F.);
#3597 = ORIENTED_EDGE('',*,*,#3598,.F.);
#3598 = EDGE_CURVE('',#3582,#2287,#3599,.T.);
#3599 = LINE('',#3600,#3601);
#3600 = CARTESIAN_POINT('',(0.171666666667,-0.171666666667,
    -3.458333333333));
#3601 = VECTOR('',#3602,1.);
#3602 = DIRECTION('',(0.57735026919,-0.57735026919,0.57735026919));
#3603 = PLANE('',#3604);
#3604 = AXIS2_PLACEMENT_3D('',#3605,#3606,#3607);
#3605 = CARTESIAN_POINT('',(0.195,-0.32,-3.435));
#3606 = DIRECTION('',(-0.707106781187,0.,0.707106781187));
#3607 = DIRECTION('',(-0.,-1.,0.));
#3608 = ADVANCED_FACE('',(#3609),#3627,.T.);
#3609 = FACE_BOUND('',#3610,.T.);
#3610 = EDGE_LOOP('',(#3611,#3619,#3625,#3626));
#3611 = ORIENTED_EDGE('',*,*,#3612,.F.);
#3612 = EDGE_CURVE('',#3613,#2318,#3615,.T.);
#3613 = VERTEX_POINT('',#3614);
#3614 = CARTESIAN_POINT('',(-7.E-02,-7.E-02,-3.56));
#3615 = LINE('',#3616,#3617);
#3616 = CARTESIAN_POINT('',(-0.195,-0.195,-3.435));
#3617 = VECTOR('',#3618,1.);
#3618 = DIRECTION('',(-0.57735026919,-0.57735026919,0.57735026919));
#3619 = ORIENTED_EDGE('',*,*,#3620,.T.);
#3620 = EDGE_CURVE('',#3613,#3582,#3621,.T.);
#3621 = LINE('',#3622,#3623);
#3622 = CARTESIAN_POINT('',(-7.E-02,-7.E-02,-3.56));
#3623 = VECTOR('',#3624,1.);
#3624 = DIRECTION('',(1.,0.,0.));
#3625 = ORIENTED_EDGE('',*,*,#3598,.T.);
#3626 = ORIENTED_EDGE('',*,*,#2317,.F.);
#3627 = PLANE('',#3628);
#3628 = AXIS2_PLACEMENT_3D('',#3629,#3630,#3631);
#3629 = CARTESIAN_POINT('',(-7.E-02,-0.195,-3.435));
#3630 = DIRECTION('',(0.,-0.707106781187,-0.707106781187));
#3631 = DIRECTION('',(1.,0.,0.));
#3632 = ADVANCED_FACE('',(#3633),#3651,.T.);
#3633 = FACE_BOUND('',#3634,.F.);
#3634 = EDGE_LOOP('',(#3635,#3643,#3649,#3650));
#3635 = ORIENTED_EDGE('',*,*,#3636,.T.);
#3636 = EDGE_CURVE('',#3613,#3637,#3639,.T.);
#3637 = VERTEX_POINT('',#3638);
#3638 = CARTESIAN_POINT('',(-7.E-02,7.E-02,-3.56));
#3639 = LINE('',#3640,#3641);
#3640 = CARTESIAN_POINT('',(-7.E-02,-0.32,-3.56));
#3641 = VECTOR('',#3642,1.);
#3642 = DIRECTION('',(0.,1.,0.));
#3643 = ORIENTED_EDGE('',*,*,#3644,.T.);
#3644 = EDGE_CURVE('',#3637,#2342,#3645,.T.);
#3645 = LINE('',#3646,#3647);
#3646 = CARTESIAN_POINT('',(-8.833333333333E-02,8.833333333333E-02,
    -3.541666666667));
#3647 = VECTOR('',#3648,1.);
#3648 = DIRECTION('',(-0.57735026919,0.57735026919,0.57735026919));
#3649 = ORIENTED_EDGE('',*,*,#2341,.F.);
#3650 = ORIENTED_EDGE('',*,*,#3612,.F.);
#3651 = PLANE('',#3652);
#3652 = AXIS2_PLACEMENT_3D('',#3653,#3654,#3655);
#3653 = CARTESIAN_POINT('',(-0.195,-0.32,-3.435));
#3654 = DIRECTION('',(-0.707106781187,0.,-0.707106781187));
#3655 = DIRECTION('',(0.,-1.,-0.));
#3656 = ADVANCED_FACE('',(#3657),#3668,.T.);
#3657 = FACE_BOUND('',#3658,.F.);
#3658 = EDGE_LOOP('',(#3659,#3660,#3666,#3667));
#3659 = ORIENTED_EDGE('',*,*,#3644,.F.);
#3660 = ORIENTED_EDGE('',*,*,#3661,.T.);
#3661 = EDGE_CURVE('',#3637,#3584,#3662,.T.);
#3662 = LINE('',#3663,#3664);
#3663 = CARTESIAN_POINT('',(-7.E-02,7.E-02,-3.56));
#3664 = VECTOR('',#3665,1.);
#3665 = DIRECTION('',(1.,0.,0.));
#3666 = ORIENTED_EDGE('',*,*,#3591,.T.);
#3667 = ORIENTED_EDGE('',*,*,#2366,.F.);
#3668 = PLANE('',#3669);
#3669 = AXIS2_PLACEMENT_3D('',#3670,#3671,#3672);
#3670 = CARTESIAN_POINT('',(-7.E-02,0.195,-3.435));
#3671 = DIRECTION('',(0.,0.707106781187,-0.707106781187));
#3672 = DIRECTION('',(-1.,0.,-0.));
#3673 = ADVANCED_FACE('',(#3674),#3699,.T.);
#3674 = FACE_BOUND('',#3675,.F.);
#3675 = EDGE_LOOP('',(#3676,#3686,#3692,#3693));
#3676 = ORIENTED_EDGE('',*,*,#3677,.T.);
#3677 = EDGE_CURVE('',#3678,#3680,#3682,.T.);
#3678 = VERTEX_POINT('',#3679);
#3679 = CARTESIAN_POINT('',(2.47,-7.E-02,-3.56));
#3680 = VERTEX_POINT('',#3681);
#3681 = CARTESIAN_POINT('',(2.47,7.E-02,-3.56));
#3682 = LINE('',#3683,#3684);
#3683 = CARTESIAN_POINT('',(2.47,-0.32,-3.56));
#3684 = VECTOR('',#3685,1.);
#3685 = DIRECTION('',(0.,1.,0.));
#3686 = ORIENTED_EDGE('',*,*,#3687,.T.);
#3687 = EDGE_CURVE('',#3680,#2453,#3688,.T.);
#3688 = LINE('',#3689,#3690);
#3689 = CARTESIAN_POINT('',(2.451666666667,8.833333333333E-02,
    -3.541666666667));
#3690 = VECTOR('',#3691,1.);
#3691 = DIRECTION('',(-0.57735026919,0.57735026919,0.57735026919));
#3692 = ORIENTED_EDGE('',*,*,#2450,.F.);
#3693 = ORIENTED_EDGE('',*,*,#3694,.F.);
#3694 = EDGE_CURVE('',#3678,#2451,#3695,.T.);
#3695 = LINE('',#3696,#3697);
#3696 = CARTESIAN_POINT('',(2.345,-0.195,-3.435));
#3697 = VECTOR('',#3698,1.);
#3698 = DIRECTION('',(-0.57735026919,-0.57735026919,0.57735026919));
#3699 = PLANE('',#3700);
#3700 = AXIS2_PLACEMENT_3D('',#3701,#3702,#3703);
#3701 = CARTESIAN_POINT('',(2.345,-0.32,-3.435));
#3702 = DIRECTION('',(-0.707106781187,0.,-0.707106781187));
#3703 = DIRECTION('',(0.,-1.,-0.));
#3704 = ADVANCED_FACE('',(#3705),#3723,.T.);
#3705 = FACE_BOUND('',#3706,.F.);
#3706 = EDGE_LOOP('',(#3707,#3708,#3716,#3722));
#3707 = ORIENTED_EDGE('',*,*,#3687,.F.);
#3708 = ORIENTED_EDGE('',*,*,#3709,.T.);
#3709 = EDGE_CURVE('',#3680,#3710,#3712,.T.);
#3710 = VERTEX_POINT('',#3711);
#3711 = CARTESIAN_POINT('',(2.61,7.E-02,-3.56));
#3712 = LINE('',#3713,#3714);
#3713 = CARTESIAN_POINT('',(2.47,7.E-02,-3.56));
#3714 = VECTOR('',#3715,1.);
#3715 = DIRECTION('',(1.,0.,0.));
#3716 = ORIENTED_EDGE('',*,*,#3717,.T.);
#3717 = EDGE_CURVE('',#3710,#2483,#3718,.T.);
#3718 = LINE('',#3719,#3720);
#3719 = CARTESIAN_POINT('',(2.605,6.5E-02,-3.565));
#3720 = VECTOR('',#3721,1.);
#3721 = DIRECTION('',(0.57735026919,0.57735026919,0.57735026919));
#3722 = ORIENTED_EDGE('',*,*,#2482,.F.);
#3723 = PLANE('',#3724);
#3724 = AXIS2_PLACEMENT_3D('',#3725,#3726,#3727);
#3725 = CARTESIAN_POINT('',(2.47,0.195,-3.435));
#3726 = DIRECTION('',(0.,0.707106781187,-0.707106781187));
#3727 = DIRECTION('',(-1.,0.,-0.));
#3728 = ADVANCED_FACE('',(#3729),#3747,.F.);
#3729 = FACE_BOUND('',#3730,.T.);
#3730 = EDGE_LOOP('',(#3731,#3739,#3740,#3741));
#3731 = ORIENTED_EDGE('',*,*,#3732,.T.);
#3732 = EDGE_CURVE('',#3733,#3710,#3735,.T.);
#3733 = VERTEX_POINT('',#3734);
#3734 = CARTESIAN_POINT('',(2.61,-7.E-02,-3.56));
#3735 = LINE('',#3736,#3737);
#3736 = CARTESIAN_POINT('',(2.61,-0.32,-3.56));
#3737 = VECTOR('',#3738,1.);
#3738 = DIRECTION('',(0.,1.,0.));
#3739 = ORIENTED_EDGE('',*,*,#3717,.T.);
#3740 = ORIENTED_EDGE('',*,*,#2505,.F.);
#3741 = ORIENTED_EDGE('',*,*,#3742,.F.);
#3742 = EDGE_CURVE('',#3733,#2506,#3743,.T.);
#3743 = LINE('',#3744,#3745);
#3744 = CARTESIAN_POINT('',(2.711666666667,-0.171666666667,
    -3.458333333333));
#3745 = VECTOR('',#3746,1.);
#3746 = DIRECTION('',(0.57735026919,-0.57735026919,0.57735026919));
#3747 = PLANE('',#3748);
#3748 = AXIS2_PLACEMENT_3D('',#3749,#3750,#3751);
#3749 = CARTESIAN_POINT('',(2.735,-0.32,-3.435));
#3750 = DIRECTION('',(-0.707106781187,0.,0.707106781187));
#3751 = DIRECTION('',(-0.,-1.,0.));
#3752 = ADVANCED_FACE('',(#3753),#3764,.T.);
#3753 = FACE_BOUND('',#3754,.T.);
#3754 = EDGE_LOOP('',(#3755,#3756,#3762,#3763));
#3755 = ORIENTED_EDGE('',*,*,#3694,.F.);
#3756 = ORIENTED_EDGE('',*,*,#3757,.T.);
#3757 = EDGE_CURVE('',#3678,#3733,#3758,.T.);
#3758 = LINE('',#3759,#3760);
#3759 = CARTESIAN_POINT('',(2.47,-7.E-02,-3.56));
#3760 = VECTOR('',#3761,1.);
#3761 = DIRECTION('',(1.,0.,0.));
#3762 = ORIENTED_EDGE('',*,*,#3742,.T.);
#3763 = ORIENTED_EDGE('',*,*,#2529,.F.);
#3764 = PLANE('',#3765);
#3765 = AXIS2_PLACEMENT_3D('',#3766,#3767,#3768);
#3766 = CARTESIAN_POINT('',(2.47,-0.195,-3.435));
#3767 = DIRECTION('',(0.,-0.707106781187,-0.707106781187));
#3768 = DIRECTION('',(1.,0.,0.));
#3769 = ADVANCED_FACE('',(#3770),#3795,.F.);
#3770 = FACE_BOUND('',#3771,.T.);
#3771 = EDGE_LOOP('',(#3772,#3782,#3788,#3789));
#3772 = ORIENTED_EDGE('',*,*,#3773,.T.);
#3773 = EDGE_CURVE('',#3774,#3776,#3778,.T.);
#3774 = VERTEX_POINT('',#3775);
#3775 = CARTESIAN_POINT('',(5.15,-7.E-02,-3.56));
#3776 = VERTEX_POINT('',#3777);
#3777 = CARTESIAN_POINT('',(5.15,7.E-02,-3.56));
#3778 = LINE('',#3779,#3780);
#3779 = CARTESIAN_POINT('',(5.15,-0.32,-3.56));
#3780 = VECTOR('',#3781,1.);
#3781 = DIRECTION('',(0.,1.,0.));
#3782 = ORIENTED_EDGE('',*,*,#3783,.T.);
#3783 = EDGE_CURVE('',#3776,#2617,#3784,.T.);
#3784 = LINE('',#3785,#3786);
#3785 = CARTESIAN_POINT('',(5.145,6.5E-02,-3.565));
#3786 = VECTOR('',#3787,1.);
#3787 = DIRECTION('',(0.57735026919,0.57735026919,0.57735026919));
#3788 = ORIENTED_EDGE('',*,*,#2614,.F.);
#3789 = ORIENTED_EDGE('',*,*,#3790,.F.);
#3790 = EDGE_CURVE('',#3774,#2615,#3791,.T.);
#3791 = LINE('',#3792,#3793);
#3792 = CARTESIAN_POINT('',(5.251666666667,-0.171666666667,
    -3.458333333333));
#3793 = VECTOR('',#3794,1.);
#3794 = DIRECTION('',(0.57735026919,-0.57735026919,0.57735026919));
#3795 = PLANE('',#3796);
#3796 = AXIS2_PLACEMENT_3D('',#3797,#3798,#3799);
#3797 = CARTESIAN_POINT('',(5.275,-0.32,-3.435));
#3798 = DIRECTION('',(-0.707106781187,0.,0.707106781187));
#3799 = DIRECTION('',(-0.,-1.,0.));
#3800 = ADVANCED_FACE('',(#3801),#3819,.T.);
#3801 = FACE_BOUND('',#3802,.T.);
#3802 = EDGE_LOOP('',(#3803,#3811,#3817,#3818));
#3803 = ORIENTED_EDGE('',*,*,#3804,.F.);
#3804 = EDGE_CURVE('',#3805,#2646,#3807,.T.);
#3805 = VERTEX_POINT('',#3806);
#3806 = CARTESIAN_POINT('',(5.01,-7.E-02,-3.56));
#3807 = LINE('',#3808,#3809);
#3808 = CARTESIAN_POINT('',(4.885,-0.195,-3.435));
#3809 = VECTOR('',#3810,1.);
#3810 = DIRECTION('',(-0.57735026919,-0.57735026919,0.57735026919));
#3811 = ORIENTED_EDGE('',*,*,#3812,.T.);
#3812 = EDGE_CURVE('',#3805,#3774,#3813,.T.);
#3813 = LINE('',#3814,#3815);
#3814 = CARTESIAN_POINT('',(5.01,-7.E-02,-3.56));
#3815 = VECTOR('',#3816,1.);
#3816 = DIRECTION('',(1.,0.,0.));
#3817 = ORIENTED_EDGE('',*,*,#3790,.T.);
#3818 = ORIENTED_EDGE('',*,*,#2645,.F.);
#3819 = PLANE('',#3820);
#3820 = AXIS2_PLACEMENT_3D('',#3821,#3822,#3823);
#3821 = CARTESIAN_POINT('',(5.01,-0.195,-3.435));
#3822 = DIRECTION('',(0.,-0.707106781187,-0.707106781187));
#3823 = DIRECTION('',(1.,0.,0.));
#3824 = ADVANCED_FACE('',(#3825),#3843,.T.);
#3825 = FACE_BOUND('',#3826,.F.);
#3826 = EDGE_LOOP('',(#3827,#3835,#3841,#3842));
#3827 = ORIENTED_EDGE('',*,*,#3828,.T.);
#3828 = EDGE_CURVE('',#3805,#3829,#3831,.T.);
#3829 = VERTEX_POINT('',#3830);
#3830 = CARTESIAN_POINT('',(5.01,7.E-02,-3.56));
#3831 = LINE('',#3832,#3833);
#3832 = CARTESIAN_POINT('',(5.01,-0.32,-3.56));
#3833 = VECTOR('',#3834,1.);
#3834 = DIRECTION('',(0.,1.,0.));
#3835 = ORIENTED_EDGE('',*,*,#3836,.T.);
#3836 = EDGE_CURVE('',#3829,#2670,#3837,.T.);
#3837 = LINE('',#3838,#3839);
#3838 = CARTESIAN_POINT('',(4.991666666667,8.833333333333E-02,
    -3.541666666667));
#3839 = VECTOR('',#3840,1.);
#3840 = DIRECTION('',(-0.57735026919,0.57735026919,0.57735026919));
#3841 = ORIENTED_EDGE('',*,*,#2669,.F.);
#3842 = ORIENTED_EDGE('',*,*,#3804,.F.);
#3843 = PLANE('',#3844);
#3844 = AXIS2_PLACEMENT_3D('',#3845,#3846,#3847);
#3845 = CARTESIAN_POINT('',(4.885,-0.32,-3.435));
#3846 = DIRECTION('',(-0.707106781187,0.,-0.707106781187));
#3847 = DIRECTION('',(0.,-1.,-0.));
#3848 = ADVANCED_FACE('',(#3849),#3860,.T.);
#3849 = FACE_BOUND('',#3850,.F.);
#3850 = EDGE_LOOP('',(#3851,#3852,#3858,#3859));
#3851 = ORIENTED_EDGE('',*,*,#3836,.F.);
#3852 = ORIENTED_EDGE('',*,*,#3853,.T.);
#3853 = EDGE_CURVE('',#3829,#3776,#3854,.T.);
#3854 = LINE('',#3855,#3856);
#3855 = CARTESIAN_POINT('',(5.01,7.E-02,-3.56));
#3856 = VECTOR('',#3857,1.);
#3857 = DIRECTION('',(1.,0.,0.));
#3858 = ORIENTED_EDGE('',*,*,#3783,.T.);
#3859 = ORIENTED_EDGE('',*,*,#2694,.F.);
#3860 = PLANE('',#3861);
#3861 = AXIS2_PLACEMENT_3D('',#3862,#3863,#3864);
#3862 = CARTESIAN_POINT('',(5.01,0.195,-3.435));
#3863 = DIRECTION('',(0.,0.707106781187,-0.707106781187));
#3864 = DIRECTION('',(-1.,0.,-0.));
#3865 = ADVANCED_FACE('',(#3866),#3891,.F.);
#3866 = FACE_BOUND('',#3867,.T.);
#3867 = EDGE_LOOP('',(#3868,#3878,#3884,#3885));
#3868 = ORIENTED_EDGE('',*,*,#3869,.T.);
#3869 = EDGE_CURVE('',#3870,#3872,#3874,.T.);
#3870 = VERTEX_POINT('',#3871);
#3871 = CARTESIAN_POINT('',(7.69,-7.E-02,-3.56));
#3872 = VERTEX_POINT('',#3873);
#3873 = CARTESIAN_POINT('',(7.69,7.E-02,-3.56));
#3874 = LINE('',#3875,#3876);
#3875 = CARTESIAN_POINT('',(7.69,-0.32,-3.56));
#3876 = VECTOR('',#3877,1.);
#3877 = DIRECTION('',(0.,1.,0.));
#3878 = ORIENTED_EDGE('',*,*,#3879,.T.);
#3879 = EDGE_CURVE('',#3872,#2781,#3880,.T.);
#3880 = LINE('',#3881,#3882);
#3881 = CARTESIAN_POINT('',(7.685,6.5E-02,-3.565));
#3882 = VECTOR('',#3883,1.);
#3883 = DIRECTION('',(0.57735026919,0.57735026919,0.57735026919));
#3884 = ORIENTED_EDGE('',*,*,#2778,.F.);
#3885 = ORIENTED_EDGE('',*,*,#3886,.F.);
#3886 = EDGE_CURVE('',#3870,#2779,#3887,.T.);
#3887 = LINE('',#3888,#3889);
#3888 = CARTESIAN_POINT('',(7.791666666667,-0.171666666667,
    -3.458333333333));
#3889 = VECTOR('',#3890,1.);
#3890 = DIRECTION('',(0.57735026919,-0.57735026919,0.57735026919));
#3891 = PLANE('',#3892);
#3892 = AXIS2_PLACEMENT_3D('',#3893,#3894,#3895);
#3893 = CARTESIAN_POINT('',(7.815,-0.32,-3.435));
#3894 = DIRECTION('',(-0.707106781187,0.,0.707106781187));
#3895 = DIRECTION('',(-0.,-1.,0.));
#3896 = ADVANCED_FACE('',(#3897),#3915,.T.);
#3897 = FACE_BOUND('',#3898,.T.);
#3898 = EDGE_LOOP('',(#3899,#3907,#3913,#3914));
#3899 = ORIENTED_EDGE('',*,*,#3900,.F.);
#3900 = EDGE_CURVE('',#3901,#2810,#3903,.T.);
#3901 = VERTEX_POINT('',#3902);
#3902 = CARTESIAN_POINT('',(7.55,-7.E-02,-3.56));
#3903 = LINE('',#3904,#3905);
#3904 = CARTESIAN_POINT('',(7.425,-0.195,-3.435));
#3905 = VECTOR('',#3906,1.);
#3906 = DIRECTION('',(-0.57735026919,-0.57735026919,0.57735026919));
#3907 = ORIENTED_EDGE('',*,*,#3908,.T.);
#3908 = EDGE_CURVE('',#3901,#3870,#3909,.T.);
#3909 = LINE('',#3910,#3911);
#3910 = CARTESIAN_POINT('',(7.55,-7.E-02,-3.56));
#3911 = VECTOR('',#3912,1.);
#3912 = DIRECTION('',(1.,0.,0.));
#3913 = ORIENTED_EDGE('',*,*,#3886,.T.);
#3914 = ORIENTED_EDGE('',*,*,#2809,.F.);
#3915 = PLANE('',#3916);
#3916 = AXIS2_PLACEMENT_3D('',#3917,#3918,#3919);
#3917 = CARTESIAN_POINT('',(7.55,-0.195,-3.435));
#3918 = DIRECTION('',(0.,-0.707106781187,-0.707106781187));
#3919 = DIRECTION('',(1.,0.,0.));
#3920 = ADVANCED_FACE('',(#3921),#3939,.T.);
#3921 = FACE_BOUND('',#3922,.F.);
#3922 = EDGE_LOOP('',(#3923,#3931,#3937,#3938));
#3923 = ORIENTED_EDGE('',*,*,#3924,.T.);
#3924 = EDGE_CURVE('',#3901,#3925,#3927,.T.);
#3925 = VERTEX_POINT('',#3926);
#3926 = CARTESIAN_POINT('',(7.55,7.E-02,-3.56));
#3927 = LINE('',#3928,#3929);
#3928 = CARTESIAN_POINT('',(7.55,-0.32,-3.56));
#3929 = VECTOR('',#3930,1.);
#3930 = DIRECTION('',(0.,1.,0.));
#3931 = ORIENTED_EDGE('',*,*,#3932,.T.);
#3932 = EDGE_CURVE('',#3925,#2834,#3933,.T.);
#3933 = LINE('',#3934,#3935);
#3934 = CARTESIAN_POINT('',(7.531666666667,8.833333333333E-02,
    -3.541666666667));
#3935 = VECTOR('',#3936,1.);
#3936 = DIRECTION('',(-0.57735026919,0.57735026919,0.57735026919));
#3937 = ORIENTED_EDGE('',*,*,#2833,.F.);
#3938 = ORIENTED_EDGE('',*,*,#3900,.F.);
#3939 = PLANE('',#3940);
#3940 = AXIS2_PLACEMENT_3D('',#3941,#3942,#3943);
#3941 = CARTESIAN_POINT('',(7.425,-0.32,-3.435));
#3942 = DIRECTION('',(-0.707106781187,0.,-0.707106781187));
#3943 = DIRECTION('',(0.,-1.,-0.));
#3944 = ADVANCED_FACE('',(#3945),#3956,.T.);
#3945 = FACE_BOUND('',#3946,.F.);
#3946 = EDGE_LOOP('',(#3947,#3948,#3954,#3955));
#3947 = ORIENTED_EDGE('',*,*,#3932,.F.);
#3948 = ORIENTED_EDGE('',*,*,#3949,.T.);
#3949 = EDGE_CURVE('',#3925,#3872,#3950,.T.);
#3950 = LINE('',#3951,#3952);
#3951 = CARTESIAN_POINT('',(7.55,7.E-02,-3.56));
#3952 = VECTOR('',#3953,1.);
#3953 = DIRECTION('',(1.,0.,0.));
#3954 = ORIENTED_EDGE('',*,*,#3879,.T.);
#3955 = ORIENTED_EDGE('',*,*,#2858,.F.);
#3956 = PLANE('',#3957);
#3957 = AXIS2_PLACEMENT_3D('',#3958,#3959,#3960);
#3958 = CARTESIAN_POINT('',(7.55,0.195,-3.435));
#3959 = DIRECTION('',(0.,0.707106781187,-0.707106781187));
#3960 = DIRECTION('',(-1.,0.,-0.));
#3961 = ADVANCED_FACE('',(#3962),#3987,.T.);
#3962 = FACE_BOUND('',#3963,.F.);
#3963 = EDGE_LOOP('',(#3964,#3972,#3980,#3986));
#3964 = ORIENTED_EDGE('',*,*,#3965,.F.);
#3965 = EDGE_CURVE('',#3966,#2943,#3968,.T.);
#3966 = VERTEX_POINT('',#3967);
#3967 = CARTESIAN_POINT('',(10.09,7.E-02,-3.56));
#3968 = LINE('',#3969,#3970);
#3969 = CARTESIAN_POINT('',(10.071666666667,8.833333333333E-02,
    -3.541666666667));
#3970 = VECTOR('',#3971,1.);
#3971 = DIRECTION('',(-0.57735026919,0.57735026919,0.57735026919));
#3972 = ORIENTED_EDGE('',*,*,#3973,.T.);
#3973 = EDGE_CURVE('',#3966,#3974,#3976,.T.);
#3974 = VERTEX_POINT('',#3975);
#3975 = CARTESIAN_POINT('',(10.23,7.E-02,-3.56));
#3976 = LINE('',#3977,#3978);
#3977 = CARTESIAN_POINT('',(10.09,7.E-02,-3.56));
#3978 = VECTOR('',#3979,1.);
#3979 = DIRECTION('',(1.,0.,0.));
#3980 = ORIENTED_EDGE('',*,*,#3981,.T.);
#3981 = EDGE_CURVE('',#3974,#2951,#3982,.T.);
#3982 = LINE('',#3983,#3984);
#3983 = CARTESIAN_POINT('',(10.225,6.5E-02,-3.565));
#3984 = VECTOR('',#3985,1.);
#3985 = DIRECTION('',(0.57735026919,0.57735026919,0.57735026919));
#3986 = ORIENTED_EDGE('',*,*,#2950,.F.);
#3987 = PLANE('',#3988);
#3988 = AXIS2_PLACEMENT_3D('',#3989,#3990,#3991);
#3989 = CARTESIAN_POINT('',(10.09,0.195,-3.435));
#3990 = DIRECTION('',(0.,0.707106781187,-0.707106781187));
#3991 = DIRECTION('',(-1.,0.,-0.));
#3992 = ADVANCED_FACE('',(#3993),#4011,.F.);
#3993 = FACE_BOUND('',#3994,.T.);
#3994 = EDGE_LOOP('',(#3995,#4003,#4004,#4005));
#3995 = ORIENTED_EDGE('',*,*,#3996,.T.);
#3996 = EDGE_CURVE('',#3997,#3974,#3999,.T.);
#3997 = VERTEX_POINT('',#3998);
#3998 = CARTESIAN_POINT('',(10.23,-7.E-02,-3.56));
#3999 = LINE('',#4000,#4001);
#4000 = CARTESIAN_POINT('',(10.23,-0.32,-3.56));
#4001 = VECTOR('',#4002,1.);
#4002 = DIRECTION('',(0.,1.,0.));
#4003 = ORIENTED_EDGE('',*,*,#3981,.T.);
#4004 = ORIENTED_EDGE('',*,*,#2973,.F.);
#4005 = ORIENTED_EDGE('',*,*,#4006,.F.);
#4006 = EDGE_CURVE('',#3997,#2974,#4007,.T.);
#4007 = LINE('',#4008,#4009);
#4008 = CARTESIAN_POINT('',(10.331666666667,-0.171666666667,
    -3.458333333333));
#4009 = VECTOR('',#4010,1.);
#4010 = DIRECTION('',(0.57735026919,-0.57735026919,0.57735026919));
#4011 = PLANE('',#4012);
#4012 = AXIS2_PLACEMENT_3D('',#4013,#4014,#4015);
#4013 = CARTESIAN_POINT('',(10.355,-0.32,-3.435));
#4014 = DIRECTION('',(-0.707106781187,0.,0.707106781187));
#4015 = DIRECTION('',(-0.,-1.,0.));
#4016 = ADVANCED_FACE('',(#4017),#4035,.T.);
#4017 = FACE_BOUND('',#4018,.T.);
#4018 = EDGE_LOOP('',(#4019,#4027,#4033,#4034));
#4019 = ORIENTED_EDGE('',*,*,#4020,.F.);
#4020 = EDGE_CURVE('',#4021,#2998,#4023,.T.);
#4021 = VERTEX_POINT('',#4022);
#4022 = CARTESIAN_POINT('',(10.09,-7.E-02,-3.56));
#4023 = LINE('',#4024,#4025);
#4024 = CARTESIAN_POINT('',(9.965,-0.195,-3.435));
#4025 = VECTOR('',#4026,1.);
#4026 = DIRECTION('',(-0.57735026919,-0.57735026919,0.57735026919));
#4027 = ORIENTED_EDGE('',*,*,#4028,.T.);
#4028 = EDGE_CURVE('',#4021,#3997,#4029,.T.);
#4029 = LINE('',#4030,#4031);
#4030 = CARTESIAN_POINT('',(10.09,-7.E-02,-3.56));
#4031 = VECTOR('',#4032,1.);
#4032 = DIRECTION('',(1.,0.,0.));
#4033 = ORIENTED_EDGE('',*,*,#4006,.T.);
#4034 = ORIENTED_EDGE('',*,*,#2997,.F.);
#4035 = PLANE('',#4036);
#4036 = AXIS2_PLACEMENT_3D('',#4037,#4038,#4039);
#4037 = CARTESIAN_POINT('',(10.09,-0.195,-3.435));
#4038 = DIRECTION('',(0.,-0.707106781187,-0.707106781187));
#4039 = DIRECTION('',(1.,0.,0.));
#4040 = ADVANCED_FACE('',(#4041),#4052,.T.);
#4041 = FACE_BOUND('',#4042,.F.);
#4042 = EDGE_LOOP('',(#4043,#4049,#4050,#4051));
#4043 = ORIENTED_EDGE('',*,*,#4044,.T.);
#4044 = EDGE_CURVE('',#4021,#3966,#4045,.T.);
#4045 = LINE('',#4046,#4047);
#4046 = CARTESIAN_POINT('',(10.09,-0.32,-3.56));
#4047 = VECTOR('',#4048,1.);
#4048 = DIRECTION('',(0.,1.,0.));
#4049 = ORIENTED_EDGE('',*,*,#3965,.T.);
#4050 = ORIENTED_EDGE('',*,*,#3021,.F.);
#4051 = ORIENTED_EDGE('',*,*,#4020,.F.);
#4052 = PLANE('',#4053);
#4053 = AXIS2_PLACEMENT_3D('',#4054,#4055,#4056);
#4054 = CARTESIAN_POINT('',(9.965,-0.32,-3.435));
#4055 = DIRECTION('',(-0.707106781187,0.,-0.707106781187));
#4056 = DIRECTION('',(0.,-1.,-0.));
#4057 = ADVANCED_FACE('',(#4058),#4083,.F.);
#4058 = FACE_BOUND('',#4059,.T.);
#4059 = EDGE_LOOP('',(#4060,#4070,#4076,#4077));
#4060 = ORIENTED_EDGE('',*,*,#4061,.T.);
#4061 = EDGE_CURVE('',#4062,#4064,#4066,.T.);
#4062 = VERTEX_POINT('',#4063);
#4063 = CARTESIAN_POINT('',(5.15,7.E-02,10.66));
#4064 = VERTEX_POINT('',#4065);
#4065 = CARTESIAN_POINT('',(5.15,-7.E-02,10.66));
#4066 = LINE('',#4067,#4068);
#4067 = CARTESIAN_POINT('',(5.15,0.32,10.66));
#4068 = VECTOR('',#4069,1.);
#4069 = DIRECTION('',(0.,-1.,0.));
#4070 = ORIENTED_EDGE('',*,*,#4071,.T.);
#4071 = EDGE_CURVE('',#4064,#3065,#4072,.T.);
#4072 = LINE('',#4073,#4074);
#4073 = CARTESIAN_POINT('',(5.145,-6.5E-02,10.665));
#4074 = VECTOR('',#4075,1.);
#4075 = DIRECTION('',(0.57735026919,-0.57735026919,-0.57735026919));
#4076 = ORIENTED_EDGE('',*,*,#3064,.F.);
#4077 = ORIENTED_EDGE('',*,*,#4078,.T.);
#4078 = EDGE_CURVE('',#3057,#4062,#4079,.T.);
#4079 = LINE('',#4080,#4081);
#4080 = CARTESIAN_POINT('',(5.251666666667,0.171666666667,
    10.558333333333));
#4081 = VECTOR('',#4082,1.);
#4082 = DIRECTION('',(-0.57735026919,-0.57735026919,0.57735026919));
#4083 = PLANE('',#4084);
#4084 = AXIS2_PLACEMENT_3D('',#4085,#4086,#4087);
#4085 = CARTESIAN_POINT('',(5.275,0.32,10.535));
#4086 = DIRECTION('',(-0.707106781187,0.,-0.707106781187));
#4087 = DIRECTION('',(0.,1.,0.));
#4088 = ADVANCED_FACE('',(#4089),#4107,.T.);
#4089 = FACE_BOUND('',#4090,.F.);
#4090 = EDGE_LOOP('',(#4091,#4099,#4100,#4101));
#4091 = ORIENTED_EDGE('',*,*,#4092,.F.);
#4092 = EDGE_CURVE('',#3087,#4093,#4095,.T.);
#4093 = VERTEX_POINT('',#4094);
#4094 = CARTESIAN_POINT('',(5.01,7.E-02,10.66));
#4095 = LINE('',#4096,#4097);
#4096 = CARTESIAN_POINT('',(4.885,0.195,10.535));
#4097 = VECTOR('',#4098,1.);
#4098 = DIRECTION('',(0.57735026919,-0.57735026919,0.57735026919));
#4099 = ORIENTED_EDGE('',*,*,#3096,.T.);
#4100 = ORIENTED_EDGE('',*,*,#4078,.T.);
#4101 = ORIENTED_EDGE('',*,*,#4102,.F.);
#4102 = EDGE_CURVE('',#4093,#4062,#4103,.T.);
#4103 = LINE('',#4104,#4105);
#4104 = CARTESIAN_POINT('',(5.01,7.E-02,10.66));
#4105 = VECTOR('',#4106,1.);
#4106 = DIRECTION('',(1.,0.,0.));
#4107 = PLANE('',#4108);
#4108 = AXIS2_PLACEMENT_3D('',#4109,#4110,#4111);
#4109 = CARTESIAN_POINT('',(5.01,0.195,10.535));
#4110 = DIRECTION('',(0.,0.707106781187,0.707106781187));
#4111 = DIRECTION('',(-1.,0.,0.));
#4112 = ADVANCED_FACE('',(#4113),#4131,.T.);
#4113 = FACE_BOUND('',#4114,.F.);
#4114 = EDGE_LOOP('',(#4115,#4123,#4129,#4130));
#4115 = ORIENTED_EDGE('',*,*,#4116,.T.);
#4116 = EDGE_CURVE('',#4093,#4117,#4119,.T.);
#4117 = VERTEX_POINT('',#4118);
#4118 = CARTESIAN_POINT('',(5.01,-7.E-02,10.66));
#4119 = LINE('',#4120,#4121);
#4120 = CARTESIAN_POINT('',(5.01,0.32,10.66));
#4121 = VECTOR('',#4122,1.);
#4122 = DIRECTION('',(0.,-1.,0.));
#4123 = ORIENTED_EDGE('',*,*,#4124,.T.);
#4124 = EDGE_CURVE('',#4117,#3113,#4125,.T.);
#4125 = LINE('',#4126,#4127);
#4126 = CARTESIAN_POINT('',(4.991666666667,-8.833333333333E-02,
    10.641666666667));
#4127 = VECTOR('',#4128,1.);
#4128 = DIRECTION('',(-0.57735026919,-0.57735026919,-0.57735026919));
#4129 = ORIENTED_EDGE('',*,*,#3112,.F.);
#4130 = ORIENTED_EDGE('',*,*,#4092,.T.);
#4131 = PLANE('',#4132);
#4132 = AXIS2_PLACEMENT_3D('',#4133,#4134,#4135);
#4133 = CARTESIAN_POINT('',(4.885,0.32,10.535));
#4134 = DIRECTION('',(-0.707106781187,0.,0.707106781187));
#4135 = DIRECTION('',(0.,1.,0.));
#4136 = ADVANCED_FACE('',(#4137),#4148,.T.);
#4137 = FACE_BOUND('',#4138,.F.);
#4138 = EDGE_LOOP('',(#4139,#4140,#4146,#4147));
#4139 = ORIENTED_EDGE('',*,*,#4124,.F.);
#4140 = ORIENTED_EDGE('',*,*,#4141,.T.);
#4141 = EDGE_CURVE('',#4117,#4064,#4142,.T.);
#4142 = LINE('',#4143,#4144);
#4143 = CARTESIAN_POINT('',(5.01,-7.E-02,10.66));
#4144 = VECTOR('',#4145,1.);
#4145 = DIRECTION('',(1.,0.,0.));
#4146 = ORIENTED_EDGE('',*,*,#4071,.T.);
#4147 = ORIENTED_EDGE('',*,*,#3136,.F.);
#4148 = PLANE('',#4149);
#4149 = AXIS2_PLACEMENT_3D('',#4150,#4151,#4152);
#4150 = CARTESIAN_POINT('',(5.01,-0.195,10.535));
#4151 = DIRECTION('',(0.,-0.707106781187,0.707106781187));
#4152 = DIRECTION('',(-1.,0.,0.));
#4153 = ADVANCED_FACE('',(#4154),#4179,.T.);
#4154 = FACE_BOUND('',#4155,.F.);
#4155 = EDGE_LOOP('',(#4156,#4166,#4172,#4173));
#4156 = ORIENTED_EDGE('',*,*,#4157,.T.);
#4157 = EDGE_CURVE('',#4158,#4160,#4162,.T.);
#4158 = VERTEX_POINT('',#4159);
#4159 = CARTESIAN_POINT('',(7.55,7.E-02,10.66));
#4160 = VERTEX_POINT('',#4161);
#4161 = CARTESIAN_POINT('',(7.55,-7.E-02,10.66));
#4162 = LINE('',#4163,#4164);
#4163 = CARTESIAN_POINT('',(7.55,0.32,10.66));
#4164 = VECTOR('',#4165,1.);
#4165 = DIRECTION('',(0.,-1.,0.));
#4166 = ORIENTED_EDGE('',*,*,#4167,.T.);
#4167 = EDGE_CURVE('',#4160,#3161,#4168,.T.);
#4168 = LINE('',#4169,#4170);
#4169 = CARTESIAN_POINT('',(7.531666666667,-8.833333333333E-02,
    10.641666666667));
#4170 = VECTOR('',#4171,1.);
#4171 = DIRECTION('',(-0.57735026919,-0.57735026919,-0.57735026919));
#4172 = ORIENTED_EDGE('',*,*,#3160,.F.);
#4173 = ORIENTED_EDGE('',*,*,#4174,.T.);
#4174 = EDGE_CURVE('',#3153,#4158,#4175,.T.);
#4175 = LINE('',#4176,#4177);
#4176 = CARTESIAN_POINT('',(7.425,0.195,10.535));
#4177 = VECTOR('',#4178,1.);
#4178 = DIRECTION('',(0.57735026919,-0.57735026919,0.57735026919));
#4179 = PLANE('',#4180);
#4180 = AXIS2_PLACEMENT_3D('',#4181,#4182,#4183);
#4181 = CARTESIAN_POINT('',(7.425,0.32,10.535));
#4182 = DIRECTION('',(-0.707106781187,0.,0.707106781187));
#4183 = DIRECTION('',(0.,1.,0.));
#4184 = ADVANCED_FACE('',(#4185),#4203,.T.);
#4185 = FACE_BOUND('',#4186,.F.);
#4186 = EDGE_LOOP('',(#4187,#4188,#4196,#4202));
#4187 = ORIENTED_EDGE('',*,*,#4167,.F.);
#4188 = ORIENTED_EDGE('',*,*,#4189,.T.);
#4189 = EDGE_CURVE('',#4160,#4190,#4192,.T.);
#4190 = VERTEX_POINT('',#4191);
#4191 = CARTESIAN_POINT('',(7.69,-7.E-02,10.66));
#4192 = LINE('',#4193,#4194);
#4193 = CARTESIAN_POINT('',(7.55,-7.E-02,10.66));
#4194 = VECTOR('',#4195,1.);
#4195 = DIRECTION('',(1.,0.,0.));
#4196 = ORIENTED_EDGE('',*,*,#4197,.T.);
#4197 = EDGE_CURVE('',#4190,#3185,#4198,.T.);
#4198 = LINE('',#4199,#4200);
#4199 = CARTESIAN_POINT('',(7.685,-6.5E-02,10.665));
#4200 = VECTOR('',#4201,1.);
#4201 = DIRECTION('',(0.57735026919,-0.57735026919,-0.57735026919));
#4202 = ORIENTED_EDGE('',*,*,#3184,.F.);
#4203 = PLANE('',#4204);
#4204 = AXIS2_PLACEMENT_3D('',#4205,#4206,#4207);
#4205 = CARTESIAN_POINT('',(7.55,-0.195,10.535));
#4206 = DIRECTION('',(0.,-0.707106781187,0.707106781187));
#4207 = DIRECTION('',(-1.,0.,0.));
#4208 = ADVANCED_FACE('',(#4209),#4227,.F.);
#4209 = FACE_BOUND('',#4210,.T.);
#4210 = EDGE_LOOP('',(#4211,#4219,#4220,#4221));
#4211 = ORIENTED_EDGE('',*,*,#4212,.T.);
#4212 = EDGE_CURVE('',#4213,#4190,#4215,.T.);
#4213 = VERTEX_POINT('',#4214);
#4214 = CARTESIAN_POINT('',(7.69,7.E-02,10.66));
#4215 = LINE('',#4216,#4217);
#4216 = CARTESIAN_POINT('',(7.69,0.32,10.66));
#4217 = VECTOR('',#4218,1.);
#4218 = DIRECTION('',(0.,-1.,0.));
#4219 = ORIENTED_EDGE('',*,*,#4197,.T.);
#4220 = ORIENTED_EDGE('',*,*,#3215,.F.);
#4221 = ORIENTED_EDGE('',*,*,#4222,.T.);
#4222 = EDGE_CURVE('',#3208,#4213,#4223,.T.);
#4223 = LINE('',#4224,#4225);
#4224 = CARTESIAN_POINT('',(7.791666666667,0.171666666667,
    10.558333333333));
#4225 = VECTOR('',#4226,1.);
#4226 = DIRECTION('',(-0.57735026919,-0.57735026919,0.57735026919));
#4227 = PLANE('',#4228);
#4228 = AXIS2_PLACEMENT_3D('',#4229,#4230,#4231);
#4229 = CARTESIAN_POINT('',(7.815,0.32,10.535));
#4230 = DIRECTION('',(-0.707106781187,0.,-0.707106781187));
#4231 = DIRECTION('',(0.,1.,0.));
#4232 = ADVANCED_FACE('',(#4233),#4244,.T.);
#4233 = FACE_BOUND('',#4234,.F.);
#4234 = EDGE_LOOP('',(#4235,#4236,#4237,#4238));
#4235 = ORIENTED_EDGE('',*,*,#4174,.F.);
#4236 = ORIENTED_EDGE('',*,*,#3233,.T.);
#4237 = ORIENTED_EDGE('',*,*,#4222,.T.);
#4238 = ORIENTED_EDGE('',*,*,#4239,.F.);
#4239 = EDGE_CURVE('',#4158,#4213,#4240,.T.);
#4240 = LINE('',#4241,#4242);
#4241 = CARTESIAN_POINT('',(7.55,7.E-02,10.66));
#4242 = VECTOR('',#4243,1.);
#4243 = DIRECTION('',(1.,0.,0.));
#4244 = PLANE('',#4245);
#4245 = AXIS2_PLACEMENT_3D('',#4246,#4247,#4248);
#4246 = CARTESIAN_POINT('',(7.55,0.195,10.535));
#4247 = DIRECTION('',(0.,0.707106781187,0.707106781187));
#4248 = DIRECTION('',(-1.,0.,0.));
#4249 = ADVANCED_FACE('',(#4250),#4275,.T.);
#4250 = FACE_BOUND('',#4251,.F.);
#4251 = EDGE_LOOP('',(#4252,#4262,#4268,#4269));
#4252 = ORIENTED_EDGE('',*,*,#4253,.T.);
#4253 = EDGE_CURVE('',#4254,#4256,#4258,.T.);
#4254 = VERTEX_POINT('',#4255);
#4255 = CARTESIAN_POINT('',(-7.E-02,7.E-02,10.66));
#4256 = VERTEX_POINT('',#4257);
#4257 = CARTESIAN_POINT('',(-7.E-02,-7.E-02,10.66));
#4258 = LINE('',#4259,#4260);
#4259 = CARTESIAN_POINT('',(-7.E-02,0.32,10.66));
#4260 = VECTOR('',#4261,1.);
#4261 = DIRECTION('',(0.,-1.,0.));
#4262 = ORIENTED_EDGE('',*,*,#4263,.T.);
#4263 = EDGE_CURVE('',#4256,#3257,#4264,.T.);
#4264 = LINE('',#4265,#4266);
#4265 = CARTESIAN_POINT('',(-8.833333333333E-02,-8.833333333333E-02,
    10.641666666667));
#4266 = VECTOR('',#4267,1.);
#4267 = DIRECTION('',(-0.57735026919,-0.57735026919,-0.57735026919));
#4268 = ORIENTED_EDGE('',*,*,#3256,.F.);
#4269 = ORIENTED_EDGE('',*,*,#4270,.T.);
#4270 = EDGE_CURVE('',#3249,#4254,#4271,.T.);
#4271 = LINE('',#4272,#4273);
#4272 = CARTESIAN_POINT('',(-0.195,0.195,10.535));
#4273 = VECTOR('',#4274,1.);
#4274 = DIRECTION('',(0.57735026919,-0.57735026919,0.57735026919));
#4275 = PLANE('',#4276);
#4276 = AXIS2_PLACEMENT_3D('',#4277,#4278,#4279);
#4277 = CARTESIAN_POINT('',(-0.195,0.32,10.535));
#4278 = DIRECTION('',(-0.707106781187,0.,0.707106781187));
#4279 = DIRECTION('',(0.,1.,0.));
#4280 = ADVANCED_FACE('',(#4281),#4299,.T.);
#4281 = FACE_BOUND('',#4282,.F.);
#4282 = EDGE_LOOP('',(#4283,#4284,#4292,#4298));
#4283 = ORIENTED_EDGE('',*,*,#4263,.F.);
#4284 = ORIENTED_EDGE('',*,*,#4285,.T.);
#4285 = EDGE_CURVE('',#4256,#4286,#4288,.T.);
#4286 = VERTEX_POINT('',#4287);
#4287 = CARTESIAN_POINT('',(7.E-02,-7.E-02,10.66));
#4288 = LINE('',#4289,#4290);
#4289 = CARTESIAN_POINT('',(-7.E-02,-7.E-02,10.66));
#4290 = VECTOR('',#4291,1.);
#4291 = DIRECTION('',(1.,0.,0.));
#4292 = ORIENTED_EDGE('',*,*,#4293,.T.);
#4293 = EDGE_CURVE('',#4286,#3281,#4294,.T.);
#4294 = LINE('',#4295,#4296);
#4295 = CARTESIAN_POINT('',(6.5E-02,-6.5E-02,10.665));
#4296 = VECTOR('',#4297,1.);
#4297 = DIRECTION('',(0.57735026919,-0.57735026919,-0.57735026919));
#4298 = ORIENTED_EDGE('',*,*,#3280,.F.);
#4299 = PLANE('',#4300);
#4300 = AXIS2_PLACEMENT_3D('',#4301,#4302,#4303);
#4301 = CARTESIAN_POINT('',(-7.E-02,-0.195,10.535));
#4302 = DIRECTION('',(0.,-0.707106781187,0.707106781187));
#4303 = DIRECTION('',(-1.,0.,0.));
#4304 = ADVANCED_FACE('',(#4305),#4323,.F.);
#4305 = FACE_BOUND('',#4306,.T.);
#4306 = EDGE_LOOP('',(#4307,#4315,#4316,#4317));
#4307 = ORIENTED_EDGE('',*,*,#4308,.T.);
#4308 = EDGE_CURVE('',#4309,#4286,#4311,.T.);
#4309 = VERTEX_POINT('',#4310);
#4310 = CARTESIAN_POINT('',(7.E-02,7.E-02,10.66));
#4311 = LINE('',#4312,#4313);
#4312 = CARTESIAN_POINT('',(7.E-02,0.32,10.66));
#4313 = VECTOR('',#4314,1.);
#4314 = DIRECTION('',(0.,-1.,0.));
#4315 = ORIENTED_EDGE('',*,*,#4293,.T.);
#4316 = ORIENTED_EDGE('',*,*,#3311,.F.);
#4317 = ORIENTED_EDGE('',*,*,#4318,.T.);
#4318 = EDGE_CURVE('',#3304,#4309,#4319,.T.);
#4319 = LINE('',#4320,#4321);
#4320 = CARTESIAN_POINT('',(0.171666666667,0.171666666667,
    10.558333333333));
#4321 = VECTOR('',#4322,1.);
#4322 = DIRECTION('',(-0.57735026919,-0.57735026919,0.57735026919));
#4323 = PLANE('',#4324);
#4324 = AXIS2_PLACEMENT_3D('',#4325,#4326,#4327);
#4325 = CARTESIAN_POINT('',(0.195,0.32,10.535));
#4326 = DIRECTION('',(-0.707106781187,0.,-0.707106781187));
#4327 = DIRECTION('',(0.,1.,0.));
#4328 = ADVANCED_FACE('',(#4329),#4340,.T.);
#4329 = FACE_BOUND('',#4330,.F.);
#4330 = EDGE_LOOP('',(#4331,#4332,#4333,#4334));
#4331 = ORIENTED_EDGE('',*,*,#4270,.F.);
#4332 = ORIENTED_EDGE('',*,*,#3329,.T.);
#4333 = ORIENTED_EDGE('',*,*,#4318,.T.);
#4334 = ORIENTED_EDGE('',*,*,#4335,.F.);
#4335 = EDGE_CURVE('',#4254,#4309,#4336,.T.);
#4336 = LINE('',#4337,#4338);
#4337 = CARTESIAN_POINT('',(-7.E-02,7.E-02,10.66));
#4338 = VECTOR('',#4339,1.);
#4339 = DIRECTION('',(1.,0.,0.));
#4340 = PLANE('',#4341);
#4341 = AXIS2_PLACEMENT_3D('',#4342,#4343,#4344);
#4342 = CARTESIAN_POINT('',(-7.E-02,0.195,10.535));
#4343 = DIRECTION('',(0.,0.707106781187,0.707106781187));
#4344 = DIRECTION('',(-1.,0.,0.));
#4345 = ADVANCED_FACE('',(#4346),#4371,.F.);
#4346 = FACE_BOUND('',#4347,.T.);
#4347 = EDGE_LOOP('',(#4348,#4358,#4364,#4365));
#4348 = ORIENTED_EDGE('',*,*,#4349,.T.);
#4349 = EDGE_CURVE('',#4350,#4352,#4354,.T.);
#4350 = VERTEX_POINT('',#4351);
#4351 = CARTESIAN_POINT('',(2.61,7.E-02,10.66));
#4352 = VERTEX_POINT('',#4353);
#4353 = CARTESIAN_POINT('',(2.61,-7.E-02,10.66));
#4354 = LINE('',#4355,#4356);
#4355 = CARTESIAN_POINT('',(2.61,0.32,10.66));
#4356 = VECTOR('',#4357,1.);
#4357 = DIRECTION('',(0.,-1.,0.));
#4358 = ORIENTED_EDGE('',*,*,#4359,.T.);
#4359 = EDGE_CURVE('',#4352,#3353,#4360,.T.);
#4360 = LINE('',#4361,#4362);
#4361 = CARTESIAN_POINT('',(2.605,-6.5E-02,10.665));
#4362 = VECTOR('',#4363,1.);
#4363 = DIRECTION('',(0.57735026919,-0.57735026919,-0.57735026919));
#4364 = ORIENTED_EDGE('',*,*,#3352,.F.);
#4365 = ORIENTED_EDGE('',*,*,#4366,.T.);
#4366 = EDGE_CURVE('',#3345,#4350,#4367,.T.);
#4367 = LINE('',#4368,#4369);
#4368 = CARTESIAN_POINT('',(2.711666666667,0.171666666667,
    10.558333333333));
#4369 = VECTOR('',#4370,1.);
#4370 = DIRECTION('',(-0.57735026919,-0.57735026919,0.57735026919));
#4371 = PLANE('',#4372);
#4372 = AXIS2_PLACEMENT_3D('',#4373,#4374,#4375);
#4373 = CARTESIAN_POINT('',(2.735,0.32,10.535));
#4374 = DIRECTION('',(-0.707106781187,0.,-0.707106781187));
#4375 = DIRECTION('',(0.,1.,0.));
#4376 = ADVANCED_FACE('',(#4377),#4395,.T.);
#4377 = FACE_BOUND('',#4378,.F.);
#4378 = EDGE_LOOP('',(#4379,#4387,#4388,#4389));
#4379 = ORIENTED_EDGE('',*,*,#4380,.F.);
#4380 = EDGE_CURVE('',#3375,#4381,#4383,.T.);
#4381 = VERTEX_POINT('',#4382);
#4382 = CARTESIAN_POINT('',(2.47,7.E-02,10.66));
#4383 = LINE('',#4384,#4385);
#4384 = CARTESIAN_POINT('',(2.345,0.195,10.535));
#4385 = VECTOR('',#4386,1.);
#4386 = DIRECTION('',(0.57735026919,-0.57735026919,0.57735026919));
#4387 = ORIENTED_EDGE('',*,*,#3384,.T.);
#4388 = ORIENTED_EDGE('',*,*,#4366,.T.);
#4389 = ORIENTED_EDGE('',*,*,#4390,.F.);
#4390 = EDGE_CURVE('',#4381,#4350,#4391,.T.);
#4391 = LINE('',#4392,#4393);
#4392 = CARTESIAN_POINT('',(2.47,7.E-02,10.66));
#4393 = VECTOR('',#4394,1.);
#4394 = DIRECTION('',(1.,0.,0.));
#4395 = PLANE('',#4396);
#4396 = AXIS2_PLACEMENT_3D('',#4397,#4398,#4399);
#4397 = CARTESIAN_POINT('',(2.47,0.195,10.535));
#4398 = DIRECTION('',(0.,0.707106781187,0.707106781187));
#4399 = DIRECTION('',(-1.,0.,0.));
#4400 = ADVANCED_FACE('',(#4401),#4419,.T.);
#4401 = FACE_BOUND('',#4402,.F.);
#4402 = EDGE_LOOP('',(#4403,#4411,#4417,#4418));
#4403 = ORIENTED_EDGE('',*,*,#4404,.T.);
#4404 = EDGE_CURVE('',#4381,#4405,#4407,.T.);
#4405 = VERTEX_POINT('',#4406);
#4406 = CARTESIAN_POINT('',(2.47,-7.E-02,10.66));
#4407 = LINE('',#4408,#4409);
#4408 = CARTESIAN_POINT('',(2.47,0.32,10.66));
#4409 = VECTOR('',#4410,1.);
#4410 = DIRECTION('',(0.,-1.,0.));
#4411 = ORIENTED_EDGE('',*,*,#4412,.T.);
#4412 = EDGE_CURVE('',#4405,#3401,#4413,.T.);
#4413 = LINE('',#4414,#4415);
#4414 = CARTESIAN_POINT('',(2.451666666667,-8.833333333333E-02,
    10.641666666667));
#4415 = VECTOR('',#4416,1.);
#4416 = DIRECTION('',(-0.57735026919,-0.57735026919,-0.57735026919));
#4417 = ORIENTED_EDGE('',*,*,#3400,.F.);
#4418 = ORIENTED_EDGE('',*,*,#4380,.T.);
#4419 = PLANE('',#4420);
#4420 = AXIS2_PLACEMENT_3D('',#4421,#4422,#4423);
#4421 = CARTESIAN_POINT('',(2.345,0.32,10.535));
#4422 = DIRECTION('',(-0.707106781187,0.,0.707106781187));
#4423 = DIRECTION('',(0.,1.,0.));
#4424 = ADVANCED_FACE('',(#4425),#4436,.T.);
#4425 = FACE_BOUND('',#4426,.F.);
#4426 = EDGE_LOOP('',(#4427,#4428,#4434,#4435));
#4427 = ORIENTED_EDGE('',*,*,#4412,.F.);
#4428 = ORIENTED_EDGE('',*,*,#4429,.T.);
#4429 = EDGE_CURVE('',#4405,#4352,#4430,.T.);
#4430 = LINE('',#4431,#4432);
#4431 = CARTESIAN_POINT('',(2.47,-7.E-02,10.66));
#4432 = VECTOR('',#4433,1.);
#4433 = DIRECTION('',(1.,0.,0.));
#4434 = ORIENTED_EDGE('',*,*,#4359,.T.);
#4435 = ORIENTED_EDGE('',*,*,#3424,.F.);
#4436 = PLANE('',#4437);
#4437 = AXIS2_PLACEMENT_3D('',#4438,#4439,#4440);
#4438 = CARTESIAN_POINT('',(2.47,-0.195,10.535));
#4439 = DIRECTION('',(0.,-0.707106781187,0.707106781187));
#4440 = DIRECTION('',(-1.,0.,0.));
#4441 = ADVANCED_FACE('',(#4442),#4467,.T.);
#4442 = FACE_BOUND('',#4443,.F.);
#4443 = EDGE_LOOP('',(#4444,#4452,#4460,#4466));
#4444 = ORIENTED_EDGE('',*,*,#4445,.F.);
#4445 = EDGE_CURVE('',#4446,#3441,#4448,.T.);
#4446 = VERTEX_POINT('',#4447);
#4447 = CARTESIAN_POINT('',(10.09,-7.E-02,10.66));
#4448 = LINE('',#4449,#4450);
#4449 = CARTESIAN_POINT('',(10.071666666667,-8.833333333333E-02,
    10.641666666667));
#4450 = VECTOR('',#4451,1.);
#4451 = DIRECTION('',(-0.57735026919,-0.57735026919,-0.57735026919));
#4452 = ORIENTED_EDGE('',*,*,#4453,.T.);
#4453 = EDGE_CURVE('',#4446,#4454,#4456,.T.);
#4454 = VERTEX_POINT('',#4455);
#4455 = CARTESIAN_POINT('',(10.23,-7.E-02,10.66));
#4456 = LINE('',#4457,#4458);
#4457 = CARTESIAN_POINT('',(10.09,-7.E-02,10.66));
#4458 = VECTOR('',#4459,1.);
#4459 = DIRECTION('',(1.,0.,0.));
#4460 = ORIENTED_EDGE('',*,*,#4461,.T.);
#4461 = EDGE_CURVE('',#4454,#3449,#4462,.T.);
#4462 = LINE('',#4463,#4464);
#4463 = CARTESIAN_POINT('',(10.225,-6.5E-02,10.665));
#4464 = VECTOR('',#4465,1.);
#4465 = DIRECTION('',(0.57735026919,-0.57735026919,-0.57735026919));
#4466 = ORIENTED_EDGE('',*,*,#3448,.F.);
#4467 = PLANE('',#4468);
#4468 = AXIS2_PLACEMENT_3D('',#4469,#4470,#4471);
#4469 = CARTESIAN_POINT('',(10.09,-0.195,10.535));
#4470 = DIRECTION('',(0.,-0.707106781187,0.707106781187));
#4471 = DIRECTION('',(-1.,0.,0.));
#4472 = ADVANCED_FACE('',(#4473),#4491,.F.);
#4473 = FACE_BOUND('',#4474,.T.);
#4474 = EDGE_LOOP('',(#4475,#4483,#4484,#4485));
#4475 = ORIENTED_EDGE('',*,*,#4476,.T.);
#4476 = EDGE_CURVE('',#4477,#4454,#4479,.T.);
#4477 = VERTEX_POINT('',#4478);
#4478 = CARTESIAN_POINT('',(10.23,7.E-02,10.66));
#4479 = LINE('',#4480,#4481);
#4480 = CARTESIAN_POINT('',(10.23,0.32,10.66));
#4481 = VECTOR('',#4482,1.);
#4482 = DIRECTION('',(0.,-1.,0.));
#4483 = ORIENTED_EDGE('',*,*,#4461,.T.);
#4484 = ORIENTED_EDGE('',*,*,#3479,.F.);
#4485 = ORIENTED_EDGE('',*,*,#4486,.T.);
#4486 = EDGE_CURVE('',#3472,#4477,#4487,.T.);
#4487 = LINE('',#4488,#4489);
#4488 = CARTESIAN_POINT('',(10.331666666667,0.171666666667,
    10.558333333333));
#4489 = VECTOR('',#4490,1.);
#4490 = DIRECTION('',(-0.57735026919,-0.57735026919,0.57735026919));
#4491 = PLANE('',#4492);
#4492 = AXIS2_PLACEMENT_3D('',#4493,#4494,#4495);
#4493 = CARTESIAN_POINT('',(10.355,0.32,10.535));
#4494 = DIRECTION('',(-0.707106781187,0.,-0.707106781187));
#4495 = DIRECTION('',(0.,1.,0.));
#4496 = ADVANCED_FACE('',(#4497),#4515,.T.);
#4497 = FACE_BOUND('',#4498,.F.);
#4498 = EDGE_LOOP('',(#4499,#4507,#4508,#4509));
#4499 = ORIENTED_EDGE('',*,*,#4500,.F.);
#4500 = EDGE_CURVE('',#3495,#4501,#4503,.T.);
#4501 = VERTEX_POINT('',#4502);
#4502 = CARTESIAN_POINT('',(10.09,7.E-02,10.66));
#4503 = LINE('',#4504,#4505);
#4504 = CARTESIAN_POINT('',(9.965,0.195,10.535));
#4505 = VECTOR('',#4506,1.);
#4506 = DIRECTION('',(0.57735026919,-0.57735026919,0.57735026919));
#4507 = ORIENTED_EDGE('',*,*,#3504,.T.);
#4508 = ORIENTED_EDGE('',*,*,#4486,.T.);
#4509 = ORIENTED_EDGE('',*,*,#4510,.F.);
#4510 = EDGE_CURVE('',#4501,#4477,#4511,.T.);
#4511 = LINE('',#4512,#4513);
#4512 = CARTESIAN_POINT('',(10.09,7.E-02,10.66));
#4513 = VECTOR('',#4514,1.);
#4514 = DIRECTION('',(1.,0.,0.));
#4515 = PLANE('',#4516);
#4516 = AXIS2_PLACEMENT_3D('',#4517,#4518,#4519);
#4517 = CARTESIAN_POINT('',(10.09,0.195,10.535));
#4518 = DIRECTION('',(0.,0.707106781187,0.707106781187));
#4519 = DIRECTION('',(-1.,0.,0.));
#4520 = ADVANCED_FACE('',(#4521),#4532,.T.);
#4521 = FACE_BOUND('',#4522,.F.);
#4522 = EDGE_LOOP('',(#4523,#4529,#4530,#4531));
#4523 = ORIENTED_EDGE('',*,*,#4524,.T.);
#4524 = EDGE_CURVE('',#4501,#4446,#4525,.T.);
#4525 = LINE('',#4526,#4527);
#4526 = CARTESIAN_POINT('',(10.09,0.32,10.66));
#4527 = VECTOR('',#4528,1.);
#4528 = DIRECTION('',(0.,-1.,0.));
#4529 = ORIENTED_EDGE('',*,*,#4445,.T.);
#4530 = ORIENTED_EDGE('',*,*,#3520,.F.);
#4531 = ORIENTED_EDGE('',*,*,#4500,.T.);
#4532 = PLANE('',#4533);
#4533 = AXIS2_PLACEMENT_3D('',#4534,#4535,#4536);
#4534 = CARTESIAN_POINT('',(9.965,0.32,10.535));
#4535 = DIRECTION('',(-0.707106781187,0.,0.707106781187));
#4536 = DIRECTION('',(0.,1.,0.));
#4537 = ADVANCED_FACE('',(#4538),#4544,.F.);
#4538 = FACE_BOUND('',#4539,.F.);
#4539 = EDGE_LOOP('',(#4540,#4541,#4542,#4543));
#4540 = ORIENTED_EDGE('',*,*,#3636,.F.);
#4541 = ORIENTED_EDGE('',*,*,#3620,.T.);
#4542 = ORIENTED_EDGE('',*,*,#3581,.T.);
#4543 = ORIENTED_EDGE('',*,*,#3661,.F.);
#4544 = PLANE('',#4545);
#4545 = AXIS2_PLACEMENT_3D('',#4546,#4547,#4548);
#4546 = CARTESIAN_POINT('',(-0.32,-0.32,-3.56));
#4547 = DIRECTION('',(0.,0.,1.));
#4548 = DIRECTION('',(0.,1.,0.));
#4549 = ADVANCED_FACE('',(#4550),#4556,.F.);
#4550 = FACE_BOUND('',#4551,.F.);
#4551 = EDGE_LOOP('',(#4552,#4553,#4554,#4555));
#4552 = ORIENTED_EDGE('',*,*,#3677,.F.);
#4553 = ORIENTED_EDGE('',*,*,#3757,.T.);
#4554 = ORIENTED_EDGE('',*,*,#3732,.T.);
#4555 = ORIENTED_EDGE('',*,*,#3709,.F.);
#4556 = PLANE('',#4557);
#4557 = AXIS2_PLACEMENT_3D('',#4558,#4559,#4560);
#4558 = CARTESIAN_POINT('',(2.22,-0.32,-3.56));
#4559 = DIRECTION('',(0.,0.,1.));
#4560 = DIRECTION('',(0.,1.,0.));
#4561 = ADVANCED_FACE('',(#4562),#4568,.F.);
#4562 = FACE_BOUND('',#4563,.F.);
#4563 = EDGE_LOOP('',(#4564,#4565,#4566,#4567));
#4564 = ORIENTED_EDGE('',*,*,#3828,.F.);
#4565 = ORIENTED_EDGE('',*,*,#3812,.T.);
#4566 = ORIENTED_EDGE('',*,*,#3773,.T.);
#4567 = ORIENTED_EDGE('',*,*,#3853,.F.);
#4568 = PLANE('',#4569);
#4569 = AXIS2_PLACEMENT_3D('',#4570,#4571,#4572);
#4570 = CARTESIAN_POINT('',(4.76,-0.32,-3.56));
#4571 = DIRECTION('',(0.,0.,1.));
#4572 = DIRECTION('',(0.,1.,0.));
#4573 = ADVANCED_FACE('',(#4574),#4580,.F.);
#4574 = FACE_BOUND('',#4575,.F.);
#4575 = EDGE_LOOP('',(#4576,#4577,#4578,#4579));
#4576 = ORIENTED_EDGE('',*,*,#3924,.F.);
#4577 = ORIENTED_EDGE('',*,*,#3908,.T.);
#4578 = ORIENTED_EDGE('',*,*,#3869,.T.);
#4579 = ORIENTED_EDGE('',*,*,#3949,.F.);
#4580 = PLANE('',#4581);
#4581 = AXIS2_PLACEMENT_3D('',#4582,#4583,#4584);
#4582 = CARTESIAN_POINT('',(7.3,-0.32,-3.56));
#4583 = DIRECTION('',(0.,0.,1.));
#4584 = DIRECTION('',(0.,1.,0.));
#4585 = ADVANCED_FACE('',(#4586),#4592,.F.);
#4586 = FACE_BOUND('',#4587,.F.);
#4587 = EDGE_LOOP('',(#4588,#4589,#4590,#4591));
#4588 = ORIENTED_EDGE('',*,*,#4044,.F.);
#4589 = ORIENTED_EDGE('',*,*,#4028,.T.);
#4590 = ORIENTED_EDGE('',*,*,#3996,.T.);
#4591 = ORIENTED_EDGE('',*,*,#3973,.F.);
#4592 = PLANE('',#4593);
#4593 = AXIS2_PLACEMENT_3D('',#4594,#4595,#4596);
#4594 = CARTESIAN_POINT('',(9.84,-0.32,-3.56));
#4595 = DIRECTION('',(0.,0.,1.));
#4596 = DIRECTION('',(0.,1.,0.));
#4597 = ADVANCED_FACE('',(#4598),#4604,.F.);
#4598 = FACE_BOUND('',#4599,.F.);
#4599 = EDGE_LOOP('',(#4600,#4601,#4602,#4603));
#4600 = ORIENTED_EDGE('',*,*,#4116,.F.);
#4601 = ORIENTED_EDGE('',*,*,#4102,.T.);
#4602 = ORIENTED_EDGE('',*,*,#4061,.T.);
#4603 = ORIENTED_EDGE('',*,*,#4141,.F.);
#4604 = PLANE('',#4605);
#4605 = AXIS2_PLACEMENT_3D('',#4606,#4607,#4608);
#4606 = CARTESIAN_POINT('',(4.76,0.32,10.66));
#4607 = DIRECTION('',(0.,0.,-1.));
#4608 = DIRECTION('',(0.,-1.,0.));
#4609 = ADVANCED_FACE('',(#4610),#4616,.F.);
#4610 = FACE_BOUND('',#4611,.F.);
#4611 = EDGE_LOOP('',(#4612,#4613,#4614,#4615));
#4612 = ORIENTED_EDGE('',*,*,#4157,.F.);
#4613 = ORIENTED_EDGE('',*,*,#4239,.T.);
#4614 = ORIENTED_EDGE('',*,*,#4212,.T.);
#4615 = ORIENTED_EDGE('',*,*,#4189,.F.);
#4616 = PLANE('',#4617);
#4617 = AXIS2_PLACEMENT_3D('',#4618,#4619,#4620);
#4618 = CARTESIAN_POINT('',(7.3,0.32,10.66));
#4619 = DIRECTION('',(0.,0.,-1.));
#4620 = DIRECTION('',(0.,-1.,0.));
#4621 = ADVANCED_FACE('',(#4622),#4628,.F.);
#4622 = FACE_BOUND('',#4623,.F.);
#4623 = EDGE_LOOP('',(#4624,#4625,#4626,#4627));
#4624 = ORIENTED_EDGE('',*,*,#4253,.F.);
#4625 = ORIENTED_EDGE('',*,*,#4335,.T.);
#4626 = ORIENTED_EDGE('',*,*,#4308,.T.);
#4627 = ORIENTED_EDGE('',*,*,#4285,.F.);
#4628 = PLANE('',#4629);
#4629 = AXIS2_PLACEMENT_3D('',#4630,#4631,#4632);
#4630 = CARTESIAN_POINT('',(-0.32,0.32,10.66));
#4631 = DIRECTION('',(0.,0.,-1.));
#4632 = DIRECTION('',(0.,-1.,0.));
#4633 = ADVANCED_FACE('',(#4634),#4640,.F.);
#4634 = FACE_BOUND('',#4635,.F.);
#4635 = EDGE_LOOP('',(#4636,#4637,#4638,#4639));
#4636 = ORIENTED_EDGE('',*,*,#4404,.F.);
#4637 = ORIENTED_EDGE('',*,*,#4390,.T.);
#4638 = ORIENTED_EDGE('',*,*,#4349,.T.);
#4639 = ORIENTED_EDGE('',*,*,#4429,.F.);
#4640 = PLANE('',#4641);
#4641 = AXIS2_PLACEMENT_3D('',#4642,#4643,#4644);
#4642 = CARTESIAN_POINT('',(2.22,0.32,10.66));
#4643 = DIRECTION('',(0.,0.,-1.));
#4644 = DIRECTION('',(0.,-1.,0.));
#4645 = ADVANCED_FACE('',(#4646),#4652,.F.);
#4646 = FACE_BOUND('',#4647,.F.);
#4647 = EDGE_LOOP('',(#4648,#4649,#4650,#4651));
#4648 = ORIENTED_EDGE('',*,*,#4524,.F.);
#4649 = ORIENTED_EDGE('',*,*,#4510,.T.);
#4650 = ORIENTED_EDGE('',*,*,#4476,.T.);
#4651 = ORIENTED_EDGE('',*,*,#4453,.F.);
#4652 = PLANE('',#4653);
#4653 = AXIS2_PLACEMENT_3D('',#4654,#4655,#4656);
#4654 = CARTESIAN_POINT('',(9.84,0.32,10.66));
#4655 = DIRECTION('',(0.,0.,-1.));
#4656 = DIRECTION('',(0.,-1.,0.));
#4657 = ( GEOMETRIC_REPRESENTATION_CONTEXT(3) 
GLOBAL_UNCERTAINTY_ASSIGNED_CONTEXT((#4661)) 
GLOBAL_UNIT_ASSIGNED_CONTEXT((#4658,#4659,#4660)) REPRESENTATION_CONTEXT
('Context #1','3D Context with UNIT and UNCERTAINTY') );
#4658 = ( LENGTH_UNIT() NAMED_UNIT(*) SI_UNIT(.MILLI.,.METRE.) );
#4659 = ( NAMED_UNIT(*) PLANE_ANGLE_UNIT() SI_UNIT($,.RADIAN.) );
#4660 = ( NAMED_UNIT(*) SI_UNIT($,.STERADIAN.) SOLID_ANGLE_UNIT() );
#4661 = UNCERTAINTY_MEASURE_WITH_UNIT(LENGTH_MEASURE(1.E-07),#4658,
  'distance_accuracy_value','confusion accuracy');
#4662 = CONTEXT_DEPENDENT_SHAPE_REPRESENTATION(#4663,#4665);
#4663 = ( REPRESENTATION_RELATIONSHIP('','',#557,#534) 
REPRESENTATION_RELATIONSHIP_WITH_TRANSFORMATION(#4664) 
SHAPE_REPRESENTATION_RELATIONSHIP() );
#4664 = ITEM_DEFINED_TRANSFORMATION('','',#11,#535);
#4665 = PRODUCT_DEFINITION_SHAPE('Placement','Placement of an item',
  #4666);
#4666 = NEXT_ASSEMBLY_USAGE_OCCURRENCE('6','=>[0:1:1:5]','',#529,#552,$
  );
#4667 = PRODUCT_RELATED_PRODUCT_CATEGORY('part',$,(#554));
#4668 = SHAPE_DEFINITION_REPRESENTATION(#4669,#4675);
#4669 = PRODUCT_DEFINITION_SHAPE('','',#4670);
#4670 = PRODUCT_DEFINITION('design','',#4671,#4674);
#4671 = PRODUCT_DEFINITION_FORMATION('','',#4672);
#4672 = PRODUCT('status_LED-unsaved-export-cohGWM_PCB',
  'status_LED-unsaved-export-cohGWM_PCB','',(#4673));
#4673 = PRODUCT_CONTEXT('',#2,'mechanical');
#4674 = PRODUCT_DEFINITION_CONTEXT('part definition',#2,'design');
#4675 = ADVANCED_BREP_SHAPE_REPRESENTATION('',(#11,#4676),#5411);
#4676 = MANIFOLD_SOLID_BREP('',#4677);
#4677 = CLOSED_SHELL('',(#4678,#4718,#4749,#4780,#4962,#5144,#5156,#5173
    ,#5190,#5207,#5224,#5241,#5258,#5275,#5292,#5309,#5326,#5343,#5360,
    #5377,#5394));
#4678 = ADVANCED_FACE('',(#4679),#4713,.T.);
#4679 = FACE_BOUND('',#4680,.T.);
#4680 = EDGE_LOOP('',(#4681,#4691,#4699,#4707));
#4681 = ORIENTED_EDGE('',*,*,#4682,.T.);
#4682 = EDGE_CURVE('',#4683,#4685,#4687,.T.);
#4683 = VERTEX_POINT('',#4684);
#4684 = CARTESIAN_POINT('',(163.785,-103.,0.));
#4685 = VERTEX_POINT('',#4686);
#4686 = CARTESIAN_POINT('',(163.785,-103.,1.51));
#4687 = LINE('',#4688,#4689);
#4688 = CARTESIAN_POINT('',(163.785,-103.,0.));
#4689 = VECTOR('',#4690,1.);
#4690 = DIRECTION('',(0.,0.,1.));
#4691 = ORIENTED_EDGE('',*,*,#4692,.T.);
#4692 = EDGE_CURVE('',#4685,#4693,#4695,.T.);
#4693 = VERTEX_POINT('',#4694);
#4694 = CARTESIAN_POINT('',(118.785,-103.,1.51));
#4695 = LINE('',#4696,#4697);
#4696 = CARTESIAN_POINT('',(163.785,-103.,1.51));
#4697 = VECTOR('',#4698,1.);
#4698 = DIRECTION('',(-1.,0.,0.));
#4699 = ORIENTED_EDGE('',*,*,#4700,.F.);
#4700 = EDGE_CURVE('',#4701,#4693,#4703,.T.);
#4701 = VERTEX_POINT('',#4702);
#4702 = CARTESIAN_POINT('',(118.785,-103.,0.));
#4703 = LINE('',#4704,#4705);
#4704 = CARTESIAN_POINT('',(118.785,-103.,0.));
#4705 = VECTOR('',#4706,1.);
#4706 = DIRECTION('',(0.,0.,1.));
#4707 = ORIENTED_EDGE('',*,*,#4708,.F.);
#4708 = EDGE_CURVE('',#4683,#4701,#4709,.T.);
#4709 = LINE('',#4710,#4711);
#4710 = CARTESIAN_POINT('',(163.785,-103.,0.));
#4711 = VECTOR('',#4712,1.);
#4712 = DIRECTION('',(-1.,0.,0.));
#4713 = PLANE('',#4714);
#4714 = AXIS2_PLACEMENT_3D('',#4715,#4716,#4717);
#4715 = CARTESIAN_POINT('',(163.785,-103.,0.));
#4716 = DIRECTION('',(0.,-1.,0.));
#4717 = DIRECTION('',(-1.,0.,0.));
#4718 = ADVANCED_FACE('',(#4719),#4744,.T.);
#4719 = FACE_BOUND('',#4720,.T.);
#4720 = EDGE_LOOP('',(#4721,#4731,#4737,#4738));
#4721 = ORIENTED_EDGE('',*,*,#4722,.T.);
#4722 = EDGE_CURVE('',#4723,#4725,#4727,.T.);
#4723 = VERTEX_POINT('',#4724);
#4724 = CARTESIAN_POINT('',(163.785,-83.,0.));
#4725 = VERTEX_POINT('',#4726);
#4726 = CARTESIAN_POINT('',(163.785,-83.,1.51));
#4727 = LINE('',#4728,#4729);
#4728 = CARTESIAN_POINT('',(163.785,-83.,0.));
#4729 = VECTOR('',#4730,1.);
#4730 = DIRECTION('',(0.,0.,1.));
#4731 = ORIENTED_EDGE('',*,*,#4732,.T.);
#4732 = EDGE_CURVE('',#4725,#4685,#4733,.T.);
#4733 = LINE('',#4734,#4735);
#4734 = CARTESIAN_POINT('',(163.785,-83.,1.51));
#4735 = VECTOR('',#4736,1.);
#4736 = DIRECTION('',(0.,-1.,0.));
#4737 = ORIENTED_EDGE('',*,*,#4682,.F.);
#4738 = ORIENTED_EDGE('',*,*,#4739,.F.);
#4739 = EDGE_CURVE('',#4723,#4683,#4740,.T.);
#4740 = LINE('',#4741,#4742);
#4741 = CARTESIAN_POINT('',(163.785,-83.,0.));
#4742 = VECTOR('',#4743,1.);
#4743 = DIRECTION('',(0.,-1.,0.));
#4744 = PLANE('',#4745);
#4745 = AXIS2_PLACEMENT_3D('',#4746,#4747,#4748);
#4746 = CARTESIAN_POINT('',(163.785,-83.,0.));
#4747 = DIRECTION('',(1.,0.,-0.));
#4748 = DIRECTION('',(0.,-1.,0.));
#4749 = ADVANCED_FACE('',(#4750),#4775,.T.);
#4750 = FACE_BOUND('',#4751,.T.);
#4751 = EDGE_LOOP('',(#4752,#4753,#4761,#4769));
#4752 = ORIENTED_EDGE('',*,*,#4700,.T.);
#4753 = ORIENTED_EDGE('',*,*,#4754,.T.);
#4754 = EDGE_CURVE('',#4693,#4755,#4757,.T.);
#4755 = VERTEX_POINT('',#4756);
#4756 = CARTESIAN_POINT('',(118.785,-83.,1.51));
#4757 = LINE('',#4758,#4759);
#4758 = CARTESIAN_POINT('',(118.785,-103.,1.51));
#4759 = VECTOR('',#4760,1.);
#4760 = DIRECTION('',(0.,1.,0.));
#4761 = ORIENTED_EDGE('',*,*,#4762,.F.);
#4762 = EDGE_CURVE('',#4763,#4755,#4765,.T.);
#4763 = VERTEX_POINT('',#4764);
#4764 = CARTESIAN_POINT('',(118.785,-83.,0.));
#4765 = LINE('',#4766,#4767);
#4766 = CARTESIAN_POINT('',(118.785,-83.,0.));
#4767 = VECTOR('',#4768,1.);
#4768 = DIRECTION('',(0.,0.,1.));
#4769 = ORIENTED_EDGE('',*,*,#4770,.F.);
#4770 = EDGE_CURVE('',#4701,#4763,#4771,.T.);
#4771 = LINE('',#4772,#4773);
#4772 = CARTESIAN_POINT('',(118.785,-103.,0.));
#4773 = VECTOR('',#4774,1.);
#4774 = DIRECTION('',(0.,1.,0.));
#4775 = PLANE('',#4776);
#4776 = AXIS2_PLACEMENT_3D('',#4777,#4778,#4779);
#4777 = CARTESIAN_POINT('',(118.785,-103.,0.));
#4778 = DIRECTION('',(-1.,0.,0.));
#4779 = DIRECTION('',(0.,1.,0.));
#4780 = ADVANCED_FACE('',(#4781,#4792,#4803,#4814,#4825,#4836,#4847,
    #4858,#4869,#4880,#4891,#4902,#4913,#4924,#4935,#4946),#4957,.F.);
#4781 = FACE_BOUND('',#4782,.F.);
#4782 = EDGE_LOOP('',(#4783,#4784,#4785,#4791));
#4783 = ORIENTED_EDGE('',*,*,#4708,.F.);
#4784 = ORIENTED_EDGE('',*,*,#4739,.F.);
#4785 = ORIENTED_EDGE('',*,*,#4786,.F.);
#4786 = EDGE_CURVE('',#4763,#4723,#4787,.T.);
#4787 = LINE('',#4788,#4789);
#4788 = CARTESIAN_POINT('',(118.785,-83.,0.));
#4789 = VECTOR('',#4790,1.);
#4790 = DIRECTION('',(1.,0.,0.));
#4791 = ORIENTED_EDGE('',*,*,#4770,.F.);
#4792 = FACE_BOUND('',#4793,.F.);
#4793 = EDGE_LOOP('',(#4794));
#4794 = ORIENTED_EDGE('',*,*,#4795,.T.);
#4795 = EDGE_CURVE('',#4796,#4796,#4798,.T.);
#4796 = VERTEX_POINT('',#4797);
#4797 = CARTESIAN_POINT('',(130.035,-98.,0.));
#4798 = CIRCLE('',#4799,0.45);
#4799 = AXIS2_PLACEMENT_3D('',#4800,#4801,#4802);
#4800 = CARTESIAN_POINT('',(130.035,-97.55,0.));
#4801 = DIRECTION('',(-0.,0.,-1.));
#4802 = DIRECTION('',(-6.315935428979E-14,-1.,0.));
#4803 = FACE_BOUND('',#4804,.F.);
#4804 = EDGE_LOOP('',(#4805));
#4805 = ORIENTED_EDGE('',*,*,#4806,.T.);
#4806 = EDGE_CURVE('',#4807,#4807,#4809,.T.);
#4807 = VERTEX_POINT('',#4808);
#4808 = CARTESIAN_POINT('',(122.285,-97.375,0.));
#4809 = CIRCLE('',#4810,1.1);
#4810 = AXIS2_PLACEMENT_3D('',#4811,#4812,#4813);
#4811 = CARTESIAN_POINT('',(122.285,-96.275,0.));
#4812 = DIRECTION('',(-0.,0.,-1.));
#4813 = DIRECTION('',(-0.,-1.,0.));
#4814 = FACE_BOUND('',#4815,.F.);
#4815 = EDGE_LOOP('',(#4816));
#4816 = ORIENTED_EDGE('',*,*,#4817,.T.);
#4817 = EDGE_CURVE('',#4818,#4818,#4820,.T.);
#4818 = VERTEX_POINT('',#4819);
#4819 = CARTESIAN_POINT('',(137.535,-98.,0.));
#4820 = CIRCLE('',#4821,0.45);
#4821 = AXIS2_PLACEMENT_3D('',#4822,#4823,#4824);
#4822 = CARTESIAN_POINT('',(137.535,-97.55,0.));
#4823 = DIRECTION('',(-0.,0.,-1.));
#4824 = DIRECTION('',(-6.315935428979E-14,-1.,0.));
#4825 = FACE_BOUND('',#4826,.F.);
#4826 = EDGE_LOOP('',(#4827));
#4827 = ORIENTED_EDGE('',*,*,#4828,.T.);
#4828 = EDGE_CURVE('',#4829,#4829,#4831,.T.);
#4829 = VERTEX_POINT('',#4830);
#4830 = CARTESIAN_POINT('',(130.035,-95.46,0.));
#4831 = CIRCLE('',#4832,0.45);
#4832 = AXIS2_PLACEMENT_3D('',#4833,#4834,#4835);
#4833 = CARTESIAN_POINT('',(130.035,-95.01,0.));
#4834 = DIRECTION('',(-0.,0.,-1.));
#4835 = DIRECTION('',(-6.315935428979E-14,-1.,0.));
#4836 = FACE_BOUND('',#4837,.F.);
#4837 = EDGE_LOOP('',(#4838));
#4838 = ORIENTED_EDGE('',*,*,#4839,.T.);
#4839 = EDGE_CURVE('',#4840,#4840,#4842,.T.);
#4840 = VERTEX_POINT('',#4841);
#4841 = CARTESIAN_POINT('',(137.535,-95.46,0.));
#4842 = CIRCLE('',#4843,0.45);
#4843 = AXIS2_PLACEMENT_3D('',#4844,#4845,#4846);
#4844 = CARTESIAN_POINT('',(137.535,-95.01,0.));
#4845 = DIRECTION('',(-0.,0.,-1.));
#4846 = DIRECTION('',(-6.315935428979E-14,-1.,0.));
#4847 = FACE_BOUND('',#4848,.F.);
#4848 = EDGE_LOOP('',(#4849));
#4849 = ORIENTED_EDGE('',*,*,#4850,.T.);
#4850 = EDGE_CURVE('',#4851,#4851,#4853,.T.);
#4851 = VERTEX_POINT('',#4852);
#4852 = CARTESIAN_POINT('',(145.035,-98.,0.));
#4853 = CIRCLE('',#4854,0.45);
#4854 = AXIS2_PLACEMENT_3D('',#4855,#4856,#4857);
#4855 = CARTESIAN_POINT('',(145.035,-97.55,0.));
#4856 = DIRECTION('',(-0.,0.,-1.));
#4857 = DIRECTION('',(-6.315935428979E-14,-1.,0.));
#4858 = FACE_BOUND('',#4859,.F.);
#4859 = EDGE_LOOP('',(#4860));
#4860 = ORIENTED_EDGE('',*,*,#4861,.T.);
#4861 = EDGE_CURVE('',#4862,#4862,#4864,.T.);
#4862 = VERTEX_POINT('',#4863);
#4863 = CARTESIAN_POINT('',(152.535,-98.,0.));
#4864 = CIRCLE('',#4865,0.45);
#4865 = AXIS2_PLACEMENT_3D('',#4866,#4867,#4868);
#4866 = CARTESIAN_POINT('',(152.535,-97.55,0.));
#4867 = DIRECTION('',(-0.,0.,-1.));
#4868 = DIRECTION('',(-6.315935428979E-14,-1.,0.));
#4869 = FACE_BOUND('',#4870,.F.);
#4870 = EDGE_LOOP('',(#4871));
#4871 = ORIENTED_EDGE('',*,*,#4872,.T.);
#4872 = EDGE_CURVE('',#4873,#4873,#4875,.T.);
#4873 = VERTEX_POINT('',#4874);
#4874 = CARTESIAN_POINT('',(160.285,-97.375,0.));
#4875 = CIRCLE('',#4876,1.1);
#4876 = AXIS2_PLACEMENT_3D('',#4877,#4878,#4879);
#4877 = CARTESIAN_POINT('',(160.285,-96.275,0.));
#4878 = DIRECTION('',(-0.,0.,-1.));
#4879 = DIRECTION('',(-0.,-1.,0.));
#4880 = FACE_BOUND('',#4881,.F.);
#4881 = EDGE_LOOP('',(#4882));
#4882 = ORIENTED_EDGE('',*,*,#4883,.T.);
#4883 = EDGE_CURVE('',#4884,#4884,#4886,.T.);
#4884 = VERTEX_POINT('',#4885);
#4885 = CARTESIAN_POINT('',(145.035,-95.46,0.));
#4886 = CIRCLE('',#4887,0.45);
#4887 = AXIS2_PLACEMENT_3D('',#4888,#4889,#4890);
#4888 = CARTESIAN_POINT('',(145.035,-95.01,0.));
#4889 = DIRECTION('',(-0.,0.,-1.));
#4890 = DIRECTION('',(-6.315935428979E-14,-1.,0.));
#4891 = FACE_BOUND('',#4892,.F.);
#4892 = EDGE_LOOP('',(#4893));
#4893 = ORIENTED_EDGE('',*,*,#4894,.T.);
#4894 = EDGE_CURVE('',#4895,#4895,#4897,.T.);
#4895 = VERTEX_POINT('',#4896);
#4896 = CARTESIAN_POINT('',(152.535,-95.46,0.));
#4897 = CIRCLE('',#4898,0.45);
#4898 = AXIS2_PLACEMENT_3D('',#4899,#4900,#4901);
#4899 = CARTESIAN_POINT('',(152.535,-95.01,0.));
#4900 = DIRECTION('',(-0.,0.,-1.));
#4901 = DIRECTION('',(-6.315935428979E-14,-1.,0.));
#4902 = FACE_BOUND('',#4903,.F.);
#4903 = EDGE_LOOP('',(#4904));
#4904 = ORIENTED_EDGE('',*,*,#4905,.T.);
#4905 = EDGE_CURVE('',#4906,#4906,#4908,.T.);
#4906 = VERTEX_POINT('',#4907);
#4907 = CARTESIAN_POINT('',(136.205,-88.12,0.));
#4908 = CIRCLE('',#4909,0.595);
#4909 = AXIS2_PLACEMENT_3D('',#4910,#4911,#4912);
#4910 = CARTESIAN_POINT('',(136.205,-87.525,0.));
#4911 = DIRECTION('',(-0.,0.,-1.));
#4912 = DIRECTION('',(-0.,-1.,0.));
#4913 = FACE_BOUND('',#4914,.F.);
#4914 = EDGE_LOOP('',(#4915));
#4915 = ORIENTED_EDGE('',*,*,#4916,.T.);
#4916 = EDGE_CURVE('',#4917,#4917,#4919,.T.);
#4917 = VERTEX_POINT('',#4918);
#4918 = CARTESIAN_POINT('',(138.745,-88.12,0.));
#4919 = CIRCLE('',#4920,0.595);
#4920 = AXIS2_PLACEMENT_3D('',#4921,#4922,#4923);
#4921 = CARTESIAN_POINT('',(138.745,-87.525,0.));
#4922 = DIRECTION('',(-0.,0.,-1.));
#4923 = DIRECTION('',(-0.,-1.,0.));
#4924 = FACE_BOUND('',#4925,.F.);
#4925 = EDGE_LOOP('',(#4926));
#4926 = ORIENTED_EDGE('',*,*,#4927,.T.);
#4927 = EDGE_CURVE('',#4928,#4928,#4930,.T.);
#4928 = VERTEX_POINT('',#4929);
#4929 = CARTESIAN_POINT('',(141.285,-88.12,0.));
#4930 = CIRCLE('',#4931,0.595);
#4931 = AXIS2_PLACEMENT_3D('',#4932,#4933,#4934);
#4932 = CARTESIAN_POINT('',(141.285,-87.525,0.));
#4933 = DIRECTION('',(-0.,0.,-1.));
#4934 = DIRECTION('',(-0.,-1.,0.));
#4935 = FACE_BOUND('',#4936,.F.);
#4936 = EDGE_LOOP('',(#4937));
#4937 = ORIENTED_EDGE('',*,*,#4938,.T.);
#4938 = EDGE_CURVE('',#4939,#4939,#4941,.T.);
#4939 = VERTEX_POINT('',#4940);
#4940 = CARTESIAN_POINT('',(143.825,-88.12,0.));
#4941 = CIRCLE('',#4942,0.595);
#4942 = AXIS2_PLACEMENT_3D('',#4943,#4944,#4945);
#4943 = CARTESIAN_POINT('',(143.825,-87.525,0.));
#4944 = DIRECTION('',(-0.,0.,-1.));
#4945 = DIRECTION('',(-0.,-1.,0.));
#4946 = FACE_BOUND('',#4947,.F.);
#4947 = EDGE_LOOP('',(#4948));
#4948 = ORIENTED_EDGE('',*,*,#4949,.T.);
#4949 = EDGE_CURVE('',#4950,#4950,#4952,.T.);
#4950 = VERTEX_POINT('',#4951);
#4951 = CARTESIAN_POINT('',(146.365,-88.12,0.));
#4952 = CIRCLE('',#4953,0.595);
#4953 = AXIS2_PLACEMENT_3D('',#4954,#4955,#4956);
#4954 = CARTESIAN_POINT('',(146.365,-87.525,0.));
#4955 = DIRECTION('',(-0.,0.,-1.));
#4956 = DIRECTION('',(-0.,-1.,0.));
#4957 = PLANE('',#4958);
#4958 = AXIS2_PLACEMENT_3D('',#4959,#4960,#4961);
#4959 = CARTESIAN_POINT('',(0.,0.,0.));
#4960 = DIRECTION('',(0.,0.,1.));
#4961 = DIRECTION('',(1.,0.,-0.));
#4962 = ADVANCED_FACE('',(#4963,#4974,#4985,#4996,#5007,#5018,#5029,
    #5040,#5051,#5062,#5073,#5084,#5095,#5106,#5117,#5128),#5139,.T.);
#4963 = FACE_BOUND('',#4964,.T.);
#4964 = EDGE_LOOP('',(#4965,#4966,#4967,#4973));
#4965 = ORIENTED_EDGE('',*,*,#4692,.F.);
#4966 = ORIENTED_EDGE('',*,*,#4732,.F.);
#4967 = ORIENTED_EDGE('',*,*,#4968,.F.);
#4968 = EDGE_CURVE('',#4755,#4725,#4969,.T.);
#4969 = LINE('',#4970,#4971);
#4970 = CARTESIAN_POINT('',(118.785,-83.,1.51));
#4971 = VECTOR('',#4972,1.);
#4972 = DIRECTION('',(1.,0.,0.));
#4973 = ORIENTED_EDGE('',*,*,#4754,.F.);
#4974 = FACE_BOUND('',#4975,.T.);
#4975 = EDGE_LOOP('',(#4976));
#4976 = ORIENTED_EDGE('',*,*,#4977,.T.);
#4977 = EDGE_CURVE('',#4978,#4978,#4980,.T.);
#4978 = VERTEX_POINT('',#4979);
#4979 = CARTESIAN_POINT('',(130.035,-98.,1.51));
#4980 = CIRCLE('',#4981,0.45);
#4981 = AXIS2_PLACEMENT_3D('',#4982,#4983,#4984);
#4982 = CARTESIAN_POINT('',(130.035,-97.55,1.51));
#4983 = DIRECTION('',(-0.,0.,-1.));
#4984 = DIRECTION('',(-6.315935428979E-14,-1.,0.));
#4985 = FACE_BOUND('',#4986,.T.);
#4986 = EDGE_LOOP('',(#4987));
#4987 = ORIENTED_EDGE('',*,*,#4988,.T.);
#4988 = EDGE_CURVE('',#4989,#4989,#4991,.T.);
#4989 = VERTEX_POINT('',#4990);
#4990 = CARTESIAN_POINT('',(122.285,-97.375,1.51));
#4991 = CIRCLE('',#4992,1.1);
#4992 = AXIS2_PLACEMENT_3D('',#4993,#4994,#4995);
#4993 = CARTESIAN_POINT('',(122.285,-96.275,1.51));
#4994 = DIRECTION('',(-0.,0.,-1.));
#4995 = DIRECTION('',(-0.,-1.,0.));
#4996 = FACE_BOUND('',#4997,.T.);
#4997 = EDGE_LOOP('',(#4998));
#4998 = ORIENTED_EDGE('',*,*,#4999,.T.);
#4999 = EDGE_CURVE('',#5000,#5000,#5002,.T.);
#5000 = VERTEX_POINT('',#5001);
#5001 = CARTESIAN_POINT('',(137.535,-98.,1.51));
#5002 = CIRCLE('',#5003,0.45);
#5003 = AXIS2_PLACEMENT_3D('',#5004,#5005,#5006);
#5004 = CARTESIAN_POINT('',(137.535,-97.55,1.51));
#5005 = DIRECTION('',(-0.,0.,-1.));
#5006 = DIRECTION('',(-6.315935428979E-14,-1.,0.));
#5007 = FACE_BOUND('',#5008,.T.);
#5008 = EDGE_LOOP('',(#5009));
#5009 = ORIENTED_EDGE('',*,*,#5010,.T.);
#5010 = EDGE_CURVE('',#5011,#5011,#5013,.T.);
#5011 = VERTEX_POINT('',#5012);
#5012 = CARTESIAN_POINT('',(130.035,-95.46,1.51));
#5013 = CIRCLE('',#5014,0.45);
#5014 = AXIS2_PLACEMENT_3D('',#5015,#5016,#5017);
#5015 = CARTESIAN_POINT('',(130.035,-95.01,1.51));
#5016 = DIRECTION('',(-0.,0.,-1.));
#5017 = DIRECTION('',(-6.315935428979E-14,-1.,0.));
#5018 = FACE_BOUND('',#5019,.T.);
#5019 = EDGE_LOOP('',(#5020));
#5020 = ORIENTED_EDGE('',*,*,#5021,.T.);
#5021 = EDGE_CURVE('',#5022,#5022,#5024,.T.);
#5022 = VERTEX_POINT('',#5023);
#5023 = CARTESIAN_POINT('',(137.535,-95.46,1.51));
#5024 = CIRCLE('',#5025,0.45);
#5025 = AXIS2_PLACEMENT_3D('',#5026,#5027,#5028);
#5026 = CARTESIAN_POINT('',(137.535,-95.01,1.51));
#5027 = DIRECTION('',(-0.,0.,-1.));
#5028 = DIRECTION('',(-6.315935428979E-14,-1.,0.));
#5029 = FACE_BOUND('',#5030,.T.);
#5030 = EDGE_LOOP('',(#5031));
#5031 = ORIENTED_EDGE('',*,*,#5032,.T.);
#5032 = EDGE_CURVE('',#5033,#5033,#5035,.T.);
#5033 = VERTEX_POINT('',#5034);
#5034 = CARTESIAN_POINT('',(145.035,-98.,1.51));
#5035 = CIRCLE('',#5036,0.45);
#5036 = AXIS2_PLACEMENT_3D('',#5037,#5038,#5039);
#5037 = CARTESIAN_POINT('',(145.035,-97.55,1.51));
#5038 = DIRECTION('',(-0.,0.,-1.));
#5039 = DIRECTION('',(-6.315935428979E-14,-1.,0.));
#5040 = FACE_BOUND('',#5041,.T.);
#5041 = EDGE_LOOP('',(#5042));
#5042 = ORIENTED_EDGE('',*,*,#5043,.T.);
#5043 = EDGE_CURVE('',#5044,#5044,#5046,.T.);
#5044 = VERTEX_POINT('',#5045);
#5045 = CARTESIAN_POINT('',(152.535,-98.,1.51));
#5046 = CIRCLE('',#5047,0.45);
#5047 = AXIS2_PLACEMENT_3D('',#5048,#5049,#5050);
#5048 = CARTESIAN_POINT('',(152.535,-97.55,1.51));
#5049 = DIRECTION('',(-0.,0.,-1.));
#5050 = DIRECTION('',(-6.315935428979E-14,-1.,0.));
#5051 = FACE_BOUND('',#5052,.T.);
#5052 = EDGE_LOOP('',(#5053));
#5053 = ORIENTED_EDGE('',*,*,#5054,.T.);
#5054 = EDGE_CURVE('',#5055,#5055,#5057,.T.);
#5055 = VERTEX_POINT('',#5056);
#5056 = CARTESIAN_POINT('',(160.285,-97.375,1.51));
#5057 = CIRCLE('',#5058,1.1);
#5058 = AXIS2_PLACEMENT_3D('',#5059,#5060,#5061);
#5059 = CARTESIAN_POINT('',(160.285,-96.275,1.51));
#5060 = DIRECTION('',(-0.,0.,-1.));
#5061 = DIRECTION('',(-0.,-1.,0.));
#5062 = FACE_BOUND('',#5063,.T.);
#5063 = EDGE_LOOP('',(#5064));
#5064 = ORIENTED_EDGE('',*,*,#5065,.T.);
#5065 = EDGE_CURVE('',#5066,#5066,#5068,.T.);
#5066 = VERTEX_POINT('',#5067);
#5067 = CARTESIAN_POINT('',(145.035,-95.46,1.51));
#5068 = CIRCLE('',#5069,0.45);
#5069 = AXIS2_PLACEMENT_3D('',#5070,#5071,#5072);
#5070 = CARTESIAN_POINT('',(145.035,-95.01,1.51));
#5071 = DIRECTION('',(-0.,0.,-1.));
#5072 = DIRECTION('',(-6.315935428979E-14,-1.,0.));
#5073 = FACE_BOUND('',#5074,.T.);
#5074 = EDGE_LOOP('',(#5075));
#5075 = ORIENTED_EDGE('',*,*,#5076,.T.);
#5076 = EDGE_CURVE('',#5077,#5077,#5079,.T.);
#5077 = VERTEX_POINT('',#5078);
#5078 = CARTESIAN_POINT('',(152.535,-95.46,1.51));
#5079 = CIRCLE('',#5080,0.45);
#5080 = AXIS2_PLACEMENT_3D('',#5081,#5082,#5083);
#5081 = CARTESIAN_POINT('',(152.535,-95.01,1.51));
#5082 = DIRECTION('',(-0.,0.,-1.));
#5083 = DIRECTION('',(-6.315935428979E-14,-1.,0.));
#5084 = FACE_BOUND('',#5085,.T.);
#5085 = EDGE_LOOP('',(#5086));
#5086 = ORIENTED_EDGE('',*,*,#5087,.T.);
#5087 = EDGE_CURVE('',#5088,#5088,#5090,.T.);
#5088 = VERTEX_POINT('',#5089);
#5089 = CARTESIAN_POINT('',(136.205,-88.12,1.51));
#5090 = CIRCLE('',#5091,0.595);
#5091 = AXIS2_PLACEMENT_3D('',#5092,#5093,#5094);
#5092 = CARTESIAN_POINT('',(136.205,-87.525,1.51));
#5093 = DIRECTION('',(-0.,0.,-1.));
#5094 = DIRECTION('',(-0.,-1.,0.));
#5095 = FACE_BOUND('',#5096,.T.);
#5096 = EDGE_LOOP('',(#5097));
#5097 = ORIENTED_EDGE('',*,*,#5098,.T.);
#5098 = EDGE_CURVE('',#5099,#5099,#5101,.T.);
#5099 = VERTEX_POINT('',#5100);
#5100 = CARTESIAN_POINT('',(138.745,-88.12,1.51));
#5101 = CIRCLE('',#5102,0.595);
#5102 = AXIS2_PLACEMENT_3D('',#5103,#5104,#5105);
#5103 = CARTESIAN_POINT('',(138.745,-87.525,1.51));
#5104 = DIRECTION('',(-0.,0.,-1.));
#5105 = DIRECTION('',(-0.,-1.,0.));
#5106 = FACE_BOUND('',#5107,.T.);
#5107 = EDGE_LOOP('',(#5108));
#5108 = ORIENTED_EDGE('',*,*,#5109,.T.);
#5109 = EDGE_CURVE('',#5110,#5110,#5112,.T.);
#5110 = VERTEX_POINT('',#5111);
#5111 = CARTESIAN_POINT('',(141.285,-88.12,1.51));
#5112 = CIRCLE('',#5113,0.595);
#5113 = AXIS2_PLACEMENT_3D('',#5114,#5115,#5116);
#5114 = CARTESIAN_POINT('',(141.285,-87.525,1.51));
#5115 = DIRECTION('',(-0.,0.,-1.));
#5116 = DIRECTION('',(-0.,-1.,0.));
#5117 = FACE_BOUND('',#5118,.T.);
#5118 = EDGE_LOOP('',(#5119));
#5119 = ORIENTED_EDGE('',*,*,#5120,.T.);
#5120 = EDGE_CURVE('',#5121,#5121,#5123,.T.);
#5121 = VERTEX_POINT('',#5122);
#5122 = CARTESIAN_POINT('',(143.825,-88.12,1.51));
#5123 = CIRCLE('',#5124,0.595);
#5124 = AXIS2_PLACEMENT_3D('',#5125,#5126,#5127);
#5125 = CARTESIAN_POINT('',(143.825,-87.525,1.51));
#5126 = DIRECTION('',(-0.,0.,-1.));
#5127 = DIRECTION('',(-0.,-1.,0.));
#5128 = FACE_BOUND('',#5129,.T.);
#5129 = EDGE_LOOP('',(#5130));
#5130 = ORIENTED_EDGE('',*,*,#5131,.T.);
#5131 = EDGE_CURVE('',#5132,#5132,#5134,.T.);
#5132 = VERTEX_POINT('',#5133);
#5133 = CARTESIAN_POINT('',(146.365,-88.12,1.51));
#5134 = CIRCLE('',#5135,0.595);
#5135 = AXIS2_PLACEMENT_3D('',#5136,#5137,#5138);
#5136 = CARTESIAN_POINT('',(146.365,-87.525,1.51));
#5137 = DIRECTION('',(-0.,0.,-1.));
#5138 = DIRECTION('',(-0.,-1.,0.));
#5139 = PLANE('',#5140);
#5140 = AXIS2_PLACEMENT_3D('',#5141,#5142,#5143);
#5141 = CARTESIAN_POINT('',(0.,0.,1.51));
#5142 = DIRECTION('',(0.,0.,1.));
#5143 = DIRECTION('',(1.,0.,-0.));
#5144 = ADVANCED_FACE('',(#5145),#5151,.T.);
#5145 = FACE_BOUND('',#5146,.T.);
#5146 = EDGE_LOOP('',(#5147,#5148,#5149,#5150));
#5147 = ORIENTED_EDGE('',*,*,#4762,.T.);
#5148 = ORIENTED_EDGE('',*,*,#4968,.T.);
#5149 = ORIENTED_EDGE('',*,*,#4722,.F.);
#5150 = ORIENTED_EDGE('',*,*,#4786,.F.);
#5151 = PLANE('',#5152);
#5152 = AXIS2_PLACEMENT_3D('',#5153,#5154,#5155);
#5153 = CARTESIAN_POINT('',(118.785,-83.,0.));
#5154 = DIRECTION('',(0.,1.,0.));
#5155 = DIRECTION('',(1.,0.,0.));
#5156 = ADVANCED_FACE('',(#5157),#5168,.F.);
#5157 = FACE_BOUND('',#5158,.T.);
#5158 = EDGE_LOOP('',(#5159,#5160,#5166,#5167));
#5159 = ORIENTED_EDGE('',*,*,#4795,.T.);
#5160 = ORIENTED_EDGE('',*,*,#5161,.T.);
#5161 = EDGE_CURVE('',#4796,#4978,#5162,.T.);
#5162 = LINE('',#5163,#5164);
#5163 = CARTESIAN_POINT('',(130.035,-98.,-4.6E-02));
#5164 = VECTOR('',#5165,1.);
#5165 = DIRECTION('',(0.,0.,1.));
#5166 = ORIENTED_EDGE('',*,*,#4977,.F.);
#5167 = ORIENTED_EDGE('',*,*,#5161,.F.);
#5168 = CYLINDRICAL_SURFACE('',#5169,0.45);
#5169 = AXIS2_PLACEMENT_3D('',#5170,#5171,#5172);
#5170 = CARTESIAN_POINT('',(130.035,-97.55,-4.6E-02));
#5171 = DIRECTION('',(-0.,-0.,-1.));
#5172 = DIRECTION('',(-6.315935428979E-14,-1.,0.));
#5173 = ADVANCED_FACE('',(#5174),#5185,.F.);
#5174 = FACE_BOUND('',#5175,.T.);
#5175 = EDGE_LOOP('',(#5176,#5177,#5183,#5184));
#5176 = ORIENTED_EDGE('',*,*,#4806,.T.);
#5177 = ORIENTED_EDGE('',*,*,#5178,.T.);
#5178 = EDGE_CURVE('',#4807,#4989,#5179,.T.);
#5179 = LINE('',#5180,#5181);
#5180 = CARTESIAN_POINT('',(122.285,-97.375,-4.6E-02));
#5181 = VECTOR('',#5182,1.);
#5182 = DIRECTION('',(0.,0.,1.));
#5183 = ORIENTED_EDGE('',*,*,#4988,.F.);
#5184 = ORIENTED_EDGE('',*,*,#5178,.F.);
#5185 = CYLINDRICAL_SURFACE('',#5186,1.1);
#5186 = AXIS2_PLACEMENT_3D('',#5187,#5188,#5189);
#5187 = CARTESIAN_POINT('',(122.285,-96.275,-4.6E-02));
#5188 = DIRECTION('',(-0.,-0.,-1.));
#5189 = DIRECTION('',(-0.,-1.,0.));
#5190 = ADVANCED_FACE('',(#5191),#5202,.F.);
#5191 = FACE_BOUND('',#5192,.T.);
#5192 = EDGE_LOOP('',(#5193,#5194,#5200,#5201));
#5193 = ORIENTED_EDGE('',*,*,#4817,.T.);
#5194 = ORIENTED_EDGE('',*,*,#5195,.T.);
#5195 = EDGE_CURVE('',#4818,#5000,#5196,.T.);
#5196 = LINE('',#5197,#5198);
#5197 = CARTESIAN_POINT('',(137.535,-98.,-4.6E-02));
#5198 = VECTOR('',#5199,1.);
#5199 = DIRECTION('',(0.,0.,1.));
#5200 = ORIENTED_EDGE('',*,*,#4999,.F.);
#5201 = ORIENTED_EDGE('',*,*,#5195,.F.);
#5202 = CYLINDRICAL_SURFACE('',#5203,0.45);
#5203 = AXIS2_PLACEMENT_3D('',#5204,#5205,#5206);
#5204 = CARTESIAN_POINT('',(137.535,-97.55,-4.6E-02));
#5205 = DIRECTION('',(-0.,-0.,-1.));
#5206 = DIRECTION('',(-6.315935428979E-14,-1.,0.));
#5207 = ADVANCED_FACE('',(#5208),#5219,.F.);
#5208 = FACE_BOUND('',#5209,.T.);
#5209 = EDGE_LOOP('',(#5210,#5211,#5217,#5218));
#5210 = ORIENTED_EDGE('',*,*,#4828,.T.);
#5211 = ORIENTED_EDGE('',*,*,#5212,.T.);
#5212 = EDGE_CURVE('',#4829,#5011,#5213,.T.);
#5213 = LINE('',#5214,#5215);
#5214 = CARTESIAN_POINT('',(130.035,-95.46,-4.6E-02));
#5215 = VECTOR('',#5216,1.);
#5216 = DIRECTION('',(0.,0.,1.));
#5217 = ORIENTED_EDGE('',*,*,#5010,.F.);
#5218 = ORIENTED_EDGE('',*,*,#5212,.F.);
#5219 = CYLINDRICAL_SURFACE('',#5220,0.45);
#5220 = AXIS2_PLACEMENT_3D('',#5221,#5222,#5223);
#5221 = CARTESIAN_POINT('',(130.035,-95.01,-4.6E-02));
#5222 = DIRECTION('',(-0.,-0.,-1.));
#5223 = DIRECTION('',(-6.315935428979E-14,-1.,0.));
#5224 = ADVANCED_FACE('',(#5225),#5236,.F.);
#5225 = FACE_BOUND('',#5226,.T.);
#5226 = EDGE_LOOP('',(#5227,#5228,#5234,#5235));
#5227 = ORIENTED_EDGE('',*,*,#4839,.T.);
#5228 = ORIENTED_EDGE('',*,*,#5229,.T.);
#5229 = EDGE_CURVE('',#4840,#5022,#5230,.T.);
#5230 = LINE('',#5231,#5232);
#5231 = CARTESIAN_POINT('',(137.535,-95.46,-4.6E-02));
#5232 = VECTOR('',#5233,1.);
#5233 = DIRECTION('',(0.,0.,1.));
#5234 = ORIENTED_EDGE('',*,*,#5021,.F.);
#5235 = ORIENTED_EDGE('',*,*,#5229,.F.);
#5236 = CYLINDRICAL_SURFACE('',#5237,0.45);
#5237 = AXIS2_PLACEMENT_3D('',#5238,#5239,#5240);
#5238 = CARTESIAN_POINT('',(137.535,-95.01,-4.6E-02));
#5239 = DIRECTION('',(-0.,-0.,-1.));
#5240 = DIRECTION('',(-6.315935428979E-14,-1.,0.));
#5241 = ADVANCED_FACE('',(#5242),#5253,.F.);
#5242 = FACE_BOUND('',#5243,.T.);
#5243 = EDGE_LOOP('',(#5244,#5245,#5251,#5252));
#5244 = ORIENTED_EDGE('',*,*,#4850,.T.);
#5245 = ORIENTED_EDGE('',*,*,#5246,.T.);
#5246 = EDGE_CURVE('',#4851,#5033,#5247,.T.);
#5247 = LINE('',#5248,#5249);
#5248 = CARTESIAN_POINT('',(145.035,-98.,-4.6E-02));
#5249 = VECTOR('',#5250,1.);
#5250 = DIRECTION('',(0.,0.,1.));
#5251 = ORIENTED_EDGE('',*,*,#5032,.F.);
#5252 = ORIENTED_EDGE('',*,*,#5246,.F.);
#5253 = CYLINDRICAL_SURFACE('',#5254,0.45);
#5254 = AXIS2_PLACEMENT_3D('',#5255,#5256,#5257);
#5255 = CARTESIAN_POINT('',(145.035,-97.55,-4.6E-02));
#5256 = DIRECTION('',(-0.,-0.,-1.));
#5257 = DIRECTION('',(-6.315935428979E-14,-1.,0.));
#5258 = ADVANCED_FACE('',(#5259),#5270,.F.);
#5259 = FACE_BOUND('',#5260,.T.);
#5260 = EDGE_LOOP('',(#5261,#5262,#5268,#5269));
#5261 = ORIENTED_EDGE('',*,*,#4861,.T.);
#5262 = ORIENTED_EDGE('',*,*,#5263,.T.);
#5263 = EDGE_CURVE('',#4862,#5044,#5264,.T.);
#5264 = LINE('',#5265,#5266);
#5265 = CARTESIAN_POINT('',(152.535,-98.,-4.6E-02));
#5266 = VECTOR('',#5267,1.);
#5267 = DIRECTION('',(0.,0.,1.));
#5268 = ORIENTED_EDGE('',*,*,#5043,.F.);
#5269 = ORIENTED_EDGE('',*,*,#5263,.F.);
#5270 = CYLINDRICAL_SURFACE('',#5271,0.45);
#5271 = AXIS2_PLACEMENT_3D('',#5272,#5273,#5274);
#5272 = CARTESIAN_POINT('',(152.535,-97.55,-4.6E-02));
#5273 = DIRECTION('',(-0.,-0.,-1.));
#5274 = DIRECTION('',(-6.315935428979E-14,-1.,0.));
#5275 = ADVANCED_FACE('',(#5276),#5287,.F.);
#5276 = FACE_BOUND('',#5277,.T.);
#5277 = EDGE_LOOP('',(#5278,#5279,#5285,#5286));
#5278 = ORIENTED_EDGE('',*,*,#4872,.T.);
#5279 = ORIENTED_EDGE('',*,*,#5280,.T.);
#5280 = EDGE_CURVE('',#4873,#5055,#5281,.T.);
#5281 = LINE('',#5282,#5283);
#5282 = CARTESIAN_POINT('',(160.285,-97.375,-4.6E-02));
#5283 = VECTOR('',#5284,1.);
#5284 = DIRECTION('',(0.,0.,1.));
#5285 = ORIENTED_EDGE('',*,*,#5054,.F.);
#5286 = ORIENTED_EDGE('',*,*,#5280,.F.);
#5287 = CYLINDRICAL_SURFACE('',#5288,1.1);
#5288 = AXIS2_PLACEMENT_3D('',#5289,#5290,#5291);
#5289 = CARTESIAN_POINT('',(160.285,-96.275,-4.6E-02));
#5290 = DIRECTION('',(-0.,-0.,-1.));
#5291 = DIRECTION('',(-0.,-1.,0.));
#5292 = ADVANCED_FACE('',(#5293),#5304,.F.);
#5293 = FACE_BOUND('',#5294,.T.);
#5294 = EDGE_LOOP('',(#5295,#5296,#5302,#5303));
#5295 = ORIENTED_EDGE('',*,*,#4883,.T.);
#5296 = ORIENTED_EDGE('',*,*,#5297,.T.);
#5297 = EDGE_CURVE('',#4884,#5066,#5298,.T.);
#5298 = LINE('',#5299,#5300);
#5299 = CARTESIAN_POINT('',(145.035,-95.46,-4.6E-02));
#5300 = VECTOR('',#5301,1.);
#5301 = DIRECTION('',(0.,0.,1.));
#5302 = ORIENTED_EDGE('',*,*,#5065,.F.);
#5303 = ORIENTED_EDGE('',*,*,#5297,.F.);
#5304 = CYLINDRICAL_SURFACE('',#5305,0.45);
#5305 = AXIS2_PLACEMENT_3D('',#5306,#5307,#5308);
#5306 = CARTESIAN_POINT('',(145.035,-95.01,-4.6E-02));
#5307 = DIRECTION('',(-0.,-0.,-1.));
#5308 = DIRECTION('',(-6.315935428979E-14,-1.,0.));
#5309 = ADVANCED_FACE('',(#5310),#5321,.F.);
#5310 = FACE_BOUND('',#5311,.T.);
#5311 = EDGE_LOOP('',(#5312,#5313,#5319,#5320));
#5312 = ORIENTED_EDGE('',*,*,#4894,.T.);
#5313 = ORIENTED_EDGE('',*,*,#5314,.T.);
#5314 = EDGE_CURVE('',#4895,#5077,#5315,.T.);
#5315 = LINE('',#5316,#5317);
#5316 = CARTESIAN_POINT('',(152.535,-95.46,-4.6E-02));
#5317 = VECTOR('',#5318,1.);
#5318 = DIRECTION('',(0.,0.,1.));
#5319 = ORIENTED_EDGE('',*,*,#5076,.F.);
#5320 = ORIENTED_EDGE('',*,*,#5314,.F.);
#5321 = CYLINDRICAL_SURFACE('',#5322,0.45);
#5322 = AXIS2_PLACEMENT_3D('',#5323,#5324,#5325);
#5323 = CARTESIAN_POINT('',(152.535,-95.01,-4.6E-02));
#5324 = DIRECTION('',(-0.,-0.,-1.));
#5325 = DIRECTION('',(-6.315935428979E-14,-1.,0.));
#5326 = ADVANCED_FACE('',(#5327),#5338,.F.);
#5327 = FACE_BOUND('',#5328,.T.);
#5328 = EDGE_LOOP('',(#5329,#5330,#5336,#5337));
#5329 = ORIENTED_EDGE('',*,*,#4905,.T.);
#5330 = ORIENTED_EDGE('',*,*,#5331,.T.);
#5331 = EDGE_CURVE('',#4906,#5088,#5332,.T.);
#5332 = LINE('',#5333,#5334);
#5333 = CARTESIAN_POINT('',(136.205,-88.12,-4.6E-02));
#5334 = VECTOR('',#5335,1.);
#5335 = DIRECTION('',(0.,0.,1.));
#5336 = ORIENTED_EDGE('',*,*,#5087,.F.);
#5337 = ORIENTED_EDGE('',*,*,#5331,.F.);
#5338 = CYLINDRICAL_SURFACE('',#5339,0.595);
#5339 = AXIS2_PLACEMENT_3D('',#5340,#5341,#5342);
#5340 = CARTESIAN_POINT('',(136.205,-87.525,-4.6E-02));
#5341 = DIRECTION('',(-0.,-0.,-1.));
#5342 = DIRECTION('',(-0.,-1.,0.));
#5343 = ADVANCED_FACE('',(#5344),#5355,.F.);
#5344 = FACE_BOUND('',#5345,.T.);
#5345 = EDGE_LOOP('',(#5346,#5347,#5353,#5354));
#5346 = ORIENTED_EDGE('',*,*,#4916,.T.);
#5347 = ORIENTED_EDGE('',*,*,#5348,.T.);
#5348 = EDGE_CURVE('',#4917,#5099,#5349,.T.);
#5349 = LINE('',#5350,#5351);
#5350 = CARTESIAN_POINT('',(138.745,-88.12,-4.6E-02));
#5351 = VECTOR('',#5352,1.);
#5352 = DIRECTION('',(0.,0.,1.));
#5353 = ORIENTED_EDGE('',*,*,#5098,.F.);
#5354 = ORIENTED_EDGE('',*,*,#5348,.F.);
#5355 = CYLINDRICAL_SURFACE('',#5356,0.595);
#5356 = AXIS2_PLACEMENT_3D('',#5357,#5358,#5359);
#5357 = CARTESIAN_POINT('',(138.745,-87.525,-4.6E-02));
#5358 = DIRECTION('',(-0.,-0.,-1.));
#5359 = DIRECTION('',(-0.,-1.,0.));
#5360 = ADVANCED_FACE('',(#5361),#5372,.F.);
#5361 = FACE_BOUND('',#5362,.T.);
#5362 = EDGE_LOOP('',(#5363,#5364,#5370,#5371));
#5363 = ORIENTED_EDGE('',*,*,#4927,.T.);
#5364 = ORIENTED_EDGE('',*,*,#5365,.T.);
#5365 = EDGE_CURVE('',#4928,#5110,#5366,.T.);
#5366 = LINE('',#5367,#5368);
#5367 = CARTESIAN_POINT('',(141.285,-88.12,-4.6E-02));
#5368 = VECTOR('',#5369,1.);
#5369 = DIRECTION('',(0.,0.,1.));
#5370 = ORIENTED_EDGE('',*,*,#5109,.F.);
#5371 = ORIENTED_EDGE('',*,*,#5365,.F.);
#5372 = CYLINDRICAL_SURFACE('',#5373,0.595);
#5373 = AXIS2_PLACEMENT_3D('',#5374,#5375,#5376);
#5374 = CARTESIAN_POINT('',(141.285,-87.525,-4.6E-02));
#5375 = DIRECTION('',(-0.,-0.,-1.));
#5376 = DIRECTION('',(-0.,-1.,0.));
#5377 = ADVANCED_FACE('',(#5378),#5389,.F.);
#5378 = FACE_BOUND('',#5379,.T.);
#5379 = EDGE_LOOP('',(#5380,#5381,#5387,#5388));
#5380 = ORIENTED_EDGE('',*,*,#4938,.T.);
#5381 = ORIENTED_EDGE('',*,*,#5382,.T.);
#5382 = EDGE_CURVE('',#4939,#5121,#5383,.T.);
#5383 = LINE('',#5384,#5385);
#5384 = CARTESIAN_POINT('',(143.825,-88.12,-4.6E-02));
#5385 = VECTOR('',#5386,1.);
#5386 = DIRECTION('',(0.,0.,1.));
#5387 = ORIENTED_EDGE('',*,*,#5120,.F.);
#5388 = ORIENTED_EDGE('',*,*,#5382,.F.);
#5389 = CYLINDRICAL_SURFACE('',#5390,0.595);
#5390 = AXIS2_PLACEMENT_3D('',#5391,#5392,#5393);
#5391 = CARTESIAN_POINT('',(143.825,-87.525,-4.6E-02));
#5392 = DIRECTION('',(-0.,-0.,-1.));
#5393 = DIRECTION('',(-0.,-1.,0.));
#5394 = ADVANCED_FACE('',(#5395),#5406,.F.);
#5395 = FACE_BOUND('',#5396,.T.);
#5396 = EDGE_LOOP('',(#5397,#5398,#5404,#5405));
#5397 = ORIENTED_EDGE('',*,*,#4949,.T.);
#5398 = ORIENTED_EDGE('',*,*,#5399,.T.);
#5399 = EDGE_CURVE('',#4950,#5132,#5400,.T.);
#5400 = LINE('',#5401,#5402);
#5401 = CARTESIAN_POINT('',(146.365,-88.12,-4.6E-02));
#5402 = VECTOR('',#5403,1.);
#5403 = DIRECTION('',(0.,0.,1.));
#5404 = ORIENTED_EDGE('',*,*,#5131,.F.);
#5405 = ORIENTED_EDGE('',*,*,#5399,.F.);
#5406 = CYLINDRICAL_SURFACE('',#5407,0.595);
#5407 = AXIS2_PLACEMENT_3D('',#5408,#5409,#5410);
#5408 = CARTESIAN_POINT('',(146.365,-87.525,-4.6E-02));
#5409 = DIRECTION('',(-0.,-0.,-1.));
#5410 = DIRECTION('',(-0.,-1.,0.));
#5411 = ( GEOMETRIC_REPRESENTATION_CONTEXT(3) 
GLOBAL_UNCERTAINTY_ASSIGNED_CONTEXT((#5415)) 
GLOBAL_UNIT_ASSIGNED_CONTEXT((#5412,#5413,#5414)) REPRESENTATION_CONTEXT
('Context #1','3D Context with UNIT and UNCERTAINTY') );
#5412 = ( LENGTH_UNIT() NAMED_UNIT(*) SI_UNIT(.MILLI.,.METRE.) );
#5413 = ( NAMED_UNIT(*) PLANE_ANGLE_UNIT() SI_UNIT($,.RADIAN.) );
#5414 = ( NAMED_UNIT(*) SI_UNIT($,.STERADIAN.) SOLID_ANGLE_UNIT() );
#5415 = UNCERTAINTY_MEASURE_WITH_UNIT(LENGTH_MEASURE(1.E-07),#5412,
  'distance_accuracy_value','confusion accuracy');
#5416 = CONTEXT_DEPENDENT_SHAPE_REPRESENTATION(#5417,#5419);
#5417 = ( REPRESENTATION_RELATIONSHIP('','',#4675,#10) 
REPRESENTATION_RELATIONSHIP_WITH_TRANSFORMATION(#5418) 
SHAPE_REPRESENTATION_RELATIONSHIP() );
#5418 = ITEM_DEFINED_TRANSFORMATION('','',#11,#35);
#5419 = PRODUCT_DEFINITION_SHAPE('Placement','Placement of an item',
  #5420);
#5420 = NEXT_ASSEMBLY_USAGE_OCCURRENCE('8','=>[0:1:1:6]','',#5,#4670,$);
#5421 = PRODUCT_RELATED_PRODUCT_CATEGORY('part',$,(#4672));
#5422 = MECHANICAL_DESIGN_GEOMETRIC_PRESENTATION_REPRESENTATION('',(
    #5423,#5431,#5438,#5445,#5452,#5459,#5466,#5473,#5480,#5487,#5494,
    #5501,#5508,#5515,#5522,#5529,#5536,#5543,#5550,#5557,#5564,#5571,
    #5578,#5585,#5592,#5599,#5606,#5613,#5620,#5627,#5634,#5641,#5648,
    #5655,#5663,#5670,#5677,#5684,#5691,#5698,#5705,#5712,#5719,#5726,
    #5733,#5740,#5747,#5754,#5761,#5768,#5775,#5782,#5789,#5796,#5803,
    #5810,#5817,#5824,#5831,#5838,#5845,#5852,#5859,#5866,#5873,#5880,
    #5887,#5894,#5901,#5908,#5915,#5922,#5929,#5936,#5943,#5950,#5957,
    #5964,#5971,#5978,#5985,#5992,#5999,#6006,#6013,#6020,#6027,#6034,
    #6041,#6048,#6055,#6062,#6069,#6076,#6083,#6090,#6097,#6104,#6111,
    #6118,#6125,#6132,#6139,#6146,#6153,#6160,#6167,#6174,#6181,#6188,
    #6195,#6202,#6209,#6216,#6223,#6230,#6237,#6244,#6251,#6258,#6265,
    #6272,#6279,#6286,#6293,#6300,#6307,#6314,#6321,#6328,#6335,#6342,
    #6349,#6356,#6363,#6370,#6377,#6384,#6391,#6398,#6405,#6412,#6419),
  #4657);
#5423 = STYLED_ITEM('color',(#5424),#560);
#5424 = PRESENTATION_STYLE_ASSIGNMENT((#5425));
#5425 = SURFACE_STYLE_USAGE(.BOTH.,#5426);
#5426 = SURFACE_SIDE_STYLE('',(#5427));
#5427 = SURFACE_STYLE_FILL_AREA(#5428);
#5428 = FILL_AREA_STYLE('',(#5429));
#5429 = FILL_AREA_STYLE_COLOUR('',#5430);
#5430 = COLOUR_RGB('',0.894117649055,0.890196087049,0.811764731185);
#5431 = STYLED_ITEM('color',(#5432),#600);
#5432 = PRESENTATION_STYLE_ASSIGNMENT((#5433));
#5433 = SURFACE_STYLE_USAGE(.BOTH.,#5434);
#5434 = SURFACE_SIDE_STYLE('',(#5435));
#5435 = SURFACE_STYLE_FILL_AREA(#5436);
#5436 = FILL_AREA_STYLE('',(#5437));
#5437 = FILL_AREA_STYLE_COLOUR('',#5430);
#5438 = STYLED_ITEM('color',(#5439),#839);
#5439 = PRESENTATION_STYLE_ASSIGNMENT((#5440));
#5440 = SURFACE_STYLE_USAGE(.BOTH.,#5441);
#5441 = SURFACE_SIDE_STYLE('',(#5442));
#5442 = SURFACE_STYLE_FILL_AREA(#5443);
#5443 = FILL_AREA_STYLE('',(#5444));
#5444 = FILL_AREA_STYLE_COLOUR('',#5430);
#5445 = STYLED_ITEM('color',(#5446),#863);
#5446 = PRESENTATION_STYLE_ASSIGNMENT((#5447));
#5447 = SURFACE_STYLE_USAGE(.BOTH.,#5448);
#5448 = SURFACE_SIDE_STYLE('',(#5449));
#5449 = SURFACE_STYLE_FILL_AREA(#5450);
#5450 = FILL_AREA_STYLE('',(#5451));
#5451 = FILL_AREA_STYLE_COLOUR('',#5430);
#5452 = STYLED_ITEM('color',(#5453),#903);
#5453 = PRESENTATION_STYLE_ASSIGNMENT((#5454));
#5454 = SURFACE_STYLE_USAGE(.BOTH.,#5455);
#5455 = SURFACE_SIDE_STYLE('',(#5456));
#5456 = SURFACE_STYLE_FILL_AREA(#5457);
#5457 = FILL_AREA_STYLE('',(#5458));
#5458 = FILL_AREA_STYLE_COLOUR('',#5430);
#5459 = STYLED_ITEM('color',(#5460),#920);
#5460 = PRESENTATION_STYLE_ASSIGNMENT((#5461));
#5461 = SURFACE_STYLE_USAGE(.BOTH.,#5462);
#5462 = SURFACE_SIDE_STYLE('',(#5463));
#5463 = SURFACE_STYLE_FILL_AREA(#5464);
#5464 = FILL_AREA_STYLE('',(#5465));
#5465 = FILL_AREA_STYLE_COLOUR('',#5430);
#5466 = STYLED_ITEM('color',(#5467),#951);
#5467 = PRESENTATION_STYLE_ASSIGNMENT((#5468));
#5468 = SURFACE_STYLE_USAGE(.BOTH.,#5469);
#5469 = SURFACE_SIDE_STYLE('',(#5470));
#5470 = SURFACE_STYLE_FILL_AREA(#5471);
#5471 = FILL_AREA_STYLE('',(#5472));
#5472 = FILL_AREA_STYLE_COLOUR('',#5430);
#5473 = STYLED_ITEM('color',(#5474),#975);
#5474 = PRESENTATION_STYLE_ASSIGNMENT((#5475));
#5475 = SURFACE_STYLE_USAGE(.BOTH.,#5476);
#5476 = SURFACE_SIDE_STYLE('',(#5477));
#5477 = SURFACE_STYLE_FILL_AREA(#5478);
#5478 = FILL_AREA_STYLE('',(#5479));
#5479 = FILL_AREA_STYLE_COLOUR('',#5430);
#5480 = STYLED_ITEM('color',(#5481),#1033);
#5481 = PRESENTATION_STYLE_ASSIGNMENT((#5482));
#5482 = SURFACE_STYLE_USAGE(.BOTH.,#5483);
#5483 = SURFACE_SIDE_STYLE('',(#5484));
#5484 = SURFACE_STYLE_FILL_AREA(#5485);
#5485 = FILL_AREA_STYLE('',(#5486));
#5486 = FILL_AREA_STYLE_COLOUR('',#5430);
#5487 = STYLED_ITEM('color',(#5488),#1057);
#5488 = PRESENTATION_STYLE_ASSIGNMENT((#5489));
#5489 = SURFACE_STYLE_USAGE(.BOTH.,#5490);
#5490 = SURFACE_SIDE_STYLE('',(#5491));
#5491 = SURFACE_STYLE_FILL_AREA(#5492);
#5492 = FILL_AREA_STYLE('',(#5493));
#5493 = FILL_AREA_STYLE_COLOUR('',#5430);
#5494 = STYLED_ITEM('color',(#5495),#1115);
#5495 = PRESENTATION_STYLE_ASSIGNMENT((#5496));
#5496 = SURFACE_STYLE_USAGE(.BOTH.,#5497);
#5497 = SURFACE_SIDE_STYLE('',(#5498));
#5498 = SURFACE_STYLE_FILL_AREA(#5499);
#5499 = FILL_AREA_STYLE('',(#5500));
#5500 = FILL_AREA_STYLE_COLOUR('',#5430);
#5501 = STYLED_ITEM('color',(#5502),#1139);
#5502 = PRESENTATION_STYLE_ASSIGNMENT((#5503));
#5503 = SURFACE_STYLE_USAGE(.BOTH.,#5504);
#5504 = SURFACE_SIDE_STYLE('',(#5505));
#5505 = SURFACE_STYLE_FILL_AREA(#5506);
#5506 = FILL_AREA_STYLE('',(#5507));
#5507 = FILL_AREA_STYLE_COLOUR('',#5430);
#5508 = STYLED_ITEM('color',(#5509),#1197);
#5509 = PRESENTATION_STYLE_ASSIGNMENT((#5510));
#5510 = SURFACE_STYLE_USAGE(.BOTH.,#5511);
#5511 = SURFACE_SIDE_STYLE('',(#5512));
#5512 = SURFACE_STYLE_FILL_AREA(#5513);
#5513 = FILL_AREA_STYLE('',(#5514));
#5514 = FILL_AREA_STYLE_COLOUR('',#5430);
#5515 = STYLED_ITEM('color',(#5516),#1221);
#5516 = PRESENTATION_STYLE_ASSIGNMENT((#5517));
#5517 = SURFACE_STYLE_USAGE(.BOTH.,#5518);
#5518 = SURFACE_SIDE_STYLE('',(#5519));
#5519 = SURFACE_STYLE_FILL_AREA(#5520);
#5520 = FILL_AREA_STYLE('',(#5521));
#5521 = FILL_AREA_STYLE_COLOUR('',#5430);
#5522 = STYLED_ITEM('color',(#5523),#1279);
#5523 = PRESENTATION_STYLE_ASSIGNMENT((#5524));
#5524 = SURFACE_STYLE_USAGE(.BOTH.,#5525);
#5525 = SURFACE_SIDE_STYLE('',(#5526));
#5526 = SURFACE_STYLE_FILL_AREA(#5527);
#5527 = FILL_AREA_STYLE('',(#5528));
#5528 = FILL_AREA_STYLE_COLOUR('',#5430);
#5529 = STYLED_ITEM('color',(#5530),#1303);
#5530 = PRESENTATION_STYLE_ASSIGNMENT((#5531));
#5531 = SURFACE_STYLE_USAGE(.BOTH.,#5532);
#5532 = SURFACE_SIDE_STYLE('',(#5533));
#5533 = SURFACE_STYLE_FILL_AREA(#5534);
#5534 = FILL_AREA_STYLE('',(#5535));
#5535 = FILL_AREA_STYLE_COLOUR('',#5430);
#5536 = STYLED_ITEM('color',(#5537),#1361);
#5537 = PRESENTATION_STYLE_ASSIGNMENT((#5538));
#5538 = SURFACE_STYLE_USAGE(.BOTH.,#5539);
#5539 = SURFACE_SIDE_STYLE('',(#5540));
#5540 = SURFACE_STYLE_FILL_AREA(#5541);
#5541 = FILL_AREA_STYLE('',(#5542));
#5542 = FILL_AREA_STYLE_COLOUR('',#5430);
#5543 = STYLED_ITEM('color',(#5544),#1385);
#5544 = PRESENTATION_STYLE_ASSIGNMENT((#5545));
#5545 = SURFACE_STYLE_USAGE(.BOTH.,#5546);
#5546 = SURFACE_SIDE_STYLE('',(#5547));
#5547 = SURFACE_STYLE_FILL_AREA(#5548);
#5548 = FILL_AREA_STYLE('',(#5549));
#5549 = FILL_AREA_STYLE_COLOUR('',#5430);
#5550 = STYLED_ITEM('color',(#5551),#1443);
#5551 = PRESENTATION_STYLE_ASSIGNMENT((#5552));
#5552 = SURFACE_STYLE_USAGE(.BOTH.,#5553);
#5553 = SURFACE_SIDE_STYLE('',(#5554));
#5554 = SURFACE_STYLE_FILL_AREA(#5555);
#5555 = FILL_AREA_STYLE('',(#5556));
#5556 = FILL_AREA_STYLE_COLOUR('',#5430);
#5557 = STYLED_ITEM('color',(#5558),#1467);
#5558 = PRESENTATION_STYLE_ASSIGNMENT((#5559));
#5559 = SURFACE_STYLE_USAGE(.BOTH.,#5560);
#5560 = SURFACE_SIDE_STYLE('',(#5561));
#5561 = SURFACE_STYLE_FILL_AREA(#5562);
#5562 = FILL_AREA_STYLE('',(#5563));
#5563 = FILL_AREA_STYLE_COLOUR('',#5430);
#5564 = STYLED_ITEM('color',(#5565),#1525);
#5565 = PRESENTATION_STYLE_ASSIGNMENT((#5566));
#5566 = SURFACE_STYLE_USAGE(.BOTH.,#5567);
#5567 = SURFACE_SIDE_STYLE('',(#5568));
#5568 = SURFACE_STYLE_FILL_AREA(#5569);
#5569 = FILL_AREA_STYLE('',(#5570));
#5570 = FILL_AREA_STYLE_COLOUR('',#5430);
#5571 = STYLED_ITEM('color',(#5572),#1549);
#5572 = PRESENTATION_STYLE_ASSIGNMENT((#5573));
#5573 = SURFACE_STYLE_USAGE(.BOTH.,#5574);
#5574 = SURFACE_SIDE_STYLE('',(#5575));
#5575 = SURFACE_STYLE_FILL_AREA(#5576);
#5576 = FILL_AREA_STYLE('',(#5577));
#5577 = FILL_AREA_STYLE_COLOUR('',#5430);
#5578 = STYLED_ITEM('color',(#5579),#1607);
#5579 = PRESENTATION_STYLE_ASSIGNMENT((#5580));
#5580 = SURFACE_STYLE_USAGE(.BOTH.,#5581);
#5581 = SURFACE_SIDE_STYLE('',(#5582));
#5582 = SURFACE_STYLE_FILL_AREA(#5583);
#5583 = FILL_AREA_STYLE('',(#5584));
#5584 = FILL_AREA_STYLE_COLOUR('',#5430);
#5585 = STYLED_ITEM('color',(#5586),#1631);
#5586 = PRESENTATION_STYLE_ASSIGNMENT((#5587));
#5587 = SURFACE_STYLE_USAGE(.BOTH.,#5588);
#5588 = SURFACE_SIDE_STYLE('',(#5589));
#5589 = SURFACE_STYLE_FILL_AREA(#5590);
#5590 = FILL_AREA_STYLE('',(#5591));
#5591 = FILL_AREA_STYLE_COLOUR('',#5430);
#5592 = STYLED_ITEM('color',(#5593),#1689);
#5593 = PRESENTATION_STYLE_ASSIGNMENT((#5594));
#5594 = SURFACE_STYLE_USAGE(.BOTH.,#5595);
#5595 = SURFACE_SIDE_STYLE('',(#5596));
#5596 = SURFACE_STYLE_FILL_AREA(#5597);
#5597 = FILL_AREA_STYLE('',(#5598));
#5598 = FILL_AREA_STYLE_COLOUR('',#5430);
#5599 = STYLED_ITEM('color',(#5600),#1713);
#5600 = PRESENTATION_STYLE_ASSIGNMENT((#5601));
#5601 = SURFACE_STYLE_USAGE(.BOTH.,#5602);
#5602 = SURFACE_SIDE_STYLE('',(#5603));
#5603 = SURFACE_STYLE_FILL_AREA(#5604);
#5604 = FILL_AREA_STYLE('',(#5605));
#5605 = FILL_AREA_STYLE_COLOUR('',#5430);
#5606 = STYLED_ITEM('color',(#5607),#1737);
#5607 = PRESENTATION_STYLE_ASSIGNMENT((#5608));
#5608 = SURFACE_STYLE_USAGE(.BOTH.,#5609);
#5609 = SURFACE_SIDE_STYLE('',(#5610));
#5610 = SURFACE_STYLE_FILL_AREA(#5611);
#5611 = FILL_AREA_STYLE('',(#5612));
#5612 = FILL_AREA_STYLE_COLOUR('',#5430);
#5613 = STYLED_ITEM('color',(#5614),#1761);
#5614 = PRESENTATION_STYLE_ASSIGNMENT((#5615));
#5615 = SURFACE_STYLE_USAGE(.BOTH.,#5616);
#5616 = SURFACE_SIDE_STYLE('',(#5617));
#5617 = SURFACE_STYLE_FILL_AREA(#5618);
#5618 = FILL_AREA_STYLE('',(#5619));
#5619 = FILL_AREA_STYLE_COLOUR('',#5430);
#5620 = STYLED_ITEM('color',(#5621),#2114);
#5621 = PRESENTATION_STYLE_ASSIGNMENT((#5622));
#5622 = SURFACE_STYLE_USAGE(.BOTH.,#5623);
#5623 = SURFACE_SIDE_STYLE('',(#5624));
#5624 = SURFACE_STYLE_FILL_AREA(#5625);
#5625 = FILL_AREA_STYLE('',(#5626));
#5626 = FILL_AREA_STYLE_COLOUR('',#5430);
#5627 = STYLED_ITEM('color',(#5628),#2165);
#5628 = PRESENTATION_STYLE_ASSIGNMENT((#5629));
#5629 = SURFACE_STYLE_USAGE(.BOTH.,#5630);
#5630 = SURFACE_SIDE_STYLE('',(#5631));
#5631 = SURFACE_STYLE_FILL_AREA(#5632);
#5632 = FILL_AREA_STYLE('',(#5633));
#5633 = FILL_AREA_STYLE_COLOUR('',#5430);
#5634 = STYLED_ITEM('color',(#5635),#2216);
#5635 = PRESENTATION_STYLE_ASSIGNMENT((#5636));
#5636 = SURFACE_STYLE_USAGE(.BOTH.,#5637);
#5637 = SURFACE_SIDE_STYLE('',(#5638));
#5638 = SURFACE_STYLE_FILL_AREA(#5639);
#5639 = FILL_AREA_STYLE('',(#5640));
#5640 = FILL_AREA_STYLE_COLOUR('',#5430);
#5641 = STYLED_ITEM('color',(#5642),#2233);
#5642 = PRESENTATION_STYLE_ASSIGNMENT((#5643));
#5643 = SURFACE_STYLE_USAGE(.BOTH.,#5644);
#5644 = SURFACE_SIDE_STYLE('',(#5645));
#5645 = SURFACE_STYLE_FILL_AREA(#5646);
#5646 = FILL_AREA_STYLE('',(#5647));
#5647 = FILL_AREA_STYLE_COLOUR('',#5430);
#5648 = STYLED_ITEM('color',(#5649),#2250);
#5649 = PRESENTATION_STYLE_ASSIGNMENT((#5650));
#5650 = SURFACE_STYLE_USAGE(.BOTH.,#5651);
#5651 = SURFACE_SIDE_STYLE('',(#5652));
#5652 = SURFACE_STYLE_FILL_AREA(#5653);
#5653 = FILL_AREA_STYLE('',(#5654));
#5654 = FILL_AREA_STYLE_COLOUR('',#5430);
#5655 = STYLED_ITEM('color',(#5656),#2282);
#5656 = PRESENTATION_STYLE_ASSIGNMENT((#5657));
#5657 = SURFACE_STYLE_USAGE(.BOTH.,#5658);
#5658 = SURFACE_SIDE_STYLE('',(#5659));
#5659 = SURFACE_STYLE_FILL_AREA(#5660);
#5660 = FILL_AREA_STYLE('',(#5661));
#5661 = FILL_AREA_STYLE_COLOUR('',#5662);
#5662 = COLOUR_RGB('',0.823529417451,0.819607860991,0.780392170416);
#5663 = STYLED_ITEM('color',(#5664),#2313);
#5664 = PRESENTATION_STYLE_ASSIGNMENT((#5665));
#5665 = SURFACE_STYLE_USAGE(.BOTH.,#5666);
#5666 = SURFACE_SIDE_STYLE('',(#5667));
#5667 = SURFACE_STYLE_FILL_AREA(#5668);
#5668 = FILL_AREA_STYLE('',(#5669));
#5669 = FILL_AREA_STYLE_COLOUR('',#5662);
#5670 = STYLED_ITEM('color',(#5671),#2337);
#5671 = PRESENTATION_STYLE_ASSIGNMENT((#5672));
#5672 = SURFACE_STYLE_USAGE(.BOTH.,#5673);
#5673 = SURFACE_SIDE_STYLE('',(#5674));
#5674 = SURFACE_STYLE_FILL_AREA(#5675);
#5675 = FILL_AREA_STYLE('',(#5676));
#5676 = FILL_AREA_STYLE_COLOUR('',#5662);
#5677 = STYLED_ITEM('color',(#5678),#2361);
#5678 = PRESENTATION_STYLE_ASSIGNMENT((#5679));
#5679 = SURFACE_STYLE_USAGE(.BOTH.,#5680);
#5680 = SURFACE_SIDE_STYLE('',(#5681));
#5681 = SURFACE_STYLE_FILL_AREA(#5682);
#5682 = FILL_AREA_STYLE('',(#5683));
#5683 = FILL_AREA_STYLE_COLOUR('',#5662);
#5684 = STYLED_ITEM('color',(#5685),#2378);
#5685 = PRESENTATION_STYLE_ASSIGNMENT((#5686));
#5686 = SURFACE_STYLE_USAGE(.BOTH.,#5687);
#5687 = SURFACE_SIDE_STYLE('',(#5688));
#5688 = SURFACE_STYLE_FILL_AREA(#5689);
#5689 = FILL_AREA_STYLE('',(#5690));
#5690 = FILL_AREA_STYLE_COLOUR('',#5430);
#5691 = STYLED_ITEM('color',(#5692),#2400);
#5692 = PRESENTATION_STYLE_ASSIGNMENT((#5693));
#5693 = SURFACE_STYLE_USAGE(.BOTH.,#5694);
#5694 = SURFACE_SIDE_STYLE('',(#5695));
#5695 = SURFACE_STYLE_FILL_AREA(#5696);
#5696 = FILL_AREA_STYLE('',(#5697));
#5697 = FILL_AREA_STYLE_COLOUR('',#5430);
#5698 = STYLED_ITEM('color',(#5699),#2417);
#5699 = PRESENTATION_STYLE_ASSIGNMENT((#5700));
#5700 = SURFACE_STYLE_USAGE(.BOTH.,#5701);
#5701 = SURFACE_SIDE_STYLE('',(#5702));
#5702 = SURFACE_STYLE_FILL_AREA(#5703);
#5703 = FILL_AREA_STYLE('',(#5704));
#5704 = FILL_AREA_STYLE_COLOUR('',#5430);
#5705 = STYLED_ITEM('color',(#5706),#2434);
#5706 = PRESENTATION_STYLE_ASSIGNMENT((#5707));
#5707 = SURFACE_STYLE_USAGE(.BOTH.,#5708);
#5708 = SURFACE_SIDE_STYLE('',(#5709));
#5709 = SURFACE_STYLE_FILL_AREA(#5710);
#5710 = FILL_AREA_STYLE('',(#5711));
#5711 = FILL_AREA_STYLE_COLOUR('',#5430);
#5712 = STYLED_ITEM('color',(#5713),#2446);
#5713 = PRESENTATION_STYLE_ASSIGNMENT((#5714));
#5714 = SURFACE_STYLE_USAGE(.BOTH.,#5715);
#5715 = SURFACE_SIDE_STYLE('',(#5716));
#5716 = SURFACE_STYLE_FILL_AREA(#5717);
#5717 = FILL_AREA_STYLE('',(#5718));
#5718 = FILL_AREA_STYLE_COLOUR('',#5662);
#5719 = STYLED_ITEM('color',(#5720),#2477);
#5720 = PRESENTATION_STYLE_ASSIGNMENT((#5721));
#5721 = SURFACE_STYLE_USAGE(.BOTH.,#5722);
#5722 = SURFACE_SIDE_STYLE('',(#5723));
#5723 = SURFACE_STYLE_FILL_AREA(#5724);
#5724 = FILL_AREA_STYLE('',(#5725));
#5725 = FILL_AREA_STYLE_COLOUR('',#5662);
#5726 = STYLED_ITEM('color',(#5727),#2501);
#5727 = PRESENTATION_STYLE_ASSIGNMENT((#5728));
#5728 = SURFACE_STYLE_USAGE(.BOTH.,#5729);
#5729 = SURFACE_SIDE_STYLE('',(#5730));
#5730 = SURFACE_STYLE_FILL_AREA(#5731);
#5731 = FILL_AREA_STYLE('',(#5732));
#5732 = FILL_AREA_STYLE_COLOUR('',#5662);
#5733 = STYLED_ITEM('color',(#5734),#2525);
#5734 = PRESENTATION_STYLE_ASSIGNMENT((#5735));
#5735 = SURFACE_STYLE_USAGE(.BOTH.,#5736);
#5736 = SURFACE_SIDE_STYLE('',(#5737));
#5737 = SURFACE_STYLE_FILL_AREA(#5738);
#5738 = FILL_AREA_STYLE('',(#5739));
#5739 = FILL_AREA_STYLE_COLOUR('',#5662);
#5740 = STYLED_ITEM('color',(#5741),#2542);
#5741 = PRESENTATION_STYLE_ASSIGNMENT((#5742));
#5742 = SURFACE_STYLE_USAGE(.BOTH.,#5743);
#5743 = SURFACE_SIDE_STYLE('',(#5744));
#5744 = SURFACE_STYLE_FILL_AREA(#5745);
#5745 = FILL_AREA_STYLE('',(#5746));
#5746 = FILL_AREA_STYLE_COLOUR('',#5430);
#5747 = STYLED_ITEM('color',(#5748),#2564);
#5748 = PRESENTATION_STYLE_ASSIGNMENT((#5749));
#5749 = SURFACE_STYLE_USAGE(.BOTH.,#5750);
#5750 = SURFACE_SIDE_STYLE('',(#5751));
#5751 = SURFACE_STYLE_FILL_AREA(#5752);
#5752 = FILL_AREA_STYLE('',(#5753));
#5753 = FILL_AREA_STYLE_COLOUR('',#5430);
#5754 = STYLED_ITEM('color',(#5755),#2581);
#5755 = PRESENTATION_STYLE_ASSIGNMENT((#5756));
#5756 = SURFACE_STYLE_USAGE(.BOTH.,#5757);
#5757 = SURFACE_SIDE_STYLE('',(#5758));
#5758 = SURFACE_STYLE_FILL_AREA(#5759);
#5759 = FILL_AREA_STYLE('',(#5760));
#5760 = FILL_AREA_STYLE_COLOUR('',#5430);
#5761 = STYLED_ITEM('color',(#5762),#2598);
#5762 = PRESENTATION_STYLE_ASSIGNMENT((#5763));
#5763 = SURFACE_STYLE_USAGE(.BOTH.,#5764);
#5764 = SURFACE_SIDE_STYLE('',(#5765));
#5765 = SURFACE_STYLE_FILL_AREA(#5766);
#5766 = FILL_AREA_STYLE('',(#5767));
#5767 = FILL_AREA_STYLE_COLOUR('',#5430);
#5768 = STYLED_ITEM('color',(#5769),#2610);
#5769 = PRESENTATION_STYLE_ASSIGNMENT((#5770));
#5770 = SURFACE_STYLE_USAGE(.BOTH.,#5771);
#5771 = SURFACE_SIDE_STYLE('',(#5772));
#5772 = SURFACE_STYLE_FILL_AREA(#5773);
#5773 = FILL_AREA_STYLE('',(#5774));
#5774 = FILL_AREA_STYLE_COLOUR('',#5662);
#5775 = STYLED_ITEM('color',(#5776),#2641);
#5776 = PRESENTATION_STYLE_ASSIGNMENT((#5777));
#5777 = SURFACE_STYLE_USAGE(.BOTH.,#5778);
#5778 = SURFACE_SIDE_STYLE('',(#5779));
#5779 = SURFACE_STYLE_FILL_AREA(#5780);
#5780 = FILL_AREA_STYLE('',(#5781));
#5781 = FILL_AREA_STYLE_COLOUR('',#5662);
#5782 = STYLED_ITEM('color',(#5783),#2665);
#5783 = PRESENTATION_STYLE_ASSIGNMENT((#5784));
#5784 = SURFACE_STYLE_USAGE(.BOTH.,#5785);
#5785 = SURFACE_SIDE_STYLE('',(#5786));
#5786 = SURFACE_STYLE_FILL_AREA(#5787);
#5787 = FILL_AREA_STYLE('',(#5788));
#5788 = FILL_AREA_STYLE_COLOUR('',#5662);
#5789 = STYLED_ITEM('color',(#5790),#2689);
#5790 = PRESENTATION_STYLE_ASSIGNMENT((#5791));
#5791 = SURFACE_STYLE_USAGE(.BOTH.,#5792);
#5792 = SURFACE_SIDE_STYLE('',(#5793));
#5793 = SURFACE_STYLE_FILL_AREA(#5794);
#5794 = FILL_AREA_STYLE('',(#5795));
#5795 = FILL_AREA_STYLE_COLOUR('',#5662);
#5796 = STYLED_ITEM('color',(#5797),#2706);
#5797 = PRESENTATION_STYLE_ASSIGNMENT((#5798));
#5798 = SURFACE_STYLE_USAGE(.BOTH.,#5799);
#5799 = SURFACE_SIDE_STYLE('',(#5800));
#5800 = SURFACE_STYLE_FILL_AREA(#5801);
#5801 = FILL_AREA_STYLE('',(#5802));
#5802 = FILL_AREA_STYLE_COLOUR('',#5430);
#5803 = STYLED_ITEM('color',(#5804),#2728);
#5804 = PRESENTATION_STYLE_ASSIGNMENT((#5805));
#5805 = SURFACE_STYLE_USAGE(.BOTH.,#5806);
#5806 = SURFACE_SIDE_STYLE('',(#5807));
#5807 = SURFACE_STYLE_FILL_AREA(#5808);
#5808 = FILL_AREA_STYLE('',(#5809));
#5809 = FILL_AREA_STYLE_COLOUR('',#5430);
#5810 = STYLED_ITEM('color',(#5811),#2745);
#5811 = PRESENTATION_STYLE_ASSIGNMENT((#5812));
#5812 = SURFACE_STYLE_USAGE(.BOTH.,#5813);
#5813 = SURFACE_SIDE_STYLE('',(#5814));
#5814 = SURFACE_STYLE_FILL_AREA(#5815);
#5815 = FILL_AREA_STYLE('',(#5816));
#5816 = FILL_AREA_STYLE_COLOUR('',#5430);
#5817 = STYLED_ITEM('color',(#5818),#2762);
#5818 = PRESENTATION_STYLE_ASSIGNMENT((#5819));
#5819 = SURFACE_STYLE_USAGE(.BOTH.,#5820);
#5820 = SURFACE_SIDE_STYLE('',(#5821));
#5821 = SURFACE_STYLE_FILL_AREA(#5822);
#5822 = FILL_AREA_STYLE('',(#5823));
#5823 = FILL_AREA_STYLE_COLOUR('',#5430);
#5824 = STYLED_ITEM('color',(#5825),#2774);
#5825 = PRESENTATION_STYLE_ASSIGNMENT((#5826));
#5826 = SURFACE_STYLE_USAGE(.BOTH.,#5827);
#5827 = SURFACE_SIDE_STYLE('',(#5828));
#5828 = SURFACE_STYLE_FILL_AREA(#5829);
#5829 = FILL_AREA_STYLE('',(#5830));
#5830 = FILL_AREA_STYLE_COLOUR('',#5662);
#5831 = STYLED_ITEM('color',(#5832),#2805);
#5832 = PRESENTATION_STYLE_ASSIGNMENT((#5833));
#5833 = SURFACE_STYLE_USAGE(.BOTH.,#5834);
#5834 = SURFACE_SIDE_STYLE('',(#5835));
#5835 = SURFACE_STYLE_FILL_AREA(#5836);
#5836 = FILL_AREA_STYLE('',(#5837));
#5837 = FILL_AREA_STYLE_COLOUR('',#5662);
#5838 = STYLED_ITEM('color',(#5839),#2829);
#5839 = PRESENTATION_STYLE_ASSIGNMENT((#5840));
#5840 = SURFACE_STYLE_USAGE(.BOTH.,#5841);
#5841 = SURFACE_SIDE_STYLE('',(#5842));
#5842 = SURFACE_STYLE_FILL_AREA(#5843);
#5843 = FILL_AREA_STYLE('',(#5844));
#5844 = FILL_AREA_STYLE_COLOUR('',#5662);
#5845 = STYLED_ITEM('color',(#5846),#2853);
#5846 = PRESENTATION_STYLE_ASSIGNMENT((#5847));
#5847 = SURFACE_STYLE_USAGE(.BOTH.,#5848);
#5848 = SURFACE_SIDE_STYLE('',(#5849));
#5849 = SURFACE_STYLE_FILL_AREA(#5850);
#5850 = FILL_AREA_STYLE('',(#5851));
#5851 = FILL_AREA_STYLE_COLOUR('',#5662);
#5852 = STYLED_ITEM('color',(#5853),#2870);
#5853 = PRESENTATION_STYLE_ASSIGNMENT((#5854));
#5854 = SURFACE_STYLE_USAGE(.BOTH.,#5855);
#5855 = SURFACE_SIDE_STYLE('',(#5856));
#5856 = SURFACE_STYLE_FILL_AREA(#5857);
#5857 = FILL_AREA_STYLE('',(#5858));
#5858 = FILL_AREA_STYLE_COLOUR('',#5430);
#5859 = STYLED_ITEM('color',(#5860),#2892);
#5860 = PRESENTATION_STYLE_ASSIGNMENT((#5861));
#5861 = SURFACE_STYLE_USAGE(.BOTH.,#5862);
#5862 = SURFACE_SIDE_STYLE('',(#5863));
#5863 = SURFACE_STYLE_FILL_AREA(#5864);
#5864 = FILL_AREA_STYLE('',(#5865));
#5865 = FILL_AREA_STYLE_COLOUR('',#5430);
#5866 = STYLED_ITEM('color',(#5867),#2909);
#5867 = PRESENTATION_STYLE_ASSIGNMENT((#5868));
#5868 = SURFACE_STYLE_USAGE(.BOTH.,#5869);
#5869 = SURFACE_SIDE_STYLE('',(#5870));
#5870 = SURFACE_STYLE_FILL_AREA(#5871);
#5871 = FILL_AREA_STYLE('',(#5872));
#5872 = FILL_AREA_STYLE_COLOUR('',#5430);
#5873 = STYLED_ITEM('color',(#5874),#2926);
#5874 = PRESENTATION_STYLE_ASSIGNMENT((#5875));
#5875 = SURFACE_STYLE_USAGE(.BOTH.,#5876);
#5876 = SURFACE_SIDE_STYLE('',(#5877));
#5877 = SURFACE_STYLE_FILL_AREA(#5878);
#5878 = FILL_AREA_STYLE('',(#5879));
#5879 = FILL_AREA_STYLE_COLOUR('',#5430);
#5880 = STYLED_ITEM('color',(#5881),#2938);
#5881 = PRESENTATION_STYLE_ASSIGNMENT((#5882));
#5882 = SURFACE_STYLE_USAGE(.BOTH.,#5883);
#5883 = SURFACE_SIDE_STYLE('',(#5884));
#5884 = SURFACE_STYLE_FILL_AREA(#5885);
#5885 = FILL_AREA_STYLE('',(#5886));
#5886 = FILL_AREA_STYLE_COLOUR('',#5662);
#5887 = STYLED_ITEM('color',(#5888),#2969);
#5888 = PRESENTATION_STYLE_ASSIGNMENT((#5889));
#5889 = SURFACE_STYLE_USAGE(.BOTH.,#5890);
#5890 = SURFACE_SIDE_STYLE('',(#5891));
#5891 = SURFACE_STYLE_FILL_AREA(#5892);
#5892 = FILL_AREA_STYLE('',(#5893));
#5893 = FILL_AREA_STYLE_COLOUR('',#5662);
#5894 = STYLED_ITEM('color',(#5895),#2993);
#5895 = PRESENTATION_STYLE_ASSIGNMENT((#5896));
#5896 = SURFACE_STYLE_USAGE(.BOTH.,#5897);
#5897 = SURFACE_SIDE_STYLE('',(#5898));
#5898 = SURFACE_STYLE_FILL_AREA(#5899);
#5899 = FILL_AREA_STYLE('',(#5900));
#5900 = FILL_AREA_STYLE_COLOUR('',#5662);
#5901 = STYLED_ITEM('color',(#5902),#3017);
#5902 = PRESENTATION_STYLE_ASSIGNMENT((#5903));
#5903 = SURFACE_STYLE_USAGE(.BOTH.,#5904);
#5904 = SURFACE_SIDE_STYLE('',(#5905));
#5905 = SURFACE_STYLE_FILL_AREA(#5906);
#5906 = FILL_AREA_STYLE('',(#5907));
#5907 = FILL_AREA_STYLE_COLOUR('',#5662);
#5908 = STYLED_ITEM('color',(#5909),#3034);
#5909 = PRESENTATION_STYLE_ASSIGNMENT((#5910));
#5910 = SURFACE_STYLE_USAGE(.BOTH.,#5911);
#5911 = SURFACE_SIDE_STYLE('',(#5912));
#5912 = SURFACE_STYLE_FILL_AREA(#5913);
#5913 = FILL_AREA_STYLE('',(#5914));
#5914 = FILL_AREA_STYLE_COLOUR('',#5430);
#5915 = STYLED_ITEM('color',(#5916),#3051);
#5916 = PRESENTATION_STYLE_ASSIGNMENT((#5917));
#5917 = SURFACE_STYLE_USAGE(.BOTH.,#5918);
#5918 = SURFACE_SIDE_STYLE('',(#5919));
#5919 = SURFACE_STYLE_FILL_AREA(#5920);
#5920 = FILL_AREA_STYLE('',(#5921));
#5921 = FILL_AREA_STYLE_COLOUR('',#5662);
#5922 = STYLED_ITEM('color',(#5923),#3082);
#5923 = PRESENTATION_STYLE_ASSIGNMENT((#5924));
#5924 = SURFACE_STYLE_USAGE(.BOTH.,#5925);
#5925 = SURFACE_SIDE_STYLE('',(#5926));
#5926 = SURFACE_STYLE_FILL_AREA(#5927);
#5927 = FILL_AREA_STYLE('',(#5928));
#5928 = FILL_AREA_STYLE_COLOUR('',#5662);
#5929 = STYLED_ITEM('color',(#5930),#3106);
#5930 = PRESENTATION_STYLE_ASSIGNMENT((#5931));
#5931 = SURFACE_STYLE_USAGE(.BOTH.,#5932);
#5932 = SURFACE_SIDE_STYLE('',(#5933));
#5933 = SURFACE_STYLE_FILL_AREA(#5934);
#5934 = FILL_AREA_STYLE('',(#5935));
#5935 = FILL_AREA_STYLE_COLOUR('',#5662);
#5936 = STYLED_ITEM('color',(#5937),#3130);
#5937 = PRESENTATION_STYLE_ASSIGNMENT((#5938));
#5938 = SURFACE_STYLE_USAGE(.BOTH.,#5939);
#5939 = SURFACE_SIDE_STYLE('',(#5940));
#5940 = SURFACE_STYLE_FILL_AREA(#5941);
#5941 = FILL_AREA_STYLE('',(#5942));
#5942 = FILL_AREA_STYLE_COLOUR('',#5662);
#5943 = STYLED_ITEM('color',(#5944),#3147);
#5944 = PRESENTATION_STYLE_ASSIGNMENT((#5945));
#5945 = SURFACE_STYLE_USAGE(.BOTH.,#5946);
#5946 = SURFACE_SIDE_STYLE('',(#5947));
#5947 = SURFACE_STYLE_FILL_AREA(#5948);
#5948 = FILL_AREA_STYLE('',(#5949));
#5949 = FILL_AREA_STYLE_COLOUR('',#5662);
#5950 = STYLED_ITEM('color',(#5951),#3178);
#5951 = PRESENTATION_STYLE_ASSIGNMENT((#5952));
#5952 = SURFACE_STYLE_USAGE(.BOTH.,#5953);
#5953 = SURFACE_SIDE_STYLE('',(#5954));
#5954 = SURFACE_STYLE_FILL_AREA(#5955);
#5955 = FILL_AREA_STYLE('',(#5956));
#5956 = FILL_AREA_STYLE_COLOUR('',#5662);
#5957 = STYLED_ITEM('color',(#5958),#3202);
#5958 = PRESENTATION_STYLE_ASSIGNMENT((#5959));
#5959 = SURFACE_STYLE_USAGE(.BOTH.,#5960);
#5960 = SURFACE_SIDE_STYLE('',(#5961));
#5961 = SURFACE_STYLE_FILL_AREA(#5962);
#5962 = FILL_AREA_STYLE('',(#5963));
#5963 = FILL_AREA_STYLE_COLOUR('',#5662);
#5964 = STYLED_ITEM('color',(#5965),#3226);
#5965 = PRESENTATION_STYLE_ASSIGNMENT((#5966));
#5966 = SURFACE_STYLE_USAGE(.BOTH.,#5967);
#5967 = SURFACE_SIDE_STYLE('',(#5968));
#5968 = SURFACE_STYLE_FILL_AREA(#5969);
#5969 = FILL_AREA_STYLE('',(#5970));
#5970 = FILL_AREA_STYLE_COLOUR('',#5662);
#5971 = STYLED_ITEM('color',(#5972),#3243);
#5972 = PRESENTATION_STYLE_ASSIGNMENT((#5973));
#5973 = SURFACE_STYLE_USAGE(.BOTH.,#5974);
#5974 = SURFACE_SIDE_STYLE('',(#5975));
#5975 = SURFACE_STYLE_FILL_AREA(#5976);
#5976 = FILL_AREA_STYLE('',(#5977));
#5977 = FILL_AREA_STYLE_COLOUR('',#5662);
#5978 = STYLED_ITEM('color',(#5979),#3274);
#5979 = PRESENTATION_STYLE_ASSIGNMENT((#5980));
#5980 = SURFACE_STYLE_USAGE(.BOTH.,#5981);
#5981 = SURFACE_SIDE_STYLE('',(#5982));
#5982 = SURFACE_STYLE_FILL_AREA(#5983);
#5983 = FILL_AREA_STYLE('',(#5984));
#5984 = FILL_AREA_STYLE_COLOUR('',#5662);
#5985 = STYLED_ITEM('color',(#5986),#3298);
#5986 = PRESENTATION_STYLE_ASSIGNMENT((#5987));
#5987 = SURFACE_STYLE_USAGE(.BOTH.,#5988);
#5988 = SURFACE_SIDE_STYLE('',(#5989));
#5989 = SURFACE_STYLE_FILL_AREA(#5990);
#5990 = FILL_AREA_STYLE('',(#5991));
#5991 = FILL_AREA_STYLE_COLOUR('',#5662);
#5992 = STYLED_ITEM('color',(#5993),#3322);
#5993 = PRESENTATION_STYLE_ASSIGNMENT((#5994));
#5994 = SURFACE_STYLE_USAGE(.BOTH.,#5995);
#5995 = SURFACE_SIDE_STYLE('',(#5996));
#5996 = SURFACE_STYLE_FILL_AREA(#5997);
#5997 = FILL_AREA_STYLE('',(#5998));
#5998 = FILL_AREA_STYLE_COLOUR('',#5662);
#5999 = STYLED_ITEM('color',(#6000),#3339);
#6000 = PRESENTATION_STYLE_ASSIGNMENT((#6001));
#6001 = SURFACE_STYLE_USAGE(.BOTH.,#6002);
#6002 = SURFACE_SIDE_STYLE('',(#6003));
#6003 = SURFACE_STYLE_FILL_AREA(#6004);
#6004 = FILL_AREA_STYLE('',(#6005));
#6005 = FILL_AREA_STYLE_COLOUR('',#5662);
#6006 = STYLED_ITEM('color',(#6007),#3370);
#6007 = PRESENTATION_STYLE_ASSIGNMENT((#6008));
#6008 = SURFACE_STYLE_USAGE(.BOTH.,#6009);
#6009 = SURFACE_SIDE_STYLE('',(#6010));
#6010 = SURFACE_STYLE_FILL_AREA(#6011);
#6011 = FILL_AREA_STYLE('',(#6012));
#6012 = FILL_AREA_STYLE_COLOUR('',#5662);
#6013 = STYLED_ITEM('color',(#6014),#3394);
#6014 = PRESENTATION_STYLE_ASSIGNMENT((#6015));
#6015 = SURFACE_STYLE_USAGE(.BOTH.,#6016);
#6016 = SURFACE_SIDE_STYLE('',(#6017));
#6017 = SURFACE_STYLE_FILL_AREA(#6018);
#6018 = FILL_AREA_STYLE('',(#6019));
#6019 = FILL_AREA_STYLE_COLOUR('',#5662);
#6020 = STYLED_ITEM('color',(#6021),#3418);
#6021 = PRESENTATION_STYLE_ASSIGNMENT((#6022));
#6022 = SURFACE_STYLE_USAGE(.BOTH.,#6023);
#6023 = SURFACE_SIDE_STYLE('',(#6024));
#6024 = SURFACE_STYLE_FILL_AREA(#6025);
#6025 = FILL_AREA_STYLE('',(#6026));
#6026 = FILL_AREA_STYLE_COLOUR('',#5662);
#6027 = STYLED_ITEM('color',(#6028),#3435);
#6028 = PRESENTATION_STYLE_ASSIGNMENT((#6029));
#6029 = SURFACE_STYLE_USAGE(.BOTH.,#6030);
#6030 = SURFACE_SIDE_STYLE('',(#6031));
#6031 = SURFACE_STYLE_FILL_AREA(#6032);
#6032 = FILL_AREA_STYLE('',(#6033));
#6033 = FILL_AREA_STYLE_COLOUR('',#5662);
#6034 = STYLED_ITEM('color',(#6035),#3466);
#6035 = PRESENTATION_STYLE_ASSIGNMENT((#6036));
#6036 = SURFACE_STYLE_USAGE(.BOTH.,#6037);
#6037 = SURFACE_SIDE_STYLE('',(#6038));
#6038 = SURFACE_STYLE_FILL_AREA(#6039);
#6039 = FILL_AREA_STYLE('',(#6040));
#6040 = FILL_AREA_STYLE_COLOUR('',#5662);
#6041 = STYLED_ITEM('color',(#6042),#3490);
#6042 = PRESENTATION_STYLE_ASSIGNMENT((#6043));
#6043 = SURFACE_STYLE_USAGE(.BOTH.,#6044);
#6044 = SURFACE_SIDE_STYLE('',(#6045));
#6045 = SURFACE_STYLE_FILL_AREA(#6046);
#6046 = FILL_AREA_STYLE('',(#6047));
#6047 = FILL_AREA_STYLE_COLOUR('',#5662);
#6048 = STYLED_ITEM('color',(#6049),#3514);
#6049 = PRESENTATION_STYLE_ASSIGNMENT((#6050));
#6050 = SURFACE_STYLE_USAGE(.BOTH.,#6051);
#6051 = SURFACE_SIDE_STYLE('',(#6052));
#6052 = SURFACE_STYLE_FILL_AREA(#6053);
#6053 = FILL_AREA_STYLE('',(#6054));
#6054 = FILL_AREA_STYLE_COLOUR('',#5662);
#6055 = STYLED_ITEM('color',(#6056),#3531);
#6056 = PRESENTATION_STYLE_ASSIGNMENT((#6057));
#6057 = SURFACE_STYLE_USAGE(.BOTH.,#6058);
#6058 = SURFACE_SIDE_STYLE('',(#6059));
#6059 = SURFACE_STYLE_FILL_AREA(#6060);
#6060 = FILL_AREA_STYLE('',(#6061));
#6061 = FILL_AREA_STYLE_COLOUR('',#5430);
#6062 = STYLED_ITEM('color',(#6063),#3548);
#6063 = PRESENTATION_STYLE_ASSIGNMENT((#6064));
#6064 = SURFACE_STYLE_USAGE(.BOTH.,#6065);
#6065 = SURFACE_SIDE_STYLE('',(#6066));
#6066 = SURFACE_STYLE_FILL_AREA(#6067);
#6067 = FILL_AREA_STYLE('',(#6068));
#6068 = FILL_AREA_STYLE_COLOUR('',#5430);
#6069 = STYLED_ITEM('color',(#6070),#3565);
#6070 = PRESENTATION_STYLE_ASSIGNMENT((#6071));
#6071 = SURFACE_STYLE_USAGE(.BOTH.,#6072);
#6072 = SURFACE_SIDE_STYLE('',(#6073));
#6073 = SURFACE_STYLE_FILL_AREA(#6074);
#6074 = FILL_AREA_STYLE('',(#6075));
#6075 = FILL_AREA_STYLE_COLOUR('',#5430);
#6076 = STYLED_ITEM('color',(#6077),#3577);
#6077 = PRESENTATION_STYLE_ASSIGNMENT((#6078));
#6078 = SURFACE_STYLE_USAGE(.BOTH.,#6079);
#6079 = SURFACE_SIDE_STYLE('',(#6080));
#6080 = SURFACE_STYLE_FILL_AREA(#6081);
#6081 = FILL_AREA_STYLE('',(#6082));
#6082 = FILL_AREA_STYLE_COLOUR('',#5662);
#6083 = STYLED_ITEM('color',(#6084),#3608);
#6084 = PRESENTATION_STYLE_ASSIGNMENT((#6085));
#6085 = SURFACE_STYLE_USAGE(.BOTH.,#6086);
#6086 = SURFACE_SIDE_STYLE('',(#6087));
#6087 = SURFACE_STYLE_FILL_AREA(#6088);
#6088 = FILL_AREA_STYLE('',(#6089));
#6089 = FILL_AREA_STYLE_COLOUR('',#5662);
#6090 = STYLED_ITEM('color',(#6091),#3632);
#6091 = PRESENTATION_STYLE_ASSIGNMENT((#6092));
#6092 = SURFACE_STYLE_USAGE(.BOTH.,#6093);
#6093 = SURFACE_SIDE_STYLE('',(#6094));
#6094 = SURFACE_STYLE_FILL_AREA(#6095);
#6095 = FILL_AREA_STYLE('',(#6096));
#6096 = FILL_AREA_STYLE_COLOUR('',#5662);
#6097 = STYLED_ITEM('color',(#6098),#3656);
#6098 = PRESENTATION_STYLE_ASSIGNMENT((#6099));
#6099 = SURFACE_STYLE_USAGE(.BOTH.,#6100);
#6100 = SURFACE_SIDE_STYLE('',(#6101));
#6101 = SURFACE_STYLE_FILL_AREA(#6102);
#6102 = FILL_AREA_STYLE('',(#6103));
#6103 = FILL_AREA_STYLE_COLOUR('',#5662);
#6104 = STYLED_ITEM('color',(#6105),#3673);
#6105 = PRESENTATION_STYLE_ASSIGNMENT((#6106));
#6106 = SURFACE_STYLE_USAGE(.BOTH.,#6107);
#6107 = SURFACE_SIDE_STYLE('',(#6108));
#6108 = SURFACE_STYLE_FILL_AREA(#6109);
#6109 = FILL_AREA_STYLE('',(#6110));
#6110 = FILL_AREA_STYLE_COLOUR('',#5662);
#6111 = STYLED_ITEM('color',(#6112),#3704);
#6112 = PRESENTATION_STYLE_ASSIGNMENT((#6113));
#6113 = SURFACE_STYLE_USAGE(.BOTH.,#6114);
#6114 = SURFACE_SIDE_STYLE('',(#6115));
#6115 = SURFACE_STYLE_FILL_AREA(#6116);
#6116 = FILL_AREA_STYLE('',(#6117));
#6117 = FILL_AREA_STYLE_COLOUR('',#5662);
#6118 = STYLED_ITEM('color',(#6119),#3728);
#6119 = PRESENTATION_STYLE_ASSIGNMENT((#6120));
#6120 = SURFACE_STYLE_USAGE(.BOTH.,#6121);
#6121 = SURFACE_SIDE_STYLE('',(#6122));
#6122 = SURFACE_STYLE_FILL_AREA(#6123);
#6123 = FILL_AREA_STYLE('',(#6124));
#6124 = FILL_AREA_STYLE_COLOUR('',#5662);
#6125 = STYLED_ITEM('color',(#6126),#3752);
#6126 = PRESENTATION_STYLE_ASSIGNMENT((#6127));
#6127 = SURFACE_STYLE_USAGE(.BOTH.,#6128);
#6128 = SURFACE_SIDE_STYLE('',(#6129));
#6129 = SURFACE_STYLE_FILL_AREA(#6130);
#6130 = FILL_AREA_STYLE('',(#6131));
#6131 = FILL_AREA_STYLE_COLOUR('',#5662);
#6132 = STYLED_ITEM('color',(#6133),#3769);
#6133 = PRESENTATION_STYLE_ASSIGNMENT((#6134));
#6134 = SURFACE_STYLE_USAGE(.BOTH.,#6135);
#6135 = SURFACE_SIDE_STYLE('',(#6136));
#6136 = SURFACE_STYLE_FILL_AREA(#6137);
#6137 = FILL_AREA_STYLE('',(#6138));
#6138 = FILL_AREA_STYLE_COLOUR('',#5662);
#6139 = STYLED_ITEM('color',(#6140),#3800);
#6140 = PRESENTATION_STYLE_ASSIGNMENT((#6141));
#6141 = SURFACE_STYLE_USAGE(.BOTH.,#6142);
#6142 = SURFACE_SIDE_STYLE('',(#6143));
#6143 = SURFACE_STYLE_FILL_AREA(#6144);
#6144 = FILL_AREA_STYLE('',(#6145));
#6145 = FILL_AREA_STYLE_COLOUR('',#5662);
#6146 = STYLED_ITEM('color',(#6147),#3824);
#6147 = PRESENTATION_STYLE_ASSIGNMENT((#6148));
#6148 = SURFACE_STYLE_USAGE(.BOTH.,#6149);
#6149 = SURFACE_SIDE_STYLE('',(#6150));
#6150 = SURFACE_STYLE_FILL_AREA(#6151);
#6151 = FILL_AREA_STYLE('',(#6152));
#6152 = FILL_AREA_STYLE_COLOUR('',#5662);
#6153 = STYLED_ITEM('color',(#6154),#3848);
#6154 = PRESENTATION_STYLE_ASSIGNMENT((#6155));
#6155 = SURFACE_STYLE_USAGE(.BOTH.,#6156);
#6156 = SURFACE_SIDE_STYLE('',(#6157));
#6157 = SURFACE_STYLE_FILL_AREA(#6158);
#6158 = FILL_AREA_STYLE('',(#6159));
#6159 = FILL_AREA_STYLE_COLOUR('',#5662);
#6160 = STYLED_ITEM('color',(#6161),#3865);
#6161 = PRESENTATION_STYLE_ASSIGNMENT((#6162));
#6162 = SURFACE_STYLE_USAGE(.BOTH.,#6163);
#6163 = SURFACE_SIDE_STYLE('',(#6164));
#6164 = SURFACE_STYLE_FILL_AREA(#6165);
#6165 = FILL_AREA_STYLE('',(#6166));
#6166 = FILL_AREA_STYLE_COLOUR('',#5662);
#6167 = STYLED_ITEM('color',(#6168),#3896);
#6168 = PRESENTATION_STYLE_ASSIGNMENT((#6169));
#6169 = SURFACE_STYLE_USAGE(.BOTH.,#6170);
#6170 = SURFACE_SIDE_STYLE('',(#6171));
#6171 = SURFACE_STYLE_FILL_AREA(#6172);
#6172 = FILL_AREA_STYLE('',(#6173));
#6173 = FILL_AREA_STYLE_COLOUR('',#5662);
#6174 = STYLED_ITEM('color',(#6175),#3920);
#6175 = PRESENTATION_STYLE_ASSIGNMENT((#6176));
#6176 = SURFACE_STYLE_USAGE(.BOTH.,#6177);
#6177 = SURFACE_SIDE_STYLE('',(#6178));
#6178 = SURFACE_STYLE_FILL_AREA(#6179);
#6179 = FILL_AREA_STYLE('',(#6180));
#6180 = FILL_AREA_STYLE_COLOUR('',#5662);
#6181 = STYLED_ITEM('color',(#6182),#3944);
#6182 = PRESENTATION_STYLE_ASSIGNMENT((#6183));
#6183 = SURFACE_STYLE_USAGE(.BOTH.,#6184);
#6184 = SURFACE_SIDE_STYLE('',(#6185));
#6185 = SURFACE_STYLE_FILL_AREA(#6186);
#6186 = FILL_AREA_STYLE('',(#6187));
#6187 = FILL_AREA_STYLE_COLOUR('',#5662);
#6188 = STYLED_ITEM('color',(#6189),#3961);
#6189 = PRESENTATION_STYLE_ASSIGNMENT((#6190));
#6190 = SURFACE_STYLE_USAGE(.BOTH.,#6191);
#6191 = SURFACE_SIDE_STYLE('',(#6192));
#6192 = SURFACE_STYLE_FILL_AREA(#6193);
#6193 = FILL_AREA_STYLE('',(#6194));
#6194 = FILL_AREA_STYLE_COLOUR('',#5662);
#6195 = STYLED_ITEM('color',(#6196),#3992);
#6196 = PRESENTATION_STYLE_ASSIGNMENT((#6197));
#6197 = SURFACE_STYLE_USAGE(.BOTH.,#6198);
#6198 = SURFACE_SIDE_STYLE('',(#6199));
#6199 = SURFACE_STYLE_FILL_AREA(#6200);
#6200 = FILL_AREA_STYLE('',(#6201));
#6201 = FILL_AREA_STYLE_COLOUR('',#5662);
#6202 = STYLED_ITEM('color',(#6203),#4016);
#6203 = PRESENTATION_STYLE_ASSIGNMENT((#6204));
#6204 = SURFACE_STYLE_USAGE(.BOTH.,#6205);
#6205 = SURFACE_SIDE_STYLE('',(#6206));
#6206 = SURFACE_STYLE_FILL_AREA(#6207);
#6207 = FILL_AREA_STYLE('',(#6208));
#6208 = FILL_AREA_STYLE_COLOUR('',#5662);
#6209 = STYLED_ITEM('color',(#6210),#4040);
#6210 = PRESENTATION_STYLE_ASSIGNMENT((#6211));
#6211 = SURFACE_STYLE_USAGE(.BOTH.,#6212);
#6212 = SURFACE_SIDE_STYLE('',(#6213));
#6213 = SURFACE_STYLE_FILL_AREA(#6214);
#6214 = FILL_AREA_STYLE('',(#6215));
#6215 = FILL_AREA_STYLE_COLOUR('',#5662);
#6216 = STYLED_ITEM('color',(#6217),#4057);
#6217 = PRESENTATION_STYLE_ASSIGNMENT((#6218));
#6218 = SURFACE_STYLE_USAGE(.BOTH.,#6219);
#6219 = SURFACE_SIDE_STYLE('',(#6220));
#6220 = SURFACE_STYLE_FILL_AREA(#6221);
#6221 = FILL_AREA_STYLE('',(#6222));
#6222 = FILL_AREA_STYLE_COLOUR('',#5662);
#6223 = STYLED_ITEM('color',(#6224),#4088);
#6224 = PRESENTATION_STYLE_ASSIGNMENT((#6225));
#6225 = SURFACE_STYLE_USAGE(.BOTH.,#6226);
#6226 = SURFACE_SIDE_STYLE('',(#6227));
#6227 = SURFACE_STYLE_FILL_AREA(#6228);
#6228 = FILL_AREA_STYLE('',(#6229));
#6229 = FILL_AREA_STYLE_COLOUR('',#5662);
#6230 = STYLED_ITEM('color',(#6231),#4112);
#6231 = PRESENTATION_STYLE_ASSIGNMENT((#6232));
#6232 = SURFACE_STYLE_USAGE(.BOTH.,#6233);
#6233 = SURFACE_SIDE_STYLE('',(#6234));
#6234 = SURFACE_STYLE_FILL_AREA(#6235);
#6235 = FILL_AREA_STYLE('',(#6236));
#6236 = FILL_AREA_STYLE_COLOUR('',#5662);
#6237 = STYLED_ITEM('color',(#6238),#4136);
#6238 = PRESENTATION_STYLE_ASSIGNMENT((#6239));
#6239 = SURFACE_STYLE_USAGE(.BOTH.,#6240);
#6240 = SURFACE_SIDE_STYLE('',(#6241));
#6241 = SURFACE_STYLE_FILL_AREA(#6242);
#6242 = FILL_AREA_STYLE('',(#6243));
#6243 = FILL_AREA_STYLE_COLOUR('',#5662);
#6244 = STYLED_ITEM('color',(#6245),#4153);
#6245 = PRESENTATION_STYLE_ASSIGNMENT((#6246));
#6246 = SURFACE_STYLE_USAGE(.BOTH.,#6247);
#6247 = SURFACE_SIDE_STYLE('',(#6248));
#6248 = SURFACE_STYLE_FILL_AREA(#6249);
#6249 = FILL_AREA_STYLE('',(#6250));
#6250 = FILL_AREA_STYLE_COLOUR('',#5662);
#6251 = STYLED_ITEM('color',(#6252),#4184);
#6252 = PRESENTATION_STYLE_ASSIGNMENT((#6253));
#6253 = SURFACE_STYLE_USAGE(.BOTH.,#6254);
#6254 = SURFACE_SIDE_STYLE('',(#6255));
#6255 = SURFACE_STYLE_FILL_AREA(#6256);
#6256 = FILL_AREA_STYLE('',(#6257));
#6257 = FILL_AREA_STYLE_COLOUR('',#5662);
#6258 = STYLED_ITEM('color',(#6259),#4208);
#6259 = PRESENTATION_STYLE_ASSIGNMENT((#6260));
#6260 = SURFACE_STYLE_USAGE(.BOTH.,#6261);
#6261 = SURFACE_SIDE_STYLE('',(#6262));
#6262 = SURFACE_STYLE_FILL_AREA(#6263);
#6263 = FILL_AREA_STYLE('',(#6264));
#6264 = FILL_AREA_STYLE_COLOUR('',#5662);
#6265 = STYLED_ITEM('color',(#6266),#4232);
#6266 = PRESENTATION_STYLE_ASSIGNMENT((#6267));
#6267 = SURFACE_STYLE_USAGE(.BOTH.,#6268);
#6268 = SURFACE_SIDE_STYLE('',(#6269));
#6269 = SURFACE_STYLE_FILL_AREA(#6270);
#6270 = FILL_AREA_STYLE('',(#6271));
#6271 = FILL_AREA_STYLE_COLOUR('',#5662);
#6272 = STYLED_ITEM('color',(#6273),#4249);
#6273 = PRESENTATION_STYLE_ASSIGNMENT((#6274));
#6274 = SURFACE_STYLE_USAGE(.BOTH.,#6275);
#6275 = SURFACE_SIDE_STYLE('',(#6276));
#6276 = SURFACE_STYLE_FILL_AREA(#6277);
#6277 = FILL_AREA_STYLE('',(#6278));
#6278 = FILL_AREA_STYLE_COLOUR('',#5662);
#6279 = STYLED_ITEM('color',(#6280),#4280);
#6280 = PRESENTATION_STYLE_ASSIGNMENT((#6281));
#6281 = SURFACE_STYLE_USAGE(.BOTH.,#6282);
#6282 = SURFACE_SIDE_STYLE('',(#6283));
#6283 = SURFACE_STYLE_FILL_AREA(#6284);
#6284 = FILL_AREA_STYLE('',(#6285));
#6285 = FILL_AREA_STYLE_COLOUR('',#5662);
#6286 = STYLED_ITEM('color',(#6287),#4304);
#6287 = PRESENTATION_STYLE_ASSIGNMENT((#6288));
#6288 = SURFACE_STYLE_USAGE(.BOTH.,#6289);
#6289 = SURFACE_SIDE_STYLE('',(#6290));
#6290 = SURFACE_STYLE_FILL_AREA(#6291);
#6291 = FILL_AREA_STYLE('',(#6292));
#6292 = FILL_AREA_STYLE_COLOUR('',#5662);
#6293 = STYLED_ITEM('color',(#6294),#4328);
#6294 = PRESENTATION_STYLE_ASSIGNMENT((#6295));
#6295 = SURFACE_STYLE_USAGE(.BOTH.,#6296);
#6296 = SURFACE_SIDE_STYLE('',(#6297));
#6297 = SURFACE_STYLE_FILL_AREA(#6298);
#6298 = FILL_AREA_STYLE('',(#6299));
#6299 = FILL_AREA_STYLE_COLOUR('',#5662);
#6300 = STYLED_ITEM('color',(#6301),#4345);
#6301 = PRESENTATION_STYLE_ASSIGNMENT((#6302));
#6302 = SURFACE_STYLE_USAGE(.BOTH.,#6303);
#6303 = SURFACE_SIDE_STYLE('',(#6304));
#6304 = SURFACE_STYLE_FILL_AREA(#6305);
#6305 = FILL_AREA_STYLE('',(#6306));
#6306 = FILL_AREA_STYLE_COLOUR('',#5662);
#6307 = STYLED_ITEM('color',(#6308),#4376);
#6308 = PRESENTATION_STYLE_ASSIGNMENT((#6309));
#6309 = SURFACE_STYLE_USAGE(.BOTH.,#6310);
#6310 = SURFACE_SIDE_STYLE('',(#6311));
#6311 = SURFACE_STYLE_FILL_AREA(#6312);
#6312 = FILL_AREA_STYLE('',(#6313));
#6313 = FILL_AREA_STYLE_COLOUR('',#5662);
#6314 = STYLED_ITEM('color',(#6315),#4400);
#6315 = PRESENTATION_STYLE_ASSIGNMENT((#6316));
#6316 = SURFACE_STYLE_USAGE(.BOTH.,#6317);
#6317 = SURFACE_SIDE_STYLE('',(#6318));
#6318 = SURFACE_STYLE_FILL_AREA(#6319);
#6319 = FILL_AREA_STYLE('',(#6320));
#6320 = FILL_AREA_STYLE_COLOUR('',#5662);
#6321 = STYLED_ITEM('color',(#6322),#4424);
#6322 = PRESENTATION_STYLE_ASSIGNMENT((#6323));
#6323 = SURFACE_STYLE_USAGE(.BOTH.,#6324);
#6324 = SURFACE_SIDE_STYLE('',(#6325));
#6325 = SURFACE_STYLE_FILL_AREA(#6326);
#6326 = FILL_AREA_STYLE('',(#6327));
#6327 = FILL_AREA_STYLE_COLOUR('',#5662);
#6328 = STYLED_ITEM('color',(#6329),#4441);
#6329 = PRESENTATION_STYLE_ASSIGNMENT((#6330));
#6330 = SURFACE_STYLE_USAGE(.BOTH.,#6331);
#6331 = SURFACE_SIDE_STYLE('',(#6332));
#6332 = SURFACE_STYLE_FILL_AREA(#6333);
#6333 = FILL_AREA_STYLE('',(#6334));
#6334 = FILL_AREA_STYLE_COLOUR('',#5662);
#6335 = STYLED_ITEM('color',(#6336),#4472);
#6336 = PRESENTATION_STYLE_ASSIGNMENT((#6337));
#6337 = SURFACE_STYLE_USAGE(.BOTH.,#6338);
#6338 = SURFACE_SIDE_STYLE('',(#6339));
#6339 = SURFACE_STYLE_FILL_AREA(#6340);
#6340 = FILL_AREA_STYLE('',(#6341));
#6341 = FILL_AREA_STYLE_COLOUR('',#5662);
#6342 = STYLED_ITEM('color',(#6343),#4496);
#6343 = PRESENTATION_STYLE_ASSIGNMENT((#6344));
#6344 = SURFACE_STYLE_USAGE(.BOTH.,#6345);
#6345 = SURFACE_SIDE_STYLE('',(#6346));
#6346 = SURFACE_STYLE_FILL_AREA(#6347);
#6347 = FILL_AREA_STYLE('',(#6348));
#6348 = FILL_AREA_STYLE_COLOUR('',#5662);
#6349 = STYLED_ITEM('color',(#6350),#4520);
#6350 = PRESENTATION_STYLE_ASSIGNMENT((#6351));
#6351 = SURFACE_STYLE_USAGE(.BOTH.,#6352);
#6352 = SURFACE_SIDE_STYLE('',(#6353));
#6353 = SURFACE_STYLE_FILL_AREA(#6354);
#6354 = FILL_AREA_STYLE('',(#6355));
#6355 = FILL_AREA_STYLE_COLOUR('',#5662);
#6356 = STYLED_ITEM('color',(#6357),#4537);
#6357 = PRESENTATION_STYLE_ASSIGNMENT((#6358));
#6358 = SURFACE_STYLE_USAGE(.BOTH.,#6359);
#6359 = SURFACE_SIDE_STYLE('',(#6360));
#6360 = SURFACE_STYLE_FILL_AREA(#6361);
#6361 = FILL_AREA_STYLE('',(#6362));
#6362 = FILL_AREA_STYLE_COLOUR('',#5662);
#6363 = STYLED_ITEM('color',(#6364),#4549);
#6364 = PRESENTATION_STYLE_ASSIGNMENT((#6365));
#6365 = SURFACE_STYLE_USAGE(.BOTH.,#6366);
#6366 = SURFACE_SIDE_STYLE('',(#6367));
#6367 = SURFACE_STYLE_FILL_AREA(#6368);
#6368 = FILL_AREA_STYLE('',(#6369));
#6369 = FILL_AREA_STYLE_COLOUR('',#5662);
#6370 = STYLED_ITEM('color',(#6371),#4561);
#6371 = PRESENTATION_STYLE_ASSIGNMENT((#6372));
#6372 = SURFACE_STYLE_USAGE(.BOTH.,#6373);
#6373 = SURFACE_SIDE_STYLE('',(#6374));
#6374 = SURFACE_STYLE_FILL_AREA(#6375);
#6375 = FILL_AREA_STYLE('',(#6376));
#6376 = FILL_AREA_STYLE_COLOUR('',#5662);
#6377 = STYLED_ITEM('color',(#6378),#4573);
#6378 = PRESENTATION_STYLE_ASSIGNMENT((#6379));
#6379 = SURFACE_STYLE_USAGE(.BOTH.,#6380);
#6380 = SURFACE_SIDE_STYLE('',(#6381));
#6381 = SURFACE_STYLE_FILL_AREA(#6382);
#6382 = FILL_AREA_STYLE('',(#6383));
#6383 = FILL_AREA_STYLE_COLOUR('',#5662);
#6384 = STYLED_ITEM('color',(#6385),#4585);
#6385 = PRESENTATION_STYLE_ASSIGNMENT((#6386));
#6386 = SURFACE_STYLE_USAGE(.BOTH.,#6387);
#6387 = SURFACE_SIDE_STYLE('',(#6388));
#6388 = SURFACE_STYLE_FILL_AREA(#6389);
#6389 = FILL_AREA_STYLE('',(#6390));
#6390 = FILL_AREA_STYLE_COLOUR('',#5662);
#6391 = STYLED_ITEM('color',(#6392),#4597);
#6392 = PRESENTATION_STYLE_ASSIGNMENT((#6393));
#6393 = SURFACE_STYLE_USAGE(.BOTH.,#6394);
#6394 = SURFACE_SIDE_STYLE('',(#6395));
#6395 = SURFACE_STYLE_FILL_AREA(#6396);
#6396 = FILL_AREA_STYLE('',(#6397));
#6397 = FILL_AREA_STYLE_COLOUR('',#5662);
#6398 = STYLED_ITEM('color',(#6399),#4609);
#6399 = PRESENTATION_STYLE_ASSIGNMENT((#6400));
#6400 = SURFACE_STYLE_USAGE(.BOTH.,#6401);
#6401 = SURFACE_SIDE_STYLE('',(#6402));
#6402 = SURFACE_STYLE_FILL_AREA(#6403);
#6403 = FILL_AREA_STYLE('',(#6404));
#6404 = FILL_AREA_STYLE_COLOUR('',#5662);
#6405 = STYLED_ITEM('color',(#6406),#4621);
#6406 = PRESENTATION_STYLE_ASSIGNMENT((#6407));
#6407 = SURFACE_STYLE_USAGE(.BOTH.,#6408);
#6408 = SURFACE_SIDE_STYLE('',(#6409));
#6409 = SURFACE_STYLE_FILL_AREA(#6410);
#6410 = FILL_AREA_STYLE('',(#6411));
#6411 = FILL_AREA_STYLE_COLOUR('',#5662);
#6412 = STYLED_ITEM('color',(#6413),#4633);
#6413 = PRESENTATION_STYLE_ASSIGNMENT((#6414));
#6414 = SURFACE_STYLE_USAGE(.BOTH.,#6415);
#6415 = SURFACE_SIDE_STYLE('',(#6416));
#6416 = SURFACE_STYLE_FILL_AREA(#6417);
#6417 = FILL_AREA_STYLE('',(#6418));
#6418 = FILL_AREA_STYLE_COLOUR('',#5662);
#6419 = STYLED_ITEM('color',(#6420),#4645);
#6420 = PRESENTATION_STYLE_ASSIGNMENT((#6421));
#6421 = SURFACE_STYLE_USAGE(.BOTH.,#6422);
#6422 = SURFACE_SIDE_STYLE('',(#6423));
#6423 = SURFACE_STYLE_FILL_AREA(#6424);
#6424 = FILL_AREA_STYLE('',(#6425));
#6425 = FILL_AREA_STYLE_COLOUR('',#5662);
#6426 = MECHANICAL_DESIGN_GEOMETRIC_PRESENTATION_REPRESENTATION('',(
    #6427),#5411);
#6427 = STYLED_ITEM('color',(#6428),#4676);
#6428 = PRESENTATION_STYLE_ASSIGNMENT((#6429));
#6429 = SURFACE_STYLE_USAGE(.BOTH.,#6430);
#6430 = SURFACE_SIDE_STYLE('',(#6431));
#6431 = SURFACE_STYLE_FILL_AREA(#6432);
#6432 = FILL_AREA_STYLE('',(#6433));
#6433 = FILL_AREA_STYLE_COLOUR('',#6434);
#6434 = COLOUR_RGB('',0.313304153717,0.484529207832,0.410020903123);
#6435 = MECHANICAL_DESIGN_GEOMETRIC_PRESENTATION_REPRESENTATION('',(
    #6436,#6444,#6451,#6458,#6465,#6472,#6479,#6487,#6494,#6501,#6508,
    #6515,#6522,#6529,#6536,#6543),#501);
#6436 = STYLED_ITEM('color',(#6437),#78);
#6437 = PRESENTATION_STYLE_ASSIGNMENT((#6438));
#6438 = SURFACE_STYLE_USAGE(.BOTH.,#6439);
#6439 = SURFACE_SIDE_STYLE('',(#6440));
#6440 = SURFACE_STYLE_FILL_AREA(#6441);
#6441 = FILL_AREA_STYLE('',(#6442));
#6442 = FILL_AREA_STYLE_COLOUR('',#6443);
#6443 = COLOUR_RGB('',0.699999984889,9.999999991362E-02,
  5.000000142576E-02);
#6444 = STYLED_ITEM('color',(#6445),#105);
#6445 = PRESENTATION_STYLE_ASSIGNMENT((#6446));
#6446 = SURFACE_STYLE_USAGE(.BOTH.,#6447);
#6447 = SURFACE_SIDE_STYLE('',(#6448));
#6448 = SURFACE_STYLE_FILL_AREA(#6449);
#6449 = FILL_AREA_STYLE('',(#6450));
#6450 = FILL_AREA_STYLE_COLOUR('',#6443);
#6451 = STYLED_ITEM('color',(#6452),#130);
#6452 = PRESENTATION_STYLE_ASSIGNMENT((#6453));
#6453 = SURFACE_STYLE_USAGE(.BOTH.,#6454);
#6454 = SURFACE_SIDE_STYLE('',(#6455));
#6455 = SURFACE_STYLE_FILL_AREA(#6456);
#6456 = FILL_AREA_STYLE('',(#6457));
#6457 = FILL_AREA_STYLE_COLOUR('',#6443);
#6458 = STYLED_ITEM('color',(#6459),#158);
#6459 = PRESENTATION_STYLE_ASSIGNMENT((#6460));
#6460 = SURFACE_STYLE_USAGE(.BOTH.,#6461);
#6461 = SURFACE_SIDE_STYLE('',(#6462));
#6462 = SURFACE_STYLE_FILL_AREA(#6463);
#6463 = FILL_AREA_STYLE('',(#6464));
#6464 = FILL_AREA_STYLE_COLOUR('',#6443);
#6465 = STYLED_ITEM('color',(#6466),#190);
#6466 = PRESENTATION_STYLE_ASSIGNMENT((#6467));
#6467 = SURFACE_STYLE_USAGE(.BOTH.,#6468);
#6468 = SURFACE_SIDE_STYLE('',(#6469));
#6469 = SURFACE_STYLE_FILL_AREA(#6470);
#6470 = FILL_AREA_STYLE('',(#6471));
#6471 = FILL_AREA_STYLE_COLOUR('',#6443);
#6472 = STYLED_ITEM('color',(#6473),#207);
#6473 = PRESENTATION_STYLE_ASSIGNMENT((#6474));
#6474 = SURFACE_STYLE_USAGE(.BOTH.,#6475);
#6475 = SURFACE_SIDE_STYLE('',(#6476));
#6476 = SURFACE_STYLE_FILL_AREA(#6477);
#6477 = FILL_AREA_STYLE('',(#6478));
#6478 = FILL_AREA_STYLE_COLOUR('',#6443);
#6479 = STYLED_ITEM('color',(#6480),#285);
#6480 = PRESENTATION_STYLE_ASSIGNMENT((#6481));
#6481 = SURFACE_STYLE_USAGE(.BOTH.,#6482);
#6482 = SURFACE_SIDE_STYLE('',(#6483));
#6483 = SURFACE_STYLE_FILL_AREA(#6484);
#6484 = FILL_AREA_STYLE('',(#6485));
#6485 = FILL_AREA_STYLE_COLOUR('',#6486);
#6486 = COLOUR_RGB('',0.823999987314,0.819999987296,0.781000009244);
#6487 = STYLED_ITEM('color',(#6488),#316);
#6488 = PRESENTATION_STYLE_ASSIGNMENT((#6489));
#6489 = SURFACE_STYLE_USAGE(.BOTH.,#6490);
#6490 = SURFACE_SIDE_STYLE('',(#6491));
#6491 = SURFACE_STYLE_FILL_AREA(#6492);
#6492 = FILL_AREA_STYLE('',(#6493));
#6493 = FILL_AREA_STYLE_COLOUR('',#6486);
#6494 = STYLED_ITEM('color',(#6495),#340);
#6495 = PRESENTATION_STYLE_ASSIGNMENT((#6496));
#6496 = SURFACE_STYLE_USAGE(.BOTH.,#6497);
#6497 = SURFACE_SIDE_STYLE('',(#6498));
#6498 = SURFACE_STYLE_FILL_AREA(#6499);
#6499 = FILL_AREA_STYLE('',(#6500));
#6500 = FILL_AREA_STYLE_COLOUR('',#6486);
#6501 = STYLED_ITEM('color',(#6502),#364);
#6502 = PRESENTATION_STYLE_ASSIGNMENT((#6503));
#6503 = SURFACE_STYLE_USAGE(.BOTH.,#6504);
#6504 = SURFACE_SIDE_STYLE('',(#6505));
#6505 = SURFACE_STYLE_FILL_AREA(#6506);
#6506 = FILL_AREA_STYLE('',(#6507));
#6507 = FILL_AREA_STYLE_COLOUR('',#6486);
#6508 = STYLED_ITEM('color',(#6509),#381);
#6509 = PRESENTATION_STYLE_ASSIGNMENT((#6510));
#6510 = SURFACE_STYLE_USAGE(.BOTH.,#6511);
#6511 = SURFACE_SIDE_STYLE('',(#6512));
#6512 = SURFACE_STYLE_FILL_AREA(#6513);
#6513 = FILL_AREA_STYLE('',(#6514));
#6514 = FILL_AREA_STYLE_COLOUR('',#6486);
#6515 = STYLED_ITEM('color',(#6516),#412);
#6516 = PRESENTATION_STYLE_ASSIGNMENT((#6517));
#6517 = SURFACE_STYLE_USAGE(.BOTH.,#6518);
#6518 = SURFACE_SIDE_STYLE('',(#6519));
#6519 = SURFACE_STYLE_FILL_AREA(#6520);
#6520 = FILL_AREA_STYLE('',(#6521));
#6521 = FILL_AREA_STYLE_COLOUR('',#6486);
#6522 = STYLED_ITEM('color',(#6523),#436);
#6523 = PRESENTATION_STYLE_ASSIGNMENT((#6524));
#6524 = SURFACE_STYLE_USAGE(.BOTH.,#6525);
#6525 = SURFACE_SIDE_STYLE('',(#6526));
#6526 = SURFACE_STYLE_FILL_AREA(#6527);
#6527 = FILL_AREA_STYLE('',(#6528));
#6528 = FILL_AREA_STYLE_COLOUR('',#6486);
#6529 = STYLED_ITEM('color',(#6530),#460);
#6530 = PRESENTATION_STYLE_ASSIGNMENT((#6531));
#6531 = SURFACE_STYLE_USAGE(.BOTH.,#6532);
#6532 = SURFACE_SIDE_STYLE('',(#6533));
#6533 = SURFACE_STYLE_FILL_AREA(#6534);
#6534 = FILL_AREA_STYLE('',(#6535));
#6535 = FILL_AREA_STYLE_COLOUR('',#6486);
#6536 = STYLED_ITEM('color',(#6537),#477);
#6537 = PRESENTATION_STYLE_ASSIGNMENT((#6538));
#6538 = SURFACE_STYLE_USAGE(.BOTH.,#6539);
#6539 = SURFACE_SIDE_STYLE('',(#6540));
#6540 = SURFACE_STYLE_FILL_AREA(#6541);
#6541 = FILL_AREA_STYLE('',(#6542));
#6542 = FILL_AREA_STYLE_COLOUR('',#6486);
#6543 = STYLED_ITEM('color',(#6544),#489);
#6544 = PRESENTATION_STYLE_ASSIGNMENT((#6545));
#6545 = SURFACE_STYLE_USAGE(.BOTH.,#6546);
#6546 = SURFACE_SIDE_STYLE('',(#6547));
#6547 = SURFACE_STYLE_FILL_AREA(#6548);
#6548 = FILL_AREA_STYLE('',(#6549));
#6549 = FILL_AREA_STYLE_COLOUR('',#6486);
ENDSEC;
END-ISO-10303-21;
