ISO-10303-21;
HEADER;
FILE_DESCRIPTION(('KiCad electronic assembly'),'2;1');
FILE_NAME('IR_encoder.step','2026-09-24T15:21:20',('Pcbnew'),('Kicad'),
  'Open CASCADE STEP processor 7.6','KiCad to STEP converter','Unknown'
  );
FILE_SCHEMA(('AUTOMOTIVE_DESIGN { 1 0 10303 214 1 1 1 1 }'));
ENDSEC;
DATA;
#1 = APPLICATION_PROTOCOL_DEFINITION('international standard',
  'automotive_design',2000,#2);
#2 = APPLICATION_CONTEXT(
  'core data for automotive mechanical design processes');
#3 = SHAPE_DEFINITION_REPRESENTATION(#4,#10);
#4 = PRODUCT_DEFINITION_SHAPE('','',#5);
#5 = PRODUCT_DEFINITION('design','',#6,#9);
#6 = PRODUCT_DEFINITION_FORMATION('','',#7);
#7 = PRODUCT('IR_encoder 1','IR_encoder 1','',(#8));
#8 = PRODUCT_CONTEXT('',#2,'mechanical');
#9 = PRODUCT_DEFINITION_CONTEXT('part definition',#2,'design');
#10 = SHAPE_REPRESENTATION('',(#11,#15,#19,#23),#27);
#11 = AXIS2_PLACEMENT_3D('',#12,#13,#14);
#12 = CARTESIAN_POINT('',(0.,0.,0.));
#13 = DIRECTION('',(0.,0.,1.));
#14 = DIRECTION('',(1.,0.,-0.));
#15 = AXIS2_PLACEMENT_3D('',#16,#17,#18);
#16 = CARTESIAN_POINT('',(138.555,-93.875,5.095));
#17 = DIRECTION('',(-1.224646799147E-16,1.359631073447E-32,-1.));
#18 = DIRECTION('',(1.110223024625E-16,1.,0.));
#19 = AXIS2_PLACEMENT_3D('',#20,#21,#22);
#20 = CARTESIAN_POINT('',(134.495,-79.325,-8.5E-02));
#21 = DIRECTION('',(0.,-1.224646799147E-16,-1.));
#22 = DIRECTION('',(1.,0.,0.));
#23 = AXIS2_PLACEMENT_3D('',#24,#25,#26);
#24 = CARTESIAN_POINT('',(0.,0.,0.));
#25 = DIRECTION('',(0.,0.,1.));
#26 = DIRECTION('',(1.,0.,-0.));
#27 = ( GEOMETRIC_REPRESENTATION_CONTEXT(3) 
GLOBAL_UNCERTAINTY_ASSIGNED_CONTEXT((#31)) GLOBAL_UNIT_ASSIGNED_CONTEXT(
(#28,#29,#30)) REPRESENTATION_CONTEXT('Context #1',
  '3D Context with UNIT and UNCERTAINTY') );
#28 = ( LENGTH_UNIT() NAMED_UNIT(*) SI_UNIT(.MILLI.,.METRE.) );
#29 = ( NAMED_UNIT(*) PLANE_ANGLE_UNIT() SI_UNIT($,.RADIAN.) );
#30 = ( NAMED_UNIT(*) SI_UNIT($,.STERADIAN.) SOLID_ANGLE_UNIT() );
#31 = UNCERTAINTY_MEASURE_WITH_UNIT(LENGTH_MEASURE(5.E-06),#28,
  'distance_accuracy_value','confusion accuracy');
#32 = PRODUCT_RELATED_PRODUCT_CATEGORY('part',$,(#7));
#33 = SHAPE_DEFINITION_REPRESENTATION(#34,#40);
#34 = PRODUCT_DEFINITION_SHAPE('','',#35);
#35 = PRODUCT_DEFINITION('design','',#36,#39);
#36 = PRODUCT_DEFINITION_FORMATION('','',#37);
#37 = PRODUCT('EC11E183440C','EC11E183440C','',(#38));
#38 = PRODUCT_CONTEXT('',#2,'mechanical');
#39 = PRODUCT_DEFINITION_CONTEXT('part definition',#2,'design');
#40 = SHAPE_REPRESENTATION('',(#11,#41),#45);
#41 = AXIS2_PLACEMENT_3D('',#42,#43,#44);
#42 = CARTESIAN_POINT('',(0.,0.,0.));
#43 = DIRECTION('',(0.,0.,1.));
#44 = DIRECTION('',(1.,0.,-0.));
#45 = ( GEOMETRIC_REPRESENTATION_CONTEXT(3) 
GLOBAL_UNCERTAINTY_ASSIGNED_CONTEXT((#49)) GLOBAL_UNIT_ASSIGNED_CONTEXT(
(#46,#47,#48)) REPRESENTATION_CONTEXT('Context #1',
  '3D Context with UNIT and UNCERTAINTY') );
#46 = ( LENGTH_UNIT() NAMED_UNIT(*) SI_UNIT(.MILLI.,.METRE.) );
#47 = ( NAMED_UNIT(*) PLANE_ANGLE_UNIT() SI_UNIT($,.RADIAN.) );
#48 = ( NAMED_UNIT(*) SI_UNIT($,.STERADIAN.) SOLID_ANGLE_UNIT() );
#49 = UNCERTAINTY_MEASURE_WITH_UNIT(LENGTH_MEASURE(5.E-06),#46,
  'distance_accuracy_value','confusion accuracy');
#50 = CONTEXT_DEPENDENT_SHAPE_REPRESENTATION(#51,#53);
#51 = ( REPRESENTATION_RELATIONSHIP('','',#40,#10) 
REPRESENTATION_RELATIONSHIP_WITH_TRANSFORMATION(#52) 
SHAPE_REPRESENTATION_RELATIONSHIP() );
#52 = ITEM_DEFINED_TRANSFORMATION('','',#11,#15);
#53 = PRODUCT_DEFINITION_SHAPE('Placement','Placement of an item',#54);
#54 = NEXT_ASSEMBLY_USAGE_OCCURRENCE('2','SW1','',#5,#35,$);
#55 = PRODUCT_RELATED_PRODUCT_CATEGORY('part',$,(#37));
#56 = SHAPE_DEFINITION_REPRESENTATION(#57,#63);
#57 = PRODUCT_DEFINITION_SHAPE('','',#58);
#58 = PRODUCT_DEFINITION('design','',#59,#62);
#59 = PRODUCT_DEFINITION_FORMATION('','',#60);
#60 = PRODUCT('EC11E183440C','EC11E183440C','',(#61));
#61 = PRODUCT_CONTEXT('',#2,'mechanical');
#62 = PRODUCT_DEFINITION_CONTEXT('part definition',#2,'design');
#63 = ADVANCED_BREP_SHAPE_REPRESENTATION('',(#11,#64),#13829);
#64 = MANIFOLD_SOLID_BREP('',#65);
#65 = CLOSED_SHELL('',(#66,#125,#167,#209,#251,#293,#335,#377,#419,#478,
    #535,#590,#634,#676,#718,#760,#804,#836,#880,#922,#950,#1006,#1062,
    #1118,#1174,#1205,#1236,#1267,#1298,#1340,#1531,#1564,#1606,#1797,
    #1830,#1848,#1866,#1884,#1940,#1996,#2036,#2067,#2107,#2138,#2178,
    #2218,#2258,#2315,#2348,#2372,#2398,#2423,#2449,#2473,#2499,#2519,
    #2575,#2591,#2622,#2653,#2677,#2695,#2719,#2752,#2792,#2823,#2846,
    #2875,#2915,#2946,#2977,#3017,#3048,#3080,#3103,#3143,#3174,#3205,
    #3245,#3276,#3316,#3347,#3378,#3418,#3458,#3498,#3538,#3569,#3609,
    #3690,#3730,#3761,#3792,#3823,#3854,#3879,#3904,#3929,#3954,#3979,
    #4004,#4023,#4054,#4072,#4096,#4120,#4144,#4177,#4195,#4237,#4270,
    #4295,#4314,#4339,#4370,#4401,#4420,#4445,#4471,#4495,#4514,#4540,
    #4559,#4590,#4609,#4634,#4660,#4684,#4703,#4729,#4748,#4781,#4805,
    #4831,#4856,#4875,#4908,#4934,#4954,#4980,#5005,#5031,#5055,#5081,
    #5108,#5127,#5160,#5184,#5208,#5232,#5250,#5274,#5298,#5322,#5340,
    #5360,#5385,#5410,#5441,#5472,#5496,#5520,#5551,#5623,#5647,#5665,
    #5705,#5729,#5746,#5770,#5803,#5843,#5876,#5901,#5928,#5953,#5978,
    #6003,#6030,#6047,#6080,#6105,#6132,#6157,#6182,#6207,#6234,#6251,
    #6282,#6307,#6332,#6357,#6374,#6414,#6447,#6469,#6494,#6513,#6538,
    #6563,#6588,#6613,#6638,#6663,#6680,#6711,#6744,#6775,#6827,#6844,
    #6868,#6892,#6925,#6965,#6997,#7025,#7050,#7071,#7113,#7153,#7192,
    #7232,#7263,#7305,#7347,#7387,#7426,#7466,#7497,#7528,#7576,#7607,
    #7649,#7689,#7729,#7768,#7799,#7830,#7870,#7901,#7932,#7963,#8004,
    #8028,#8061,#8108,#8133,#8150,#8175,#8206,#8239,#8286,#8310,#8341,
    #8381,#8405,#8436,#8476,#8507,#8541,#8572,#8596,#8621,#8645,#8669,
    #8693,#8718,#8735,#8766,#8790,#8815,#8839,#8863,#8887,#8912,#8929,
    #8969,#9000,#9031,#9062,#9086,#9110,#9141,#9165,#9189,#9220,#9251,
    #9282,#9313,#9330,#9354,#9378,#9402,#9420,#9447,#9471,#9498,#9516,
    #9547,#9574,#9592,#9616,#9640,#9664,#9682,#9702,#9733,#9757,#9781,
    #9798,#9829,#9853,#9877,#9908,#9932,#9956,#9996,#10027,#10058,#10089
    ,#10120,#10151,#10182,#10199,#10216,#10241,#10266,#10297,#10337,
    #10368,#10415,#10439,#10479,#10503,#10534,#10574,#10605,#10645,
    #10676,#10710,#10741,#10758,#10775,#10815,#10846,#10877,#11001,
    #11025,#11065,#11096,#11127,#11158,#11199,#11223,#11256,#11291,
    #11324,#11357,#11382,#11405,#11429,#11446,#11475,#11500,#11528,
    #11552,#11571,#11588,#11614,#11638,#11667,#11692,#11718,#11735,
    #11759,#11785,#11802,#11833,#11857,#11883,#11907,#11931,#11948,
    #11972,#11996,#12013,#12037,#12061,#12078,#12102,#12126,#12143,
    #12203,#12237,#12259,#12276,#12300,#12331,#12365,#12389,#12413,
    #12430,#12454,#12478,#12495,#12519,#12543,#12560,#12584,#12608,
    #12625,#12695,#12721,#12738,#12760,#12786,#12803,#12829,#12853,
    #12882,#12907,#12933,#12950,#12974,#12993,#13005,#13018,#13031,
    #13049,#13067,#13091,#13108,#13137,#13162,#13190,#13207,#13268,
    #13298,#13320,#13342,#13354,#13371,#13388,#13405,#13459,#13481,
    #13503,#13515,#13532,#13543,#13560,#13577,#13637,#13657,#13683,
    #13695,#13720,#13744,#13796,#13815));
#66 = ADVANCED_FACE('',(#67),#120,.T.);
#67 = FACE_BOUND('',#68,.T.);
#68 = EDGE_LOOP('',(#69,#80,#88,#97,#105,#114));
#69 = ORIENTED_EDGE('',*,*,#70,.T.);
#70 = EDGE_CURVE('',#71,#73,#75,.T.);
#71 = VERTEX_POINT('',#72);
#72 = CARTESIAN_POINT('',(-2.598076211353,1.5,-19.9));
#73 = VERTEX_POINT('',#74);
#74 = CARTESIAN_POINT('',(2.879510537272E-15,-3.,-19.9));
#75 = CIRCLE('',#76,3.);
#76 = AXIS2_PLACEMENT_3D('',#77,#78,#79);
#77 = CARTESIAN_POINT('',(2.712989217176E-15,3.973210569407E-16,-19.9));
#78 = DIRECTION('',(-1.364693990914E-16,-2.428770277436E-32,1.));
#79 = DIRECTION('',(-1.779717866135E-16,1.,-1.368455531567E-47));
#80 = ORIENTED_EDGE('',*,*,#81,.T.);
#81 = EDGE_CURVE('',#73,#82,#84,.T.);
#82 = VERTEX_POINT('',#83);
#83 = CARTESIAN_POINT('',(2.197163541816E-15,-3.,-9.9));
#84 = LINE('',#85,#86);
#85 = CARTESIAN_POINT('',(-1.066053575296E-16,-3.,1.981212306082));
#86 = VECTOR('',#87,1.);
#87 = DIRECTION('',(-1.364693990914E-16,-2.428770277436E-32,1.));
#88 = ORIENTED_EDGE('',*,*,#89,.F.);
#89 = EDGE_CURVE('',#90,#82,#92,.T.);
#90 = VERTEX_POINT('',#91);
#91 = CARTESIAN_POINT('',(1.496726861879E-15,3.,-9.9));
#92 = CIRCLE('',#93,3.);
#93 = AXIS2_PLACEMENT_3D('',#94,#95,#96);
#94 = CARTESIAN_POINT('',(1.348295226262E-15,-1.779053918853E-17,-9.9));
#95 = DIRECTION('',(0.,-1.897114247248E-17,1.));
#96 = DIRECTION('',(-1.,0.,0.));
#97 = ORIENTED_EDGE('',*,*,#98,.F.);
#98 = EDGE_CURVE('',#99,#90,#101,.T.);
#99 = VERTEX_POINT('',#100);
#100 = CARTESIAN_POINT('',(1.496726861879E-15,3.,-10.9));
#101 = LINE('',#102,#103);
#102 = CARTESIAN_POINT('',(-8.070420374663E-16,3.,1.981212306082));
#103 = VECTOR('',#104,1.);
#104 = DIRECTION('',(-1.364693990914E-16,-2.428770277436E-32,1.));
#105 = ORIENTED_EDGE('',*,*,#106,.F.);
#106 = EDGE_CURVE('',#107,#99,#109,.T.);
#107 = VERTEX_POINT('',#108);
#108 = CARTESIAN_POINT('',(-2.598076211353,1.5,-10.9));
#109 = CIRCLE('',#110,3.);
#110 = AXIS2_PLACEMENT_3D('',#111,#112,#113);
#111 = CARTESIAN_POINT('',(1.484764625354E-15,2.265807746884E-16,-10.9)
  );
#112 = DIRECTION('',(0.,1.897114247248E-17,-1.));
#113 = DIRECTION('',(-1.,0.,0.));
#114 = ORIENTED_EDGE('',*,*,#115,.T.);
#115 = EDGE_CURVE('',#107,#71,#116,.T.);
#116 = LINE('',#117,#118);
#117 = CARTESIAN_POINT('',(-2.598076211353,1.5,-10.9));
#118 = VECTOR('',#119,1.);
#119 = DIRECTION('',(1.364693990914E-16,1.897114247248E-17,-1.));
#120 = CYLINDRICAL_SURFACE('',#121,3.);
#121 = AXIS2_PLACEMENT_3D('',#122,#123,#124);
#122 = CARTESIAN_POINT('',(-2.731266776258E-16,-1.779053918853E-17,
    1.981212306082));
#123 = DIRECTION('',(-1.364693990914E-16,-2.428770277436E-32,1.));
#124 = DIRECTION('',(-1.779717866135E-16,1.,-1.368455531567E-47));
#125 = ADVANCED_FACE('',(#126),#162,.T.);
#126 = FACE_BOUND('',#127,.T.);
#127 = EDGE_LOOP('',(#128,#139,#147,#156));
#128 = ORIENTED_EDGE('',*,*,#129,.T.);
#129 = EDGE_CURVE('',#130,#132,#134,.T.);
#130 = VERTEX_POINT('',#131);
#131 = CARTESIAN_POINT('',(-2.5,1.498720255326E-16,-7.9));
#132 = VERTEX_POINT('',#133);
#133 = CARTESIAN_POINT('',(2.5,4.750048677919E-16,-7.9));
#134 = CIRCLE('',#135,2.5);
#135 = AXIS2_PLACEMENT_3D('',#136,#137,#138);
#136 = CARTESIAN_POINT('',(1.078108252822E-15,1.498720255326E-16,-7.9));
#137 = DIRECTION('',(0.,1.897114247248E-17,-1.));
#138 = DIRECTION('',(-1.,0.,0.));
#139 = ORIENTED_EDGE('',*,*,#140,.T.);
#140 = EDGE_CURVE('',#132,#141,#143,.T.);
#141 = VERTEX_POINT('',#142);
#142 = CARTESIAN_POINT('',(2.5,4.750048677919E-16,-9.9));
#143 = LINE('',#144,#145);
#144 = CARTESIAN_POINT('',(2.5,4.560337253194E-16,-7.9));
#145 = VECTOR('',#146,1.);
#146 = DIRECTION('',(1.364693990914E-16,1.897114247248E-17,-1.));
#147 = ORIENTED_EDGE('',*,*,#148,.F.);
#148 = EDGE_CURVE('',#149,#141,#151,.T.);
#149 = VERTEX_POINT('',#150);
#150 = CARTESIAN_POINT('',(-2.5,1.878143104775E-16,-9.9));
#151 = CIRCLE('',#152,2.5);
#152 = AXIS2_PLACEMENT_3D('',#153,#154,#155);
#153 = CARTESIAN_POINT('',(1.351047051005E-15,1.878143104775E-16,-9.9));
#154 = DIRECTION('',(0.,1.897114247248E-17,-1.));
#155 = DIRECTION('',(-1.,0.,0.));
#156 = ORIENTED_EDGE('',*,*,#157,.F.);
#157 = EDGE_CURVE('',#130,#149,#158,.T.);
#158 = LINE('',#159,#160);
#159 = CARTESIAN_POINT('',(-2.5,1.498720255326E-16,-7.9));
#160 = VECTOR('',#161,1.);
#161 = DIRECTION('',(1.364693990914E-16,1.897114247248E-17,-1.));
#162 = CYLINDRICAL_SURFACE('',#163,2.5);
#163 = AXIS2_PLACEMENT_3D('',#164,#165,#166);
#164 = CARTESIAN_POINT('',(1.078108252822E-15,1.498720255326E-16,-7.9));
#165 = DIRECTION('',(0.,1.897114247248E-17,-1.));
#166 = DIRECTION('',(-1.,0.,0.));
#167 = ADVANCED_FACE('',(#168),#204,.T.);
#168 = FACE_BOUND('',#169,.T.);
#169 = EDGE_LOOP('',(#170,#181,#189,#198));
#170 = ORIENTED_EDGE('',*,*,#171,.F.);
#171 = EDGE_CURVE('',#172,#174,#176,.T.);
#172 = VERTEX_POINT('',#173);
#173 = CARTESIAN_POINT('',(2.5,-6.925000001119,1.950000004847));
#174 = VERTEX_POINT('',#175);
#175 = CARTESIAN_POINT('',(2.8,-6.925,2.100000004847));
#176 = CIRCLE('',#177,0.375);
#177 = AXIS2_PLACEMENT_3D('',#178,#179,#180);
#178 = CARTESIAN_POINT('',(2.5,-6.924999998322,2.325000004847));
#179 = DIRECTION('',(0.,-1.,7.457604234319E-09));
#180 = DIRECTION('',(1.,0.,0.));
#181 = ORIENTED_EDGE('',*,*,#182,.T.);
#182 = EDGE_CURVE('',#172,#183,#185,.T.);
#183 = VERTEX_POINT('',#184);
#184 = CARTESIAN_POINT('',(2.5,-6.,1.950000003274));
#185 = LINE('',#186,#187);
#186 = CARTESIAN_POINT('',(2.5,-6.92499999896,1.950000004847));
#187 = VECTOR('',#188,1.);
#188 = DIRECTION('',(2.642297681923E-17,1.,-1.700862993363E-09));
#189 = ORIENTED_EDGE('',*,*,#190,.F.);
#190 = EDGE_CURVE('',#191,#183,#193,.T.);
#191 = VERTEX_POINT('',#192);
#192 = CARTESIAN_POINT('',(2.8,-6.,2.100000003274));
#193 = CIRCLE('',#194,0.375);
#194 = AXIS2_PLACEMENT_3D('',#195,#196,#197);
#195 = CARTESIAN_POINT('',(2.5,-6.,2.325000003274));
#196 = DIRECTION('',(2.642297700216E-17,1.,-9.167311702166E-32));
#197 = DIRECTION('',(3.469446951953E-15,1.094764425254E-47,1.));
#198 = ORIENTED_EDGE('',*,*,#199,.F.);
#199 = EDGE_CURVE('',#174,#191,#200,.T.);
#200 = LINE('',#201,#202);
#201 = CARTESIAN_POINT('',(2.8,-6.925,2.100000004847));
#202 = VECTOR('',#203,1.);
#203 = DIRECTION('',(2.642297681923E-17,1.,-1.700862993363E-09));
#204 = CYLINDRICAL_SURFACE('',#205,0.375);
#205 = AXIS2_PLACEMENT_3D('',#206,#207,#208);
#206 = CARTESIAN_POINT('',(2.5,-6.924999998322,2.325000004847));
#207 = DIRECTION('',(2.642297681923E-17,1.,-1.70086398669E-09));
#208 = DIRECTION('',(2.29588740395E-41,-1.70086398669E-09,-1.));
#209 = ADVANCED_FACE('',(#210),#246,.F.);
#210 = FACE_BOUND('',#211,.F.);
#211 = EDGE_LOOP('',(#212,#222,#231,#239));
#212 = ORIENTED_EDGE('',*,*,#213,.T.);
#213 = EDGE_CURVE('',#214,#216,#218,.T.);
#214 = VERTEX_POINT('',#215);
#215 = CARTESIAN_POINT('',(2.287867967358,-6.925,2.25));
#216 = VERTEX_POINT('',#217);
#217 = CARTESIAN_POINT('',(2.287867965644,-6.,2.25));
#218 = LINE('',#219,#220);
#219 = CARTESIAN_POINT('',(2.287867965644,-6.925,2.25));
#220 = VECTOR('',#221,1.);
#221 = DIRECTION('',(2.642297700216E-17,1.,-8.326672684689E-17));
#222 = ORIENTED_EDGE('',*,*,#223,.F.);
#223 = EDGE_CURVE('',#224,#216,#226,.T.);
#224 = VERTEX_POINT('',#225);
#225 = CARTESIAN_POINT('',(2.5,-6.,2.1));
#226 = CIRCLE('',#227,0.225);
#227 = AXIS2_PLACEMENT_3D('',#228,#229,#230);
#228 = CARTESIAN_POINT('',(2.5,-6.,2.325));
#229 = DIRECTION('',(2.642297700216E-17,1.,-5.092950945648E-32));
#230 = DIRECTION('',(1.927470528863E-15,2.189528850508E-47,1.));
#231 = ORIENTED_EDGE('',*,*,#232,.F.);
#232 = EDGE_CURVE('',#233,#224,#235,.T.);
#233 = VERTEX_POINT('',#234);
#234 = CARTESIAN_POINT('',(2.5,-6.925,2.1));
#235 = LINE('',#236,#237);
#236 = CARTESIAN_POINT('',(2.5,-6.925,2.1));
#237 = VECTOR('',#238,1.);
#238 = DIRECTION('',(2.642297700216E-17,1.,-8.326672684689E-17));
#239 = ORIENTED_EDGE('',*,*,#240,.F.);
#240 = EDGE_CURVE('',#214,#233,#241,.T.);
#241 = CIRCLE('',#242,0.225);
#242 = AXIS2_PLACEMENT_3D('',#243,#244,#245);
#243 = CARTESIAN_POINT('',(2.5,-6.925,2.325));
#244 = DIRECTION('',(0.,-1.,-1.739702674454E-14));
#245 = DIRECTION('',(1.,0.,0.));
#246 = CYLINDRICAL_SURFACE('',#247,0.225);
#247 = AXIS2_PLACEMENT_3D('',#248,#249,#250);
#248 = CARTESIAN_POINT('',(2.5,-6.925,2.325));
#249 = DIRECTION('',(2.642297700216E-17,1.,0.));
#250 = DIRECTION('',(0.,0.,-1.));
#251 = ADVANCED_FACE('',(#252),#288,.T.);
#252 = FACE_BOUND('',#253,.T.);
#253 = EDGE_LOOP('',(#254,#265,#273,#282));
#254 = ORIENTED_EDGE('',*,*,#255,.T.);
#255 = EDGE_CURVE('',#256,#258,#260,.T.);
#256 = VERTEX_POINT('',#257);
#257 = CARTESIAN_POINT('',(-2.200000003636,-6.925,2.1));
#258 = VERTEX_POINT('',#259);
#259 = CARTESIAN_POINT('',(-2.5,-6.925000001119,1.950000004847));
#260 = CIRCLE('',#261,0.375);
#261 = AXIS2_PLACEMENT_3D('',#262,#263,#264);
#262 = CARTESIAN_POINT('',(-2.5,-6.924999998322,2.325000004847));
#263 = DIRECTION('',(0.,1.,-7.457604234319E-09));
#264 = DIRECTION('',(-1.,0.,0.));
#265 = ORIENTED_EDGE('',*,*,#266,.T.);
#266 = EDGE_CURVE('',#258,#267,#269,.T.);
#267 = VERTEX_POINT('',#268);
#268 = CARTESIAN_POINT('',(-2.5,-6.,1.950000003274));
#269 = LINE('',#270,#271);
#270 = CARTESIAN_POINT('',(-2.5,-6.92499999896,1.950000004847));
#271 = VECTOR('',#272,1.);
#272 = DIRECTION('',(2.642297681923E-17,1.,-1.700862993363E-09));
#273 = ORIENTED_EDGE('',*,*,#274,.T.);
#274 = EDGE_CURVE('',#267,#275,#277,.T.);
#275 = VERTEX_POINT('',#276);
#276 = CARTESIAN_POINT('',(-2.2,-6.,2.100000003274));
#277 = CIRCLE('',#278,0.375);
#278 = AXIS2_PLACEMENT_3D('',#279,#280,#281);
#279 = CARTESIAN_POINT('',(-2.5,-6.,2.325000003274));
#280 = DIRECTION('',(-2.642297700216E-17,-1.,0.));
#281 = DIRECTION('',(0.,0.,1.));
#282 = ORIENTED_EDGE('',*,*,#283,.F.);
#283 = EDGE_CURVE('',#256,#275,#284,.T.);
#284 = LINE('',#285,#286);
#285 = CARTESIAN_POINT('',(-2.2,-6.925,2.100000004847));
#286 = VECTOR('',#287,1.);
#287 = DIRECTION('',(2.642297681923E-17,1.,-1.700862993363E-09));
#288 = CYLINDRICAL_SURFACE('',#289,0.375);
#289 = AXIS2_PLACEMENT_3D('',#290,#291,#292);
#290 = CARTESIAN_POINT('',(-2.5,-6.924999998322,2.325000004847));
#291 = DIRECTION('',(2.642297681923E-17,1.,-1.70086398669E-09));
#292 = DIRECTION('',(2.29588740395E-41,-1.70086398669E-09,-1.));
#293 = ADVANCED_FACE('',(#294),#330,.F.);
#294 = FACE_BOUND('',#295,.F.);
#295 = EDGE_LOOP('',(#296,#306,#315,#323));
#296 = ORIENTED_EDGE('',*,*,#297,.T.);
#297 = EDGE_CURVE('',#298,#300,#302,.T.);
#298 = VERTEX_POINT('',#299);
#299 = CARTESIAN_POINT('',(-2.712132032642,-6.925,2.25));
#300 = VERTEX_POINT('',#301);
#301 = CARTESIAN_POINT('',(-2.712132034356,-6.,2.25));
#302 = LINE('',#303,#304);
#303 = CARTESIAN_POINT('',(-2.712132034356,-6.925,2.25));
#304 = VECTOR('',#305,1.);
#305 = DIRECTION('',(2.642297700216E-17,1.,-8.326672684689E-17));
#306 = ORIENTED_EDGE('',*,*,#307,.T.);
#307 = EDGE_CURVE('',#300,#308,#310,.T.);
#308 = VERTEX_POINT('',#309);
#309 = CARTESIAN_POINT('',(-2.5,-6.,2.1));
#310 = CIRCLE('',#311,0.225);
#311 = AXIS2_PLACEMENT_3D('',#312,#313,#314);
#312 = CARTESIAN_POINT('',(-2.5,-6.,2.325));
#313 = DIRECTION('',(-2.642297700216E-17,-1.,0.));
#314 = DIRECTION('',(0.,0.,1.));
#315 = ORIENTED_EDGE('',*,*,#316,.F.);
#316 = EDGE_CURVE('',#317,#308,#319,.T.);
#317 = VERTEX_POINT('',#318);
#318 = CARTESIAN_POINT('',(-2.5,-6.925,2.1));
#319 = LINE('',#320,#321);
#320 = CARTESIAN_POINT('',(-2.5,-6.925,2.1));
#321 = VECTOR('',#322,1.);
#322 = DIRECTION('',(2.642297700216E-17,1.,-8.326672684689E-17));
#323 = ORIENTED_EDGE('',*,*,#324,.T.);
#324 = EDGE_CURVE('',#317,#298,#325,.T.);
#325 = CIRCLE('',#326,0.225);
#326 = AXIS2_PLACEMENT_3D('',#327,#328,#329);
#327 = CARTESIAN_POINT('',(-2.5,-6.925,2.325));
#328 = DIRECTION('',(0.,1.,1.739702674454E-14));
#329 = DIRECTION('',(-1.,0.,0.));
#330 = CYLINDRICAL_SURFACE('',#331,0.225);
#331 = AXIS2_PLACEMENT_3D('',#332,#333,#334);
#332 = CARTESIAN_POINT('',(-2.5,-6.925,2.325));
#333 = DIRECTION('',(2.642297700216E-17,1.,0.));
#334 = DIRECTION('',(0.,0.,-1.));
#335 = ADVANCED_FACE('',(#336),#372,.T.);
#336 = FACE_BOUND('',#337,.T.);
#337 = EDGE_LOOP('',(#338,#349,#357,#366));
#338 = ORIENTED_EDGE('',*,*,#339,.T.);
#339 = EDGE_CURVE('',#340,#342,#344,.T.);
#340 = VERTEX_POINT('',#341);
#341 = CARTESIAN_POINT('',(0.299999998182,-6.925,2.1));
#342 = VERTEX_POINT('',#343);
#343 = CARTESIAN_POINT('',(-5.339778716207E-16,-6.925000001119,
    1.950000002424));
#344 = CIRCLE('',#345,0.375);
#345 = AXIS2_PLACEMENT_3D('',#346,#347,#348);
#346 = CARTESIAN_POINT('',(-4.936455507303E-16,-6.924999998322,
    2.325000002424));
#347 = DIRECTION('',(0.,1.,-7.457604678408E-09));
#348 = DIRECTION('',(-1.,0.,0.));
#349 = ORIENTED_EDGE('',*,*,#350,.T.);
#350 = EDGE_CURVE('',#342,#351,#353,.T.);
#351 = VERTEX_POINT('',#352);
#352 = CARTESIAN_POINT('',(-5.25720691278E-16,-6.3,1.950000002424));
#353 = LINE('',#354,#355);
#354 = CARTESIAN_POINT('',(-5.339778715468E-16,-6.924999998322,
    1.950000002424));
#355 = VECTOR('',#356,1.);
#356 = DIRECTION('',(2.642297700216E-17,1.,-8.326672684689E-17));
#357 = ORIENTED_EDGE('',*,*,#358,.T.);
#358 = EDGE_CURVE('',#351,#359,#361,.T.);
#359 = VERTEX_POINT('',#360);
#360 = CARTESIAN_POINT('',(0.3,-6.3,2.100000002424));
#361 = CIRCLE('',#362,0.375);
#362 = AXIS2_PLACEMENT_3D('',#363,#364,#365);
#363 = CARTESIAN_POINT('',(-4.771311901483E-16,-6.3,2.325000002424));
#364 = DIRECTION('',(-2.642297700216E-17,-1.,2.841866627672E-33));
#365 = DIRECTION('',(1.075528555106E-16,-6.842277657836E-49,1.));
#366 = ORIENTED_EDGE('',*,*,#367,.F.);
#367 = EDGE_CURVE('',#340,#359,#368,.T.);
#368 = LINE('',#369,#370);
#369 = CARTESIAN_POINT('',(0.3,-6.925,2.100000002424));
#370 = VECTOR('',#371,1.);
#371 = DIRECTION('',(2.642297700216E-17,1.,-8.326672684689E-17));
#372 = CYLINDRICAL_SURFACE('',#373,0.375);
#373 = AXIS2_PLACEMENT_3D('',#374,#375,#376);
#374 = CARTESIAN_POINT('',(-4.936455507303E-16,-6.924999998322,
    2.325000002424));
#375 = DIRECTION('',(2.642297700216E-17,1.,-2.841866627672E-33));
#376 = DIRECTION('',(-1.075528555106E-16,-2.052683297351E-48,-1.));
#377 = ADVANCED_FACE('',(#378),#414,.F.);
#378 = FACE_BOUND('',#379,.F.);
#379 = EDGE_LOOP('',(#380,#390,#399,#407));
#380 = ORIENTED_EDGE('',*,*,#381,.T.);
#381 = EDGE_CURVE('',#382,#384,#386,.T.);
#382 = VERTEX_POINT('',#383);
#383 = CARTESIAN_POINT('',(-0.212132034356,-6.925,2.25));
#384 = VERTEX_POINT('',#385);
#385 = CARTESIAN_POINT('',(-0.212132034356,-6.3,2.25));
#386 = LINE('',#387,#388);
#387 = CARTESIAN_POINT('',(-0.212132034356,-6.925,2.25));
#388 = VECTOR('',#389,1.);
#389 = DIRECTION('',(2.642297700216E-17,1.,-8.326672684689E-17));
#390 = ORIENTED_EDGE('',*,*,#391,.T.);
#391 = EDGE_CURVE('',#384,#392,#394,.T.);
#392 = VERTEX_POINT('',#393);
#393 = CARTESIAN_POINT('',(-5.095877632121E-16,-6.3,2.1));
#394 = CIRCLE('',#395,0.225);
#395 = AXIS2_PLACEMENT_3D('',#396,#397,#398);
#396 = CARTESIAN_POINT('',(-4.77131190409E-16,-6.3,2.325));
#397 = DIRECTION('',(-2.642297700216E-17,-1.,2.841866627672E-33));
#398 = DIRECTION('',(1.075528555106E-16,2.394797180243E-48,1.));
#399 = ORIENTED_EDGE('',*,*,#400,.F.);
#400 = EDGE_CURVE('',#401,#392,#403,.T.);
#401 = VERTEX_POINT('',#402);
#402 = CARTESIAN_POINT('',(-5.095877632121E-16,-6.925,2.1));
#403 = LINE('',#404,#405);
#404 = CARTESIAN_POINT('',(-5.178449435252E-16,-6.925,2.1));
#405 = VECTOR('',#406,1.);
#406 = DIRECTION('',(2.642297700216E-17,1.,-8.326672684689E-17));
#407 = ORIENTED_EDGE('',*,*,#408,.T.);
#408 = EDGE_CURVE('',#401,#382,#409,.T.);
#409 = CIRCLE('',#410,0.225);
#410 = AXIS2_PLACEMENT_3D('',#411,#412,#413);
#411 = CARTESIAN_POINT('',(-4.936455510354E-16,-6.925,2.325));
#412 = DIRECTION('',(0.,1.,1.739702674454E-14));
#413 = DIRECTION('',(-1.,0.,0.));
#414 = CYLINDRICAL_SURFACE('',#415,0.225);
#415 = AXIS2_PLACEMENT_3D('',#416,#417,#418);
#416 = CARTESIAN_POINT('',(-4.936455510354E-16,-6.925,2.325));
#417 = DIRECTION('',(2.642297700216E-17,1.,-2.841866627672E-33));
#418 = DIRECTION('',(-1.075528555106E-16,6.842277657836E-49,-1.));
#419 = ADVANCED_FACE('',(#420),#473,.T.);
#420 = FACE_BOUND('',#421,.T.);
#421 = EDGE_LOOP('',(#422,#433,#441,#458,#467));
#422 = ORIENTED_EDGE('',*,*,#423,.T.);
#423 = EDGE_CURVE('',#424,#426,#428,.T.);
#424 = VERTEX_POINT('',#425);
#425 = CARTESIAN_POINT('',(2.8,7.075,2.75));
#426 = VERTEX_POINT('',#427);
#427 = CARTESIAN_POINT('',(2.5,7.225000006746,2.75));
#428 = CIRCLE('',#429,0.375);
#429 = AXIS2_PLACEMENT_3D('',#430,#431,#432);
#430 = CARTESIAN_POINT('',(2.5,6.850000006746,2.75));
#431 = DIRECTION('',(0.,8.326672684689E-17,1.));
#432 = DIRECTION('',(-1.,0.,0.));
#433 = ORIENTED_EDGE('',*,*,#434,.T.);
#434 = EDGE_CURVE('',#426,#435,#437,.T.);
#435 = VERTEX_POINT('',#436);
#436 = CARTESIAN_POINT('',(2.499999999997,7.225000001843,7.100000000014)
  );
#437 = LINE('',#438,#439);
#438 = CARTESIAN_POINT('',(2.5,7.225000006746,2.750000000424));
#439 = VECTOR('',#440,1.);
#440 = DIRECTION('',(1.075528554807E-16,-1.129678271742E-09,1.));
#441 = ORIENTED_EDGE('',*,*,#442,.F.);
#442 = EDGE_CURVE('',#443,#435,#445,.T.);
#443 = VERTEX_POINT('',#444);
#444 = CARTESIAN_POINT('',(2.712132034356,7.159232923853,7.012132034356)
  );
#445 = B_SPLINE_CURVE_WITH_KNOTS('',3,(#446,#447,#448,#449,#450,#451,
    #452,#453,#454,#455,#456,#457),.UNSPECIFIED.,.F.,.F.,(4,2,2,2,2,4),(
    0.,0.25,0.375,0.4375,0.5,1.),.UNSPECIFIED.);
#446 = CARTESIAN_POINT('',(2.712132034356,7.159232923853,7.012132034356)
  );
#447 = CARTESIAN_POINT('',(2.696635680535,7.169863334855,7.027628388176)
  );
#448 = CARTESIAN_POINT('',(2.680484000569,7.179068697253,7.04039124714)
  );
#449 = CARTESIAN_POINT('',(2.656607713145,7.190739167941,7.056055913277)
  );
#450 = CARTESIAN_POINT('',(2.648702683055,7.194273062685,7.060700863619)
  );
#451 = CARTESIAN_POINT('',(2.637050843885,7.199039511575,7.066901523507)
  );
#452 = CARTESIAN_POINT('',(2.633200902022,7.200539262334,7.068840708441)
  );
#453 = CARTESIAN_POINT('',(2.625586651457,7.203360632776,7.072480824629)
  );
#454 = CARTESIAN_POINT('',(2.622900630476,7.204324373668,7.07371994851)
  );
#455 = CARTESIAN_POINT('',(2.579772751274,7.218638270097,7.09219089635)
  );
#456 = CARTESIAN_POINT('',(2.539225800445,7.225000001843,7.1));
#457 = CARTESIAN_POINT('',(2.499999999997,7.225000001843,7.100000000014)
  );
#458 = ORIENTED_EDGE('',*,*,#459,.F.);
#459 = EDGE_CURVE('',#460,#443,#462,.T.);
#460 = VERTEX_POINT('',#461);
#461 = CARTESIAN_POINT('',(2.8,7.075000002031,6.924264068712));
#462 = ( BOUNDED_CURVE() B_SPLINE_CURVE(3,(#463,#464,#465,#466),
.UNSPECIFIED.,.F.,.F.) B_SPLINE_CURVE_WITH_KNOTS((4,4),(3.785093761253,
4.111124762576),.PIECEWISE_BEZIER_KNOTS.) CURVE() 
GEOMETRIC_REPRESENTATION_ITEM() RATIONAL_B_SPLINE_CURVE((1.,
0.991161580934,0.991161580934,1.)) REPRESENTATION_ITEM('') );
#463 = CARTESIAN_POINT('',(2.8,7.075000002031,6.924264068712));
#464 = CARTESIAN_POINT('',(2.775438748022,7.107748337974,6.94882532069)
  );
#465 = CARTESIAN_POINT('',(2.745888246424,7.136076353453,6.978375822288)
  );
#466 = CARTESIAN_POINT('',(2.712132034356,7.159232923853,7.012132034356)
  );
#467 = ORIENTED_EDGE('',*,*,#468,.F.);
#468 = EDGE_CURVE('',#424,#460,#469,.T.);
#469 = LINE('',#470,#471);
#470 = CARTESIAN_POINT('',(2.8,7.075000006746,2.75));
#471 = VECTOR('',#472,1.);
#472 = DIRECTION('',(1.075528554807E-16,-1.129678271742E-09,1.));
#473 = CYLINDRICAL_SURFACE('',#474,0.375);
#474 = AXIS2_PLACEMENT_3D('',#475,#476,#477);
#475 = CARTESIAN_POINT('',(2.5,6.850000006746,2.75));
#476 = DIRECTION('',(1.075528554807E-16,-1.129678526649E-09,1.));
#477 = DIRECTION('',(0.,1.,1.129678526649E-09));
#478 = ADVANCED_FACE('',(#479),#530,.F.);
#479 = FACE_BOUND('',#480,.F.);
#480 = EDGE_LOOP('',(#481,#491,#515,#523));
#481 = ORIENTED_EDGE('',*,*,#482,.T.);
#482 = EDGE_CURVE('',#483,#485,#487,.T.);
#483 = VERTEX_POINT('',#484);
#484 = CARTESIAN_POINT('',(2.287867965644,6.925000006739,2.75));
#485 = VERTEX_POINT('',#486);
#486 = CARTESIAN_POINT('',(2.287867965644,6.925000001921,7.012132034525)
  );
#487 = LINE('',#488,#489);
#488 = CARTESIAN_POINT('',(2.287867965644,6.925000006739,2.75));
#489 = VECTOR('',#490,1.);
#490 = DIRECTION('',(1.075528554807E-16,-1.13030972855E-09,1.));
#491 = ORIENTED_EDGE('',*,*,#492,.F.);
#492 = EDGE_CURVE('',#493,#485,#495,.T.);
#493 = VERTEX_POINT('',#494);
#494 = CARTESIAN_POINT('',(2.5,7.075000001822,7.1));
#495 = B_SPLINE_CURVE_WITH_KNOTS('',3,(#496,#497,#498,#499,#500,#501,
    #502,#503,#504,#505,#506,#507,#508,#509,#510,#511,#512,#513,#514),
  .UNSPECIFIED.,.F.,.F.,(4,2,2,1,2,2,2,2,2,4),(0.,0.25,0.375,0.4375,
    0.46875,0.5,0.625,0.6875,0.75,1.),.UNSPECIFIED.);
#496 = CARTESIAN_POINT('',(2.5,7.075000001822,7.1));
#497 = CARTESIAN_POINT('',(2.478563210981,7.075000001822,7.1));
#498 = CARTESIAN_POINT('',(2.455945377836,7.07191446857,7.097411546726)
  );
#499 = CARTESIAN_POINT('',(2.421988441122,7.061375631348,7.089646186903)
  );
#500 = CARTESIAN_POINT('',(2.410673587835,7.056881618461,7.08641062031)
  );
#501 = CARTESIAN_POINT('',(2.394005225836,7.048566516271,7.080586600442)
  );
#502 = CARTESIAN_POINT('',(2.385747836702,7.04401622408,7.077431923014)
  );
#503 = CARTESIAN_POINT('',(2.377668364069,7.038865774213,7.073913244343)
  );
#504 = CARTESIAN_POINT('',(2.372328991388,7.035298201197,7.071486569398)
  );
#505 = CARTESIAN_POINT('',(2.368107726703,7.032294002488,7.069454464009)
  );
#506 = CARTESIAN_POINT('',(2.362887767938,7.028471362499,7.066874947493)
  );
#507 = CARTESIAN_POINT('',(2.356354750461,7.02353839245,7.063395220668)
  );
#508 = CARTESIAN_POINT('',(2.344004667054,7.012239296679,7.056051460013)
  );
#509 = CARTESIAN_POINT('',(2.339471937098,7.007815729226,7.053249511391)
  );
#510 = CARTESIAN_POINT('',(2.329873354768,6.997417732703,7.046937557341)
  );
#511 = CARTESIAN_POINT('',(2.323782694587,6.990069650677,7.042655591637)
  );
#512 = CARTESIAN_POINT('',(2.303270958144,6.962585116005,7.027195223857)
  );
#513 = CARTESIAN_POINT('',(2.293787327187,6.941742484663,7.018051396003)
  );
#514 = CARTESIAN_POINT('',(2.287867965644,6.925000001921,7.012132034525)
  );
#515 = ORIENTED_EDGE('',*,*,#516,.F.);
#516 = EDGE_CURVE('',#517,#493,#519,.T.);
#517 = VERTEX_POINT('',#518);
#518 = CARTESIAN_POINT('',(2.5,7.075000006739,2.75));
#519 = LINE('',#520,#521);
#520 = CARTESIAN_POINT('',(2.5,7.075000006739,2.750000000254));
#521 = VECTOR('',#522,1.);
#522 = DIRECTION('',(1.075528554807E-16,-1.13030972855E-09,1.));
#523 = ORIENTED_EDGE('',*,*,#524,.T.);
#524 = EDGE_CURVE('',#517,#483,#525,.T.);
#525 = CIRCLE('',#526,0.225);
#526 = AXIS2_PLACEMENT_3D('',#527,#528,#529);
#527 = CARTESIAN_POINT('',(2.5,6.850000006739,2.75));
#528 = DIRECTION('',(0.,8.326672684689E-17,1.));
#529 = DIRECTION('',(1.,0.,-0.));
#530 = CYLINDRICAL_SURFACE('',#531,0.225);
#531 = AXIS2_PLACEMENT_3D('',#532,#533,#534);
#532 = CARTESIAN_POINT('',(2.5,6.850000006739,2.75));
#533 = DIRECTION('',(1.075528554807E-16,-1.130309195006E-09,1.));
#534 = DIRECTION('',(0.,1.,1.130309195006E-09));
#535 = ADVANCED_FACE('',(#536),#585,.T.);
#536 = FACE_BOUND('',#537,.T.);
#537 = EDGE_LOOP('',(#538,#549,#557,#570,#579));
#538 = ORIENTED_EDGE('',*,*,#539,.F.);
#539 = EDGE_CURVE('',#540,#542,#544,.T.);
#540 = VERTEX_POINT('',#541);
#541 = CARTESIAN_POINT('',(-2.5,7.225000006746,2.75));
#542 = VERTEX_POINT('',#543);
#543 = CARTESIAN_POINT('',(-2.2,7.075000006746,2.75));
#544 = CIRCLE('',#545,0.375);
#545 = AXIS2_PLACEMENT_3D('',#546,#547,#548);
#546 = CARTESIAN_POINT('',(-2.5,6.850000006746,2.75));
#547 = DIRECTION('',(0.,-8.326672684689E-17,-1.));
#548 = DIRECTION('',(1.,0.,0.));
#549 = ORIENTED_EDGE('',*,*,#550,.T.);
#550 = EDGE_CURVE('',#540,#551,#553,.T.);
#551 = VERTEX_POINT('',#552);
#552 = CARTESIAN_POINT('',(-2.499999999997,7.225000001843,7.100000000014
    ));
#553 = LINE('',#554,#555);
#554 = CARTESIAN_POINT('',(-2.5,7.225000006746,2.750000000424));
#555 = VECTOR('',#556,1.);
#556 = DIRECTION('',(1.075528554807E-16,-1.129678271742E-09,1.));
#557 = ORIENTED_EDGE('',*,*,#558,.T.);
#558 = EDGE_CURVE('',#551,#559,#561,.T.);
#559 = VERTEX_POINT('',#560);
#560 = CARTESIAN_POINT('',(-2.287867965644,7.159232923853,7.012132034356
    ));
#561 = B_SPLINE_CURVE_WITH_KNOTS('',3,(#562,#563,#564,#565,#566,#567,
    #568,#569),.UNSPECIFIED.,.F.,.F.,(4,2,2,4),(0.,0.25,0.5,1.),
  .UNSPECIFIED.);
#562 = CARTESIAN_POINT('',(-2.499999999997,7.225000001843,7.100000000014
    ));
#563 = CARTESIAN_POINT('',(-2.479821602599,7.225000001832,7.100000000014
    ));
#564 = CARTESIAN_POINT('',(-2.459721325284,7.223367933691,7.097981242388
    ));
#565 = CARTESIAN_POINT('',(-2.420188877247,7.216955270045,7.089906211885
    ));
#566 = CARTESIAN_POINT('',(-2.399455369136,7.211743004539,7.083292586066
    ));
#567 = CARTESIAN_POINT('',(-2.346781770195,7.194264529838,7.06073955338)
  );
#568 = CARTESIAN_POINT('',(-2.315261193282,7.178024522951,7.039525261996
    ));
#569 = CARTESIAN_POINT('',(-2.287867965644,7.159232923853,7.012132034356
    ));
#570 = ORIENTED_EDGE('',*,*,#571,.T.);
#571 = EDGE_CURVE('',#559,#572,#574,.T.);
#572 = VERTEX_POINT('',#573);
#573 = CARTESIAN_POINT('',(-2.2,7.075000002031,6.924264068712));
#574 = ( BOUNDED_CURVE() B_SPLINE_CURVE(3,(#575,#576,#577,#578),
.UNSPECIFIED.,.F.,.F.) B_SPLINE_CURVE_WITH_KNOTS((4,4),(2.172060544604,
2.498091545926),.PIECEWISE_BEZIER_KNOTS.) CURVE() 
GEOMETRIC_REPRESENTATION_ITEM() RATIONAL_B_SPLINE_CURVE((1.,
0.991161580934,0.991161580934,1.)) REPRESENTATION_ITEM('') );
#575 = CARTESIAN_POINT('',(-2.287867965644,7.159232923853,7.012132034356
    ));
#576 = CARTESIAN_POINT('',(-2.254111753576,7.136076353453,6.978375822288
    ));
#577 = CARTESIAN_POINT('',(-2.224561251978,7.107748337974,6.94882532069)
  );
#578 = CARTESIAN_POINT('',(-2.2,7.075000002031,6.924264068712));
#579 = ORIENTED_EDGE('',*,*,#580,.F.);
#580 = EDGE_CURVE('',#542,#572,#581,.T.);
#581 = LINE('',#582,#583);
#582 = CARTESIAN_POINT('',(-2.2,7.075000006746,2.75));
#583 = VECTOR('',#584,1.);
#584 = DIRECTION('',(1.075528554807E-16,-1.129678271742E-09,1.));
#585 = CYLINDRICAL_SURFACE('',#586,0.375);
#586 = AXIS2_PLACEMENT_3D('',#587,#588,#589);
#587 = CARTESIAN_POINT('',(-2.5,6.850000006746,2.75));
#588 = DIRECTION('',(1.075528554807E-16,-1.129678526649E-09,1.));
#589 = DIRECTION('',(0.,1.,1.129678526649E-09));
#590 = ADVANCED_FACE('',(#591),#629,.F.);
#591 = FACE_BOUND('',#592,.F.);
#592 = EDGE_LOOP('',(#593,#603,#614,#622));
#593 = ORIENTED_EDGE('',*,*,#594,.T.);
#594 = EDGE_CURVE('',#595,#597,#599,.T.);
#595 = VERTEX_POINT('',#596);
#596 = CARTESIAN_POINT('',(-2.712132034356,6.925000006739,2.75));
#597 = VERTEX_POINT('',#598);
#598 = CARTESIAN_POINT('',(-2.712132034356,6.925000001921,7.012132031974
    ));
#599 = LINE('',#600,#601);
#600 = CARTESIAN_POINT('',(-2.712132034356,6.925000006739,2.75));
#601 = VECTOR('',#602,1.);
#602 = DIRECTION('',(1.075528554807E-16,-1.13030972855E-09,1.));
#603 = ORIENTED_EDGE('',*,*,#604,.T.);
#604 = EDGE_CURVE('',#597,#605,#607,.T.);
#605 = VERTEX_POINT('',#606);
#606 = CARTESIAN_POINT('',(-2.5,7.075000001822,7.1));
#607 = B_SPLINE_CURVE_WITH_KNOTS('',3,(#608,#609,#610,#611,#612,#613),
  .UNSPECIFIED.,.F.,.F.,(4,2,4),(0.,0.5,1.),.UNSPECIFIED.);
#608 = CARTESIAN_POINT('',(-2.712132034356,6.925000001921,7.012132031974
    ));
#609 = CARTESIAN_POINT('',(-2.697309159256,6.966925424307,7.026954909622
    ));
#610 = CARTESIAN_POINT('',(-2.672523565547,7.002527581096,7.049367335818
    ));
#611 = CARTESIAN_POINT('',(-2.593384260406,7.060505517677,7.088492337421
    ));
#612 = CARTESIAN_POINT('',(-2.547687291815,7.075000001822,7.1));
#613 = CARTESIAN_POINT('',(-2.5,7.075000001822,7.1));
#614 = ORIENTED_EDGE('',*,*,#615,.F.);
#615 = EDGE_CURVE('',#616,#605,#618,.T.);
#616 = VERTEX_POINT('',#617);
#617 = CARTESIAN_POINT('',(-2.5,7.075000006739,2.75));
#618 = LINE('',#619,#620);
#619 = CARTESIAN_POINT('',(-2.5,7.075000006739,2.750000000254));
#620 = VECTOR('',#621,1.);
#621 = DIRECTION('',(1.075528554807E-16,-1.13030972855E-09,1.));
#622 = ORIENTED_EDGE('',*,*,#623,.F.);
#623 = EDGE_CURVE('',#595,#616,#624,.T.);
#624 = CIRCLE('',#625,0.225);
#625 = AXIS2_PLACEMENT_3D('',#626,#627,#628);
#626 = CARTESIAN_POINT('',(-2.5,6.850000006739,2.75));
#627 = DIRECTION('',(0.,-8.326672684689E-17,-1.));
#628 = DIRECTION('',(-1.,-0.,0.));
#629 = CYLINDRICAL_SURFACE('',#630,0.225);
#630 = AXIS2_PLACEMENT_3D('',#631,#632,#633);
#631 = CARTESIAN_POINT('',(-2.5,6.850000006739,2.75));
#632 = DIRECTION('',(1.075528554807E-16,-1.130309195006E-09,1.));
#633 = DIRECTION('',(0.,1.,1.130309195006E-09));
#634 = ADVANCED_FACE('',(#635),#671,.F.);
#635 = FACE_BOUND('',#636,.F.);
#636 = EDGE_LOOP('',(#637,#647,#656,#664));
#637 = ORIENTED_EDGE('',*,*,#638,.T.);
#638 = EDGE_CURVE('',#639,#641,#643,.T.);
#639 = VERTEX_POINT('',#640);
#640 = CARTESIAN_POINT('',(-3.,0.7,3.2));
#641 = VERTEX_POINT('',#642);
#642 = CARTESIAN_POINT('',(-3.,0.7,3.45));
#643 = LINE('',#644,#645);
#644 = CARTESIAN_POINT('',(-3.,0.7,3.2));
#645 = VECTOR('',#646,1.);
#646 = DIRECTION('',(0.,5.854827030937E-32,1.));
#647 = ORIENTED_EDGE('',*,*,#648,.F.);
#648 = EDGE_CURVE('',#649,#641,#651,.T.);
#649 = VERTEX_POINT('',#650);
#650 = CARTESIAN_POINT('',(-2.3,-2.135318144774E-32,3.45));
#651 = CIRCLE('',#652,0.7);
#652 = AXIS2_PLACEMENT_3D('',#653,#654,#655);
#653 = CARTESIAN_POINT('',(-3.,0.,3.45));
#654 = DIRECTION('',(2.398113334135E-63,5.854827030937E-32,1.));
#655 = DIRECTION('',(-1.,4.095959319487E-32,-1.349401336734E-78));
#656 = ORIENTED_EDGE('',*,*,#657,.F.);
#657 = EDGE_CURVE('',#658,#649,#660,.T.);
#658 = VERTEX_POINT('',#659);
#659 = CARTESIAN_POINT('',(-2.3,-2.135318144774E-32,3.2));
#660 = LINE('',#661,#662);
#661 = CARTESIAN_POINT('',(-2.3,-2.867171523641E-32,3.2));
#662 = VECTOR('',#663,1.);
#663 = DIRECTION('',(0.,5.854827030937E-32,1.));
#664 = ORIENTED_EDGE('',*,*,#665,.T.);
#665 = EDGE_CURVE('',#658,#639,#666,.T.);
#666 = CIRCLE('',#667,0.7);
#667 = AXIS2_PLACEMENT_3D('',#668,#669,#670);
#668 = CARTESIAN_POINT('',(-3.,0.,3.2));
#669 = DIRECTION('',(2.398113334135E-63,5.854827030937E-32,1.));
#670 = DIRECTION('',(-1.,4.095959319487E-32,-1.349401336734E-78));
#671 = CYLINDRICAL_SURFACE('',#672,0.7);
#672 = AXIS2_PLACEMENT_3D('',#673,#674,#675);
#673 = CARTESIAN_POINT('',(-3.,0.,3.2));
#674 = DIRECTION('',(2.398113334135E-63,5.854827030937E-32,1.));
#675 = DIRECTION('',(1.,-4.095959319487E-32,1.349401336734E-78));
#676 = ADVANCED_FACE('',(#677),#713,.T.);
#677 = FACE_BOUND('',#678,.T.);
#678 = EDGE_LOOP('',(#679,#690,#698,#707));
#679 = ORIENTED_EDGE('',*,*,#680,.F.);
#680 = EDGE_CURVE('',#681,#683,#685,.T.);
#681 = VERTEX_POINT('',#682);
#682 = CARTESIAN_POINT('',(2.,2.449293598295E-16,3.6));
#683 = VERTEX_POINT('',#684);
#684 = CARTESIAN_POINT('',(-2.,7.752806611654E-32,3.6));
#685 = CIRCLE('',#686,2.);
#686 = AXIS2_PLACEMENT_3D('',#687,#688,#689);
#687 = CARTESIAN_POINT('',(0.,0.,3.6));
#688 = DIRECTION('',(2.398113334135E-63,5.854827030937E-32,1.));
#689 = DIRECTION('',(1.,-4.095959319487E-32,1.349401336734E-78));
#690 = ORIENTED_EDGE('',*,*,#691,.T.);
#691 = EDGE_CURVE('',#681,#692,#694,.T.);
#692 = VERTEX_POINT('',#693);
#693 = CARTESIAN_POINT('',(2.,2.449293598295E-16,3.45));
#694 = LINE('',#695,#696);
#695 = CARTESIAN_POINT('',(2.,2.449293598295E-16,3.6));
#696 = VECTOR('',#697,1.);
#697 = DIRECTION('',(0.,-5.854827030937E-32,-1.));
#698 = ORIENTED_EDGE('',*,*,#699,.F.);
#699 = EDGE_CURVE('',#700,#692,#702,.T.);
#700 = VERTEX_POINT('',#701);
#701 = CARTESIAN_POINT('',(-2.,7.752806611654E-32,3.45));
#702 = CIRCLE('',#703,2.);
#703 = AXIS2_PLACEMENT_3D('',#704,#705,#706);
#704 = CARTESIAN_POINT('',(0.,0.,3.45));
#705 = DIRECTION('',(-2.398113334135E-63,-5.854827030937E-32,-1.));
#706 = DIRECTION('',(1.,-4.095959319487E-32,1.349401336734E-78));
#707 = ORIENTED_EDGE('',*,*,#708,.F.);
#708 = EDGE_CURVE('',#683,#700,#709,.T.);
#709 = LINE('',#710,#711);
#710 = CARTESIAN_POINT('',(-2.,8.191918638975E-32,3.6));
#711 = VECTOR('',#712,1.);
#712 = DIRECTION('',(0.,-5.854827030937E-32,-1.));
#713 = CYLINDRICAL_SURFACE('',#714,2.);
#714 = AXIS2_PLACEMENT_3D('',#715,#716,#717);
#715 = CARTESIAN_POINT('',(0.,0.,3.6));
#716 = DIRECTION('',(-2.398113334135E-63,-5.854827030937E-32,-1.));
#717 = DIRECTION('',(-1.,4.095959319487E-32,-1.349401336734E-78));
#718 = ADVANCED_FACE('',(#719),#755,.T.);
#719 = FACE_BOUND('',#720,.T.);
#720 = EDGE_LOOP('',(#721,#732,#740,#749));
#721 = ORIENTED_EDGE('',*,*,#722,.F.);
#722 = EDGE_CURVE('',#723,#725,#727,.T.);
#723 = VERTEX_POINT('',#724);
#724 = CARTESIAN_POINT('',(-5.55,6.250565825394E-16,6.970672216361));
#725 = VERTEX_POINT('',#726);
#726 = CARTESIAN_POINT('',(-5.593316593981,-0.5,6.843893412466));
#727 = CIRCLE('',#728,1.);
#728 = AXIS2_PLACEMENT_3D('',#729,#730,#731);
#729 = CARTESIAN_POINT('',(-5.873319459097,6.250565825394E-16,
    6.024382341445));
#730 = DIRECTION('',(0.946289874916,1.577021341797E-16,-0.323319459097)
  );
#731 = DIRECTION('',(-0.323319459097,-1.577021341797E-16,-0.946289874916
    ));
#732 = ORIENTED_EDGE('',*,*,#733,.T.);
#733 = EDGE_CURVE('',#723,#734,#736,.T.);
#734 = VERTEX_POINT('',#735);
#735 = CARTESIAN_POINT('',(-5.928515949967,5.619757288675E-16,7.1));
#736 = LINE('',#737,#738);
#737 = CARTESIAN_POINT('',(0.305263517554,1.600854355906E-15,
    4.970100633014));
#738 = VECTOR('',#739,1.);
#739 = DIRECTION('',(-0.946289874916,-1.577021341797E-16,0.323319459097)
  );
#740 = ORIENTED_EDGE('',*,*,#741,.T.);
#741 = EDGE_CURVE('',#734,#742,#744,.T.);
#742 = VERTEX_POINT('',#743);
#743 = CARTESIAN_POINT('',(-5.971832543948,-0.5,6.973221196105));
#744 = CIRCLE('',#745,1.);
#745 = AXIS2_PLACEMENT_3D('',#746,#747,#748);
#746 = CARTESIAN_POINT('',(-6.251835409064,5.619757288675E-16,
    6.153710125084));
#747 = DIRECTION('',(0.946289874916,1.577021341797E-16,-0.323319459097)
  );
#748 = DIRECTION('',(0.323319459097,1.577021341797E-16,0.946289874916));
#749 = ORIENTED_EDGE('',*,*,#750,.F.);
#750 = EDGE_CURVE('',#725,#742,#751,.T.);
#751 = LINE('',#752,#753);
#752 = CARTESIAN_POINT('',(0.261946923573,-0.5,4.843321829119));
#753 = VECTOR('',#754,1.);
#754 = DIRECTION('',(-0.946289874916,-1.577021341797E-16,0.323319459097)
  );
#755 = CYLINDRICAL_SURFACE('',#756,1.);
#756 = AXIS2_PLACEMENT_3D('',#757,#758,#759);
#757 = CARTESIAN_POINT('',(-1.805594154282E-02,1.600854355906E-15,
    4.023810758097));
#758 = DIRECTION('',(-0.946289874916,-1.577021341797E-16,0.323319459097)
  );
#759 = DIRECTION('',(0.323319459097,2.465190328816E-32,0.946289874916));
#760 = ADVANCED_FACE('',(#761),#799,.T.);
#761 = FACE_BOUND('',#762,.T.);
#762 = EDGE_LOOP('',(#763,#764,#770,#793));
#763 = ORIENTED_EDGE('',*,*,#442,.T.);
#764 = ORIENTED_EDGE('',*,*,#765,.T.);
#765 = EDGE_CURVE('',#435,#493,#766,.T.);
#766 = LINE('',#767,#768);
#767 = CARTESIAN_POINT('',(2.5,7.225025006746,7.1));
#768 = VECTOR('',#769,1.);
#769 = DIRECTION('',(1.663240758842E-16,-1.,-3.408216634262E-15));
#770 = ORIENTED_EDGE('',*,*,#771,.F.);
#771 = EDGE_CURVE('',#772,#493,#774,.T.);
#772 = VERTEX_POINT('',#773);
#773 = CARTESIAN_POINT('',(2.712132034356,6.925,7.012132034356));
#774 = B_SPLINE_CURVE_WITH_KNOTS('',3,(#775,#776,#777,#778,#779,#780,
    #781,#782,#783,#784,#785,#786,#787,#788,#789,#790,#791,#792),
  .UNSPECIFIED.,.F.,.F.,(4,2,2,2,2,2,2,2,4),(0.,0.125,0.1875,0.25,0.375,
    0.4375,0.46875,0.5,1.),.UNSPECIFIED.);
#775 = CARTESIAN_POINT('',(2.712132034356,6.925,7.012132034356));
#776 = CARTESIAN_POINT('',(2.709166350132,6.933388223834,7.015097719136)
  );
#777 = CARTESIAN_POINT('',(2.705302804442,6.942757704529,7.01887155507)
  );
#778 = CARTESIAN_POINT('',(2.697539835074,6.957865991845,7.025744535699)
  );
#779 = CARTESIAN_POINT('',(2.694623412583,6.963075305576,7.02823756703)
  );
#780 = CARTESIAN_POINT('',(2.688025594914,6.973736304911,7.033627705269)
  );
#781 = CARTESIAN_POINT('',(2.685360258379,6.97782829347,7.035759612586)
  );
#782 = CARTESIAN_POINT('',(2.669963548104,6.998429723872,7.047352645444)
  );
#783 = CARTESIAN_POINT('',(2.660009792115,7.0085741076,7.053659146361));
#784 = CARTESIAN_POINT('',(2.647686253065,7.019837397043,7.060985616255)
  );
#785 = CARTESIAN_POINT('',(2.643997872594,7.022933819076,7.063072225973)
  );
#786 = CARTESIAN_POINT('',(2.639247055584,7.026746658471,7.065668820179)
  );
#787 = CARTESIAN_POINT('',(2.637793055512,7.027878644131,7.066445464853)
  );
#788 = CARTESIAN_POINT('',(2.635162220301,7.029885831559,7.067820980744)
  );
#789 = CARTESIAN_POINT('',(2.635572253717,7.029598715149,7.067635246302)
  );
#790 = CARTESIAN_POINT('',(2.5910604669,7.062201892823,7.089643278819));
#791 = CARTESIAN_POINT('',(2.542897974808,7.075000001822,7.1));
#792 = CARTESIAN_POINT('',(2.5,7.075000001822,7.1));
#793 = ORIENTED_EDGE('',*,*,#794,.F.);
#794 = EDGE_CURVE('',#443,#772,#795,.T.);
#795 = LINE('',#796,#797);
#796 = CARTESIAN_POINT('',(2.712132034356,7.225025006746,7.012132034356)
  );
#797 = VECTOR('',#798,1.);
#798 = DIRECTION('',(1.663240758842E-16,-1.,-3.408216634262E-15));
#799 = CYLINDRICAL_SURFACE('',#800,0.3);
#800 = AXIS2_PLACEMENT_3D('',#801,#802,#803);
#801 = CARTESIAN_POINT('',(2.5,7.225025006746,6.8));
#802 = DIRECTION('',(1.663240758842E-16,-1.,-2.891205793295E-15));
#803 = DIRECTION('',(2.627434620609E-46,-2.891205793295E-15,1.));
#804 = ADVANCED_FACE('',(#805),#831,.T.);
#805 = FACE_BOUND('',#806,.T.);
#806 = EDGE_LOOP('',(#807,#808,#814,#825));
#807 = ORIENTED_EDGE('',*,*,#558,.F.);
#808 = ORIENTED_EDGE('',*,*,#809,.T.);
#809 = EDGE_CURVE('',#551,#605,#810,.T.);
#810 = LINE('',#811,#812);
#811 = CARTESIAN_POINT('',(-2.5,7.225025006746,7.1));
#812 = VECTOR('',#813,1.);
#813 = DIRECTION('',(1.663240758842E-16,-1.,-3.408216634262E-15));
#814 = ORIENTED_EDGE('',*,*,#815,.T.);
#815 = EDGE_CURVE('',#605,#816,#818,.T.);
#816 = VERTEX_POINT('',#817);
#817 = CARTESIAN_POINT('',(-2.287867965644,6.925,7.012132034356));
#818 = B_SPLINE_CURVE_WITH_KNOTS('',3,(#819,#820,#821,#822,#823,#824),
  .UNSPECIFIED.,.F.,.F.,(4,2,4),(0.,0.5,1.),.UNSPECIFIED.);
#819 = CARTESIAN_POINT('',(-2.5,7.075000001822,7.1));
#820 = CARTESIAN_POINT('',(-2.452338753749,7.075000001822,7.1));
#821 = CARTESIAN_POINT('',(-2.406766908901,7.060598163166,7.088563829924
    ));
#822 = CARTESIAN_POINT('',(-2.32736056095,7.002460785779,7.049313291464)
  );
#823 = CARTESIAN_POINT('',(-2.302699869487,6.966950960955,7.026963938199
    ));
#824 = CARTESIAN_POINT('',(-2.287867965644,6.925,7.012132034356));
#825 = ORIENTED_EDGE('',*,*,#826,.F.);
#826 = EDGE_CURVE('',#559,#816,#827,.T.);
#827 = LINE('',#828,#829);
#828 = CARTESIAN_POINT('',(-2.287867965644,7.225025006746,7.012132034356
    ));
#829 = VECTOR('',#830,1.);
#830 = DIRECTION('',(1.663240758842E-16,-1.,-3.408216634262E-15));
#831 = CYLINDRICAL_SURFACE('',#832,0.3);
#832 = AXIS2_PLACEMENT_3D('',#833,#834,#835);
#833 = CARTESIAN_POINT('',(-2.5,7.225025006746,6.8));
#834 = DIRECTION('',(1.663240758842E-16,-1.,-2.891205793295E-15));
#835 = DIRECTION('',(2.627434620609E-46,-2.891205793295E-15,1.));
#836 = ADVANCED_FACE('',(#837),#875,.F.);
#837 = FACE_BOUND('',#838,.F.);
#838 = EDGE_LOOP('',(#839,#850,#859,#868));
#839 = ORIENTED_EDGE('',*,*,#840,.T.);
#840 = EDGE_CURVE('',#841,#843,#845,.T.);
#841 = VERTEX_POINT('',#842);
#842 = CARTESIAN_POINT('',(4.,0.,-0.9));
#843 = VERTEX_POINT('',#844);
#844 = CARTESIAN_POINT('',(3.5,0.,-1.4));
#845 = CIRCLE('',#846,0.5);
#846 = AXIS2_PLACEMENT_3D('',#847,#848,#849);
#847 = CARTESIAN_POINT('',(4.,0.,-1.4));
#848 = DIRECTION('',(0.,-1.,0.));
#849 = DIRECTION('',(0.,0.,-1.));
#850 = ORIENTED_EDGE('',*,*,#851,.T.);
#851 = EDGE_CURVE('',#843,#852,#854,.T.);
#852 = VERTEX_POINT('',#853);
#853 = CARTESIAN_POINT('',(-3.5,4.286263797016E-16,-1.4));
#854 = CIRCLE('',#855,3.5);
#855 = AXIS2_PLACEMENT_3D('',#856,#857,#858);
#856 = CARTESIAN_POINT('',(0.,0.,-1.4));
#857 = DIRECTION('',(0.,0.,-1.));
#858 = DIRECTION('',(1.,0.,0.));
#859 = ORIENTED_EDGE('',*,*,#860,.F.);
#860 = EDGE_CURVE('',#861,#852,#863,.T.);
#861 = VERTEX_POINT('',#862);
#862 = CARTESIAN_POINT('',(-4.,4.898587196589E-16,-0.9));
#863 = CIRCLE('',#864,0.5);
#864 = AXIS2_PLACEMENT_3D('',#865,#866,#867);
#865 = CARTESIAN_POINT('',(-4.,4.898587196589E-16,-1.4));
#866 = DIRECTION('',(1.224646799147E-16,1.,0.));
#867 = DIRECTION('',(-1.,1.224646799147E-16,0.));
#868 = ORIENTED_EDGE('',*,*,#869,.T.);
#869 = EDGE_CURVE('',#861,#841,#870,.T.);
#870 = CIRCLE('',#871,4.);
#871 = AXIS2_PLACEMENT_3D('',#872,#873,#874);
#872 = CARTESIAN_POINT('',(0.,0.,-0.9));
#873 = DIRECTION('',(0.,0.,1.));
#874 = DIRECTION('',(1.,0.,-0.));
#875 = TOROIDAL_SURFACE('',#876,4.,0.5);
#876 = AXIS2_PLACEMENT_3D('',#877,#878,#879);
#877 = CARTESIAN_POINT('',(0.,0.,-1.4));
#878 = DIRECTION('',(0.,0.,1.));
#879 = DIRECTION('',(1.,0.,-0.));
#880 = ADVANCED_FACE('',(#881),#917,.T.);
#881 = FACE_BOUND('',#882,.T.);
#882 = EDGE_LOOP('',(#883,#894,#902,#911));
#883 = ORIENTED_EDGE('',*,*,#884,.F.);
#884 = EDGE_CURVE('',#885,#887,#889,.T.);
#885 = VERTEX_POINT('',#886);
#886 = CARTESIAN_POINT('',(-3.,-9.629649721936E-32,-7.9));
#887 = VERTEX_POINT('',#888);
#888 = CARTESIAN_POINT('',(3.,-4.814824860968E-32,-7.9));
#889 = CIRCLE('',#890,3.);
#890 = AXIS2_PLACEMENT_3D('',#891,#892,#893);
#891 = CARTESIAN_POINT('',(0.,0.,-7.9));
#892 = DIRECTION('',(0.,0.,-1.));
#893 = DIRECTION('',(1.,0.,0.));
#894 = ORIENTED_EDGE('',*,*,#895,.T.);
#895 = EDGE_CURVE('',#885,#896,#898,.T.);
#896 = VERTEX_POINT('',#897);
#897 = CARTESIAN_POINT('',(-3.5,4.286263797016E-16,-7.4));
#898 = LINE('',#899,#900);
#899 = CARTESIAN_POINT('',(-3.5,4.286263797016E-16,-7.4));
#900 = VECTOR('',#901,1.);
#901 = DIRECTION('',(-0.707106781187,8.659560562355E-17,0.707106781187)
  );
#902 = ORIENTED_EDGE('',*,*,#903,.F.);
#903 = EDGE_CURVE('',#904,#896,#906,.T.);
#904 = VERTEX_POINT('',#905);
#905 = CARTESIAN_POINT('',(3.5,0.,-7.4));
#906 = CIRCLE('',#907,3.5);
#907 = AXIS2_PLACEMENT_3D('',#908,#909,#910);
#908 = CARTESIAN_POINT('',(0.,0.,-7.4));
#909 = DIRECTION('',(0.,0.,1.));
#910 = DIRECTION('',(1.,0.,-0.));
#911 = ORIENTED_EDGE('',*,*,#912,.F.);
#912 = EDGE_CURVE('',#887,#904,#913,.T.);
#913 = LINE('',#914,#915);
#914 = CARTESIAN_POINT('',(3.5,0.,-7.4));
#915 = VECTOR('',#916,1.);
#916 = DIRECTION('',(0.707106781187,0.,0.707106781187));
#917 = CONICAL_SURFACE('',#918,3.5,0.785398163397);
#918 = AXIS2_PLACEMENT_3D('',#919,#920,#921);
#919 = CARTESIAN_POINT('',(0.,0.,-7.4));
#920 = DIRECTION('',(0.,0.,1.));
#921 = DIRECTION('',(1.,0.,-0.));
#922 = ADVANCED_FACE('',(#923),#945,.T.);
#923 = FACE_BOUND('',#924,.T.);
#924 = EDGE_LOOP('',(#925,#926,#932,#939));
#925 = ORIENTED_EDGE('',*,*,#903,.T.);
#926 = ORIENTED_EDGE('',*,*,#927,.T.);
#927 = EDGE_CURVE('',#896,#852,#928,.T.);
#928 = LINE('',#929,#930);
#929 = CARTESIAN_POINT('',(-3.5,4.286263797016E-16,-7.9));
#930 = VECTOR('',#931,1.);
#931 = DIRECTION('',(0.,0.,1.));
#932 = ORIENTED_EDGE('',*,*,#933,.T.);
#933 = EDGE_CURVE('',#852,#843,#934,.T.);
#934 = CIRCLE('',#935,3.5);
#935 = AXIS2_PLACEMENT_3D('',#936,#937,#938);
#936 = CARTESIAN_POINT('',(0.,0.,-1.4));
#937 = DIRECTION('',(0.,0.,-1.));
#938 = DIRECTION('',(1.,0.,0.));
#939 = ORIENTED_EDGE('',*,*,#940,.F.);
#940 = EDGE_CURVE('',#904,#843,#941,.T.);
#941 = LINE('',#942,#943);
#942 = CARTESIAN_POINT('',(3.5,0.,-7.9));
#943 = VECTOR('',#944,1.);
#944 = DIRECTION('',(0.,0.,1.));
#945 = CYLINDRICAL_SURFACE('',#946,3.5);
#946 = AXIS2_PLACEMENT_3D('',#947,#948,#949);
#947 = CARTESIAN_POINT('',(0.,0.,-7.9));
#948 = DIRECTION('',(0.,0.,1.));
#949 = DIRECTION('',(1.,0.,-0.));
#950 = ADVANCED_FACE('',(#951),#1001,.F.);
#951 = FACE_BOUND('',#952,.T.);
#952 = EDGE_LOOP('',(#953,#963,#971,#979,#987,#995));
#953 = ORIENTED_EDGE('',*,*,#954,.F.);
#954 = EDGE_CURVE('',#955,#957,#959,.T.);
#955 = VERTEX_POINT('',#956);
#956 = CARTESIAN_POINT('',(-5.85,4.475,0.8));
#957 = VERTEX_POINT('',#958);
#958 = CARTESIAN_POINT('',(-5.85,5.,0.8));
#959 = LINE('',#960,#961);
#960 = CARTESIAN_POINT('',(-5.85,4.475,0.8));
#961 = VECTOR('',#962,1.);
#962 = DIRECTION('',(0.,1.,0.));
#963 = ORIENTED_EDGE('',*,*,#964,.F.);
#964 = EDGE_CURVE('',#965,#955,#967,.T.);
#965 = VERTEX_POINT('',#966);
#966 = CARTESIAN_POINT('',(-5.85,4.475,2.55));
#967 = LINE('',#968,#969);
#968 = CARTESIAN_POINT('',(-5.85,4.475,3.30102500231));
#969 = VECTOR('',#970,1.);
#970 = DIRECTION('',(0.,0.,-1.));
#971 = ORIENTED_EDGE('',*,*,#972,.F.);
#972 = EDGE_CURVE('',#973,#965,#975,.T.);
#973 = VERTEX_POINT('',#974);
#974 = CARTESIAN_POINT('',(-5.85,4.7,2.55));
#975 = LINE('',#976,#977);
#976 = CARTESIAN_POINT('',(-5.85,5.,2.55));
#977 = VECTOR('',#978,1.);
#978 = DIRECTION('',(0.,-1.,0.));
#979 = ORIENTED_EDGE('',*,*,#980,.T.);
#980 = EDGE_CURVE('',#973,#981,#983,.T.);
#981 = VERTEX_POINT('',#982);
#982 = CARTESIAN_POINT('',(-5.85,4.7,3.6));
#983 = LINE('',#984,#985);
#984 = CARTESIAN_POINT('',(-5.85,4.7,-5.E+05));
#985 = VECTOR('',#986,1.);
#986 = DIRECTION('',(0.,0.,1.));
#987 = ORIENTED_EDGE('',*,*,#988,.F.);
#988 = EDGE_CURVE('',#989,#981,#991,.T.);
#989 = VERTEX_POINT('',#990);
#990 = CARTESIAN_POINT('',(-5.85,5.,3.6));
#991 = LINE('',#992,#993);
#992 = CARTESIAN_POINT('',(-5.85,5.,3.6));
#993 = VECTOR('',#994,1.);
#994 = DIRECTION('',(4.095959319487E-32,-1.,-5.854827030937E-32));
#995 = ORIENTED_EDGE('',*,*,#996,.F.);
#996 = EDGE_CURVE('',#957,#989,#997,.T.);
#997 = LINE('',#998,#999);
#998 = CARTESIAN_POINT('',(-5.85,5.,-17.25977326815));
#999 = VECTOR('',#1000,1.);
#1000 = DIRECTION('',(1.075528555106E-16,8.326672684689E-17,1.));
#1001 = PLANE('',#1002);
#1002 = AXIS2_PLACEMENT_3D('',#1003,#1004,#1005);
#1003 = CARTESIAN_POINT('',(-5.85,4.475,3.30102500231));
#1004 = DIRECTION('',(1.,0.,0.));
#1005 = DIRECTION('',(-0.,1.,0.));
#1006 = ADVANCED_FACE('',(#1007),#1057,.F.);
#1007 = FACE_BOUND('',#1008,.T.);
#1008 = EDGE_LOOP('',(#1009,#1019,#1027,#1035,#1043,#1051));
#1009 = ORIENTED_EDGE('',*,*,#1010,.F.);
#1010 = EDGE_CURVE('',#1011,#1013,#1015,.T.);
#1011 = VERTEX_POINT('',#1012);
#1012 = CARTESIAN_POINT('',(-5.85,-5.,0.8));
#1013 = VERTEX_POINT('',#1014);
#1014 = CARTESIAN_POINT('',(-5.85,-4.475000000014,0.8));
#1015 = LINE('',#1016,#1017);
#1016 = CARTESIAN_POINT('',(-5.85,4.475,0.8));
#1017 = VECTOR('',#1018,1.);
#1018 = DIRECTION('',(0.,1.,0.));
#1019 = ORIENTED_EDGE('',*,*,#1020,.T.);
#1020 = EDGE_CURVE('',#1011,#1021,#1023,.T.);
#1021 = VERTEX_POINT('',#1022);
#1022 = CARTESIAN_POINT('',(-5.85,-5.,3.6));
#1023 = LINE('',#1024,#1025);
#1024 = CARTESIAN_POINT('',(-5.85,-5.,-17.25977326815));
#1025 = VECTOR('',#1026,1.);
#1026 = DIRECTION('',(1.075528555106E-16,8.326672684689E-17,1.));
#1027 = ORIENTED_EDGE('',*,*,#1028,.F.);
#1028 = EDGE_CURVE('',#1029,#1021,#1031,.T.);
#1029 = VERTEX_POINT('',#1030);
#1030 = CARTESIAN_POINT('',(-5.85,-4.7,3.6));
#1031 = LINE('',#1032,#1033);
#1032 = CARTESIAN_POINT('',(-5.85,-4.7,3.6));
#1033 = VECTOR('',#1034,1.);
#1034 = DIRECTION('',(4.095959319487E-32,-1.,-5.854827030937E-32));
#1035 = ORIENTED_EDGE('',*,*,#1036,.T.);
#1036 = EDGE_CURVE('',#1029,#1037,#1039,.T.);
#1037 = VERTEX_POINT('',#1038);
#1038 = CARTESIAN_POINT('',(-5.85,-4.7,2.55));
#1039 = LINE('',#1040,#1041);
#1040 = CARTESIAN_POINT('',(-5.85,-4.7,3.05));
#1041 = VECTOR('',#1042,1.);
#1042 = DIRECTION('',(0.,-5.854827030937E-32,-1.));
#1043 = ORIENTED_EDGE('',*,*,#1044,.F.);
#1044 = EDGE_CURVE('',#1045,#1037,#1047,.T.);
#1045 = VERTEX_POINT('',#1046);
#1046 = CARTESIAN_POINT('',(-5.85,-4.475,2.55));
#1047 = LINE('',#1048,#1049);
#1048 = CARTESIAN_POINT('',(-5.85,-4.475,2.55));
#1049 = VECTOR('',#1050,1.);
#1050 = DIRECTION('',(0.,-1.,0.));
#1051 = ORIENTED_EDGE('',*,*,#1052,.F.);
#1052 = EDGE_CURVE('',#1013,#1045,#1053,.T.);
#1053 = LINE('',#1054,#1055);
#1054 = CARTESIAN_POINT('',(-5.85,-4.475000000014,3.30102500231));
#1055 = VECTOR('',#1056,1.);
#1056 = DIRECTION('',(0.,0.,1.));
#1057 = PLANE('',#1058);
#1058 = AXIS2_PLACEMENT_3D('',#1059,#1060,#1061);
#1059 = CARTESIAN_POINT('',(-5.85,4.475,3.30102500231));
#1060 = DIRECTION('',(1.,0.,0.));
#1061 = DIRECTION('',(-0.,1.,0.));
#1062 = ADVANCED_FACE('',(#1063),#1113,.F.);
#1063 = FACE_BOUND('',#1064,.T.);
#1064 = EDGE_LOOP('',(#1065,#1075,#1083,#1091,#1099,#1107));
#1065 = ORIENTED_EDGE('',*,*,#1066,.F.);
#1066 = EDGE_CURVE('',#1067,#1069,#1071,.T.);
#1067 = VERTEX_POINT('',#1068);
#1068 = CARTESIAN_POINT('',(5.85,5.,0.8));
#1069 = VERTEX_POINT('',#1070);
#1070 = CARTESIAN_POINT('',(5.85,4.475,0.8));
#1071 = LINE('',#1072,#1073);
#1072 = CARTESIAN_POINT('',(5.85,4.475,0.8));
#1073 = VECTOR('',#1074,1.);
#1074 = DIRECTION('',(0.,-1.,0.));
#1075 = ORIENTED_EDGE('',*,*,#1076,.T.);
#1076 = EDGE_CURVE('',#1067,#1077,#1079,.T.);
#1077 = VERTEX_POINT('',#1078);
#1078 = CARTESIAN_POINT('',(5.85,5.,3.6));
#1079 = LINE('',#1080,#1081);
#1080 = CARTESIAN_POINT('',(5.85,5.,-17.25977326815));
#1081 = VECTOR('',#1082,1.);
#1082 = DIRECTION('',(1.075528555106E-16,8.326672684689E-17,1.));
#1083 = ORIENTED_EDGE('',*,*,#1084,.F.);
#1084 = EDGE_CURVE('',#1085,#1077,#1087,.T.);
#1085 = VERTEX_POINT('',#1086);
#1086 = CARTESIAN_POINT('',(5.85,4.7,3.6));
#1087 = LINE('',#1088,#1089);
#1088 = CARTESIAN_POINT('',(5.85,4.7,3.6));
#1089 = VECTOR('',#1090,1.);
#1090 = DIRECTION('',(-4.095959319487E-32,1.,5.854827030937E-32));
#1091 = ORIENTED_EDGE('',*,*,#1092,.T.);
#1092 = EDGE_CURVE('',#1085,#1093,#1095,.T.);
#1093 = VERTEX_POINT('',#1094);
#1094 = CARTESIAN_POINT('',(5.85,4.7,2.55));
#1095 = LINE('',#1096,#1097);
#1096 = CARTESIAN_POINT('',(5.85,4.7,3.05));
#1097 = VECTOR('',#1098,1.);
#1098 = DIRECTION('',(0.,-5.854827030937E-32,-1.));
#1099 = ORIENTED_EDGE('',*,*,#1100,.F.);
#1100 = EDGE_CURVE('',#1101,#1093,#1103,.T.);
#1101 = VERTEX_POINT('',#1102);
#1102 = CARTESIAN_POINT('',(5.85,4.475,2.55));
#1103 = LINE('',#1104,#1105);
#1104 = CARTESIAN_POINT('',(5.85,5.,2.55));
#1105 = VECTOR('',#1106,1.);
#1106 = DIRECTION('',(0.,1.,0.));
#1107 = ORIENTED_EDGE('',*,*,#1108,.F.);
#1108 = EDGE_CURVE('',#1069,#1101,#1109,.T.);
#1109 = LINE('',#1110,#1111);
#1110 = CARTESIAN_POINT('',(5.85,4.475,3.30102500231));
#1111 = VECTOR('',#1112,1.);
#1112 = DIRECTION('',(0.,0.,1.));
#1113 = PLANE('',#1114);
#1114 = AXIS2_PLACEMENT_3D('',#1115,#1116,#1117);
#1115 = CARTESIAN_POINT('',(5.85,4.475,3.30102500231));
#1116 = DIRECTION('',(-1.,0.,0.));
#1117 = DIRECTION('',(0.,0.,1.));
#1118 = ADVANCED_FACE('',(#1119),#1169,.F.);
#1119 = FACE_BOUND('',#1120,.T.);
#1120 = EDGE_LOOP('',(#1121,#1131,#1139,#1147,#1155,#1163));
#1121 = ORIENTED_EDGE('',*,*,#1122,.F.);
#1122 = EDGE_CURVE('',#1123,#1125,#1127,.T.);
#1123 = VERTEX_POINT('',#1124);
#1124 = CARTESIAN_POINT('',(5.85,-4.475000000014,0.8));
#1125 = VERTEX_POINT('',#1126);
#1126 = CARTESIAN_POINT('',(5.85,-5.,0.8));
#1127 = LINE('',#1128,#1129);
#1128 = CARTESIAN_POINT('',(5.85,4.475,0.8));
#1129 = VECTOR('',#1130,1.);
#1130 = DIRECTION('',(0.,-1.,0.));
#1131 = ORIENTED_EDGE('',*,*,#1132,.F.);
#1132 = EDGE_CURVE('',#1133,#1123,#1135,.T.);
#1133 = VERTEX_POINT('',#1134);
#1134 = CARTESIAN_POINT('',(5.85,-4.475,2.55));
#1135 = LINE('',#1136,#1137);
#1136 = CARTESIAN_POINT('',(5.85,-4.475000000014,3.30102500231));
#1137 = VECTOR('',#1138,1.);
#1138 = DIRECTION('',(0.,0.,-1.));
#1139 = ORIENTED_EDGE('',*,*,#1140,.F.);
#1140 = EDGE_CURVE('',#1141,#1133,#1143,.T.);
#1141 = VERTEX_POINT('',#1142);
#1142 = CARTESIAN_POINT('',(5.85,-4.7,2.55));
#1143 = LINE('',#1144,#1145);
#1144 = CARTESIAN_POINT('',(5.85,-4.475,2.55));
#1145 = VECTOR('',#1146,1.);
#1146 = DIRECTION('',(1.652117596168E-15,1.,0.));
#1147 = ORIENTED_EDGE('',*,*,#1148,.F.);
#1148 = EDGE_CURVE('',#1149,#1141,#1151,.T.);
#1149 = VERTEX_POINT('',#1150);
#1150 = CARTESIAN_POINT('',(5.85,-4.7,3.6));
#1151 = LINE('',#1152,#1153);
#1152 = CARTESIAN_POINT('',(5.85,-4.7,3.05));
#1153 = VECTOR('',#1154,1.);
#1154 = DIRECTION('',(0.,-5.854827030937E-32,-1.));
#1155 = ORIENTED_EDGE('',*,*,#1156,.F.);
#1156 = EDGE_CURVE('',#1157,#1149,#1159,.T.);
#1157 = VERTEX_POINT('',#1158);
#1158 = CARTESIAN_POINT('',(5.85,-5.,3.6));
#1159 = LINE('',#1160,#1161);
#1160 = CARTESIAN_POINT('',(5.85,-5.,3.6));
#1161 = VECTOR('',#1162,1.);
#1162 = DIRECTION('',(-4.095959319487E-32,1.,5.854827030937E-32));
#1163 = ORIENTED_EDGE('',*,*,#1164,.F.);
#1164 = EDGE_CURVE('',#1125,#1157,#1165,.T.);
#1165 = LINE('',#1166,#1167);
#1166 = CARTESIAN_POINT('',(5.85,-5.,-17.25977326815));
#1167 = VECTOR('',#1168,1.);
#1168 = DIRECTION('',(1.075528555106E-16,8.326672684689E-17,1.));
#1169 = PLANE('',#1170);
#1170 = AXIS2_PLACEMENT_3D('',#1171,#1172,#1173);
#1171 = CARTESIAN_POINT('',(5.85,4.475,3.30102500231));
#1172 = DIRECTION('',(-1.,0.,0.));
#1173 = DIRECTION('',(0.,0.,1.));
#1174 = ADVANCED_FACE('',(#1175),#1200,.F.);
#1175 = FACE_BOUND('',#1176,.T.);
#1176 = EDGE_LOOP('',(#1177,#1185,#1186,#1194));
#1177 = ORIENTED_EDGE('',*,*,#1178,.F.);
#1178 = EDGE_CURVE('',#1123,#1179,#1181,.T.);
#1179 = VERTEX_POINT('',#1180);
#1180 = CARTESIAN_POINT('',(5.85,-4.475,-0.5));
#1181 = LINE('',#1182,#1183);
#1182 = CARTESIAN_POINT('',(5.85,-4.475000000014,3.30102500231));
#1183 = VECTOR('',#1184,1.);
#1184 = DIRECTION('',(0.,0.,-1.));
#1185 = ORIENTED_EDGE('',*,*,#1122,.T.);
#1186 = ORIENTED_EDGE('',*,*,#1187,.F.);
#1187 = EDGE_CURVE('',#1188,#1125,#1190,.T.);
#1188 = VERTEX_POINT('',#1189);
#1189 = CARTESIAN_POINT('',(5.85,-5.,-0.5));
#1190 = LINE('',#1191,#1192);
#1191 = CARTESIAN_POINT('',(5.85,-5.,-17.25977326815));
#1192 = VECTOR('',#1193,1.);
#1193 = DIRECTION('',(1.075528555106E-16,8.326672684689E-17,1.));
#1194 = ORIENTED_EDGE('',*,*,#1195,.T.);
#1195 = EDGE_CURVE('',#1188,#1179,#1196,.T.);
#1196 = LINE('',#1197,#1198);
#1197 = CARTESIAN_POINT('',(5.85,-4.5,-0.5));
#1198 = VECTOR('',#1199,1.);
#1199 = DIRECTION('',(0.,1.,0.));
#1200 = PLANE('',#1201);
#1201 = AXIS2_PLACEMENT_3D('',#1202,#1203,#1204);
#1202 = CARTESIAN_POINT('',(5.85,4.475,3.30102500231));
#1203 = DIRECTION('',(-1.,0.,0.));
#1204 = DIRECTION('',(0.,0.,1.));
#1205 = ADVANCED_FACE('',(#1206),#1231,.F.);
#1206 = FACE_BOUND('',#1207,.T.);
#1207 = EDGE_LOOP('',(#1208,#1216,#1217,#1225));
#1208 = ORIENTED_EDGE('',*,*,#1209,.T.);
#1209 = EDGE_CURVE('',#1210,#1067,#1212,.T.);
#1210 = VERTEX_POINT('',#1211);
#1211 = CARTESIAN_POINT('',(5.85,5.,-0.5));
#1212 = LINE('',#1213,#1214);
#1213 = CARTESIAN_POINT('',(5.85,5.,-17.25977326815));
#1214 = VECTOR('',#1215,1.);
#1215 = DIRECTION('',(1.075528555106E-16,8.326672684689E-17,1.));
#1216 = ORIENTED_EDGE('',*,*,#1066,.T.);
#1217 = ORIENTED_EDGE('',*,*,#1218,.F.);
#1218 = EDGE_CURVE('',#1219,#1069,#1221,.T.);
#1219 = VERTEX_POINT('',#1220);
#1220 = CARTESIAN_POINT('',(5.85,4.475,-0.5));
#1221 = LINE('',#1222,#1223);
#1222 = CARTESIAN_POINT('',(5.85,4.475,3.30102500231));
#1223 = VECTOR('',#1224,1.);
#1224 = DIRECTION('',(0.,0.,1.));
#1225 = ORIENTED_EDGE('',*,*,#1226,.T.);
#1226 = EDGE_CURVE('',#1219,#1210,#1227,.T.);
#1227 = LINE('',#1228,#1229);
#1228 = CARTESIAN_POINT('',(5.85,5.,-0.5));
#1229 = VECTOR('',#1230,1.);
#1230 = DIRECTION('',(0.,1.,0.));
#1231 = PLANE('',#1232);
#1232 = AXIS2_PLACEMENT_3D('',#1233,#1234,#1235);
#1233 = CARTESIAN_POINT('',(5.85,4.475,3.30102500231));
#1234 = DIRECTION('',(-1.,0.,0.));
#1235 = DIRECTION('',(0.,0.,1.));
#1236 = ADVANCED_FACE('',(#1237),#1262,.F.);
#1237 = FACE_BOUND('',#1238,.T.);
#1238 = EDGE_LOOP('',(#1239,#1247,#1248,#1256));
#1239 = ORIENTED_EDGE('',*,*,#1240,.T.);
#1240 = EDGE_CURVE('',#1241,#1011,#1243,.T.);
#1241 = VERTEX_POINT('',#1242);
#1242 = CARTESIAN_POINT('',(-5.85,-5.,-0.5));
#1243 = LINE('',#1244,#1245);
#1244 = CARTESIAN_POINT('',(-5.85,-5.,-17.25977326815));
#1245 = VECTOR('',#1246,1.);
#1246 = DIRECTION('',(1.075528555106E-16,8.326672684689E-17,1.));
#1247 = ORIENTED_EDGE('',*,*,#1010,.T.);
#1248 = ORIENTED_EDGE('',*,*,#1249,.F.);
#1249 = EDGE_CURVE('',#1250,#1013,#1252,.T.);
#1250 = VERTEX_POINT('',#1251);
#1251 = CARTESIAN_POINT('',(-5.85,-4.475,-0.5));
#1252 = LINE('',#1253,#1254);
#1253 = CARTESIAN_POINT('',(-5.85,-4.475000000014,3.30102500231));
#1254 = VECTOR('',#1255,1.);
#1255 = DIRECTION('',(0.,0.,1.));
#1256 = ORIENTED_EDGE('',*,*,#1257,.T.);
#1257 = EDGE_CURVE('',#1250,#1241,#1258,.T.);
#1258 = LINE('',#1259,#1260);
#1259 = CARTESIAN_POINT('',(-5.85,-5.,-0.5));
#1260 = VECTOR('',#1261,1.);
#1261 = DIRECTION('',(0.,-1.,0.));
#1262 = PLANE('',#1263);
#1263 = AXIS2_PLACEMENT_3D('',#1264,#1265,#1266);
#1264 = CARTESIAN_POINT('',(-5.85,4.475,3.30102500231));
#1265 = DIRECTION('',(1.,0.,0.));
#1266 = DIRECTION('',(-0.,1.,0.));
#1267 = ADVANCED_FACE('',(#1268),#1293,.F.);
#1268 = FACE_BOUND('',#1269,.T.);
#1269 = EDGE_LOOP('',(#1270,#1278,#1279,#1287));
#1270 = ORIENTED_EDGE('',*,*,#1271,.F.);
#1271 = EDGE_CURVE('',#955,#1272,#1274,.T.);
#1272 = VERTEX_POINT('',#1273);
#1273 = CARTESIAN_POINT('',(-5.85,4.475,-0.5));
#1274 = LINE('',#1275,#1276);
#1275 = CARTESIAN_POINT('',(-5.85,4.475,3.30102500231));
#1276 = VECTOR('',#1277,1.);
#1277 = DIRECTION('',(0.,0.,-1.));
#1278 = ORIENTED_EDGE('',*,*,#954,.T.);
#1279 = ORIENTED_EDGE('',*,*,#1280,.F.);
#1280 = EDGE_CURVE('',#1281,#957,#1283,.T.);
#1281 = VERTEX_POINT('',#1282);
#1282 = CARTESIAN_POINT('',(-5.85,5.,-0.5));
#1283 = LINE('',#1284,#1285);
#1284 = CARTESIAN_POINT('',(-5.85,5.,-17.25977326815));
#1285 = VECTOR('',#1286,1.);
#1286 = DIRECTION('',(1.075528555106E-16,8.326672684689E-17,1.));
#1287 = ORIENTED_EDGE('',*,*,#1288,.T.);
#1288 = EDGE_CURVE('',#1281,#1272,#1289,.T.);
#1289 = LINE('',#1290,#1291);
#1290 = CARTESIAN_POINT('',(-5.85,4.5,-0.5));
#1291 = VECTOR('',#1292,1.);
#1292 = DIRECTION('',(0.,-1.,0.));
#1293 = PLANE('',#1294);
#1294 = AXIS2_PLACEMENT_3D('',#1295,#1296,#1297);
#1295 = CARTESIAN_POINT('',(-5.85,4.475,3.30102500231));
#1296 = DIRECTION('',(1.,0.,0.));
#1297 = DIRECTION('',(-0.,1.,0.));
#1298 = ADVANCED_FACE('',(#1299),#1335,.T.);
#1299 = FACE_BOUND('',#1300,.T.);
#1300 = EDGE_LOOP('',(#1301,#1310,#1311,#1320,#1329));
#1301 = ORIENTED_EDGE('',*,*,#1302,.F.);
#1302 = EDGE_CURVE('',#1067,#1303,#1305,.T.);
#1303 = VERTEX_POINT('',#1304);
#1304 = CARTESIAN_POINT('',(4.85,6.,0.8));
#1305 = CIRCLE('',#1306,1.);
#1306 = AXIS2_PLACEMENT_3D('',#1307,#1308,#1309);
#1307 = CARTESIAN_POINT('',(4.85,5.,0.8));
#1308 = DIRECTION('',(1.081825728799E-32,1.084202172486E-16,1.));
#1309 = DIRECTION('',(-7.596454196608E-64,-1.,1.084202172486E-16));
#1310 = ORIENTED_EDGE('',*,*,#1209,.F.);
#1311 = ORIENTED_EDGE('',*,*,#1312,.T.);
#1312 = EDGE_CURVE('',#1210,#1313,#1315,.T.);
#1313 = VERTEX_POINT('',#1314);
#1314 = CARTESIAN_POINT('',(5.179872461343,5.944025507731,-0.5));
#1315 = CIRCLE('',#1316,1.);
#1316 = AXIS2_PLACEMENT_3D('',#1317,#1318,#1319);
#1317 = CARTESIAN_POINT('',(4.85,5.,-0.5));
#1318 = DIRECTION('',(0.,0.,1.));
#1319 = DIRECTION('',(1.,0.,-0.));
#1320 = ORIENTED_EDGE('',*,*,#1321,.T.);
#1321 = EDGE_CURVE('',#1313,#1322,#1324,.T.);
#1322 = VERTEX_POINT('',#1323);
#1323 = CARTESIAN_POINT('',(4.85,6.,-0.5));
#1324 = CIRCLE('',#1325,1.);
#1325 = AXIS2_PLACEMENT_3D('',#1326,#1327,#1328);
#1326 = CARTESIAN_POINT('',(4.85,5.,-0.5));
#1327 = DIRECTION('',(0.,0.,1.));
#1328 = DIRECTION('',(-1.,0.,0.));
#1329 = ORIENTED_EDGE('',*,*,#1330,.T.);
#1330 = EDGE_CURVE('',#1322,#1303,#1331,.T.);
#1331 = LINE('',#1332,#1333);
#1332 = CARTESIAN_POINT('',(4.85,6.,-17.25977326815));
#1333 = VECTOR('',#1334,1.);
#1334 = DIRECTION('',(1.075528555106E-16,8.326672684689E-17,1.));
#1335 = CYLINDRICAL_SURFACE('',#1336,1.);
#1336 = AXIS2_PLACEMENT_3D('',#1337,#1338,#1339);
#1337 = CARTESIAN_POINT('',(4.85,5.,-17.25977326815));
#1338 = DIRECTION('',(0.,8.326672684689E-17,1.));
#1339 = DIRECTION('',(1.,0.,-0.));
#1340 = ADVANCED_FACE('',(#1341),#1526,.F.);
#1341 = FACE_BOUND('',#1342,.T.);
#1342 = EDGE_LOOP('',(#1343,#1351,#1352,#1360,#1368,#1376,#1384,#1392,
    #1400,#1408,#1416,#1424,#1432,#1440,#1448,#1456,#1464,#1472,#1480,
    #1488,#1496,#1504,#1512,#1520));
#1343 = ORIENTED_EDGE('',*,*,#1344,.F.);
#1344 = EDGE_CURVE('',#1303,#1345,#1347,.T.);
#1345 = VERTEX_POINT('',#1346);
#1346 = CARTESIAN_POINT('',(-4.85,6.,0.8));
#1347 = LINE('',#1348,#1349);
#1348 = CARTESIAN_POINT('',(-4.85,6.,0.8));
#1349 = VECTOR('',#1350,1.);
#1350 = DIRECTION('',(-1.,1.788374717502E-16,-4.072953622218E-33));
#1351 = ORIENTED_EDGE('',*,*,#1330,.F.);
#1352 = ORIENTED_EDGE('',*,*,#1353,.F.);
#1353 = EDGE_CURVE('',#1354,#1322,#1356,.T.);
#1354 = VERTEX_POINT('',#1355);
#1355 = CARTESIAN_POINT('',(4.95,6.,-0.5));
#1356 = LINE('',#1357,#1358);
#1357 = CARTESIAN_POINT('',(4.25,6.,-0.5));
#1358 = VECTOR('',#1359,1.);
#1359 = DIRECTION('',(-1.,-1.239088197126E-15,0.));
#1360 = ORIENTED_EDGE('',*,*,#1361,.T.);
#1361 = EDGE_CURVE('',#1354,#1362,#1364,.T.);
#1362 = VERTEX_POINT('',#1363);
#1363 = CARTESIAN_POINT('',(4.95,6.,-0.9));
#1364 = LINE('',#1365,#1366);
#1365 = CARTESIAN_POINT('',(4.95,6.,23.12308193272));
#1366 = VECTOR('',#1367,1.);
#1367 = DIRECTION('',(0.,0.,-1.));
#1368 = ORIENTED_EDGE('',*,*,#1369,.T.);
#1369 = EDGE_CURVE('',#1362,#1370,#1372,.T.);
#1370 = VERTEX_POINT('',#1371);
#1371 = CARTESIAN_POINT('',(4.25,6.,-0.9));
#1372 = LINE('',#1373,#1374);
#1373 = CARTESIAN_POINT('',(4.25,6.,-0.9));
#1374 = VECTOR('',#1375,1.);
#1375 = DIRECTION('',(-1.,-1.239088197126E-15,0.));
#1376 = ORIENTED_EDGE('',*,*,#1377,.F.);
#1377 = EDGE_CURVE('',#1378,#1370,#1380,.T.);
#1378 = VERTEX_POINT('',#1379);
#1379 = CARTESIAN_POINT('',(4.25,6.,-0.5));
#1380 = LINE('',#1381,#1382);
#1381 = CARTESIAN_POINT('',(4.25,6.,23.12308193272));
#1382 = VECTOR('',#1383,1.);
#1383 = DIRECTION('',(0.,0.,-1.));
#1384 = ORIENTED_EDGE('',*,*,#1385,.T.);
#1385 = EDGE_CURVE('',#1378,#1386,#1388,.T.);
#1386 = VERTEX_POINT('',#1387);
#1387 = CARTESIAN_POINT('',(3.65,6.,-0.5));
#1388 = LINE('',#1389,#1390);
#1389 = CARTESIAN_POINT('',(-4.85,6.,-0.5));
#1390 = VECTOR('',#1391,1.);
#1391 = DIRECTION('',(-1.,1.788374717502E-16,0.));
#1392 = ORIENTED_EDGE('',*,*,#1393,.T.);
#1393 = EDGE_CURVE('',#1386,#1394,#1396,.T.);
#1394 = VERTEX_POINT('',#1395);
#1395 = CARTESIAN_POINT('',(3.65,6.,-0.9));
#1396 = LINE('',#1397,#1398);
#1397 = CARTESIAN_POINT('',(3.65,6.,23.12308193272));
#1398 = VECTOR('',#1399,1.);
#1399 = DIRECTION('',(0.,0.,-1.));
#1400 = ORIENTED_EDGE('',*,*,#1401,.T.);
#1401 = EDGE_CURVE('',#1394,#1402,#1404,.T.);
#1402 = VERTEX_POINT('',#1403);
#1403 = CARTESIAN_POINT('',(2.85,6.,-0.9));
#1404 = LINE('',#1405,#1406);
#1405 = CARTESIAN_POINT('',(2.85,6.,-0.9));
#1406 = VECTOR('',#1407,1.);
#1407 = DIRECTION('',(-1.,0.,0.));
#1408 = ORIENTED_EDGE('',*,*,#1409,.F.);
#1409 = EDGE_CURVE('',#1410,#1402,#1412,.T.);
#1410 = VERTEX_POINT('',#1411);
#1411 = CARTESIAN_POINT('',(2.85,6.,-0.5));
#1412 = LINE('',#1413,#1414);
#1413 = CARTESIAN_POINT('',(2.85,6.,23.12308193272));
#1414 = VECTOR('',#1415,1.);
#1415 = DIRECTION('',(0.,0.,-1.));
#1416 = ORIENTED_EDGE('',*,*,#1417,.T.);
#1417 = EDGE_CURVE('',#1410,#1418,#1420,.T.);
#1418 = VERTEX_POINT('',#1419);
#1419 = CARTESIAN_POINT('',(2.25,6.,-0.5));
#1420 = LINE('',#1421,#1422);
#1421 = CARTESIAN_POINT('',(-4.85,6.,-0.5));
#1422 = VECTOR('',#1423,1.);
#1423 = DIRECTION('',(-1.,1.788374717502E-16,0.));
#1424 = ORIENTED_EDGE('',*,*,#1425,.T.);
#1425 = EDGE_CURVE('',#1418,#1426,#1428,.T.);
#1426 = VERTEX_POINT('',#1427);
#1427 = CARTESIAN_POINT('',(2.25,6.,-0.9));
#1428 = LINE('',#1429,#1430);
#1429 = CARTESIAN_POINT('',(2.25,6.,23.12308193272));
#1430 = VECTOR('',#1431,1.);
#1431 = DIRECTION('',(0.,0.,-1.));
#1432 = ORIENTED_EDGE('',*,*,#1433,.T.);
#1433 = EDGE_CURVE('',#1426,#1434,#1436,.T.);
#1434 = VERTEX_POINT('',#1435);
#1435 = CARTESIAN_POINT('',(-2.25,6.,-0.9));
#1436 = LINE('',#1437,#1438);
#1437 = CARTESIAN_POINT('',(-2.25,6.,-0.9));
#1438 = VECTOR('',#1439,1.);
#1439 = DIRECTION('',(-1.,-1.927470528863E-16,0.));
#1440 = ORIENTED_EDGE('',*,*,#1441,.F.);
#1441 = EDGE_CURVE('',#1442,#1434,#1444,.T.);
#1442 = VERTEX_POINT('',#1443);
#1443 = CARTESIAN_POINT('',(-2.25,6.,-0.5));
#1444 = LINE('',#1445,#1446);
#1445 = CARTESIAN_POINT('',(-2.25,6.,23.12308193272));
#1446 = VECTOR('',#1447,1.);
#1447 = DIRECTION('',(0.,0.,-1.));
#1448 = ORIENTED_EDGE('',*,*,#1449,.T.);
#1449 = EDGE_CURVE('',#1442,#1450,#1452,.T.);
#1450 = VERTEX_POINT('',#1451);
#1451 = CARTESIAN_POINT('',(-2.85,6.,-0.5));
#1452 = LINE('',#1453,#1454);
#1453 = CARTESIAN_POINT('',(-4.85,6.,-0.5));
#1454 = VECTOR('',#1455,1.);
#1455 = DIRECTION('',(-1.,1.788374717502E-16,0.));
#1456 = ORIENTED_EDGE('',*,*,#1457,.T.);
#1457 = EDGE_CURVE('',#1450,#1458,#1460,.T.);
#1458 = VERTEX_POINT('',#1459);
#1459 = CARTESIAN_POINT('',(-2.85,6.,-0.9));
#1460 = LINE('',#1461,#1462);
#1461 = CARTESIAN_POINT('',(-2.85,6.,23.12308193272));
#1462 = VECTOR('',#1463,1.);
#1463 = DIRECTION('',(0.,0.,-1.));
#1464 = ORIENTED_EDGE('',*,*,#1465,.T.);
#1465 = EDGE_CURVE('',#1458,#1466,#1468,.T.);
#1466 = VERTEX_POINT('',#1467);
#1467 = CARTESIAN_POINT('',(-3.65,6.,-0.9));
#1468 = LINE('',#1469,#1470);
#1469 = CARTESIAN_POINT('',(-3.65,6.,-0.9));
#1470 = VECTOR('',#1471,1.);
#1471 = DIRECTION('',(-1.,0.,0.));
#1472 = ORIENTED_EDGE('',*,*,#1473,.F.);
#1473 = EDGE_CURVE('',#1474,#1466,#1476,.T.);
#1474 = VERTEX_POINT('',#1475);
#1475 = CARTESIAN_POINT('',(-3.65,6.,-0.5));
#1476 = LINE('',#1477,#1478);
#1477 = CARTESIAN_POINT('',(-3.65,6.,23.12308193272));
#1478 = VECTOR('',#1479,1.);
#1479 = DIRECTION('',(0.,0.,-1.));
#1480 = ORIENTED_EDGE('',*,*,#1481,.T.);
#1481 = EDGE_CURVE('',#1474,#1482,#1484,.T.);
#1482 = VERTEX_POINT('',#1483);
#1483 = CARTESIAN_POINT('',(-4.25,6.,-0.5));
#1484 = LINE('',#1485,#1486);
#1485 = CARTESIAN_POINT('',(-4.85,6.,-0.5));
#1486 = VECTOR('',#1487,1.);
#1487 = DIRECTION('',(-1.,1.788374717502E-16,0.));
#1488 = ORIENTED_EDGE('',*,*,#1489,.T.);
#1489 = EDGE_CURVE('',#1482,#1490,#1492,.T.);
#1490 = VERTEX_POINT('',#1491);
#1491 = CARTESIAN_POINT('',(-4.25,6.,-0.9));
#1492 = LINE('',#1493,#1494);
#1493 = CARTESIAN_POINT('',(-4.25,6.,23.12308193272));
#1494 = VECTOR('',#1495,1.);
#1495 = DIRECTION('',(0.,0.,-1.));
#1496 = ORIENTED_EDGE('',*,*,#1497,.T.);
#1497 = EDGE_CURVE('',#1490,#1498,#1500,.T.);
#1498 = VERTEX_POINT('',#1499);
#1499 = CARTESIAN_POINT('',(-4.95,6.,-0.9));
#1500 = LINE('',#1501,#1502);
#1501 = CARTESIAN_POINT('',(-4.95,6.,-0.9));
#1502 = VECTOR('',#1503,1.);
#1503 = DIRECTION('',(-1.,0.,0.));
#1504 = ORIENTED_EDGE('',*,*,#1505,.F.);
#1505 = EDGE_CURVE('',#1506,#1498,#1508,.T.);
#1506 = VERTEX_POINT('',#1507);
#1507 = CARTESIAN_POINT('',(-4.95,6.,-0.5));
#1508 = LINE('',#1509,#1510);
#1509 = CARTESIAN_POINT('',(-4.95,6.,23.12308193272));
#1510 = VECTOR('',#1511,1.);
#1511 = DIRECTION('',(0.,0.,-1.));
#1512 = ORIENTED_EDGE('',*,*,#1513,.F.);
#1513 = EDGE_CURVE('',#1514,#1506,#1516,.T.);
#1514 = VERTEX_POINT('',#1515);
#1515 = CARTESIAN_POINT('',(-4.85,6.,-0.5));
#1516 = LINE('',#1517,#1518);
#1517 = CARTESIAN_POINT('',(-4.95,6.,-0.5));
#1518 = VECTOR('',#1519,1.);
#1519 = DIRECTION('',(-1.,0.,0.));
#1520 = ORIENTED_EDGE('',*,*,#1521,.T.);
#1521 = EDGE_CURVE('',#1514,#1345,#1522,.T.);
#1522 = LINE('',#1523,#1524);
#1523 = CARTESIAN_POINT('',(-4.85,6.,-17.25977326815));
#1524 = VECTOR('',#1525,1.);
#1525 = DIRECTION('',(1.075528555106E-16,8.326672684689E-17,1.));
#1526 = PLANE('',#1527);
#1527 = AXIS2_PLACEMENT_3D('',#1528,#1529,#1530);
#1528 = CARTESIAN_POINT('',(-4.85,6.,-17.25977326815));
#1529 = DIRECTION('',(-1.788374717502E-16,-1.,8.326672684689E-17));
#1530 = DIRECTION('',(-1.,1.788374717502E-16,0.));
#1531 = ADVANCED_FACE('',(#1532),#1559,.T.);
#1532 = FACE_BOUND('',#1533,.T.);
#1533 = EDGE_LOOP('',(#1534,#1541,#1542,#1551,#1558));
#1534 = ORIENTED_EDGE('',*,*,#1535,.F.);
#1535 = EDGE_CURVE('',#1345,#957,#1536,.T.);
#1536 = CIRCLE('',#1537,1.);
#1537 = AXIS2_PLACEMENT_3D('',#1538,#1539,#1540);
#1538 = CARTESIAN_POINT('',(-4.85,5.,0.8));
#1539 = DIRECTION('',(1.081825728799E-32,1.084202172486E-16,1.));
#1540 = DIRECTION('',(-7.596454196608E-64,-1.,1.084202172486E-16));
#1541 = ORIENTED_EDGE('',*,*,#1521,.F.);
#1542 = ORIENTED_EDGE('',*,*,#1543,.T.);
#1543 = EDGE_CURVE('',#1514,#1544,#1546,.T.);
#1544 = VERTEX_POINT('',#1545);
#1545 = CARTESIAN_POINT('',(-5.179872461343,5.944025507731,-0.5));
#1546 = CIRCLE('',#1547,1.);
#1547 = AXIS2_PLACEMENT_3D('',#1548,#1549,#1550);
#1548 = CARTESIAN_POINT('',(-4.85,5.,-0.5));
#1549 = DIRECTION('',(0.,0.,1.));
#1550 = DIRECTION('',(1.,0.,-0.));
#1551 = ORIENTED_EDGE('',*,*,#1552,.T.);
#1552 = EDGE_CURVE('',#1544,#1281,#1553,.T.);
#1553 = CIRCLE('',#1554,1.);
#1554 = AXIS2_PLACEMENT_3D('',#1555,#1556,#1557);
#1555 = CARTESIAN_POINT('',(-4.85,5.,-0.5));
#1556 = DIRECTION('',(0.,0.,1.));
#1557 = DIRECTION('',(1.,0.,-0.));
#1558 = ORIENTED_EDGE('',*,*,#1280,.T.);
#1559 = CYLINDRICAL_SURFACE('',#1560,1.);
#1560 = AXIS2_PLACEMENT_3D('',#1561,#1562,#1563);
#1561 = CARTESIAN_POINT('',(-4.85,5.,-17.25977326815));
#1562 = DIRECTION('',(0.,8.326672684689E-17,1.));
#1563 = DIRECTION('',(1.,0.,-0.));
#1564 = ADVANCED_FACE('',(#1565),#1601,.T.);
#1565 = FACE_BOUND('',#1566,.T.);
#1566 = EDGE_LOOP('',(#1567,#1576,#1584,#1593,#1600));
#1567 = ORIENTED_EDGE('',*,*,#1568,.F.);
#1568 = EDGE_CURVE('',#1569,#1125,#1571,.T.);
#1569 = VERTEX_POINT('',#1570);
#1570 = CARTESIAN_POINT('',(4.85,-6.,0.8));
#1571 = CIRCLE('',#1572,1.);
#1572 = AXIS2_PLACEMENT_3D('',#1573,#1574,#1575);
#1573 = CARTESIAN_POINT('',(4.85,-5.,0.8));
#1574 = DIRECTION('',(1.081825728799E-32,1.084202172486E-16,1.));
#1575 = DIRECTION('',(-7.596454196608E-64,-1.,1.084202172486E-16));
#1576 = ORIENTED_EDGE('',*,*,#1577,.F.);
#1577 = EDGE_CURVE('',#1578,#1569,#1580,.T.);
#1578 = VERTEX_POINT('',#1579);
#1579 = CARTESIAN_POINT('',(4.85,-6.,-0.5));
#1580 = LINE('',#1581,#1582);
#1581 = CARTESIAN_POINT('',(4.85,-6.,-17.25977326815));
#1582 = VECTOR('',#1583,1.);
#1583 = DIRECTION('',(1.075528555106E-16,8.326672684689E-17,1.));
#1584 = ORIENTED_EDGE('',*,*,#1585,.T.);
#1585 = EDGE_CURVE('',#1578,#1586,#1588,.T.);
#1586 = VERTEX_POINT('',#1587);
#1587 = CARTESIAN_POINT('',(5.179872461343,-5.944025507731,-0.5));
#1588 = CIRCLE('',#1589,1.);
#1589 = AXIS2_PLACEMENT_3D('',#1590,#1591,#1592);
#1590 = CARTESIAN_POINT('',(4.85,-5.,-0.5));
#1591 = DIRECTION('',(0.,0.,1.));
#1592 = DIRECTION('',(1.,0.,-0.));
#1593 = ORIENTED_EDGE('',*,*,#1594,.T.);
#1594 = EDGE_CURVE('',#1586,#1188,#1595,.T.);
#1595 = CIRCLE('',#1596,1.);
#1596 = AXIS2_PLACEMENT_3D('',#1597,#1598,#1599);
#1597 = CARTESIAN_POINT('',(4.85,-5.,-0.5));
#1598 = DIRECTION('',(0.,0.,1.));
#1599 = DIRECTION('',(1.,0.,-0.));
#1600 = ORIENTED_EDGE('',*,*,#1187,.T.);
#1601 = CYLINDRICAL_SURFACE('',#1602,1.);
#1602 = AXIS2_PLACEMENT_3D('',#1603,#1604,#1605);
#1603 = CARTESIAN_POINT('',(4.85,-5.,-17.25977326815));
#1604 = DIRECTION('',(0.,8.326672684689E-17,1.));
#1605 = DIRECTION('',(1.,0.,-0.));
#1606 = ADVANCED_FACE('',(#1607),#1792,.F.);
#1607 = FACE_BOUND('',#1608,.T.);
#1608 = EDGE_LOOP('',(#1609,#1617,#1625,#1633,#1641,#1649,#1657,#1665,
    #1673,#1681,#1689,#1697,#1705,#1713,#1721,#1729,#1737,#1745,#1753,
    #1761,#1769,#1777,#1785,#1791));
#1609 = ORIENTED_EDGE('',*,*,#1610,.F.);
#1610 = EDGE_CURVE('',#1611,#1569,#1613,.T.);
#1611 = VERTEX_POINT('',#1612);
#1612 = CARTESIAN_POINT('',(-4.85,-6.,0.8));
#1613 = LINE('',#1614,#1615);
#1614 = CARTESIAN_POINT('',(4.85,-6.,0.8));
#1615 = VECTOR('',#1616,1.);
#1616 = DIRECTION('',(1.,-1.788374717502E-16,4.072953622218E-33));
#1617 = ORIENTED_EDGE('',*,*,#1618,.F.);
#1618 = EDGE_CURVE('',#1619,#1611,#1621,.T.);
#1619 = VERTEX_POINT('',#1620);
#1620 = CARTESIAN_POINT('',(-4.85,-6.,-0.5));
#1621 = LINE('',#1622,#1623);
#1622 = CARTESIAN_POINT('',(-4.85,-6.,-17.25977326815));
#1623 = VECTOR('',#1624,1.);
#1624 = DIRECTION('',(1.075528555106E-16,8.326672684689E-17,1.));
#1625 = ORIENTED_EDGE('',*,*,#1626,.F.);
#1626 = EDGE_CURVE('',#1627,#1619,#1629,.T.);
#1627 = VERTEX_POINT('',#1628);
#1628 = CARTESIAN_POINT('',(-4.95,-6.,-0.5));
#1629 = LINE('',#1630,#1631);
#1630 = CARTESIAN_POINT('',(-4.95,-6.,-0.5));
#1631 = VECTOR('',#1632,1.);
#1632 = DIRECTION('',(1.,0.,0.));
#1633 = ORIENTED_EDGE('',*,*,#1634,.T.);
#1634 = EDGE_CURVE('',#1627,#1635,#1637,.T.);
#1635 = VERTEX_POINT('',#1636);
#1636 = CARTESIAN_POINT('',(-4.95,-6.,-0.9));
#1637 = LINE('',#1638,#1639);
#1638 = CARTESIAN_POINT('',(-4.95,-6.,23.12308193272));
#1639 = VECTOR('',#1640,1.);
#1640 = DIRECTION('',(0.,0.,-1.));
#1641 = ORIENTED_EDGE('',*,*,#1642,.T.);
#1642 = EDGE_CURVE('',#1635,#1643,#1645,.T.);
#1643 = VERTEX_POINT('',#1644);
#1644 = CARTESIAN_POINT('',(-4.25,-6.,-0.9));
#1645 = LINE('',#1646,#1647);
#1646 = CARTESIAN_POINT('',(-4.95,-6.,-0.9));
#1647 = VECTOR('',#1648,1.);
#1648 = DIRECTION('',(1.,0.,0.));
#1649 = ORIENTED_EDGE('',*,*,#1650,.F.);
#1650 = EDGE_CURVE('',#1651,#1643,#1653,.T.);
#1651 = VERTEX_POINT('',#1652);
#1652 = CARTESIAN_POINT('',(-4.25,-6.,-0.5));
#1653 = LINE('',#1654,#1655);
#1654 = CARTESIAN_POINT('',(-4.25,-6.,23.12308193272));
#1655 = VECTOR('',#1656,1.);
#1656 = DIRECTION('',(0.,0.,-1.));
#1657 = ORIENTED_EDGE('',*,*,#1658,.T.);
#1658 = EDGE_CURVE('',#1651,#1659,#1661,.T.);
#1659 = VERTEX_POINT('',#1660);
#1660 = CARTESIAN_POINT('',(-3.65,-6.,-0.5));
#1661 = LINE('',#1662,#1663);
#1662 = CARTESIAN_POINT('',(4.85,-6.,-0.5));
#1663 = VECTOR('',#1664,1.);
#1664 = DIRECTION('',(1.,-1.788374717502E-16,0.));
#1665 = ORIENTED_EDGE('',*,*,#1666,.T.);
#1666 = EDGE_CURVE('',#1659,#1667,#1669,.T.);
#1667 = VERTEX_POINT('',#1668);
#1668 = CARTESIAN_POINT('',(-3.65,-6.,-0.9));
#1669 = LINE('',#1670,#1671);
#1670 = CARTESIAN_POINT('',(-3.65,-6.,23.12308193272));
#1671 = VECTOR('',#1672,1.);
#1672 = DIRECTION('',(0.,0.,-1.));
#1673 = ORIENTED_EDGE('',*,*,#1674,.T.);
#1674 = EDGE_CURVE('',#1667,#1675,#1677,.T.);
#1675 = VERTEX_POINT('',#1676);
#1676 = CARTESIAN_POINT('',(-2.85,-6.,-0.9));
#1677 = LINE('',#1678,#1679);
#1678 = CARTESIAN_POINT('',(-3.65,-6.,-0.9));
#1679 = VECTOR('',#1680,1.);
#1680 = DIRECTION('',(1.,0.,0.));
#1681 = ORIENTED_EDGE('',*,*,#1682,.F.);
#1682 = EDGE_CURVE('',#1683,#1675,#1685,.T.);
#1683 = VERTEX_POINT('',#1684);
#1684 = CARTESIAN_POINT('',(-2.85,-6.,-0.5));
#1685 = LINE('',#1686,#1687);
#1686 = CARTESIAN_POINT('',(-2.85,-6.,23.12308193272));
#1687 = VECTOR('',#1688,1.);
#1688 = DIRECTION('',(0.,0.,-1.));
#1689 = ORIENTED_EDGE('',*,*,#1690,.T.);
#1690 = EDGE_CURVE('',#1683,#1691,#1693,.T.);
#1691 = VERTEX_POINT('',#1692);
#1692 = CARTESIAN_POINT('',(-2.25,-6.,-0.5));
#1693 = LINE('',#1694,#1695);
#1694 = CARTESIAN_POINT('',(4.85,-6.,-0.5));
#1695 = VECTOR('',#1696,1.);
#1696 = DIRECTION('',(1.,-1.788374717502E-16,0.));
#1697 = ORIENTED_EDGE('',*,*,#1698,.T.);
#1698 = EDGE_CURVE('',#1691,#1699,#1701,.T.);
#1699 = VERTEX_POINT('',#1700);
#1700 = CARTESIAN_POINT('',(-2.25,-6.,-0.9));
#1701 = LINE('',#1702,#1703);
#1702 = CARTESIAN_POINT('',(-2.25,-6.,23.12308193272));
#1703 = VECTOR('',#1704,1.);
#1704 = DIRECTION('',(0.,0.,-1.));
#1705 = ORIENTED_EDGE('',*,*,#1706,.T.);
#1706 = EDGE_CURVE('',#1699,#1707,#1709,.T.);
#1707 = VERTEX_POINT('',#1708);
#1708 = CARTESIAN_POINT('',(2.25,-6.,-0.9));
#1709 = LINE('',#1710,#1711);
#1710 = CARTESIAN_POINT('',(-2.25,-6.,-0.9));
#1711 = VECTOR('',#1712,1.);
#1712 = DIRECTION('',(1.,1.927470528863E-16,0.));
#1713 = ORIENTED_EDGE('',*,*,#1714,.F.);
#1714 = EDGE_CURVE('',#1715,#1707,#1717,.T.);
#1715 = VERTEX_POINT('',#1716);
#1716 = CARTESIAN_POINT('',(2.25,-6.,-0.5));
#1717 = LINE('',#1718,#1719);
#1718 = CARTESIAN_POINT('',(2.25,-6.,23.12308193272));
#1719 = VECTOR('',#1720,1.);
#1720 = DIRECTION('',(0.,0.,-1.));
#1721 = ORIENTED_EDGE('',*,*,#1722,.T.);
#1722 = EDGE_CURVE('',#1715,#1723,#1725,.T.);
#1723 = VERTEX_POINT('',#1724);
#1724 = CARTESIAN_POINT('',(2.85,-6.,-0.5));
#1725 = LINE('',#1726,#1727);
#1726 = CARTESIAN_POINT('',(4.85,-6.,-0.5));
#1727 = VECTOR('',#1728,1.);
#1728 = DIRECTION('',(1.,-1.788374717502E-16,0.));
#1729 = ORIENTED_EDGE('',*,*,#1730,.T.);
#1730 = EDGE_CURVE('',#1723,#1731,#1733,.T.);
#1731 = VERTEX_POINT('',#1732);
#1732 = CARTESIAN_POINT('',(2.85,-6.,-0.9));
#1733 = LINE('',#1734,#1735);
#1734 = CARTESIAN_POINT('',(2.85,-6.,23.12308193272));
#1735 = VECTOR('',#1736,1.);
#1736 = DIRECTION('',(0.,0.,-1.));
#1737 = ORIENTED_EDGE('',*,*,#1738,.T.);
#1738 = EDGE_CURVE('',#1731,#1739,#1741,.T.);
#1739 = VERTEX_POINT('',#1740);
#1740 = CARTESIAN_POINT('',(3.65,-6.,-0.9));
#1741 = LINE('',#1742,#1743);
#1742 = CARTESIAN_POINT('',(2.85,-6.,-0.9));
#1743 = VECTOR('',#1744,1.);
#1744 = DIRECTION('',(1.,0.,0.));
#1745 = ORIENTED_EDGE('',*,*,#1746,.F.);
#1746 = EDGE_CURVE('',#1747,#1739,#1749,.T.);
#1747 = VERTEX_POINT('',#1748);
#1748 = CARTESIAN_POINT('',(3.65,-6.,-0.5));
#1749 = LINE('',#1750,#1751);
#1750 = CARTESIAN_POINT('',(3.65,-6.,23.12308193272));
#1751 = VECTOR('',#1752,1.);
#1752 = DIRECTION('',(0.,0.,-1.));
#1753 = ORIENTED_EDGE('',*,*,#1754,.T.);
#1754 = EDGE_CURVE('',#1747,#1755,#1757,.T.);
#1755 = VERTEX_POINT('',#1756);
#1756 = CARTESIAN_POINT('',(4.25,-6.,-0.5));
#1757 = LINE('',#1758,#1759);
#1758 = CARTESIAN_POINT('',(4.85,-6.,-0.5));
#1759 = VECTOR('',#1760,1.);
#1760 = DIRECTION('',(1.,-1.788374717502E-16,0.));
#1761 = ORIENTED_EDGE('',*,*,#1762,.T.);
#1762 = EDGE_CURVE('',#1755,#1763,#1765,.T.);
#1763 = VERTEX_POINT('',#1764);
#1764 = CARTESIAN_POINT('',(4.25,-6.,-0.9));
#1765 = LINE('',#1766,#1767);
#1766 = CARTESIAN_POINT('',(4.25,-6.,23.12308193272));
#1767 = VECTOR('',#1768,1.);
#1768 = DIRECTION('',(0.,0.,-1.));
#1769 = ORIENTED_EDGE('',*,*,#1770,.T.);
#1770 = EDGE_CURVE('',#1763,#1771,#1773,.T.);
#1771 = VERTEX_POINT('',#1772);
#1772 = CARTESIAN_POINT('',(4.95,-6.,-0.9));
#1773 = LINE('',#1774,#1775);
#1774 = CARTESIAN_POINT('',(4.25,-6.,-0.9));
#1775 = VECTOR('',#1776,1.);
#1776 = DIRECTION('',(1.,1.239088197126E-15,0.));
#1777 = ORIENTED_EDGE('',*,*,#1778,.F.);
#1778 = EDGE_CURVE('',#1779,#1771,#1781,.T.);
#1779 = VERTEX_POINT('',#1780);
#1780 = CARTESIAN_POINT('',(4.95,-6.,-0.5));
#1781 = LINE('',#1782,#1783);
#1782 = CARTESIAN_POINT('',(4.95,-6.,23.12308193272));
#1783 = VECTOR('',#1784,1.);
#1784 = DIRECTION('',(0.,0.,-1.));
#1785 = ORIENTED_EDGE('',*,*,#1786,.F.);
#1786 = EDGE_CURVE('',#1578,#1779,#1787,.T.);
#1787 = LINE('',#1788,#1789);
#1788 = CARTESIAN_POINT('',(4.25,-6.,-0.5));
#1789 = VECTOR('',#1790,1.);
#1790 = DIRECTION('',(1.,1.239088197126E-15,0.));
#1791 = ORIENTED_EDGE('',*,*,#1577,.T.);
#1792 = PLANE('',#1793);
#1793 = AXIS2_PLACEMENT_3D('',#1794,#1795,#1796);
#1794 = CARTESIAN_POINT('',(4.85,-6.,-17.25977326815));
#1795 = DIRECTION('',(1.788374717502E-16,1.,-8.326672684689E-17));
#1796 = DIRECTION('',(1.,-1.788374717502E-16,0.));
#1797 = ADVANCED_FACE('',(#1798),#1825,.T.);
#1798 = FACE_BOUND('',#1799,.T.);
#1799 = EDGE_LOOP('',(#1800,#1807,#1808,#1817,#1824));
#1800 = ORIENTED_EDGE('',*,*,#1801,.F.);
#1801 = EDGE_CURVE('',#1011,#1611,#1802,.T.);
#1802 = CIRCLE('',#1803,1.);
#1803 = AXIS2_PLACEMENT_3D('',#1804,#1805,#1806);
#1804 = CARTESIAN_POINT('',(-4.85,-5.,0.8));
#1805 = DIRECTION('',(1.081825728799E-32,1.084202172486E-16,1.));
#1806 = DIRECTION('',(-7.596454196608E-64,-1.,1.084202172486E-16));
#1807 = ORIENTED_EDGE('',*,*,#1240,.F.);
#1808 = ORIENTED_EDGE('',*,*,#1809,.T.);
#1809 = EDGE_CURVE('',#1241,#1810,#1812,.T.);
#1810 = VERTEX_POINT('',#1811);
#1811 = CARTESIAN_POINT('',(-5.179872461343,-5.944025507731,-0.5));
#1812 = CIRCLE('',#1813,1.);
#1813 = AXIS2_PLACEMENT_3D('',#1814,#1815,#1816);
#1814 = CARTESIAN_POINT('',(-4.85,-5.,-0.5));
#1815 = DIRECTION('',(0.,0.,1.));
#1816 = DIRECTION('',(1.,0.,-0.));
#1817 = ORIENTED_EDGE('',*,*,#1818,.T.);
#1818 = EDGE_CURVE('',#1810,#1619,#1819,.T.);
#1819 = CIRCLE('',#1820,1.);
#1820 = AXIS2_PLACEMENT_3D('',#1821,#1822,#1823);
#1821 = CARTESIAN_POINT('',(-4.85,-5.,-0.5));
#1822 = DIRECTION('',(0.,0.,1.));
#1823 = DIRECTION('',(1.,0.,-0.));
#1824 = ORIENTED_EDGE('',*,*,#1618,.T.);
#1825 = CYLINDRICAL_SURFACE('',#1826,1.);
#1826 = AXIS2_PLACEMENT_3D('',#1827,#1828,#1829);
#1827 = CARTESIAN_POINT('',(-4.85,-5.,-17.25977326815));
#1828 = DIRECTION('',(0.,8.326672684689E-17,1.));
#1829 = DIRECTION('',(1.,0.,-0.));
#1830 = ADVANCED_FACE('',(#1831),#1843,.T.);
#1831 = FACE_BOUND('',#1832,.T.);
#1832 = EDGE_LOOP('',(#1833,#1834,#1841,#1842));
#1833 = ORIENTED_EDGE('',*,*,#927,.F.);
#1834 = ORIENTED_EDGE('',*,*,#1835,.T.);
#1835 = EDGE_CURVE('',#896,#904,#1836,.T.);
#1836 = CIRCLE('',#1837,3.5);
#1837 = AXIS2_PLACEMENT_3D('',#1838,#1839,#1840);
#1838 = CARTESIAN_POINT('',(0.,0.,-7.4));
#1839 = DIRECTION('',(0.,0.,1.));
#1840 = DIRECTION('',(1.,0.,-0.));
#1841 = ORIENTED_EDGE('',*,*,#940,.T.);
#1842 = ORIENTED_EDGE('',*,*,#851,.T.);
#1843 = CYLINDRICAL_SURFACE('',#1844,3.5);
#1844 = AXIS2_PLACEMENT_3D('',#1845,#1846,#1847);
#1845 = CARTESIAN_POINT('',(0.,0.,-7.9));
#1846 = DIRECTION('',(0.,0.,1.));
#1847 = DIRECTION('',(1.,0.,-0.));
#1848 = ADVANCED_FACE('',(#1849),#1861,.T.);
#1849 = FACE_BOUND('',#1850,.T.);
#1850 = EDGE_LOOP('',(#1851,#1852,#1859,#1860));
#1851 = ORIENTED_EDGE('',*,*,#895,.F.);
#1852 = ORIENTED_EDGE('',*,*,#1853,.F.);
#1853 = EDGE_CURVE('',#887,#885,#1854,.T.);
#1854 = CIRCLE('',#1855,3.);
#1855 = AXIS2_PLACEMENT_3D('',#1856,#1857,#1858);
#1856 = CARTESIAN_POINT('',(0.,0.,-7.9));
#1857 = DIRECTION('',(0.,0.,-1.));
#1858 = DIRECTION('',(1.,0.,0.));
#1859 = ORIENTED_EDGE('',*,*,#912,.T.);
#1860 = ORIENTED_EDGE('',*,*,#1835,.F.);
#1861 = CONICAL_SURFACE('',#1862,3.5,0.785398163397);
#1862 = AXIS2_PLACEMENT_3D('',#1863,#1864,#1865);
#1863 = CARTESIAN_POINT('',(0.,0.,-7.4));
#1864 = DIRECTION('',(0.,0.,1.));
#1865 = DIRECTION('',(1.,0.,-0.));
#1866 = ADVANCED_FACE('',(#1867),#1879,.F.);
#1867 = FACE_BOUND('',#1868,.F.);
#1868 = EDGE_LOOP('',(#1869,#1870,#1871,#1878));
#1869 = ORIENTED_EDGE('',*,*,#933,.T.);
#1870 = ORIENTED_EDGE('',*,*,#840,.F.);
#1871 = ORIENTED_EDGE('',*,*,#1872,.T.);
#1872 = EDGE_CURVE('',#841,#861,#1873,.T.);
#1873 = CIRCLE('',#1874,4.);
#1874 = AXIS2_PLACEMENT_3D('',#1875,#1876,#1877);
#1875 = CARTESIAN_POINT('',(0.,0.,-0.9));
#1876 = DIRECTION('',(0.,0.,1.));
#1877 = DIRECTION('',(1.,0.,-0.));
#1878 = ORIENTED_EDGE('',*,*,#860,.T.);
#1879 = TOROIDAL_SURFACE('',#1880,4.,0.5);
#1880 = AXIS2_PLACEMENT_3D('',#1881,#1882,#1883);
#1881 = CARTESIAN_POINT('',(0.,0.,-1.4));
#1882 = DIRECTION('',(0.,0.,1.));
#1883 = DIRECTION('',(1.,0.,-0.));
#1884 = ADVANCED_FACE('',(#1885),#1935,.T.);
#1885 = FACE_BOUND('',#1886,.T.);
#1886 = EDGE_LOOP('',(#1887,#1897,#1905,#1913,#1921,#1929));
#1887 = ORIENTED_EDGE('',*,*,#1888,.F.);
#1888 = EDGE_CURVE('',#1889,#1891,#1893,.T.);
#1889 = VERTEX_POINT('',#1890);
#1890 = CARTESIAN_POINT('',(5.45,1.45,-0.9));
#1891 = VERTEX_POINT('',#1892);
#1892 = CARTESIAN_POINT('',(5.45,-1.45,-0.9));
#1893 = LINE('',#1894,#1895);
#1894 = CARTESIAN_POINT('',(5.45,4.475,-0.9));
#1895 = VECTOR('',#1896,1.);
#1896 = DIRECTION('',(0.,-1.,0.));
#1897 = ORIENTED_EDGE('',*,*,#1898,.F.);
#1898 = EDGE_CURVE('',#1899,#1889,#1901,.T.);
#1899 = VERTEX_POINT('',#1900);
#1900 = CARTESIAN_POINT('',(5.45,1.45,-0.5));
#1901 = LINE('',#1902,#1903);
#1902 = CARTESIAN_POINT('',(5.45,1.45,23.12308193272));
#1903 = VECTOR('',#1904,1.);
#1904 = DIRECTION('',(0.,0.,-1.));
#1905 = ORIENTED_EDGE('',*,*,#1906,.F.);
#1906 = EDGE_CURVE('',#1907,#1899,#1909,.T.);
#1907 = VERTEX_POINT('',#1908);
#1908 = CARTESIAN_POINT('',(5.45,1.45,-0.28));
#1909 = LINE('',#1910,#1911);
#1910 = CARTESIAN_POINT('',(5.45,1.45,-0.28));
#1911 = VECTOR('',#1912,1.);
#1912 = DIRECTION('',(0.,3.942553354493E-15,-1.));
#1913 = ORIENTED_EDGE('',*,*,#1914,.F.);
#1914 = EDGE_CURVE('',#1915,#1907,#1917,.T.);
#1915 = VERTEX_POINT('',#1916);
#1916 = CARTESIAN_POINT('',(5.45,-1.45,-0.28));
#1917 = LINE('',#1918,#1919);
#1918 = CARTESIAN_POINT('',(5.45,-1.45,-0.28));
#1919 = VECTOR('',#1920,1.);
#1920 = DIRECTION('',(0.,1.,2.990902544788E-16));
#1921 = ORIENTED_EDGE('',*,*,#1922,.F.);
#1922 = EDGE_CURVE('',#1923,#1915,#1925,.T.);
#1923 = VERTEX_POINT('',#1924);
#1924 = CARTESIAN_POINT('',(5.45,-1.45,-0.5));
#1925 = LINE('',#1926,#1927);
#1926 = CARTESIAN_POINT('',(5.45,-1.45,-0.5));
#1927 = VECTOR('',#1928,1.);
#1928 = DIRECTION('',(0.,-9.856383386232E-16,1.));
#1929 = ORIENTED_EDGE('',*,*,#1930,.T.);
#1930 = EDGE_CURVE('',#1923,#1891,#1931,.T.);
#1931 = LINE('',#1932,#1933);
#1932 = CARTESIAN_POINT('',(5.45,-1.45,23.12308193272));
#1933 = VECTOR('',#1934,1.);
#1934 = DIRECTION('',(0.,0.,-1.));
#1935 = PLANE('',#1936);
#1936 = AXIS2_PLACEMENT_3D('',#1937,#1938,#1939);
#1937 = CARTESIAN_POINT('',(5.45,4.475,1.1));
#1938 = DIRECTION('',(1.,0.,0.));
#1939 = DIRECTION('',(-0.,1.,0.));
#1940 = ADVANCED_FACE('',(#1941),#1991,.T.);
#1941 = FACE_BOUND('',#1942,.T.);
#1942 = EDGE_LOOP('',(#1943,#1953,#1961,#1969,#1977,#1985));
#1943 = ORIENTED_EDGE('',*,*,#1944,.F.);
#1944 = EDGE_CURVE('',#1945,#1947,#1949,.T.);
#1945 = VERTEX_POINT('',#1946);
#1946 = CARTESIAN_POINT('',(-5.45,-1.45,-0.9));
#1947 = VERTEX_POINT('',#1948);
#1948 = CARTESIAN_POINT('',(-5.45,1.45,-0.9));
#1949 = LINE('',#1950,#1951);
#1950 = CARTESIAN_POINT('',(-5.45,4.475,-0.9));
#1951 = VECTOR('',#1952,1.);
#1952 = DIRECTION('',(0.,1.,0.));
#1953 = ORIENTED_EDGE('',*,*,#1954,.F.);
#1954 = EDGE_CURVE('',#1955,#1945,#1957,.T.);
#1955 = VERTEX_POINT('',#1956);
#1956 = CARTESIAN_POINT('',(-5.45,-1.45,-0.5));
#1957 = LINE('',#1958,#1959);
#1958 = CARTESIAN_POINT('',(-5.45,-1.45,23.12308193272));
#1959 = VECTOR('',#1960,1.);
#1960 = DIRECTION('',(0.,0.,-1.));
#1961 = ORIENTED_EDGE('',*,*,#1962,.F.);
#1962 = EDGE_CURVE('',#1963,#1955,#1965,.T.);
#1963 = VERTEX_POINT('',#1964);
#1964 = CARTESIAN_POINT('',(-5.45,-1.45,-0.28));
#1965 = LINE('',#1966,#1967);
#1966 = CARTESIAN_POINT('',(-5.45,-1.45,-0.5));
#1967 = VECTOR('',#1968,1.);
#1968 = DIRECTION('',(0.,9.856383386232E-16,-1.));
#1969 = ORIENTED_EDGE('',*,*,#1970,.F.);
#1970 = EDGE_CURVE('',#1971,#1963,#1973,.T.);
#1971 = VERTEX_POINT('',#1972);
#1972 = CARTESIAN_POINT('',(-5.45,1.45,-0.28));
#1973 = LINE('',#1974,#1975);
#1974 = CARTESIAN_POINT('',(-5.45,-1.45,-0.28));
#1975 = VECTOR('',#1976,1.);
#1976 = DIRECTION('',(0.,-1.,-2.990902544788E-16));
#1977 = ORIENTED_EDGE('',*,*,#1978,.F.);
#1978 = EDGE_CURVE('',#1979,#1971,#1981,.T.);
#1979 = VERTEX_POINT('',#1980);
#1980 = CARTESIAN_POINT('',(-5.45,1.45,-0.5));
#1981 = LINE('',#1982,#1983);
#1982 = CARTESIAN_POINT('',(-5.45,1.45,-0.28));
#1983 = VECTOR('',#1984,1.);
#1984 = DIRECTION('',(0.,-3.942553354493E-15,1.));
#1985 = ORIENTED_EDGE('',*,*,#1986,.T.);
#1986 = EDGE_CURVE('',#1979,#1947,#1987,.T.);
#1987 = LINE('',#1988,#1989);
#1988 = CARTESIAN_POINT('',(-5.45,1.45,23.12308193272));
#1989 = VECTOR('',#1990,1.);
#1990 = DIRECTION('',(0.,0.,-1.));
#1991 = PLANE('',#1992);
#1992 = AXIS2_PLACEMENT_3D('',#1993,#1994,#1995);
#1993 = CARTESIAN_POINT('',(-5.45,4.475,1.1));
#1994 = DIRECTION('',(-1.,0.,0.));
#1995 = DIRECTION('',(0.,0.,1.));
#1996 = ADVANCED_FACE('',(#1997),#2031,.F.);
#1997 = FACE_BOUND('',#1998,.T.);
#1998 = EDGE_LOOP('',(#1999,#2009,#2017,#2025));
#1999 = ORIENTED_EDGE('',*,*,#2000,.T.);
#2000 = EDGE_CURVE('',#2001,#2003,#2005,.T.);
#2001 = VERTEX_POINT('',#2002);
#2002 = CARTESIAN_POINT('',(0.75,-7.425,3.271792112093));
#2003 = VERTEX_POINT('',#2004);
#2004 = CARTESIAN_POINT('',(0.45,-7.425,3.271792112093));
#2005 = LINE('',#2006,#2007);
#2006 = CARTESIAN_POINT('',(0.75,-7.425,3.271792112093));
#2007 = VECTOR('',#2008,1.);
#2008 = DIRECTION('',(-1.,2.642297700216E-17,1.075528555106E-16));
#2009 = ORIENTED_EDGE('',*,*,#2010,.F.);
#2010 = EDGE_CURVE('',#2011,#2003,#2013,.T.);
#2011 = VERTEX_POINT('',#2012);
#2012 = CARTESIAN_POINT('',(0.45,-7.575,3.271792112093));
#2013 = LINE('',#2014,#2015);
#2014 = CARTESIAN_POINT('',(0.45,-7.575,3.271792112093));
#2015 = VECTOR('',#2016,1.);
#2016 = DIRECTION('',(2.642297700216E-17,1.,-3.574750087956E-15));
#2017 = ORIENTED_EDGE('',*,*,#2018,.F.);
#2018 = EDGE_CURVE('',#2019,#2011,#2021,.T.);
#2019 = VERTEX_POINT('',#2020);
#2020 = CARTESIAN_POINT('',(0.75,-7.575,3.271792112093));
#2021 = LINE('',#2022,#2023);
#2022 = CARTESIAN_POINT('',(0.75,-7.575,3.271792112093));
#2023 = VECTOR('',#2024,1.);
#2024 = DIRECTION('',(-1.,2.642297700216E-17,1.075528555106E-16));
#2025 = ORIENTED_EDGE('',*,*,#2026,.T.);
#2026 = EDGE_CURVE('',#2019,#2001,#2027,.T.);
#2027 = LINE('',#2028,#2029);
#2028 = CARTESIAN_POINT('',(0.75,-7.575,3.271792112093));
#2029 = VECTOR('',#2030,1.);
#2030 = DIRECTION('',(2.642297700216E-17,1.,-3.574750087956E-15));
#2031 = PLANE('',#2032);
#2032 = AXIS2_PLACEMENT_3D('',#2033,#2034,#2035);
#2033 = CARTESIAN_POINT('',(0.75,-7.575,3.271792112093));
#2034 = DIRECTION('',(-1.075528555106E-16,-3.574750087956E-15,-1.));
#2035 = DIRECTION('',(0.,-1.,3.574750087956E-15));
#2036 = ADVANCED_FACE('',(#2037),#2062,.F.);
#2037 = FACE_BOUND('',#2038,.T.);
#2038 = EDGE_LOOP('',(#2039,#2047,#2055,#2061));
#2039 = ORIENTED_EDGE('',*,*,#2040,.T.);
#2040 = EDGE_CURVE('',#2003,#2041,#2043,.T.);
#2041 = VERTEX_POINT('',#2042);
#2042 = CARTESIAN_POINT('',(0.45,-7.425,6.774264068712));
#2043 = LINE('',#2044,#2045);
#2044 = CARTESIAN_POINT('',(0.45,-7.425,7.421792112093));
#2045 = VECTOR('',#2046,1.);
#2046 = DIRECTION('',(-1.001123548184E-17,3.574750087956E-15,1.));
#2047 = ORIENTED_EDGE('',*,*,#2048,.F.);
#2048 = EDGE_CURVE('',#2049,#2041,#2051,.T.);
#2049 = VERTEX_POINT('',#2050);
#2050 = CARTESIAN_POINT('',(0.45,-7.575,6.774264068712));
#2051 = LINE('',#2052,#2053);
#2052 = CARTESIAN_POINT('',(0.45,-7.725025002424,6.774264068712));
#2053 = VECTOR('',#2054,1.);
#2054 = DIRECTION('',(2.642297700216E-17,1.,-3.574750087956E-15));
#2055 = ORIENTED_EDGE('',*,*,#2056,.F.);
#2056 = EDGE_CURVE('',#2011,#2049,#2057,.T.);
#2057 = LINE('',#2058,#2059);
#2058 = CARTESIAN_POINT('',(0.45,-7.575,7.421792112093));
#2059 = VECTOR('',#2060,1.);
#2060 = DIRECTION('',(-1.001123548184E-17,3.574750087956E-15,1.));
#2061 = ORIENTED_EDGE('',*,*,#2010,.T.);
#2062 = PLANE('',#2063);
#2063 = AXIS2_PLACEMENT_3D('',#2064,#2065,#2066);
#2064 = CARTESIAN_POINT('',(0.45,-7.575,7.421792112093));
#2065 = DIRECTION('',(-1.,2.642297700216E-17,-1.001123548184E-17));
#2066 = DIRECTION('',(-1.001123548184E-17,0.,1.));
#2067 = ADVANCED_FACE('',(#2068),#2102,.F.);
#2068 = FACE_BOUND('',#2069,.T.);
#2069 = EDGE_LOOP('',(#2070,#2080,#2088,#2096));
#2070 = ORIENTED_EDGE('',*,*,#2071,.T.);
#2071 = EDGE_CURVE('',#2072,#2074,#2076,.T.);
#2072 = VERTEX_POINT('',#2073);
#2073 = CARTESIAN_POINT('',(-0.45,-7.425,3.271792112093));
#2074 = VERTEX_POINT('',#2075);
#2075 = CARTESIAN_POINT('',(-0.75,-7.425,3.271792112093));
#2076 = LINE('',#2077,#2078);
#2077 = CARTESIAN_POINT('',(-0.45,-7.425,3.271792112093));
#2078 = VECTOR('',#2079,1.);
#2079 = DIRECTION('',(-1.,2.642297700216E-17,1.075528555106E-16));
#2080 = ORIENTED_EDGE('',*,*,#2081,.F.);
#2081 = EDGE_CURVE('',#2082,#2074,#2084,.T.);
#2082 = VERTEX_POINT('',#2083);
#2083 = CARTESIAN_POINT('',(-0.75,-7.575,3.271792112093));
#2084 = LINE('',#2085,#2086);
#2085 = CARTESIAN_POINT('',(-0.75,-7.575,3.271792112093));
#2086 = VECTOR('',#2087,1.);
#2087 = DIRECTION('',(2.642297700216E-17,1.,-3.574750087956E-15));
#2088 = ORIENTED_EDGE('',*,*,#2089,.F.);
#2089 = EDGE_CURVE('',#2090,#2082,#2092,.T.);
#2090 = VERTEX_POINT('',#2091);
#2091 = CARTESIAN_POINT('',(-0.45,-7.575,3.271792112093));
#2092 = LINE('',#2093,#2094);
#2093 = CARTESIAN_POINT('',(-0.45,-7.575,3.271792112093));
#2094 = VECTOR('',#2095,1.);
#2095 = DIRECTION('',(-1.,2.642297700216E-17,1.075528555106E-16));
#2096 = ORIENTED_EDGE('',*,*,#2097,.T.);
#2097 = EDGE_CURVE('',#2090,#2072,#2098,.T.);
#2098 = LINE('',#2099,#2100);
#2099 = CARTESIAN_POINT('',(-0.45,-7.575,3.271792112093));
#2100 = VECTOR('',#2101,1.);
#2101 = DIRECTION('',(2.642297700216E-17,1.,-3.574750087956E-15));
#2102 = PLANE('',#2103);
#2103 = AXIS2_PLACEMENT_3D('',#2104,#2105,#2106);
#2104 = CARTESIAN_POINT('',(-0.45,-7.575,3.271792112093));
#2105 = DIRECTION('',(-1.075528555106E-16,-3.574750087956E-15,-1.));
#2106 = DIRECTION('',(0.,-1.,3.574750087956E-15));
#2107 = ADVANCED_FACE('',(#2108),#2133,.F.);
#2108 = FACE_BOUND('',#2109,.T.);
#2109 = EDGE_LOOP('',(#2110,#2118,#2126,#2132));
#2110 = ORIENTED_EDGE('',*,*,#2111,.F.);
#2111 = EDGE_CURVE('',#2112,#2090,#2114,.T.);
#2112 = VERTEX_POINT('',#2113);
#2113 = CARTESIAN_POINT('',(-0.45,-7.575,6.774264068712));
#2114 = LINE('',#2115,#2116);
#2115 = CARTESIAN_POINT('',(-0.45,-7.575,3.271792112093));
#2116 = VECTOR('',#2117,1.);
#2117 = DIRECTION('',(1.001123548184E-17,-3.574750087956E-15,-1.));
#2118 = ORIENTED_EDGE('',*,*,#2119,.T.);
#2119 = EDGE_CURVE('',#2112,#2120,#2122,.T.);
#2120 = VERTEX_POINT('',#2121);
#2121 = CARTESIAN_POINT('',(-0.45,-7.425,6.774264068712));
#2122 = LINE('',#2123,#2124);
#2123 = CARTESIAN_POINT('',(-0.45,-7.725025002424,6.774264068712));
#2124 = VECTOR('',#2125,1.);
#2125 = DIRECTION('',(2.642297700216E-17,1.,-3.574750087956E-15));
#2126 = ORIENTED_EDGE('',*,*,#2127,.T.);
#2127 = EDGE_CURVE('',#2120,#2072,#2128,.T.);
#2128 = LINE('',#2129,#2130);
#2129 = CARTESIAN_POINT('',(-0.45,-7.425,3.271792112093));
#2130 = VECTOR('',#2131,1.);
#2131 = DIRECTION('',(1.001123548184E-17,-3.574750087956E-15,-1.));
#2132 = ORIENTED_EDGE('',*,*,#2097,.F.);
#2133 = PLANE('',#2134);
#2134 = AXIS2_PLACEMENT_3D('',#2135,#2136,#2137);
#2135 = CARTESIAN_POINT('',(-0.45,-7.575,3.271792112093));
#2136 = DIRECTION('',(1.,-2.642297700216E-17,1.001123548184E-17));
#2137 = DIRECTION('',(-2.642297700216E-17,-1.,0.));
#2138 = ADVANCED_FACE('',(#2139),#2173,.F.);
#2139 = FACE_BOUND('',#2140,.T.);
#2140 = EDGE_LOOP('',(#2141,#2149,#2150,#2158,#2166));
#2141 = ORIENTED_EDGE('',*,*,#2142,.T.);
#2142 = EDGE_CURVE('',#2143,#2049,#2145,.T.);
#2143 = VERTEX_POINT('',#2144);
#2144 = CARTESIAN_POINT('',(0.3,-7.575000000129,6.924264068712));
#2145 = LINE('',#2146,#2147);
#2146 = CARTESIAN_POINT('',(3.40123597831,-7.575,3.823028090402));
#2147 = VECTOR('',#2148,1.);
#2148 = DIRECTION('',(0.707106781187,-2.546413894458E-15,-0.707106781187
    ));
#2149 = ORIENTED_EDGE('',*,*,#2048,.T.);
#2150 = ORIENTED_EDGE('',*,*,#2151,.T.);
#2151 = EDGE_CURVE('',#2041,#2152,#2154,.T.);
#2152 = VERTEX_POINT('',#2153);
#2153 = CARTESIAN_POINT('',(0.212132034356,-7.425,7.012132034356));
#2154 = LINE('',#2155,#2156);
#2155 = CARTESIAN_POINT('',(0.45,-7.425,6.774264068712));
#2156 = VECTOR('',#2157,1.);
#2157 = DIRECTION('',(-0.707106781187,2.655956464855E-15,0.707106781187)
  );
#2158 = ORIENTED_EDGE('',*,*,#2159,.F.);
#2159 = EDGE_CURVE('',#2160,#2152,#2162,.T.);
#2160 = VERTEX_POINT('',#2161);
#2161 = CARTESIAN_POINT('',(0.212132034356,-7.659232922134,
    7.012132034356));
#2162 = LINE('',#2163,#2164);
#2163 = CARTESIAN_POINT('',(0.212132034356,-7.725025002424,
    7.012132034356));
#2164 = VECTOR('',#2165,1.);
#2165 = DIRECTION('',(2.642297700216E-17,1.,-3.574750087956E-15));
#2166 = ORIENTED_EDGE('',*,*,#2167,.F.);
#2167 = EDGE_CURVE('',#2143,#2160,#2168,.T.);
#2168 = ( BOUNDED_CURVE() B_SPLINE_CURVE(3,(#2169,#2170,#2171,#2172),
.UNSPECIFIED.,.F.,.F.) B_SPLINE_CURVE_WITH_KNOTS((4,4),(3.785093761662,
4.111124763187),.PIECEWISE_BEZIER_KNOTS.) CURVE() 
GEOMETRIC_REPRESENTATION_ITEM() RATIONAL_B_SPLINE_CURVE((1.,
0.991161580923,0.991161580923,1.)) REPRESENTATION_ITEM('') );
#2169 = CARTESIAN_POINT('',(0.3,-7.575000000129,6.924264068712));
#2170 = CARTESIAN_POINT('',(0.275438748059,-7.607748336181,
    6.948825320653));
#2171 = CARTESIAN_POINT('',(0.245888246445,-7.636076351699,
    6.978375822267));
#2172 = CARTESIAN_POINT('',(0.212132034356,-7.659232922134,
    7.012132034356));
#2173 = PLANE('',#2174);
#2174 = AXIS2_PLACEMENT_3D('',#2175,#2176,#2177);
#2175 = CARTESIAN_POINT('',(0.45,-7.725025002424,6.774264068712));
#2176 = DIRECTION('',(-0.707106781187,-2.509046162024E-15,
    -0.707106781187));
#2177 = DIRECTION('',(-0.707106781187,0.,0.707106781187));
#2178 = ADVANCED_FACE('',(#2179),#2213,.F.);
#2179 = FACE_BOUND('',#2180,.T.);
#2180 = EDGE_LOOP('',(#2181,#2191,#2197,#2198,#2206));
#2181 = ORIENTED_EDGE('',*,*,#2182,.T.);
#2182 = EDGE_CURVE('',#2183,#2185,#2187,.T.);
#2183 = VERTEX_POINT('',#2184);
#2184 = CARTESIAN_POINT('',(-0.212132034356,-7.659232922134,
    7.012132034356));
#2185 = VERTEX_POINT('',#2186);
#2186 = CARTESIAN_POINT('',(-0.212132034356,-7.425,7.012132034356));
#2187 = LINE('',#2188,#2189);
#2188 = CARTESIAN_POINT('',(-0.212132034356,-7.725025002424,
    7.012132034356));
#2189 = VECTOR('',#2190,1.);
#2190 = DIRECTION('',(2.642297700216E-17,1.,-3.574750087956E-15));
#2191 = ORIENTED_EDGE('',*,*,#2192,.T.);
#2192 = EDGE_CURVE('',#2185,#2120,#2193,.T.);
#2193 = LINE('',#2194,#2195);
#2194 = CARTESIAN_POINT('',(-0.212132034356,-7.425,7.012132034356));
#2195 = VECTOR('',#2196,1.);
#2196 = DIRECTION('',(-0.707106781187,-2.61858873242E-15,-0.707106781187
    ));
#2197 = ORIENTED_EDGE('',*,*,#2119,.F.);
#2198 = ORIENTED_EDGE('',*,*,#2199,.T.);
#2199 = EDGE_CURVE('',#2112,#2200,#2202,.T.);
#2200 = VERTEX_POINT('',#2201);
#2201 = CARTESIAN_POINT('',(-0.3,-7.575000000129,6.924264068712));
#2202 = LINE('',#2203,#2204);
#2203 = CARTESIAN_POINT('',(5.59876402169,-7.575,12.823028090402));
#2204 = VECTOR('',#2205,1.);
#2205 = DIRECTION('',(0.707106781187,2.509046162024E-15,0.707106781187)
  );
#2206 = ORIENTED_EDGE('',*,*,#2207,.F.);
#2207 = EDGE_CURVE('',#2183,#2200,#2208,.T.);
#2208 = ( BOUNDED_CURVE() B_SPLINE_CURVE(3,(#2209,#2210,#2211,#2212),
.UNSPECIFIED.,.F.,.F.) B_SPLINE_CURVE_WITH_KNOTS((4,4),(2.172060543993,
2.498091545518),.PIECEWISE_BEZIER_KNOTS.) CURVE() 
GEOMETRIC_REPRESENTATION_ITEM() RATIONAL_B_SPLINE_CURVE((1.,
0.991161580923,0.991161580923,1.)) REPRESENTATION_ITEM('') );
#2209 = CARTESIAN_POINT('',(-0.212132034356,-7.659232922134,
    7.012132034356));
#2210 = CARTESIAN_POINT('',(-0.245888246445,-7.636076351699,
    6.978375822267));
#2211 = CARTESIAN_POINT('',(-0.275438748059,-7.607748336181,
    6.948825320653));
#2212 = CARTESIAN_POINT('',(-0.3,-7.575000000129,6.924264068712));
#2213 = PLANE('',#2214);
#2214 = AXIS2_PLACEMENT_3D('',#2215,#2216,#2217);
#2215 = CARTESIAN_POINT('',(-0.212132034356,-7.725025002424,
    7.012132034356));
#2216 = DIRECTION('',(0.707106781187,-2.546413894458E-15,-0.707106781187
    ));
#2217 = DIRECTION('',(-3.944304526105E-31,-1.,3.601173064958E-15));
#2218 = ADVANCED_FACE('',(#2219),#2253,.T.);
#2219 = FACE_BOUND('',#2220,.T.);
#2220 = EDGE_LOOP('',(#2221,#2234,#2235,#2252));
#2221 = ORIENTED_EDGE('',*,*,#2222,.T.);
#2222 = EDGE_CURVE('',#2152,#2185,#2223,.T.);
#2223 = B_SPLINE_CURVE_WITH_KNOTS('',3,(#2224,#2225,#2226,#2227,#2228,
    #2229,#2230,#2231,#2232,#2233),.UNSPECIFIED.,.F.,.F.,(4,2,2,2,4),(0.
    ,0.25,0.5,0.75,1.),.UNSPECIFIED.);
#2224 = CARTESIAN_POINT('',(0.212132034356,-7.425,7.012132034356));
#2225 = CARTESIAN_POINT('',(0.197337706062,-7.466844679439,7.02692636265
    ));
#2226 = CARTESIAN_POINT('',(0.172573720335,-7.502427650314,
    7.049311117425));
#2227 = CARTESIAN_POINT('',(9.367748431834E-02,-7.560353683319,
    7.088378659324));
#2228 = CARTESIAN_POINT('',(4.817551215603E-02,-7.574889774096,
    7.099926578728));
#2229 = CARTESIAN_POINT('',(-4.725671007346E-02,-7.575109287906,
    7.100072717774));
#2230 = CARTESIAN_POINT('',(-9.296803181735E-02,-7.560727237046,
    7.088662817718));
#2231 = CARTESIAN_POINT('',(-0.172557159207,-7.502585813823,
    7.049385853808));
#2232 = CARTESIAN_POINT('',(-0.197270898882,-7.467033638678,
    7.02699316983));
#2233 = CARTESIAN_POINT('',(-0.212132034356,-7.425,7.012132034356));
#2234 = ORIENTED_EDGE('',*,*,#2182,.F.);
#2235 = ORIENTED_EDGE('',*,*,#2236,.F.);
#2236 = EDGE_CURVE('',#2160,#2183,#2237,.T.);
#2237 = B_SPLINE_CURVE_WITH_KNOTS('',3,(#2238,#2239,#2240,#2241,#2242,
    #2243,#2244,#2245,#2246,#2247,#2248,#2249,#2250,#2251),
  .UNSPECIFIED.,.F.,.F.,(4,2,2,2,2,2,4),(0.,0.125,0.25,0.5,0.625,0.75,1.
    ),.UNSPECIFIED.);
#2238 = CARTESIAN_POINT('',(0.212132034356,-7.659232922134,
    7.012132034356));
#2239 = CARTESIAN_POINT('',(0.198469672931,-7.668605224743,
    7.025794395781));
#2240 = CARTESIAN_POINT('',(0.183789106946,-7.67734316636,7.037922343757
    ));
#2241 = CARTESIAN_POINT('',(0.152466428708,-7.693053891554,
    7.059109412809));
#2242 = CARTESIAN_POINT('',(0.137095936918,-7.699603093061,
    7.067622438775));
#2243 = CARTESIAN_POINT('',(8.068716084799E-02,-7.718354524982,
    7.091834846988));
#2244 = CARTESIAN_POINT('',(4.082213295129E-02,-7.724954826311,
    7.099936878543));
#2245 = CARTESIAN_POINT('',(-1.978540681752E-02,-7.725022239139,
    7.100031125784));
#2246 = CARTESIAN_POINT('',(-3.99181252063E-02,-7.723408636836,
    7.098034706847));
#2247 = CARTESIAN_POINT('',(-7.952914426049E-02,-7.717018503618,
    7.089986199606));
#2248 = CARTESIAN_POINT('',(-0.100326927133,-7.711805025718,
    7.083370155021));
#2249 = CARTESIAN_POINT('',(-0.15309775506,-7.69432477806,7.060822254905
    ));
#2250 = CARTESIAN_POINT('',(-0.184682531797,-7.678063125527,
    7.039581536918));
#2251 = CARTESIAN_POINT('',(-0.212132034356,-7.659232922134,
    7.012132034356));
#2252 = ORIENTED_EDGE('',*,*,#2159,.T.);
#2253 = CYLINDRICAL_SURFACE('',#2254,0.3);
#2254 = AXIS2_PLACEMENT_3D('',#2255,#2256,#2257);
#2255 = CARTESIAN_POINT('',(1.620635308818E-15,-7.725025002424,6.8));
#2256 = DIRECTION('',(2.642297700216E-17,1.,-2.891205793295E-15));
#2257 = DIRECTION('',(-1.075528555106E-16,-2.891205793295E-15,-1.));
#2258 = ADVANCED_FACE('',(#2259),#2310,.F.);
#2259 = FACE_BOUND('',#2260,.T.);
#2260 = EDGE_LOOP('',(#2261,#2271,#2279,#2288,#2296,#2304));
#2261 = ORIENTED_EDGE('',*,*,#2262,.F.);
#2262 = EDGE_CURVE('',#2263,#2265,#2267,.T.);
#2263 = VERTEX_POINT('',#2264);
#2264 = CARTESIAN_POINT('',(5.733318026539,-1.25,6.434137876956));
#2265 = VERTEX_POINT('',#2266);
#2266 = CARTESIAN_POINT('',(6.139257974983,-1.25,5.246034741718));
#2267 = LINE('',#2268,#2269);
#2268 = CARTESIAN_POINT('',(6.139257974983,-1.25,5.246034741718));
#2269 = VECTOR('',#2270,1.);
#2270 = DIRECTION('',(0.323319459097,5.625376476262E-16,-0.946289874916)
  );
#2271 = ORIENTED_EDGE('',*,*,#2272,.F.);
#2272 = EDGE_CURVE('',#2273,#2263,#2275,.T.);
#2273 = VERTEX_POINT('',#2274);
#2274 = CARTESIAN_POINT('',(5.593316593981,-0.5,6.843893412466));
#2275 = LINE('',#2276,#2277);
#2276 = CARTESIAN_POINT('',(5.593316593981,-0.5,6.843893412466));
#2277 = VECTOR('',#2278,1.);
#2278 = DIRECTION('',(0.161659729549,-0.866025403784,-0.473144937458));
#2279 = ORIENTED_EDGE('',*,*,#2280,.F.);
#2280 = EDGE_CURVE('',#2281,#2273,#2283,.T.);
#2281 = VERTEX_POINT('',#2282);
#2282 = CARTESIAN_POINT('',(5.593316593981,0.5,6.843893412466));
#2283 = CIRCLE('',#2284,1.);
#2284 = AXIS2_PLACEMENT_3D('',#2285,#2286,#2287);
#2285 = CARTESIAN_POINT('',(5.873319459097,7.82090923374E-16,
    6.024382341445));
#2286 = DIRECTION('',(0.946289874916,-5.152030520362E-16,0.323319459097)
  );
#2287 = DIRECTION('',(0.323319459097,-7.471882862976E-17,-0.946289874916
    ));
#2288 = ORIENTED_EDGE('',*,*,#2289,.F.);
#2289 = EDGE_CURVE('',#2290,#2281,#2292,.T.);
#2290 = VERTEX_POINT('',#2291);
#2291 = CARTESIAN_POINT('',(5.733318026539,1.25,6.434137876956));
#2292 = LINE('',#2293,#2294);
#2293 = CARTESIAN_POINT('',(5.733318026539,1.25,6.434137876956));
#2294 = VECTOR('',#2295,1.);
#2295 = DIRECTION('',(-0.161659729549,-0.866025403784,0.473144937458));
#2296 = ORIENTED_EDGE('',*,*,#2297,.T.);
#2297 = EDGE_CURVE('',#2290,#2298,#2300,.T.);
#2298 = VERTEX_POINT('',#2299);
#2299 = CARTESIAN_POINT('',(6.139257974983,1.25,5.246034741718));
#2300 = LINE('',#2301,#2302);
#2301 = CARTESIAN_POINT('',(6.139257974983,1.25,5.246034741718));
#2302 = VECTOR('',#2303,1.);
#2303 = DIRECTION('',(0.323319459097,-2.37306599083E-17,-0.946289874916)
  );
#2304 = ORIENTED_EDGE('',*,*,#2305,.T.);
#2305 = EDGE_CURVE('',#2298,#2265,#2306,.T.);
#2306 = LINE('',#2307,#2308);
#2307 = CARTESIAN_POINT('',(6.139257974983,4.398412298286,5.246034741718
    ));
#2308 = VECTOR('',#2309,1.);
#2309 = DIRECTION('',(-5.116894829248E-16,-1.,-9.586950111162E-17));
#2310 = PLANE('',#2311);
#2311 = AXIS2_PLACEMENT_3D('',#2312,#2313,#2314);
#2312 = CARTESIAN_POINT('',(6.139257974983,4.398412298286,5.246034741718
    ));
#2313 = DIRECTION('',(0.946289874916,-5.152030520362E-16,0.323319459097)
  );
#2314 = DIRECTION('',(9.860761315263E-32,-1.,-1.593479877379E-15));
#2315 = ADVANCED_FACE('',(#2316),#2343,.T.);
#2316 = FACE_BOUND('',#2317,.T.);
#2317 = EDGE_LOOP('',(#2318,#2319,#2327,#2335,#2341,#2342));
#2318 = ORIENTED_EDGE('',*,*,#2142,.F.);
#2319 = ORIENTED_EDGE('',*,*,#2320,.F.);
#2320 = EDGE_CURVE('',#2321,#2143,#2323,.T.);
#2321 = VERTEX_POINT('',#2322);
#2322 = CARTESIAN_POINT('',(0.300000001818,-7.575,2.75));
#2323 = LINE('',#2324,#2325);
#2324 = CARTESIAN_POINT('',(0.3,-7.575000002424,2.75));
#2325 = VECTOR('',#2326,1.);
#2326 = DIRECTION('',(1.075528555243E-16,5.188044396039E-10,1.));
#2327 = ORIENTED_EDGE('',*,*,#2328,.T.);
#2328 = EDGE_CURVE('',#2321,#2329,#2331,.T.);
#2329 = VERTEX_POINT('',#2330);
#2330 = CARTESIAN_POINT('',(0.75,-7.575000004847,2.75));
#2331 = LINE('',#2332,#2333);
#2332 = CARTESIAN_POINT('',(9.,-7.575,2.75));
#2333 = VECTOR('',#2334,1.);
#2334 = DIRECTION('',(1.,-2.642297700216E-17,-1.075528555106E-16));
#2335 = ORIENTED_EDGE('',*,*,#2336,.T.);
#2336 = EDGE_CURVE('',#2329,#2019,#2337,.T.);
#2337 = LINE('',#2338,#2339);
#2338 = CARTESIAN_POINT('',(0.75,-7.575,3.271792112093));
#2339 = VECTOR('',#2340,1.);
#2340 = DIRECTION('',(-9.02388894202E-16,3.574750087956E-15,1.));
#2341 = ORIENTED_EDGE('',*,*,#2018,.T.);
#2342 = ORIENTED_EDGE('',*,*,#2056,.T.);
#2343 = PLANE('',#2344);
#2344 = AXIS2_PLACEMENT_3D('',#2345,#2346,#2347);
#2345 = CARTESIAN_POINT('',(9.,-7.575,9.421792112093));
#2346 = DIRECTION('',(-2.642297700216E-17,-1.,3.574750087956E-15));
#2347 = DIRECTION('',(-1.,2.642297700216E-17,0.));
#2348 = ADVANCED_FACE('',(#2349),#2367,.F.);
#2349 = FACE_BOUND('',#2350,.T.);
#2350 = EDGE_LOOP('',(#2351,#2359,#2365,#2366));
#2351 = ORIENTED_EDGE('',*,*,#2352,.F.);
#2352 = EDGE_CURVE('',#2353,#2329,#2355,.T.);
#2353 = VERTEX_POINT('',#2354);
#2354 = CARTESIAN_POINT('',(0.75,-7.425,2.75));
#2355 = LINE('',#2356,#2357);
#2356 = CARTESIAN_POINT('',(0.75,-7.575,2.75));
#2357 = VECTOR('',#2358,1.);
#2358 = DIRECTION('',(-2.642297700216E-17,-1.,3.574750087956E-15));
#2359 = ORIENTED_EDGE('',*,*,#2360,.T.);
#2360 = EDGE_CURVE('',#2353,#2001,#2361,.T.);
#2361 = LINE('',#2362,#2363);
#2362 = CARTESIAN_POINT('',(0.75,-7.425,3.271792112093));
#2363 = VECTOR('',#2364,1.);
#2364 = DIRECTION('',(-9.02388894202E-16,3.574750087956E-15,1.));
#2365 = ORIENTED_EDGE('',*,*,#2026,.F.);
#2366 = ORIENTED_EDGE('',*,*,#2336,.F.);
#2367 = PLANE('',#2368);
#2368 = AXIS2_PLACEMENT_3D('',#2369,#2370,#2371);
#2369 = CARTESIAN_POINT('',(0.75,-7.575,3.271792112093));
#2370 = DIRECTION('',(-1.,2.642297700216E-17,-9.02388894202E-16));
#2371 = DIRECTION('',(-9.02388894202E-16,0.,1.));
#2372 = ADVANCED_FACE('',(#2373),#2393,.F.);
#2373 = FACE_BOUND('',#2374,.T.);
#2374 = EDGE_LOOP('',(#2375,#2383,#2384,#2385,#2386,#2387));
#2375 = ORIENTED_EDGE('',*,*,#2376,.T.);
#2376 = EDGE_CURVE('',#2377,#2152,#2379,.T.);
#2377 = VERTEX_POINT('',#2378);
#2378 = CARTESIAN_POINT('',(0.212132034356,-7.425,2.75));
#2379 = LINE('',#2380,#2381);
#2380 = CARTESIAN_POINT('',(0.212132034356,-7.425,2.75));
#2381 = VECTOR('',#2382,1.);
#2382 = DIRECTION('',(1.075528555106E-16,4.362590963975E-15,1.));
#2383 = ORIENTED_EDGE('',*,*,#2151,.F.);
#2384 = ORIENTED_EDGE('',*,*,#2040,.F.);
#2385 = ORIENTED_EDGE('',*,*,#2000,.F.);
#2386 = ORIENTED_EDGE('',*,*,#2360,.F.);
#2387 = ORIENTED_EDGE('',*,*,#2388,.F.);
#2388 = EDGE_CURVE('',#2377,#2353,#2389,.T.);
#2389 = LINE('',#2390,#2391);
#2390 = CARTESIAN_POINT('',(9.,-7.425,2.75));
#2391 = VECTOR('',#2392,1.);
#2392 = DIRECTION('',(1.,-2.642297700216E-17,-1.075528555106E-16));
#2393 = PLANE('',#2394);
#2394 = AXIS2_PLACEMENT_3D('',#2395,#2396,#2397);
#2395 = CARTESIAN_POINT('',(9.,-7.425,9.421792112093));
#2396 = DIRECTION('',(-2.642297700216E-17,-1.,3.574750087956E-15));
#2397 = DIRECTION('',(-1.,2.642297700216E-17,0.));
#2398 = ADVANCED_FACE('',(#2399),#2418,.F.);
#2399 = FACE_BOUND('',#2400,.F.);
#2400 = EDGE_LOOP('',(#2401,#2409,#2416,#2417));
#2401 = ORIENTED_EDGE('',*,*,#2402,.F.);
#2402 = EDGE_CURVE('',#2403,#2185,#2405,.T.);
#2403 = VERTEX_POINT('',#2404);
#2404 = CARTESIAN_POINT('',(-0.212132034356,-7.425,2.75));
#2405 = LINE('',#2406,#2407);
#2406 = CARTESIAN_POINT('',(-0.212132034356,-7.425,2.75));
#2407 = VECTOR('',#2408,1.);
#2408 = DIRECTION('',(1.075528555106E-16,4.362590963975E-15,1.));
#2409 = ORIENTED_EDGE('',*,*,#2410,.F.);
#2410 = EDGE_CURVE('',#2377,#2403,#2411,.T.);
#2411 = CIRCLE('',#2412,0.225);
#2412 = AXIS2_PLACEMENT_3D('',#2413,#2414,#2415);
#2413 = CARTESIAN_POINT('',(-4.591653526693E-16,-7.35,2.75));
#2414 = DIRECTION('',(0.,-8.326672684689E-17,-1.));
#2415 = DIRECTION('',(-1.,-0.,0.));
#2416 = ORIENTED_EDGE('',*,*,#2376,.T.);
#2417 = ORIENTED_EDGE('',*,*,#2222,.T.);
#2418 = CYLINDRICAL_SURFACE('',#2419,0.225);
#2419 = AXIS2_PLACEMENT_3D('',#2420,#2421,#2422);
#2420 = CARTESIAN_POINT('',(-4.591653526693E-16,-7.35,2.75));
#2421 = DIRECTION('',(1.075528555106E-16,3.854941057726E-15,1.));
#2422 = DIRECTION('',(2.642297700216E-17,1.,-3.854941057726E-15));
#2423 = ADVANCED_FACE('',(#2424),#2444,.F.);
#2424 = FACE_BOUND('',#2425,.T.);
#2425 = EDGE_LOOP('',(#2426,#2427,#2428,#2429,#2437,#2443));
#2426 = ORIENTED_EDGE('',*,*,#2127,.F.);
#2427 = ORIENTED_EDGE('',*,*,#2192,.F.);
#2428 = ORIENTED_EDGE('',*,*,#2402,.F.);
#2429 = ORIENTED_EDGE('',*,*,#2430,.F.);
#2430 = EDGE_CURVE('',#2431,#2403,#2433,.T.);
#2431 = VERTEX_POINT('',#2432);
#2432 = CARTESIAN_POINT('',(-0.75,-7.425,2.75));
#2433 = LINE('',#2434,#2435);
#2434 = CARTESIAN_POINT('',(9.,-7.425,2.75));
#2435 = VECTOR('',#2436,1.);
#2436 = DIRECTION('',(1.,-2.642297700216E-17,-1.075528555106E-16));
#2437 = ORIENTED_EDGE('',*,*,#2438,.F.);
#2438 = EDGE_CURVE('',#2074,#2431,#2439,.T.);
#2439 = LINE('',#2440,#2441);
#2440 = CARTESIAN_POINT('',(-0.75,-7.425,3.271792112093));
#2441 = VECTOR('',#2442,1.);
#2442 = DIRECTION('',(-8.798612523496E-16,-3.574750087956E-15,-1.));
#2443 = ORIENTED_EDGE('',*,*,#2071,.F.);
#2444 = PLANE('',#2445);
#2445 = AXIS2_PLACEMENT_3D('',#2446,#2447,#2448);
#2446 = CARTESIAN_POINT('',(9.,-7.425,9.421792112093));
#2447 = DIRECTION('',(-2.642297700216E-17,-1.,3.574750087956E-15));
#2448 = DIRECTION('',(-1.,2.642297700216E-17,0.));
#2449 = ADVANCED_FACE('',(#2450),#2468,.F.);
#2450 = FACE_BOUND('',#2451,.T.);
#2451 = EDGE_LOOP('',(#2452,#2460,#2466,#2467));
#2452 = ORIENTED_EDGE('',*,*,#2453,.F.);
#2453 = EDGE_CURVE('',#2454,#2431,#2456,.T.);
#2454 = VERTEX_POINT('',#2455);
#2455 = CARTESIAN_POINT('',(-0.75,-7.575,2.75));
#2456 = LINE('',#2457,#2458);
#2457 = CARTESIAN_POINT('',(-0.75,-7.575,2.75));
#2458 = VECTOR('',#2459,1.);
#2459 = DIRECTION('',(2.642297700216E-17,1.,-3.574750087956E-15));
#2460 = ORIENTED_EDGE('',*,*,#2461,.F.);
#2461 = EDGE_CURVE('',#2082,#2454,#2462,.T.);
#2462 = LINE('',#2463,#2464);
#2463 = CARTESIAN_POINT('',(-0.75,-7.575,3.271792112093));
#2464 = VECTOR('',#2465,1.);
#2465 = DIRECTION('',(-8.798612523496E-16,-3.574750087956E-15,-1.));
#2466 = ORIENTED_EDGE('',*,*,#2081,.T.);
#2467 = ORIENTED_EDGE('',*,*,#2438,.T.);
#2468 = PLANE('',#2469);
#2469 = AXIS2_PLACEMENT_3D('',#2470,#2471,#2472);
#2470 = CARTESIAN_POINT('',(-0.75,-7.575,3.271792112093));
#2471 = DIRECTION('',(1.,-2.642297700216E-17,-8.798612523496E-16));
#2472 = DIRECTION('',(-8.798612523496E-16,0.,-1.));
#2473 = ADVANCED_FACE('',(#2474),#2494,.T.);
#2474 = FACE_BOUND('',#2475,.T.);
#2475 = EDGE_LOOP('',(#2476,#2477,#2478,#2479,#2480,#2488));
#2476 = ORIENTED_EDGE('',*,*,#2199,.F.);
#2477 = ORIENTED_EDGE('',*,*,#2111,.T.);
#2478 = ORIENTED_EDGE('',*,*,#2089,.T.);
#2479 = ORIENTED_EDGE('',*,*,#2461,.T.);
#2480 = ORIENTED_EDGE('',*,*,#2481,.T.);
#2481 = EDGE_CURVE('',#2454,#2482,#2484,.T.);
#2482 = VERTEX_POINT('',#2483);
#2483 = CARTESIAN_POINT('',(-0.300000001818,-7.575,2.75));
#2484 = LINE('',#2485,#2486);
#2485 = CARTESIAN_POINT('',(9.,-7.575,2.75));
#2486 = VECTOR('',#2487,1.);
#2487 = DIRECTION('',(1.,-2.642297700216E-17,-1.075528555106E-16));
#2488 = ORIENTED_EDGE('',*,*,#2489,.T.);
#2489 = EDGE_CURVE('',#2482,#2200,#2490,.T.);
#2490 = LINE('',#2491,#2492);
#2491 = CARTESIAN_POINT('',(-0.3,-7.575000002424,2.75));
#2492 = VECTOR('',#2493,1.);
#2493 = DIRECTION('',(1.075528555243E-16,5.188044396039E-10,1.));
#2494 = PLANE('',#2495);
#2495 = AXIS2_PLACEMENT_3D('',#2496,#2497,#2498);
#2496 = CARTESIAN_POINT('',(9.,-7.575,9.421792112093));
#2497 = DIRECTION('',(-2.642297700216E-17,-1.,3.574750087956E-15));
#2498 = DIRECTION('',(-1.,2.642297700216E-17,0.));
#2499 = ADVANCED_FACE('',(#2500),#2514,.T.);
#2500 = FACE_BOUND('',#2501,.T.);
#2501 = EDGE_LOOP('',(#2502,#2503,#2504,#2505,#2512,#2513));
#2502 = ORIENTED_EDGE('',*,*,#2236,.T.);
#2503 = ORIENTED_EDGE('',*,*,#2207,.T.);
#2504 = ORIENTED_EDGE('',*,*,#2489,.F.);
#2505 = ORIENTED_EDGE('',*,*,#2506,.F.);
#2506 = EDGE_CURVE('',#2321,#2482,#2507,.T.);
#2507 = CIRCLE('',#2508,0.375);
#2508 = AXIS2_PLACEMENT_3D('',#2509,#2510,#2511);
#2509 = CARTESIAN_POINT('',(-4.591653527333E-16,-7.350000002424,2.75));
#2510 = DIRECTION('',(0.,-8.326672684689E-17,-1.));
#2511 = DIRECTION('',(-1.,-0.,0.));
#2512 = ORIENTED_EDGE('',*,*,#2320,.T.);
#2513 = ORIENTED_EDGE('',*,*,#2167,.T.);
#2514 = CYLINDRICAL_SURFACE('',#2515,0.375);
#2515 = AXIS2_PLACEMENT_3D('',#2516,#2517,#2518);
#2516 = CARTESIAN_POINT('',(-4.591653527333E-16,-7.350000002424,2.75));
#2517 = DIRECTION('',(1.075528555243E-16,5.188049064427E-10,1.));
#2518 = DIRECTION('',(2.642297694636E-17,1.,-5.188049064427E-10));
#2519 = ADVANCED_FACE('',(#2520),#2570,.T.);
#2520 = FACE_BOUND('',#2521,.T.);
#2521 = EDGE_LOOP('',(#2522,#2531,#2532,#2540,#2548,#2556,#2564));
#2522 = ORIENTED_EDGE('',*,*,#2523,.T.);
#2523 = EDGE_CURVE('',#2524,#723,#2526,.T.);
#2524 = VERTEX_POINT('',#2525);
#2525 = CARTESIAN_POINT('',(-5.593316593981,0.5,6.843893412466));
#2526 = CIRCLE('',#2527,1.);
#2527 = AXIS2_PLACEMENT_3D('',#2528,#2529,#2530);
#2528 = CARTESIAN_POINT('',(-5.873319459097,6.250565825394E-16,
    6.024382341445));
#2529 = DIRECTION('',(0.946289874916,1.577021341797E-16,-0.323319459097)
  );
#2530 = DIRECTION('',(-0.323319459097,-1.577021341797E-16,
    -0.946289874916));
#2531 = ORIENTED_EDGE('',*,*,#722,.T.);
#2532 = ORIENTED_EDGE('',*,*,#2533,.T.);
#2533 = EDGE_CURVE('',#725,#2534,#2536,.T.);
#2534 = VERTEX_POINT('',#2535);
#2535 = CARTESIAN_POINT('',(-5.733318026539,-1.25,6.434137876956));
#2536 = LINE('',#2537,#2538);
#2537 = CARTESIAN_POINT('',(-5.593316593981,-0.5,6.843893412466));
#2538 = VECTOR('',#2539,1.);
#2539 = DIRECTION('',(-0.161659729549,-0.866025403784,-0.473144937458));
#2540 = ORIENTED_EDGE('',*,*,#2541,.T.);
#2541 = EDGE_CURVE('',#2534,#2542,#2544,.T.);
#2542 = VERTEX_POINT('',#2543);
#2543 = CARTESIAN_POINT('',(-6.139257974983,-1.25,5.246034741718));
#2544 = LINE('',#2545,#2546);
#2545 = CARTESIAN_POINT('',(-6.139257974983,-1.25,5.246034741718));
#2546 = VECTOR('',#2547,1.);
#2547 = DIRECTION('',(-0.323319459097,3.775780046333E-16,-0.946289874916
    ));
#2548 = ORIENTED_EDGE('',*,*,#2549,.F.);
#2549 = EDGE_CURVE('',#2550,#2542,#2552,.T.);
#2550 = VERTEX_POINT('',#2551);
#2551 = CARTESIAN_POINT('',(-6.139257974983,1.25,5.246034741718));
#2552 = LINE('',#2553,#2554);
#2553 = CARTESIAN_POINT('',(-6.139257974983,4.398412298286,
    5.246034741718));
#2554 = VECTOR('',#2555,1.);
#2555 = DIRECTION('',(2.002201015484E-16,-1.,9.82437641055E-17));
#2556 = ORIENTED_EDGE('',*,*,#2557,.F.);
#2557 = EDGE_CURVE('',#2558,#2550,#2560,.T.);
#2558 = VERTEX_POINT('',#2559);
#2559 = CARTESIAN_POINT('',(-5.733318026539,1.25,6.434137876956));
#2560 = LINE('',#2561,#2562);
#2561 = CARTESIAN_POINT('',(-6.139257974983,1.25,5.246034741718));
#2562 = VECTOR('',#2563,1.);
#2563 = DIRECTION('',(-0.323319459097,-2.086903029012E-16,
    -0.946289874916));
#2564 = ORIENTED_EDGE('',*,*,#2565,.T.);
#2565 = EDGE_CURVE('',#2558,#2524,#2566,.T.);
#2566 = LINE('',#2567,#2568);
#2567 = CARTESIAN_POINT('',(-5.733318026539,1.25,6.434137876956));
#2568 = VECTOR('',#2569,1.);
#2569 = DIRECTION('',(0.161659729549,-0.866025403784,0.473144937458));
#2570 = PLANE('',#2571);
#2571 = AXIS2_PLACEMENT_3D('',#2572,#2573,#2574);
#2572 = CARTESIAN_POINT('',(-6.139257974983,4.398412298286,
    5.246034741718));
#2573 = DIRECTION('',(0.946289874916,1.577021341797E-16,-0.323319459097)
  );
#2574 = DIRECTION('',(-4.930380657631E-32,-1.,-4.877594890826E-16));
#2575 = ADVANCED_FACE('',(#2576),#2586,.T.);
#2576 = FACE_BOUND('',#2577,.T.);
#2577 = EDGE_LOOP('',(#2578,#2585));
#2578 = ORIENTED_EDGE('',*,*,#2579,.T.);
#2579 = EDGE_CURVE('',#683,#681,#2580,.T.);
#2580 = CIRCLE('',#2581,2.);
#2581 = AXIS2_PLACEMENT_3D('',#2582,#2583,#2584);
#2582 = CARTESIAN_POINT('',(0.,0.,3.6));
#2583 = DIRECTION('',(2.398113334135E-63,5.854827030937E-32,1.));
#2584 = DIRECTION('',(1.,-4.095959319487E-32,1.349401336734E-78));
#2585 = ORIENTED_EDGE('',*,*,#680,.T.);
#2586 = PLANE('',#2587);
#2587 = AXIS2_PLACEMENT_3D('',#2588,#2589,#2590);
#2588 = CARTESIAN_POINT('',(0.,0.,3.6));
#2589 = DIRECTION('',(2.398113334135E-63,5.854827030937E-32,1.));
#2590 = DIRECTION('',(0.,-1.,5.854827030937E-32));
#2591 = ADVANCED_FACE('',(#2592),#2617,.T.);
#2592 = FACE_BOUND('',#2593,.T.);
#2593 = EDGE_LOOP('',(#2594,#2604,#2610,#2611));
#2594 = ORIENTED_EDGE('',*,*,#2595,.T.);
#2595 = EDGE_CURVE('',#2596,#2598,#2600,.T.);
#2596 = VERTEX_POINT('',#2597);
#2597 = CARTESIAN_POINT('',(5.971832543948,0.5,6.973221196105));
#2598 = VERTEX_POINT('',#2599);
#2599 = CARTESIAN_POINT('',(6.111833976506,1.25,6.563465660594));
#2600 = LINE('',#2601,#2602);
#2601 = CARTESIAN_POINT('',(6.111833976506,1.25,6.563465660594));
#2602 = VECTOR('',#2603,1.);
#2603 = DIRECTION('',(0.161659729549,0.866025403784,-0.473144937458));
#2604 = ORIENTED_EDGE('',*,*,#2605,.F.);
#2605 = EDGE_CURVE('',#2290,#2598,#2606,.T.);
#2606 = LINE('',#2607,#2608);
#2607 = CARTESIAN_POINT('',(-0.121945491015,1.25,4.433566293608));
#2608 = VECTOR('',#2609,1.);
#2609 = DIRECTION('',(0.946289874916,-5.152030520362E-16,0.323319459097)
  );
#2610 = ORIENTED_EDGE('',*,*,#2289,.T.);
#2611 = ORIENTED_EDGE('',*,*,#2612,.T.);
#2612 = EDGE_CURVE('',#2281,#2596,#2613,.T.);
#2613 = LINE('',#2614,#2615);
#2614 = CARTESIAN_POINT('',(-0.261946923573,0.5,4.843321829119));
#2615 = VECTOR('',#2616,1.);
#2616 = DIRECTION('',(0.946289874916,-5.152030520362E-16,0.323319459097)
  );
#2617 = PLANE('',#2618);
#2618 = AXIS2_PLACEMENT_3D('',#2619,#2620,#2621);
#2619 = CARTESIAN_POINT('',(-0.121945491015,1.25,4.433566293608));
#2620 = DIRECTION('',(-0.280002865116,0.5,0.819511071022));
#2621 = DIRECTION('',(0.872503884544,0.488607174994,8.326672684689E-17)
  );
#2622 = ADVANCED_FACE('',(#2623),#2648,.T.);
#2623 = FACE_BOUND('',#2624,.T.);
#2624 = EDGE_LOOP('',(#2625,#2635,#2641,#2642));
#2625 = ORIENTED_EDGE('',*,*,#2626,.T.);
#2626 = EDGE_CURVE('',#2627,#2629,#2631,.T.);
#2627 = VERTEX_POINT('',#2628);
#2628 = CARTESIAN_POINT('',(6.51777392495,-1.25,5.375362525357));
#2629 = VERTEX_POINT('',#2630);
#2630 = CARTESIAN_POINT('',(6.111833976506,-1.25,6.563465660594));
#2631 = LINE('',#2632,#2633);
#2632 = CARTESIAN_POINT('',(6.51777392495,-1.25,5.375362525357));
#2633 = VECTOR('',#2634,1.);
#2634 = DIRECTION('',(-0.323319459097,-5.625376476262E-16,0.946289874916
    ));
#2635 = ORIENTED_EDGE('',*,*,#2636,.F.);
#2636 = EDGE_CURVE('',#2263,#2629,#2637,.T.);
#2637 = LINE('',#2638,#2639);
#2638 = CARTESIAN_POINT('',(-0.121945491015,-1.25,4.433566293608));
#2639 = VECTOR('',#2640,1.);
#2640 = DIRECTION('',(0.946289874916,-5.152030520362E-16,0.323319459097)
  );
#2641 = ORIENTED_EDGE('',*,*,#2262,.T.);
#2642 = ORIENTED_EDGE('',*,*,#2643,.T.);
#2643 = EDGE_CURVE('',#2265,#2627,#2644,.T.);
#2644 = LINE('',#2645,#2646);
#2645 = CARTESIAN_POINT('',(0.283994457429,-1.25,3.24546315837));
#2646 = VECTOR('',#2647,1.);
#2647 = DIRECTION('',(0.946289874916,-5.152030520362E-16,0.323319459097)
  );
#2648 = PLANE('',#2649);
#2649 = AXIS2_PLACEMENT_3D('',#2650,#2651,#2652);
#2650 = CARTESIAN_POINT('',(0.283994457429,-1.25,3.24546315837));
#2651 = DIRECTION('',(-3.056520637156E-16,-1.,-6.988988523174E-16));
#2652 = DIRECTION('',(0.,6.988988523174E-16,-1.));
#2653 = ADVANCED_FACE('',(#2654),#2672,.T.);
#2654 = FACE_BOUND('',#2655,.T.);
#2655 = EDGE_LOOP('',(#2656,#2664,#2670,#2671));
#2656 = ORIENTED_EDGE('',*,*,#2657,.T.);
#2657 = EDGE_CURVE('',#2629,#2658,#2660,.T.);
#2658 = VERTEX_POINT('',#2659);
#2659 = CARTESIAN_POINT('',(5.971832543948,-0.5,6.973221196105));
#2660 = LINE('',#2661,#2662);
#2661 = CARTESIAN_POINT('',(5.971832543948,-0.5,6.973221196105));
#2662 = VECTOR('',#2663,1.);
#2663 = DIRECTION('',(-0.161659729549,0.866025403784,0.473144937458));
#2664 = ORIENTED_EDGE('',*,*,#2665,.F.);
#2665 = EDGE_CURVE('',#2273,#2658,#2666,.T.);
#2666 = LINE('',#2667,#2668);
#2667 = CARTESIAN_POINT('',(-0.261946923573,-0.5,4.843321829119));
#2668 = VECTOR('',#2669,1.);
#2669 = DIRECTION('',(0.946289874916,-5.152030520362E-16,0.323319459097)
  );
#2670 = ORIENTED_EDGE('',*,*,#2272,.T.);
#2671 = ORIENTED_EDGE('',*,*,#2636,.T.);
#2672 = PLANE('',#2673);
#2673 = AXIS2_PLACEMENT_3D('',#2674,#2675,#2676);
#2674 = CARTESIAN_POINT('',(-0.261946923573,-0.5,4.843321829119));
#2675 = DIRECTION('',(-0.280002865116,-0.5,0.819511071022));
#2676 = DIRECTION('',(-0.872503884544,0.488607174994,-2.775557561563E-17
    ));
#2677 = ADVANCED_FACE('',(#2678),#2690,.T.);
#2678 = FACE_BOUND('',#2679,.T.);
#2679 = EDGE_LOOP('',(#2680,#2687,#2688,#2689));
#2680 = ORIENTED_EDGE('',*,*,#2681,.T.);
#2681 = EDGE_CURVE('',#2658,#2596,#2682,.T.);
#2682 = CIRCLE('',#2683,1.);
#2683 = AXIS2_PLACEMENT_3D('',#2684,#2685,#2686);
#2684 = CARTESIAN_POINT('',(6.251835409064,5.760097025595E-16,
    6.153710125084));
#2685 = DIRECTION('',(-0.946289874916,5.152030520362E-16,-0.323319459097
    ));
#2686 = DIRECTION('',(-0.323319459097,7.471882862976E-17,0.946289874916)
  );
#2687 = ORIENTED_EDGE('',*,*,#2612,.F.);
#2688 = ORIENTED_EDGE('',*,*,#2280,.T.);
#2689 = ORIENTED_EDGE('',*,*,#2665,.T.);
#2690 = CYLINDRICAL_SURFACE('',#2691,1.);
#2691 = AXIS2_PLACEMENT_3D('',#2692,#2693,#2694);
#2692 = CARTESIAN_POINT('',(1.805594154282E-02,3.969961484694E-15,
    4.023810758097));
#2693 = DIRECTION('',(0.946289874916,-5.152030520362E-16,0.323319459097)
  );
#2694 = DIRECTION('',(0.323319459097,8.298330554995E-17,-0.946289874916)
  );
#2695 = ADVANCED_FACE('',(#2696),#2714,.F.);
#2696 = FACE_BOUND('',#2697,.T.);
#2697 = EDGE_LOOP('',(#2698,#2699,#2707,#2713));
#2698 = ORIENTED_EDGE('',*,*,#2605,.T.);
#2699 = ORIENTED_EDGE('',*,*,#2700,.F.);
#2700 = EDGE_CURVE('',#2701,#2598,#2703,.T.);
#2701 = VERTEX_POINT('',#2702);
#2702 = CARTESIAN_POINT('',(6.51777392495,1.25,5.375362525357));
#2703 = LINE('',#2704,#2705);
#2704 = CARTESIAN_POINT('',(6.51777392495,1.25,5.375362525357));
#2705 = VECTOR('',#2706,1.);
#2706 = DIRECTION('',(-0.323319459097,2.37306599083E-17,0.946289874916)
  );
#2707 = ORIENTED_EDGE('',*,*,#2708,.F.);
#2708 = EDGE_CURVE('',#2298,#2701,#2709,.T.);
#2709 = LINE('',#2710,#2711);
#2710 = CARTESIAN_POINT('',(0.283994457429,1.25,3.24546315837));
#2711 = VECTOR('',#2712,1.);
#2712 = DIRECTION('',(0.946289874916,-5.152030520362E-16,0.323319459097)
  );
#2713 = ORIENTED_EDGE('',*,*,#2297,.F.);
#2714 = PLANE('',#2715);
#2715 = AXIS2_PLACEMENT_3D('',#2716,#2717,#2718);
#2716 = CARTESIAN_POINT('',(0.283994457429,1.25,3.24546315837));
#2717 = DIRECTION('',(-4.952040157934E-16,-1.,-1.441190889133E-16));
#2718 = DIRECTION('',(-1.,4.952040157934E-16,0.));
#2719 = ADVANCED_FACE('',(#2720),#2747,.F.);
#2720 = FACE_BOUND('',#2721,.F.);
#2721 = EDGE_LOOP('',(#2722,#2723,#2732,#2740));
#2722 = ORIENTED_EDGE('',*,*,#2305,.T.);
#2723 = ORIENTED_EDGE('',*,*,#2724,.F.);
#2724 = EDGE_CURVE('',#2725,#2265,#2727,.T.);
#2725 = VERTEX_POINT('',#2726);
#2726 = CARTESIAN_POINT('',(6.091421356237,-1.25,5.039949493661));
#2727 = CIRCLE('',#2728,0.2);
#2728 = AXIS2_PLACEMENT_3D('',#2729,#2730,#2731);
#2729 = CARTESIAN_POINT('',(5.95,-1.25,5.181370849898));
#2730 = DIRECTION('',(0.,-1.,0.));
#2731 = DIRECTION('',(0.,0.,1.));
#2732 = ORIENTED_EDGE('',*,*,#2733,.F.);
#2733 = EDGE_CURVE('',#2734,#2725,#2736,.T.);
#2734 = VERTEX_POINT('',#2735);
#2735 = CARTESIAN_POINT('',(6.091421356237,1.25,5.039949493661));
#2736 = LINE('',#2737,#2738);
#2737 = CARTESIAN_POINT('',(6.091421356237,4.398412298286,5.039949493661
    ));
#2738 = VECTOR('',#2739,1.);
#2739 = DIRECTION('',(-8.135128085092E-31,-1.,2.230244969721E-16));
#2740 = ORIENTED_EDGE('',*,*,#2741,.F.);
#2741 = EDGE_CURVE('',#2298,#2734,#2742,.T.);
#2742 = CIRCLE('',#2743,0.2);
#2743 = AXIS2_PLACEMENT_3D('',#2744,#2745,#2746);
#2744 = CARTESIAN_POINT('',(5.95,1.25,5.181370849898));
#2745 = DIRECTION('',(0.,1.,0.));
#2746 = DIRECTION('',(0.,-0.,1.));
#2747 = CYLINDRICAL_SURFACE('',#2748,0.2);
#2748 = AXIS2_PLACEMENT_3D('',#2749,#2750,#2751);
#2749 = CARTESIAN_POINT('',(5.95,-21.72120058639,5.181370849898));
#2750 = DIRECTION('',(0.,1.,0.));
#2751 = DIRECTION('',(0.,-0.,1.));
#2752 = ADVANCED_FACE('',(#2753),#2787,.T.);
#2753 = FACE_BOUND('',#2754,.T.);
#2754 = EDGE_LOOP('',(#2755,#2765,#2773,#2781));
#2755 = ORIENTED_EDGE('',*,*,#2756,.T.);
#2756 = EDGE_CURVE('',#2757,#2759,#2761,.T.);
#2757 = VERTEX_POINT('',#2758);
#2758 = CARTESIAN_POINT('',(-2.05,6.925,3.271792112093));
#2759 = VERTEX_POINT('',#2760);
#2760 = CARTESIAN_POINT('',(-1.75,6.925,3.271792112093));
#2761 = LINE('',#2762,#2763);
#2762 = CARTESIAN_POINT('',(-2.05,6.925,3.271792112093));
#2763 = VECTOR('',#2764,1.);
#2764 = DIRECTION('',(1.,1.663240758841E-16,5.482111678193E-15));
#2765 = ORIENTED_EDGE('',*,*,#2766,.T.);
#2766 = EDGE_CURVE('',#2759,#2767,#2769,.T.);
#2767 = VERTEX_POINT('',#2768);
#2768 = CARTESIAN_POINT('',(-1.75,7.075,3.271792112093));
#2769 = LINE('',#2770,#2771);
#2770 = CARTESIAN_POINT('',(-1.75,-61.1891926635,3.271792112093));
#2771 = VECTOR('',#2772,1.);
#2772 = DIRECTION('',(-1.663240758842E-16,1.,3.408216634262E-15));
#2773 = ORIENTED_EDGE('',*,*,#2774,.F.);
#2774 = EDGE_CURVE('',#2775,#2767,#2777,.T.);
#2775 = VERTEX_POINT('',#2776);
#2776 = CARTESIAN_POINT('',(-2.05,7.075,3.271792112093));
#2777 = LINE('',#2778,#2779);
#2778 = CARTESIAN_POINT('',(-2.05,7.075,3.271792112093));
#2779 = VECTOR('',#2780,1.);
#2780 = DIRECTION('',(1.,1.663240758841E-16,5.482111678193E-15));
#2781 = ORIENTED_EDGE('',*,*,#2782,.F.);
#2782 = EDGE_CURVE('',#2757,#2775,#2783,.T.);
#2783 = LINE('',#2784,#2785);
#2784 = CARTESIAN_POINT('',(-2.05,-61.1891926635,3.271792112093));
#2785 = VECTOR('',#2786,1.);
#2786 = DIRECTION('',(-1.663240758842E-16,1.,3.408216634262E-15));
#2787 = PLANE('',#2788);
#2788 = AXIS2_PLACEMENT_3D('',#2789,#2790,#2791);
#2789 = CARTESIAN_POINT('',(-2.05,-61.1891926635,3.271792112093));
#2790 = DIRECTION('',(-5.482111678193E-15,-3.408216634262E-15,1.));
#2791 = DIRECTION('',(1.,0.,5.482111678193E-15));
#2792 = ADVANCED_FACE('',(#2793),#2818,.T.);
#2793 = FACE_BOUND('',#2794,.T.);
#2794 = EDGE_LOOP('',(#2795,#2805,#2811,#2812));
#2795 = ORIENTED_EDGE('',*,*,#2796,.T.);
#2796 = EDGE_CURVE('',#2797,#2799,#2801,.T.);
#2797 = VERTEX_POINT('',#2798);
#2798 = CARTESIAN_POINT('',(-2.05,7.075,6.774264068712));
#2799 = VERTEX_POINT('',#2800);
#2800 = CARTESIAN_POINT('',(-2.05,6.925,6.774264068712));
#2801 = LINE('',#2802,#2803);
#2802 = CARTESIAN_POINT('',(-2.05,7.225025006746,6.774264068712));
#2803 = VECTOR('',#2804,1.);
#2804 = DIRECTION('',(1.663240758842E-16,-1.,-3.408216634262E-15));
#2805 = ORIENTED_EDGE('',*,*,#2806,.T.);
#2806 = EDGE_CURVE('',#2799,#2757,#2807,.T.);
#2807 = LINE('',#2808,#2809);
#2808 = CARTESIAN_POINT('',(-2.05,6.925,3.271792112093));
#2809 = VECTOR('',#2810,1.);
#2810 = DIRECTION('',(-3.002999083969E-16,3.408216634262E-15,-1.));
#2811 = ORIENTED_EDGE('',*,*,#2782,.T.);
#2812 = ORIENTED_EDGE('',*,*,#2813,.F.);
#2813 = EDGE_CURVE('',#2797,#2775,#2814,.T.);
#2814 = LINE('',#2815,#2816);
#2815 = CARTESIAN_POINT('',(-2.05,7.075,3.271792112093));
#2816 = VECTOR('',#2817,1.);
#2817 = DIRECTION('',(-3.002999083969E-16,3.408216634262E-15,-1.));
#2818 = PLANE('',#2819);
#2819 = AXIS2_PLACEMENT_3D('',#2820,#2821,#2822);
#2820 = CARTESIAN_POINT('',(-2.05,-61.1891926635,3.271792112093));
#2821 = DIRECTION('',(1.,1.663240758842E-16,-3.002999083969E-16));
#2822 = DIRECTION('',(-3.002999083969E-16,0.,-1.));
#2823 = ADVANCED_FACE('',(#2824),#2841,.F.);
#2824 = FACE_BOUND('',#2825,.T.);
#2825 = EDGE_LOOP('',(#2826,#2832,#2833,#2834,#2840));
#2826 = ORIENTED_EDGE('',*,*,#2827,.T.);
#2827 = EDGE_CURVE('',#2797,#572,#2828,.T.);
#2828 = LINE('',#2829,#2830);
#2829 = CARTESIAN_POINT('',(16.40123597831,7.075,-11.67697190959));
#2830 = VECTOR('',#2831,1.);
#2831 = DIRECTION('',(-0.707106781187,-2.527581975772E-15,0.707106781187
    ));
#2832 = ORIENTED_EDGE('',*,*,#571,.F.);
#2833 = ORIENTED_EDGE('',*,*,#826,.T.);
#2834 = ORIENTED_EDGE('',*,*,#2835,.T.);
#2835 = EDGE_CURVE('',#816,#2799,#2836,.T.);
#2836 = LINE('',#2837,#2838);
#2837 = CARTESIAN_POINT('',(-2.287867965644,6.925,7.012132034356));
#2838 = VECTOR('',#2839,1.);
#2839 = DIRECTION('',(0.707106781187,2.500831798019E-15,-0.707106781187)
  );
#2840 = ORIENTED_EDGE('',*,*,#2796,.F.);
#2841 = PLANE('',#2842);
#2842 = AXIS2_PLACEMENT_3D('',#2843,#2844,#2845);
#2843 = CARTESIAN_POINT('',(-2.287867965644,7.225025006746,
    7.012132034356));
#2844 = DIRECTION('',(-0.707106781187,2.292364211908E-15,-0.707106781187
    ));
#2845 = DIRECTION('',(-0.707106781187,0.,0.707106781187));
#2846 = ADVANCED_FACE('',(#2847),#2870,.T.);
#2847 = FACE_BOUND('',#2848,.T.);
#2848 = EDGE_LOOP('',(#2849,#2850,#2863,#2869));
#2849 = ORIENTED_EDGE('',*,*,#809,.F.);
#2850 = ORIENTED_EDGE('',*,*,#2851,.F.);
#2851 = EDGE_CURVE('',#2852,#551,#2854,.T.);
#2852 = VERTEX_POINT('',#2853);
#2853 = CARTESIAN_POINT('',(-2.712132034356,7.159232923853,
    7.012132034356));
#2854 = B_SPLINE_CURVE_WITH_KNOTS('',3,(#2855,#2856,#2857,#2858,#2859,
    #2860,#2861,#2862),.UNSPECIFIED.,.F.,.F.,(4,2,2,4),(0.,0.25,0.5,1.),
  .UNSPECIFIED.);
#2855 = CARTESIAN_POINT('',(-2.712132034356,7.159232923853,
    7.012132034356));
#2856 = CARTESIAN_POINT('',(-2.698442116372,7.168624130097,7.02582195234
    ));
#2857 = CARTESIAN_POINT('',(-2.683731895219,7.177377017888,
    7.037970264806));
#2858 = CARTESIAN_POINT('',(-2.652347191853,7.193108516857,
    7.059183678704));
#2859 = CARTESIAN_POINT('',(-2.636961660267,7.199658522337,
    7.067696368059));
#2860 = CARTESIAN_POINT('',(-2.580402611161,7.218427375139,
    7.091924092025));
#2861 = CARTESIAN_POINT('',(-2.540374733895,7.225000001832,
    7.100000000014));
#2862 = CARTESIAN_POINT('',(-2.499999999997,7.225000001843,
    7.100000000014));
#2863 = ORIENTED_EDGE('',*,*,#2864,.T.);
#2864 = EDGE_CURVE('',#2852,#597,#2865,.T.);
#2865 = LINE('',#2866,#2867);
#2866 = CARTESIAN_POINT('',(-2.712132034356,7.225025006746,
    7.012132034356));
#2867 = VECTOR('',#2868,1.);
#2868 = DIRECTION('',(1.663240758842E-16,-1.,-3.408216634262E-15));
#2869 = ORIENTED_EDGE('',*,*,#604,.T.);
#2870 = CYLINDRICAL_SURFACE('',#2871,0.3);
#2871 = AXIS2_PLACEMENT_3D('',#2872,#2873,#2874);
#2872 = CARTESIAN_POINT('',(-2.5,7.225025006746,6.8));
#2873 = DIRECTION('',(1.663240758842E-16,-1.,-2.891205793295E-15));
#2874 = DIRECTION('',(2.627434620609E-46,-2.891205793295E-15,1.));
#2875 = ADVANCED_FACE('',(#2876),#2910,.F.);
#2876 = FACE_BOUND('',#2877,.T.);
#2877 = EDGE_LOOP('',(#2878,#2888,#2896,#2904));
#2878 = ORIENTED_EDGE('',*,*,#2879,.T.);
#2879 = EDGE_CURVE('',#2880,#2882,#2884,.T.);
#2880 = VERTEX_POINT('',#2881);
#2881 = CARTESIAN_POINT('',(-2.95,6.925,3.271792112093));
#2882 = VERTEX_POINT('',#2883);
#2883 = CARTESIAN_POINT('',(-2.95,6.925,6.774264068712));
#2884 = LINE('',#2885,#2886);
#2885 = CARTESIAN_POINT('',(-2.95,6.925,3.271792112093));
#2886 = VECTOR('',#2887,1.);
#2887 = DIRECTION('',(3.79874379772E-16,-3.408216634262E-15,1.));
#2888 = ORIENTED_EDGE('',*,*,#2889,.F.);
#2889 = EDGE_CURVE('',#2890,#2882,#2892,.T.);
#2890 = VERTEX_POINT('',#2891);
#2891 = CARTESIAN_POINT('',(-2.95,7.075,6.774264068712));
#2892 = LINE('',#2893,#2894);
#2893 = CARTESIAN_POINT('',(-2.95,7.225025006746,6.774264068712));
#2894 = VECTOR('',#2895,1.);
#2895 = DIRECTION('',(1.663240758842E-16,-1.,-3.408216634262E-15));
#2896 = ORIENTED_EDGE('',*,*,#2897,.F.);
#2897 = EDGE_CURVE('',#2898,#2890,#2900,.T.);
#2898 = VERTEX_POINT('',#2899);
#2899 = CARTESIAN_POINT('',(-2.95,7.075,3.271792112093));
#2900 = LINE('',#2901,#2902);
#2901 = CARTESIAN_POINT('',(-2.95,7.075,3.271792112093));
#2902 = VECTOR('',#2903,1.);
#2903 = DIRECTION('',(3.79874379772E-16,-3.408216634262E-15,1.));
#2904 = ORIENTED_EDGE('',*,*,#2905,.T.);
#2905 = EDGE_CURVE('',#2898,#2880,#2906,.T.);
#2906 = LINE('',#2907,#2908);
#2907 = CARTESIAN_POINT('',(-2.95,7.075,3.271792112093));
#2908 = VECTOR('',#2909,1.);
#2909 = DIRECTION('',(1.663240758842E-16,-1.,-3.408216634262E-15));
#2910 = PLANE('',#2911);
#2911 = AXIS2_PLACEMENT_3D('',#2912,#2913,#2914);
#2912 = CARTESIAN_POINT('',(-2.95,7.075,3.271792112093));
#2913 = DIRECTION('',(1.,1.663240758842E-16,-3.79874379772E-16));
#2914 = DIRECTION('',(-3.79874379772E-16,0.,-1.));
#2915 = ADVANCED_FACE('',(#2916),#2941,.F.);
#2916 = FACE_BOUND('',#2917,.T.);
#2917 = EDGE_LOOP('',(#2918,#2926,#2927,#2935));
#2918 = ORIENTED_EDGE('',*,*,#2919,.T.);
#2919 = EDGE_CURVE('',#2920,#2880,#2922,.T.);
#2920 = VERTEX_POINT('',#2921);
#2921 = CARTESIAN_POINT('',(-3.25,6.925,3.271792112093));
#2922 = LINE('',#2923,#2924);
#2923 = CARTESIAN_POINT('',(-3.25,6.925,3.271792112093));
#2924 = VECTOR('',#2925,1.);
#2925 = DIRECTION('',(1.,1.663240758842E-16,-6.082711494986E-15));
#2926 = ORIENTED_EDGE('',*,*,#2905,.F.);
#2927 = ORIENTED_EDGE('',*,*,#2928,.F.);
#2928 = EDGE_CURVE('',#2929,#2898,#2931,.T.);
#2929 = VERTEX_POINT('',#2930);
#2930 = CARTESIAN_POINT('',(-3.25,7.075,3.271792112093));
#2931 = LINE('',#2932,#2933);
#2932 = CARTESIAN_POINT('',(-3.25,7.075,3.271792112093));
#2933 = VECTOR('',#2934,1.);
#2934 = DIRECTION('',(1.,1.663240758842E-16,-6.082711494986E-15));
#2935 = ORIENTED_EDGE('',*,*,#2936,.T.);
#2936 = EDGE_CURVE('',#2929,#2920,#2937,.T.);
#2937 = LINE('',#2938,#2939);
#2938 = CARTESIAN_POINT('',(-3.25,7.075,3.271792112093));
#2939 = VECTOR('',#2940,1.);
#2940 = DIRECTION('',(1.663240758842E-16,-1.,-3.408216634262E-15));
#2941 = PLANE('',#2942);
#2942 = AXIS2_PLACEMENT_3D('',#2943,#2944,#2945);
#2943 = CARTESIAN_POINT('',(-3.25,7.075,3.271792112093));
#2944 = DIRECTION('',(-6.082711494986E-15,3.408216634262E-15,-1.));
#2945 = DIRECTION('',(-1.,0.,6.082711494986E-15));
#2946 = ADVANCED_FACE('',(#2947),#2972,.F.);
#2947 = FACE_BOUND('',#2948,.T.);
#2948 = EDGE_LOOP('',(#2949,#2957,#2958,#2964,#2965));
#2949 = ORIENTED_EDGE('',*,*,#2950,.T.);
#2950 = EDGE_CURVE('',#2951,#2890,#2953,.T.);
#2951 = VERTEX_POINT('',#2952);
#2952 = CARTESIAN_POINT('',(-2.8,7.075000002031,6.924264068712));
#2953 = LINE('',#2954,#2955);
#2954 = CARTESIAN_POINT('',(-9.90123597831,7.075,-0.176971909598));
#2955 = VECTOR('',#2956,1.);
#2956 = DIRECTION('',(-0.707106781187,2.292364211908E-15,-0.707106781187
    ));
#2957 = ORIENTED_EDGE('',*,*,#2889,.T.);
#2958 = ORIENTED_EDGE('',*,*,#2959,.T.);
#2959 = EDGE_CURVE('',#2882,#597,#2960,.T.);
#2960 = LINE('',#2961,#2962);
#2961 = CARTESIAN_POINT('',(-2.95,6.925,6.774264068712));
#2962 = VECTOR('',#2963,1.);
#2963 = DIRECTION('',(0.707106781187,-2.538199530453E-15,0.707106781187)
  );
#2964 = ORIENTED_EDGE('',*,*,#2864,.F.);
#2965 = ORIENTED_EDGE('',*,*,#2966,.F.);
#2966 = EDGE_CURVE('',#2951,#2852,#2967,.T.);
#2967 = ( BOUNDED_CURVE() B_SPLINE_CURVE(3,(#2968,#2969,#2970,#2971),
.UNSPECIFIED.,.F.,.F.) B_SPLINE_CURVE_WITH_KNOTS((4,4),(3.785093761253,
4.111124762576),.PIECEWISE_BEZIER_KNOTS.) CURVE() 
GEOMETRIC_REPRESENTATION_ITEM() RATIONAL_B_SPLINE_CURVE((1.,
0.991161580934,0.991161580934,1.)) REPRESENTATION_ITEM('') );
#2968 = CARTESIAN_POINT('',(-2.8,7.075000002031,6.924264068712));
#2969 = CARTESIAN_POINT('',(-2.775438748022,7.107748337974,6.94882532069
    ));
#2970 = CARTESIAN_POINT('',(-2.745888246424,7.136076353453,
    6.978375822288));
#2971 = CARTESIAN_POINT('',(-2.712132034356,7.159232923853,
    7.012132034356));
#2972 = PLANE('',#2973);
#2973 = AXIS2_PLACEMENT_3D('',#2974,#2975,#2976);
#2974 = CARTESIAN_POINT('',(-2.95,7.225025006746,6.774264068712));
#2975 = DIRECTION('',(0.707106781187,2.527581975772E-15,-0.707106781187)
  );
#2976 = DIRECTION('',(-3.944304526105E-31,-1.,-3.574540710147E-15));
#2977 = ADVANCED_FACE('',(#2978),#3012,.F.);
#2978 = FACE_BOUND('',#2979,.T.);
#2979 = EDGE_LOOP('',(#2980,#2990,#2998,#3006));
#2980 = ORIENTED_EDGE('',*,*,#2981,.T.);
#2981 = EDGE_CURVE('',#2982,#2984,#2986,.T.);
#2982 = VERTEX_POINT('',#2983);
#2983 = CARTESIAN_POINT('',(2.95,6.925,3.271792112093));
#2984 = VERTEX_POINT('',#2985);
#2985 = CARTESIAN_POINT('',(3.25,6.925,3.271792112093));
#2986 = LINE('',#2987,#2988);
#2987 = CARTESIAN_POINT('',(2.95,6.925,3.271792112093));
#2988 = VECTOR('',#2989,1.);
#2989 = DIRECTION('',(1.,1.663240758842E-16,-3.002999083969E-16));
#2990 = ORIENTED_EDGE('',*,*,#2991,.F.);
#2991 = EDGE_CURVE('',#2992,#2984,#2994,.T.);
#2992 = VERTEX_POINT('',#2993);
#2993 = CARTESIAN_POINT('',(3.25,7.075,3.271792112093));
#2994 = LINE('',#2995,#2996);
#2995 = CARTESIAN_POINT('',(3.25,7.075,3.271792112093));
#2996 = VECTOR('',#2997,1.);
#2997 = DIRECTION('',(1.663240758842E-16,-1.,-3.408216634262E-15));
#2998 = ORIENTED_EDGE('',*,*,#2999,.F.);
#2999 = EDGE_CURVE('',#3000,#2992,#3002,.T.);
#3000 = VERTEX_POINT('',#3001);
#3001 = CARTESIAN_POINT('',(2.95,7.075,3.271792112093));
#3002 = LINE('',#3003,#3004);
#3003 = CARTESIAN_POINT('',(2.95,7.075,3.271792112093));
#3004 = VECTOR('',#3005,1.);
#3005 = DIRECTION('',(1.,1.663240758842E-16,-3.002999083969E-16));
#3006 = ORIENTED_EDGE('',*,*,#3007,.T.);
#3007 = EDGE_CURVE('',#3000,#2982,#3008,.T.);
#3008 = LINE('',#3009,#3010);
#3009 = CARTESIAN_POINT('',(2.95,7.075,3.271792112093));
#3010 = VECTOR('',#3011,1.);
#3011 = DIRECTION('',(1.663240758842E-16,-1.,-3.408216634262E-15));
#3012 = PLANE('',#3013);
#3013 = AXIS2_PLACEMENT_3D('',#3014,#3015,#3016);
#3014 = CARTESIAN_POINT('',(2.95,7.075,3.271792112093));
#3015 = DIRECTION('',(-3.002999083969E-16,3.408216634262E-15,-1.));
#3016 = DIRECTION('',(-1.,0.,3.002999083969E-16));
#3017 = ADVANCED_FACE('',(#3018),#3043,.F.);
#3018 = FACE_BOUND('',#3019,.T.);
#3019 = EDGE_LOOP('',(#3020,#3028,#3036,#3042));
#3020 = ORIENTED_EDGE('',*,*,#3021,.F.);
#3021 = EDGE_CURVE('',#3022,#3000,#3024,.T.);
#3022 = VERTEX_POINT('',#3023);
#3023 = CARTESIAN_POINT('',(2.95,7.075,6.774264068712));
#3024 = LINE('',#3025,#3026);
#3025 = CARTESIAN_POINT('',(2.95,7.075,3.271792112093));
#3026 = VECTOR('',#3027,1.);
#3027 = DIRECTION('',(-3.002999083969E-16,3.408216634262E-15,-1.));
#3028 = ORIENTED_EDGE('',*,*,#3029,.T.);
#3029 = EDGE_CURVE('',#3022,#3030,#3032,.T.);
#3030 = VERTEX_POINT('',#3031);
#3031 = CARTESIAN_POINT('',(2.95,6.925,6.774264068712));
#3032 = LINE('',#3033,#3034);
#3033 = CARTESIAN_POINT('',(2.95,7.225025006746,6.774264068712));
#3034 = VECTOR('',#3035,1.);
#3035 = DIRECTION('',(1.663240758842E-16,-1.,-3.408216634262E-15));
#3036 = ORIENTED_EDGE('',*,*,#3037,.T.);
#3037 = EDGE_CURVE('',#3030,#2982,#3038,.T.);
#3038 = LINE('',#3039,#3040);
#3039 = CARTESIAN_POINT('',(2.95,6.925,3.271792112093));
#3040 = VECTOR('',#3041,1.);
#3041 = DIRECTION('',(-3.002999083969E-16,3.408216634262E-15,-1.));
#3042 = ORIENTED_EDGE('',*,*,#3007,.F.);
#3043 = PLANE('',#3044);
#3044 = AXIS2_PLACEMENT_3D('',#3045,#3046,#3047);
#3045 = CARTESIAN_POINT('',(2.95,7.075,3.271792112093));
#3046 = DIRECTION('',(-1.,-1.663240758842E-16,3.002999083969E-16));
#3047 = DIRECTION('',(-1.663240758842E-16,1.,0.));
#3048 = ADVANCED_FACE('',(#3049),#3075,.T.);
#3049 = FACE_BOUND('',#3050,.T.);
#3050 = EDGE_LOOP('',(#3051,#3052,#3068,#3074));
#3051 = ORIENTED_EDGE('',*,*,#765,.F.);
#3052 = ORIENTED_EDGE('',*,*,#3053,.T.);
#3053 = EDGE_CURVE('',#435,#3054,#3056,.T.);
#3054 = VERTEX_POINT('',#3055);
#3055 = CARTESIAN_POINT('',(2.287867965644,7.159232923853,7.012132034356
    ));
#3056 = B_SPLINE_CURVE_WITH_KNOTS('',3,(#3057,#3058,#3059,#3060,#3061,
    #3062,#3063,#3064,#3065,#3066,#3067),.UNSPECIFIED.,.F.,.F.,(4,2,1,2,
    2,4),(0.,0.25,0.375,0.4375,0.5,1.),.UNSPECIFIED.);
#3057 = CARTESIAN_POINT('',(2.499999999997,7.225000001843,7.100000000014
    ));
#3058 = CARTESIAN_POINT('',(2.480395622727,7.225000001843,7.1));
#3059 = CARTESIAN_POINT('',(2.46047210822,7.223409738882,7.098071889442)
  );
#3060 = CARTESIAN_POINT('',(2.430725133148,7.218638949997,7.092067319635
    ));
#3061 = CARTESIAN_POINT('',(2.41588782907,7.215657206945,7.088288749839)
  );
#3062 = CARTESIAN_POINT('',(2.401233635006,7.211780940976,7.083323118775
    ));
#3063 = CARTESIAN_POINT('',(2.391519960414,7.208997980793,7.079747860578
    ));
#3064 = CARTESIAN_POINT('',(2.385609174909,7.207148213946,7.077364457548
    ));
#3065 = CARTESIAN_POINT('',(2.352204126127,7.196065905182,7.063058516152
    ));
#3066 = CARTESIAN_POINT('',(2.318876492423,7.180504597697,7.043140561135
    ));
#3067 = CARTESIAN_POINT('',(2.287867965644,7.159232923853,7.012132034356
    ));
#3068 = ORIENTED_EDGE('',*,*,#3069,.T.);
#3069 = EDGE_CURVE('',#3054,#485,#3070,.T.);
#3070 = LINE('',#3071,#3072);
#3071 = CARTESIAN_POINT('',(2.287867965644,7.225025006746,7.012132034356
    ));
#3072 = VECTOR('',#3073,1.);
#3073 = DIRECTION('',(1.663240758842E-16,-1.,-3.408216634262E-15));
#3074 = ORIENTED_EDGE('',*,*,#492,.F.);
#3075 = CYLINDRICAL_SURFACE('',#3076,0.3);
#3076 = AXIS2_PLACEMENT_3D('',#3077,#3078,#3079);
#3077 = CARTESIAN_POINT('',(2.5,7.225025006746,6.8));
#3078 = DIRECTION('',(1.663240758842E-16,-1.,-2.891205793295E-15));
#3079 = DIRECTION('',(2.627434620609E-46,-2.891205793295E-15,1.));
#3080 = ADVANCED_FACE('',(#3081),#3098,.F.);
#3081 = FACE_BOUND('',#3082,.T.);
#3082 = EDGE_LOOP('',(#3083,#3089,#3090,#3091,#3097));
#3083 = ORIENTED_EDGE('',*,*,#3084,.T.);
#3084 = EDGE_CURVE('',#3022,#460,#3085,.T.);
#3085 = LINE('',#3086,#3087);
#3086 = CARTESIAN_POINT('',(18.901235978309,7.075,-9.176971909598));
#3087 = VECTOR('',#3088,1.);
#3088 = DIRECTION('',(-0.707106781187,-2.527581975772E-15,0.707106781187
    ));
#3089 = ORIENTED_EDGE('',*,*,#459,.T.);
#3090 = ORIENTED_EDGE('',*,*,#794,.T.);
#3091 = ORIENTED_EDGE('',*,*,#3092,.T.);
#3092 = EDGE_CURVE('',#772,#3030,#3093,.T.);
#3093 = LINE('',#3094,#3095);
#3094 = CARTESIAN_POINT('',(2.712132034356,6.925,7.012132034356));
#3095 = VECTOR('',#3096,1.);
#3096 = DIRECTION('',(0.707106781187,2.500831798019E-15,-0.707106781187)
  );
#3097 = ORIENTED_EDGE('',*,*,#3029,.F.);
#3098 = PLANE('',#3099);
#3099 = AXIS2_PLACEMENT_3D('',#3100,#3101,#3102);
#3100 = CARTESIAN_POINT('',(2.712132034356,7.225025006746,7.012132034356
    ));
#3101 = DIRECTION('',(-0.707106781187,2.292364211908E-15,-0.707106781187
    ));
#3102 = DIRECTION('',(-0.707106781187,0.,0.707106781187));
#3103 = ADVANCED_FACE('',(#3104),#3138,.T.);
#3104 = FACE_BOUND('',#3105,.T.);
#3105 = EDGE_LOOP('',(#3106,#3116,#3124,#3132));
#3106 = ORIENTED_EDGE('',*,*,#3107,.F.);
#3107 = EDGE_CURVE('',#3108,#3110,#3112,.T.);
#3108 = VERTEX_POINT('',#3109);
#3109 = CARTESIAN_POINT('',(2.05,7.075,6.774264068712));
#3110 = VERTEX_POINT('',#3111);
#3111 = CARTESIAN_POINT('',(2.05,6.925,6.774264068712));
#3112 = LINE('',#3113,#3114);
#3113 = CARTESIAN_POINT('',(2.05,7.225025006746,6.774264068712));
#3114 = VECTOR('',#3115,1.);
#3115 = DIRECTION('',(1.663240758842E-16,-1.,-3.408216634262E-15));
#3116 = ORIENTED_EDGE('',*,*,#3117,.F.);
#3117 = EDGE_CURVE('',#3118,#3108,#3120,.T.);
#3118 = VERTEX_POINT('',#3119);
#3119 = CARTESIAN_POINT('',(2.05,7.075,3.271792112093));
#3120 = LINE('',#3121,#3122);
#3121 = CARTESIAN_POINT('',(2.05,7.075,3.271792112093));
#3122 = VECTOR('',#3123,1.);
#3123 = DIRECTION('',(3.79874379772E-16,-3.408216634262E-15,1.));
#3124 = ORIENTED_EDGE('',*,*,#3125,.F.);
#3125 = EDGE_CURVE('',#3126,#3118,#3128,.T.);
#3126 = VERTEX_POINT('',#3127);
#3127 = CARTESIAN_POINT('',(2.05,6.925,3.271792112093));
#3128 = LINE('',#3129,#3130);
#3129 = CARTESIAN_POINT('',(2.05,-61.1891926635,3.271792112093));
#3130 = VECTOR('',#3131,1.);
#3131 = DIRECTION('',(-1.663240758842E-16,1.,3.408216634262E-15));
#3132 = ORIENTED_EDGE('',*,*,#3133,.T.);
#3133 = EDGE_CURVE('',#3126,#3110,#3134,.T.);
#3134 = LINE('',#3135,#3136);
#3135 = CARTESIAN_POINT('',(2.05,6.925,3.271792112093));
#3136 = VECTOR('',#3137,1.);
#3137 = DIRECTION('',(3.79874379772E-16,-3.408216634262E-15,1.));
#3138 = PLANE('',#3139);
#3139 = AXIS2_PLACEMENT_3D('',#3140,#3141,#3142);
#3140 = CARTESIAN_POINT('',(2.05,-61.1891926635,3.271792112093));
#3141 = DIRECTION('',(-1.,-1.663240758842E-16,3.79874379772E-16));
#3142 = DIRECTION('',(-1.663240758842E-16,1.,0.));
#3143 = ADVANCED_FACE('',(#3144),#3169,.T.);
#3144 = FACE_BOUND('',#3145,.T.);
#3145 = EDGE_LOOP('',(#3146,#3154,#3155,#3163));
#3146 = ORIENTED_EDGE('',*,*,#3147,.T.);
#3147 = EDGE_CURVE('',#3148,#3126,#3150,.T.);
#3148 = VERTEX_POINT('',#3149);
#3149 = CARTESIAN_POINT('',(1.75,6.925,3.271792112093));
#3150 = LINE('',#3151,#3152);
#3151 = CARTESIAN_POINT('',(1.75,6.925,3.271792112093));
#3152 = VECTOR('',#3153,1.);
#3153 = DIRECTION('',(1.,1.663240758842E-16,-3.002999083969E-16));
#3154 = ORIENTED_EDGE('',*,*,#3125,.T.);
#3155 = ORIENTED_EDGE('',*,*,#3156,.F.);
#3156 = EDGE_CURVE('',#3157,#3118,#3159,.T.);
#3157 = VERTEX_POINT('',#3158);
#3158 = CARTESIAN_POINT('',(1.75,7.075,3.271792112093));
#3159 = LINE('',#3160,#3161);
#3160 = CARTESIAN_POINT('',(1.75,7.075,3.271792112093));
#3161 = VECTOR('',#3162,1.);
#3162 = DIRECTION('',(1.,1.663240758842E-16,-3.002999083969E-16));
#3163 = ORIENTED_EDGE('',*,*,#3164,.F.);
#3164 = EDGE_CURVE('',#3148,#3157,#3165,.T.);
#3165 = LINE('',#3166,#3167);
#3166 = CARTESIAN_POINT('',(1.75,-61.1891926635,3.271792112093));
#3167 = VECTOR('',#3168,1.);
#3168 = DIRECTION('',(-1.663240758842E-16,1.,3.408216634262E-15));
#3169 = PLANE('',#3170);
#3170 = AXIS2_PLACEMENT_3D('',#3171,#3172,#3173);
#3171 = CARTESIAN_POINT('',(1.75,-61.1891926635,3.271792112093));
#3172 = DIRECTION('',(3.002999083969E-16,-3.408216634262E-15,1.));
#3173 = DIRECTION('',(0.,-1.,-3.408216634262E-15));
#3174 = ADVANCED_FACE('',(#3175),#3200,.F.);
#3175 = FACE_BOUND('',#3176,.T.);
#3176 = EDGE_LOOP('',(#3177,#3185,#3186,#3192,#3193));
#3177 = ORIENTED_EDGE('',*,*,#3178,.T.);
#3178 = EDGE_CURVE('',#3179,#3108,#3181,.T.);
#3179 = VERTEX_POINT('',#3180);
#3180 = CARTESIAN_POINT('',(2.2,7.075000002031,6.924264068712));
#3181 = LINE('',#3182,#3183);
#3182 = CARTESIAN_POINT('',(-7.40123597831,7.075,-2.676971909598));
#3183 = VECTOR('',#3184,1.);
#3184 = DIRECTION('',(-0.707106781187,2.292364211908E-15,-0.707106781187
    ));
#3185 = ORIENTED_EDGE('',*,*,#3107,.T.);
#3186 = ORIENTED_EDGE('',*,*,#3187,.T.);
#3187 = EDGE_CURVE('',#3110,#485,#3188,.T.);
#3188 = LINE('',#3189,#3190);
#3189 = CARTESIAN_POINT('',(2.05,6.925,6.774264068712));
#3190 = VECTOR('',#3191,1.);
#3191 = DIRECTION('',(0.707106781187,-2.538199530453E-15,0.707106781187)
  );
#3192 = ORIENTED_EDGE('',*,*,#3069,.F.);
#3193 = ORIENTED_EDGE('',*,*,#3194,.T.);
#3194 = EDGE_CURVE('',#3054,#3179,#3195,.T.);
#3195 = ( BOUNDED_CURVE() B_SPLINE_CURVE(3,(#3196,#3197,#3198,#3199),
.UNSPECIFIED.,.F.,.F.) B_SPLINE_CURVE_WITH_KNOTS((4,4),(2.172060544604,
2.498091545926),.PIECEWISE_BEZIER_KNOTS.) CURVE() 
GEOMETRIC_REPRESENTATION_ITEM() RATIONAL_B_SPLINE_CURVE((1.,
0.991161580934,0.991161580934,1.)) REPRESENTATION_ITEM('') );
#3196 = CARTESIAN_POINT('',(2.287867965644,7.159232923853,7.012132034356
    ));
#3197 = CARTESIAN_POINT('',(2.254111753576,7.136076353453,6.978375822288
    ));
#3198 = CARTESIAN_POINT('',(2.224561251978,7.107748337974,6.94882532069)
  );
#3199 = CARTESIAN_POINT('',(2.2,7.075000002031,6.924264068712));
#3200 = PLANE('',#3201);
#3201 = AXIS2_PLACEMENT_3D('',#3202,#3203,#3204);
#3202 = CARTESIAN_POINT('',(2.05,7.225025006746,6.774264068712));
#3203 = DIRECTION('',(0.707106781187,2.527581975772E-15,-0.707106781187)
  );
#3204 = DIRECTION('',(0.,-1.,-3.574540710147E-15));
#3205 = ADVANCED_FACE('',(#3206),#3240,.F.);
#3206 = FACE_BOUND('',#3207,.T.);
#3207 = EDGE_LOOP('',(#3208,#3218,#3226,#3234));
#3208 = ORIENTED_EDGE('',*,*,#3209,.T.);
#3209 = EDGE_CURVE('',#3210,#3212,#3214,.T.);
#3210 = VERTEX_POINT('',#3211);
#3211 = CARTESIAN_POINT('',(-1.75,-7.425,3.271792112093));
#3212 = VERTEX_POINT('',#3213);
#3213 = CARTESIAN_POINT('',(-2.05,-7.425,3.271792112093));
#3214 = LINE('',#3215,#3216);
#3215 = CARTESIAN_POINT('',(-1.75,-7.425,3.271792112093));
#3216 = VECTOR('',#3217,1.);
#3217 = DIRECTION('',(-1.,2.642297700214E-17,-5.674858731079E-15));
#3218 = ORIENTED_EDGE('',*,*,#3219,.F.);
#3219 = EDGE_CURVE('',#3220,#3212,#3222,.T.);
#3220 = VERTEX_POINT('',#3221);
#3221 = CARTESIAN_POINT('',(-2.05,-7.575,3.271792112093));
#3222 = LINE('',#3223,#3224);
#3223 = CARTESIAN_POINT('',(-2.05,-7.575,3.271792112093));
#3224 = VECTOR('',#3225,1.);
#3225 = DIRECTION('',(2.642297700216E-17,1.,-3.574750087956E-15));
#3226 = ORIENTED_EDGE('',*,*,#3227,.F.);
#3227 = EDGE_CURVE('',#3228,#3220,#3230,.T.);
#3228 = VERTEX_POINT('',#3229);
#3229 = CARTESIAN_POINT('',(-1.75,-7.575,3.271792112093));
#3230 = LINE('',#3231,#3232);
#3231 = CARTESIAN_POINT('',(-1.75,-7.575,3.271792112093));
#3232 = VECTOR('',#3233,1.);
#3233 = DIRECTION('',(-1.,2.642297700214E-17,-5.674858731079E-15));
#3234 = ORIENTED_EDGE('',*,*,#3235,.T.);
#3235 = EDGE_CURVE('',#3228,#3210,#3236,.T.);
#3236 = LINE('',#3237,#3238);
#3237 = CARTESIAN_POINT('',(-1.75,-7.575,3.271792112093));
#3238 = VECTOR('',#3239,1.);
#3239 = DIRECTION('',(2.642297700216E-17,1.,-3.574750087956E-15));
#3240 = PLANE('',#3241);
#3241 = AXIS2_PLACEMENT_3D('',#3242,#3243,#3244);
#3242 = CARTESIAN_POINT('',(-1.75,-7.575,3.271792112093));
#3243 = DIRECTION('',(5.674858731079E-15,-3.574750087956E-15,-1.));
#3244 = DIRECTION('',(0.,-1.,3.574750087956E-15));
#3245 = ADVANCED_FACE('',(#3246),#3271,.F.);
#3246 = FACE_BOUND('',#3247,.T.);
#3247 = EDGE_LOOP('',(#3248,#3256,#3264,#3270));
#3248 = ORIENTED_EDGE('',*,*,#3249,.T.);
#3249 = EDGE_CURVE('',#3212,#3250,#3252,.T.);
#3250 = VERTEX_POINT('',#3251);
#3251 = CARTESIAN_POINT('',(-2.05,-7.425,6.774264068712));
#3252 = LINE('',#3253,#3254);
#3253 = CARTESIAN_POINT('',(-2.05,-7.425,3.271792112093));
#3254 = VECTOR('',#3255,1.);
#3255 = DIRECTION('',(-4.149542155668E-16,3.574750087956E-15,1.));
#3256 = ORIENTED_EDGE('',*,*,#3257,.F.);
#3257 = EDGE_CURVE('',#3258,#3250,#3260,.T.);
#3258 = VERTEX_POINT('',#3259);
#3259 = CARTESIAN_POINT('',(-2.05,-7.575,6.774264068712));
#3260 = LINE('',#3261,#3262);
#3261 = CARTESIAN_POINT('',(-2.05,-7.725025002424,6.774264068712));
#3262 = VECTOR('',#3263,1.);
#3263 = DIRECTION('',(2.642297700216E-17,1.,-3.574750087956E-15));
#3264 = ORIENTED_EDGE('',*,*,#3265,.F.);
#3265 = EDGE_CURVE('',#3220,#3258,#3266,.T.);
#3266 = LINE('',#3267,#3268);
#3267 = CARTESIAN_POINT('',(-2.05,-7.575,3.271792112093));
#3268 = VECTOR('',#3269,1.);
#3269 = DIRECTION('',(-4.149542155668E-16,3.574750087956E-15,1.));
#3270 = ORIENTED_EDGE('',*,*,#3219,.T.);
#3271 = PLANE('',#3272);
#3272 = AXIS2_PLACEMENT_3D('',#3273,#3274,#3275);
#3273 = CARTESIAN_POINT('',(-2.05,-7.575,3.271792112093));
#3274 = DIRECTION('',(-1.,2.642297700216E-17,-4.149542155668E-16));
#3275 = DIRECTION('',(-4.149542155668E-16,0.,1.));
#3276 = ADVANCED_FACE('',(#3277),#3311,.F.);
#3277 = FACE_BOUND('',#3278,.T.);
#3278 = EDGE_LOOP('',(#3279,#3289,#3297,#3305));
#3279 = ORIENTED_EDGE('',*,*,#3280,.F.);
#3280 = EDGE_CURVE('',#3281,#3283,#3285,.T.);
#3281 = VERTEX_POINT('',#3282);
#3282 = CARTESIAN_POINT('',(-3.25,-7.575,2.75));
#3283 = VERTEX_POINT('',#3284);
#3284 = CARTESIAN_POINT('',(-3.25,-7.425,2.75));
#3285 = LINE('',#3286,#3287);
#3286 = CARTESIAN_POINT('',(-3.25,-7.575,2.75));
#3287 = VECTOR('',#3288,1.);
#3288 = DIRECTION('',(2.642297700216E-17,1.,-3.574750087956E-15));
#3289 = ORIENTED_EDGE('',*,*,#3290,.F.);
#3290 = EDGE_CURVE('',#3291,#3281,#3293,.T.);
#3291 = VERTEX_POINT('',#3292);
#3292 = CARTESIAN_POINT('',(-3.25,-7.575,3.271792112093));
#3293 = LINE('',#3294,#3295);
#3294 = CARTESIAN_POINT('',(-3.25,-7.575,3.271792112093));
#3295 = VECTOR('',#3296,1.);
#3296 = DIRECTION('',(-2.696692371894E-15,-3.574750087956E-15,-1.));
#3297 = ORIENTED_EDGE('',*,*,#3298,.T.);
#3298 = EDGE_CURVE('',#3291,#3299,#3301,.T.);
#3299 = VERTEX_POINT('',#3300);
#3300 = CARTESIAN_POINT('',(-3.25,-7.425,3.271792112093));
#3301 = LINE('',#3302,#3303);
#3302 = CARTESIAN_POINT('',(-3.25,-7.575,3.271792112093));
#3303 = VECTOR('',#3304,1.);
#3304 = DIRECTION('',(2.642297700216E-17,1.,-3.574750087956E-15));
#3305 = ORIENTED_EDGE('',*,*,#3306,.T.);
#3306 = EDGE_CURVE('',#3299,#3283,#3307,.T.);
#3307 = LINE('',#3308,#3309);
#3308 = CARTESIAN_POINT('',(-3.25,-7.425,3.271792112093));
#3309 = VECTOR('',#3310,1.);
#3310 = DIRECTION('',(-2.696692371894E-15,-3.574750087956E-15,-1.));
#3311 = PLANE('',#3312);
#3312 = AXIS2_PLACEMENT_3D('',#3313,#3314,#3315);
#3313 = CARTESIAN_POINT('',(-3.25,-7.575,3.271792112093));
#3314 = DIRECTION('',(1.,-2.642297700217E-17,-2.696692371894E-15));
#3315 = DIRECTION('',(-2.696692371894E-15,0.,-1.));
#3316 = ADVANCED_FACE('',(#3317),#3342,.F.);
#3317 = FACE_BOUND('',#3318,.T.);
#3318 = EDGE_LOOP('',(#3319,#3327,#3328,#3336));
#3319 = ORIENTED_EDGE('',*,*,#3320,.T.);
#3320 = EDGE_CURVE('',#3321,#3299,#3323,.T.);
#3321 = VERTEX_POINT('',#3322);
#3322 = CARTESIAN_POINT('',(-2.95,-7.425,3.271792112093));
#3323 = LINE('',#3324,#3325);
#3324 = CARTESIAN_POINT('',(-2.95,-7.425,3.271792112093));
#3325 = VECTOR('',#3326,1.);
#3326 = DIRECTION('',(-1.,2.642297700218E-17,5.8899644421E-15));
#3327 = ORIENTED_EDGE('',*,*,#3298,.F.);
#3328 = ORIENTED_EDGE('',*,*,#3329,.F.);
#3329 = EDGE_CURVE('',#3330,#3291,#3332,.T.);
#3330 = VERTEX_POINT('',#3331);
#3331 = CARTESIAN_POINT('',(-2.95,-7.575,3.271792112093));
#3332 = LINE('',#3333,#3334);
#3333 = CARTESIAN_POINT('',(-2.95,-7.575,3.271792112093));
#3334 = VECTOR('',#3335,1.);
#3335 = DIRECTION('',(-1.,2.642297700218E-17,5.8899644421E-15));
#3336 = ORIENTED_EDGE('',*,*,#3337,.T.);
#3337 = EDGE_CURVE('',#3330,#3321,#3338,.T.);
#3338 = LINE('',#3339,#3340);
#3339 = CARTESIAN_POINT('',(-2.95,-7.575,3.271792112093));
#3340 = VECTOR('',#3341,1.);
#3341 = DIRECTION('',(2.642297700216E-17,1.,-3.574750087956E-15));
#3342 = PLANE('',#3343);
#3343 = AXIS2_PLACEMENT_3D('',#3344,#3345,#3346);
#3344 = CARTESIAN_POINT('',(-2.95,-7.575,3.271792112093));
#3345 = DIRECTION('',(-5.8899644421E-15,-3.574750087956E-15,-1.));
#3346 = DIRECTION('',(-1.,0.,5.8899644421E-15));
#3347 = ADVANCED_FACE('',(#3348),#3373,.F.);
#3348 = FACE_BOUND('',#3349,.T.);
#3349 = EDGE_LOOP('',(#3350,#3358,#3366,#3372));
#3350 = ORIENTED_EDGE('',*,*,#3351,.F.);
#3351 = EDGE_CURVE('',#3352,#3330,#3354,.T.);
#3352 = VERTEX_POINT('',#3353);
#3353 = CARTESIAN_POINT('',(-2.95,-7.575,6.774264068712));
#3354 = LINE('',#3355,#3356);
#3355 = CARTESIAN_POINT('',(-2.95,-7.575,7.421792112093));
#3356 = VECTOR('',#3357,1.);
#3357 = DIRECTION('',(-1.075528555106E-16,-3.574750087956E-15,-1.));
#3358 = ORIENTED_EDGE('',*,*,#3359,.T.);
#3359 = EDGE_CURVE('',#3352,#3360,#3362,.T.);
#3360 = VERTEX_POINT('',#3361);
#3361 = CARTESIAN_POINT('',(-2.95,-7.425,6.774264068712));
#3362 = LINE('',#3363,#3364);
#3363 = CARTESIAN_POINT('',(-2.95,-7.725025002424,6.774264068712));
#3364 = VECTOR('',#3365,1.);
#3365 = DIRECTION('',(2.642297700216E-17,1.,-3.574750087956E-15));
#3366 = ORIENTED_EDGE('',*,*,#3367,.T.);
#3367 = EDGE_CURVE('',#3360,#3321,#3368,.T.);
#3368 = LINE('',#3369,#3370);
#3369 = CARTESIAN_POINT('',(-2.95,-7.425,7.421792112093));
#3370 = VECTOR('',#3371,1.);
#3371 = DIRECTION('',(-1.075528555106E-16,-3.574750087956E-15,-1.));
#3372 = ORIENTED_EDGE('',*,*,#3337,.F.);
#3373 = PLANE('',#3374);
#3374 = AXIS2_PLACEMENT_3D('',#3375,#3376,#3377);
#3375 = CARTESIAN_POINT('',(-2.95,-7.575,7.421792112093));
#3376 = DIRECTION('',(1.,-2.642297700216E-17,-1.075528555106E-16));
#3377 = DIRECTION('',(-1.075528555106E-16,0.,-1.));
#3378 = ADVANCED_FACE('',(#3379),#3413,.F.);
#3379 = FACE_BOUND('',#3380,.T.);
#3380 = EDGE_LOOP('',(#3381,#3389,#3390,#3398,#3406));
#3381 = ORIENTED_EDGE('',*,*,#3382,.T.);
#3382 = EDGE_CURVE('',#3383,#3258,#3385,.T.);
#3383 = VERTEX_POINT('',#3384);
#3384 = CARTESIAN_POINT('',(-2.2,-7.575,6.924264068712));
#3385 = LINE('',#3386,#3387);
#3386 = CARTESIAN_POINT('',(2.15123597831,-7.575,2.573028090402));
#3387 = VECTOR('',#3388,1.);
#3388 = DIRECTION('',(0.707106781187,-2.546413894458E-15,-0.707106781187
    ));
#3389 = ORIENTED_EDGE('',*,*,#3257,.T.);
#3390 = ORIENTED_EDGE('',*,*,#3391,.T.);
#3391 = EDGE_CURVE('',#3250,#3392,#3394,.T.);
#3392 = VERTEX_POINT('',#3393);
#3393 = CARTESIAN_POINT('',(-2.287867965644,-7.425,7.012132034356));
#3394 = LINE('',#3395,#3396);
#3395 = CARTESIAN_POINT('',(-2.05,-7.425,6.774264068712));
#3396 = VECTOR('',#3397,1.);
#3397 = DIRECTION('',(-0.707106781187,2.655956464855E-15,0.707106781187)
  );
#3398 = ORIENTED_EDGE('',*,*,#3399,.F.);
#3399 = EDGE_CURVE('',#3400,#3392,#3402,.T.);
#3400 = VERTEX_POINT('',#3401);
#3401 = CARTESIAN_POINT('',(-2.287867965644,-7.659232921921,
    7.012132034356));
#3402 = LINE('',#3403,#3404);
#3403 = CARTESIAN_POINT('',(-2.287867965644,-7.725025002424,
    7.012132034356));
#3404 = VECTOR('',#3405,1.);
#3405 = DIRECTION('',(2.642297700216E-17,1.,-3.574750087956E-15));
#3406 = ORIENTED_EDGE('',*,*,#3407,.F.);
#3407 = EDGE_CURVE('',#3383,#3400,#3408,.T.);
#3408 = ( BOUNDED_CURVE() B_SPLINE_CURVE(3,(#3409,#3410,#3411,#3412),
.UNSPECIFIED.,.F.,.F.) B_SPLINE_CURVE_WITH_KNOTS((4,4),(3.785093762383,
4.111124763706),.PIECEWISE_BEZIER_KNOTS.) CURVE() 
GEOMETRIC_REPRESENTATION_ITEM() RATIONAL_B_SPLINE_CURVE((1.,
0.991161580934,0.991161580934,1.)) REPRESENTATION_ITEM('') );
#3409 = CARTESIAN_POINT('',(-2.2,-7.575,6.924264068712));
#3410 = CARTESIAN_POINT('',(-2.224561251978,-7.607748335971,
    6.94882532069));
#3411 = CARTESIAN_POINT('',(-2.254111753576,-7.636076351484,
    6.978375822288));
#3412 = CARTESIAN_POINT('',(-2.287867965644,-7.659232921921,
    7.012132034356));
#3413 = PLANE('',#3414);
#3414 = AXIS2_PLACEMENT_3D('',#3415,#3416,#3417);
#3415 = CARTESIAN_POINT('',(-2.05,-7.725025002424,6.774264068712));
#3416 = DIRECTION('',(-0.707106781187,-2.509046162024E-15,
    -0.707106781187));
#3417 = DIRECTION('',(-0.707106781187,0.,0.707106781187));
#3418 = ADVANCED_FACE('',(#3419),#3453,.F.);
#3419 = FACE_BOUND('',#3420,.T.);
#3420 = EDGE_LOOP('',(#3421,#3431,#3437,#3438,#3446));
#3421 = ORIENTED_EDGE('',*,*,#3422,.T.);
#3422 = EDGE_CURVE('',#3423,#3425,#3427,.T.);
#3423 = VERTEX_POINT('',#3424);
#3424 = CARTESIAN_POINT('',(-2.712132034356,-7.659232921921,
    7.012132034356));
#3425 = VERTEX_POINT('',#3426);
#3426 = CARTESIAN_POINT('',(-2.712132034356,-7.425,7.012132034356));
#3427 = LINE('',#3428,#3429);
#3428 = CARTESIAN_POINT('',(-2.712132034356,-7.725025002424,
    7.012132034356));
#3429 = VECTOR('',#3430,1.);
#3430 = DIRECTION('',(2.642297700216E-17,1.,-3.574750087956E-15));
#3431 = ORIENTED_EDGE('',*,*,#3432,.T.);
#3432 = EDGE_CURVE('',#3425,#3360,#3433,.T.);
#3433 = LINE('',#3434,#3435);
#3434 = CARTESIAN_POINT('',(-2.712132034356,-7.425,7.012132034356));
#3435 = VECTOR('',#3436,1.);
#3436 = DIRECTION('',(-0.707106781187,-2.61858873242E-15,-0.707106781187
    ));
#3437 = ORIENTED_EDGE('',*,*,#3359,.F.);
#3438 = ORIENTED_EDGE('',*,*,#3439,.T.);
#3439 = EDGE_CURVE('',#3352,#3440,#3442,.T.);
#3440 = VERTEX_POINT('',#3441);
#3441 = CARTESIAN_POINT('',(-2.8,-7.575,6.924264068712));
#3442 = LINE('',#3443,#3444);
#3443 = CARTESIAN_POINT('',(4.34876402169,-7.575,14.073028090402));
#3444 = VECTOR('',#3445,1.);
#3445 = DIRECTION('',(0.707106781187,2.509046162024E-15,0.707106781187)
  );
#3446 = ORIENTED_EDGE('',*,*,#3447,.F.);
#3447 = EDGE_CURVE('',#3423,#3440,#3448,.T.);
#3448 = ( BOUNDED_CURVE() B_SPLINE_CURVE(3,(#3449,#3450,#3451,#3452),
.UNSPECIFIED.,.F.,.F.) B_SPLINE_CURVE_WITH_KNOTS((4,4),(2.172060543474,
2.498091544796),.PIECEWISE_BEZIER_KNOTS.) CURVE() 
GEOMETRIC_REPRESENTATION_ITEM() RATIONAL_B_SPLINE_CURVE((1.,
0.991161580934,0.991161580934,1.)) REPRESENTATION_ITEM('') );
#3449 = CARTESIAN_POINT('',(-2.712132034356,-7.659232921921,
    7.012132034356));
#3450 = CARTESIAN_POINT('',(-2.745888246424,-7.636076351484,
    6.978375822288));
#3451 = CARTESIAN_POINT('',(-2.775438748022,-7.607748335971,
    6.94882532069));
#3452 = CARTESIAN_POINT('',(-2.8,-7.575,6.924264068712));
#3453 = PLANE('',#3454);
#3454 = AXIS2_PLACEMENT_3D('',#3455,#3456,#3457);
#3455 = CARTESIAN_POINT('',(-2.712132034356,-7.725025002424,
    7.012132034356));
#3456 = DIRECTION('',(0.707106781187,-2.546413894458E-15,-0.707106781187
    ));
#3457 = DIRECTION('',(7.88860905221E-31,-1.,3.601173064958E-15));
#3458 = ADVANCED_FACE('',(#3459),#3493,.T.);
#3459 = FACE_BOUND('',#3460,.T.);
#3460 = EDGE_LOOP('',(#3461,#3474,#3475,#3492));
#3461 = ORIENTED_EDGE('',*,*,#3462,.T.);
#3462 = EDGE_CURVE('',#3392,#3425,#3463,.T.);
#3463 = B_SPLINE_CURVE_WITH_KNOTS('',3,(#3464,#3465,#3466,#3467,#3468,
    #3469,#3470,#3471,#3472,#3473),.UNSPECIFIED.,.F.,.F.,(4,2,2,2,4),(0.
    ,0.25,0.5,0.75,1.),.UNSPECIFIED.);
#3464 = CARTESIAN_POINT('',(-2.287867965644,-7.425,7.012132034356));
#3465 = CARTESIAN_POINT('',(-2.302662293938,-7.46684467944,7.02692636265
    ));
#3466 = CARTESIAN_POINT('',(-2.327426279664,-7.502427650314,
    7.049311117425));
#3467 = CARTESIAN_POINT('',(-2.406322515683,-7.560353683319,
    7.088378659325));
#3468 = CARTESIAN_POINT('',(-2.451824487844,-7.574889774096,
    7.099926578728));
#3469 = CARTESIAN_POINT('',(-2.547256710073,-7.575109287906,
    7.100072717774));
#3470 = CARTESIAN_POINT('',(-2.592968031817,-7.560727237045,
    7.088662817718));
#3471 = CARTESIAN_POINT('',(-2.672557159207,-7.502585813823,
    7.049385853808));
#3472 = CARTESIAN_POINT('',(-2.697270898882,-7.467033638679,
    7.02699316983));
#3473 = CARTESIAN_POINT('',(-2.712132034356,-7.425,7.012132034356));
#3474 = ORIENTED_EDGE('',*,*,#3422,.F.);
#3475 = ORIENTED_EDGE('',*,*,#3476,.F.);
#3476 = EDGE_CURVE('',#3400,#3423,#3477,.T.);
#3477 = B_SPLINE_CURVE_WITH_KNOTS('',3,(#3478,#3479,#3480,#3481,#3482,
    #3483,#3484,#3485,#3486,#3487,#3488,#3489,#3490,#3491),
  .UNSPECIFIED.,.F.,.F.,(4,2,2,2,2,2,4),(0.,0.125,0.25,0.5,0.625,0.75,1.
    ),.UNSPECIFIED.);
#3478 = CARTESIAN_POINT('',(-2.287867965644,-7.659232921921,
    7.012132034356));
#3479 = CARTESIAN_POINT('',(-2.301530327066,-7.668605224536,
    7.025794395778));
#3480 = CARTESIAN_POINT('',(-2.316210893049,-7.677343166158,
    7.037922343752));
#3481 = CARTESIAN_POINT('',(-2.347533571285,-7.693053891363,
    7.059109412804));
#3482 = CARTESIAN_POINT('',(-2.362904063083,-7.699603092877,
    7.067622438774));
#3483 = CARTESIAN_POINT('',(-2.419312839136,-7.718354524806,
    7.091834846984));
#3484 = CARTESIAN_POINT('',(-2.459177867046,-7.724954826144,
    7.099936878541));
#3485 = CARTESIAN_POINT('',(-2.519785406818,-7.725022238972,
    7.100031125785));
#3486 = CARTESIAN_POINT('',(-2.539918125208,-7.723408636668,
    7.098034706849));
#3487 = CARTESIAN_POINT('',(-2.579529144264,-7.717018503445,
    7.089986199608));
#3488 = CARTESIAN_POINT('',(-2.600326927135,-7.711805025541,
    7.083370155021));
#3489 = CARTESIAN_POINT('',(-2.653097755069,-7.69432477787,
    7.060822254897));
#3490 = CARTESIAN_POINT('',(-2.684682531803,-7.678063125324,
    7.039581536912));
#3491 = CARTESIAN_POINT('',(-2.712132034356,-7.659232921921,
    7.012132034356));
#3492 = ORIENTED_EDGE('',*,*,#3399,.T.);
#3493 = CYLINDRICAL_SURFACE('',#3494,0.3);
#3494 = AXIS2_PLACEMENT_3D('',#3495,#3496,#3497);
#3495 = CARTESIAN_POINT('',(-2.5,-7.725025002424,6.8));
#3496 = DIRECTION('',(2.642297700216E-17,1.,-2.891205793295E-15));
#3497 = DIRECTION('',(-7.663350976776E-47,-2.891205793295E-15,-1.));
#3498 = ADVANCED_FACE('',(#3499),#3533,.F.);
#3499 = FACE_BOUND('',#3500,.T.);
#3500 = EDGE_LOOP('',(#3501,#3511,#3519,#3527));
#3501 = ORIENTED_EDGE('',*,*,#3502,.T.);
#3502 = EDGE_CURVE('',#3503,#3505,#3507,.T.);
#3503 = VERTEX_POINT('',#3504);
#3504 = CARTESIAN_POINT('',(2.05,-7.425,3.271792112093));
#3505 = VERTEX_POINT('',#3506);
#3506 = CARTESIAN_POINT('',(1.75,-7.425,3.271792112093));
#3507 = LINE('',#3508,#3509);
#3508 = CARTESIAN_POINT('',(2.05,-7.425,3.271792112093));
#3509 = VECTOR('',#3510,1.);
#3510 = DIRECTION('',(-1.,2.642297700216E-17,1.075528555106E-16));
#3511 = ORIENTED_EDGE('',*,*,#3512,.F.);
#3512 = EDGE_CURVE('',#3513,#3505,#3515,.T.);
#3513 = VERTEX_POINT('',#3514);
#3514 = CARTESIAN_POINT('',(1.75,-7.575,3.271792112093));
#3515 = LINE('',#3516,#3517);
#3516 = CARTESIAN_POINT('',(1.75,-7.575,3.271792112093));
#3517 = VECTOR('',#3518,1.);
#3518 = DIRECTION('',(2.642297700216E-17,1.,-3.574750087956E-15));
#3519 = ORIENTED_EDGE('',*,*,#3520,.F.);
#3520 = EDGE_CURVE('',#3521,#3513,#3523,.T.);
#3521 = VERTEX_POINT('',#3522);
#3522 = CARTESIAN_POINT('',(2.05,-7.575,3.271792112093));
#3523 = LINE('',#3524,#3525);
#3524 = CARTESIAN_POINT('',(2.05,-7.575,3.271792112093));
#3525 = VECTOR('',#3526,1.);
#3526 = DIRECTION('',(-1.,2.642297700216E-17,1.075528555106E-16));
#3527 = ORIENTED_EDGE('',*,*,#3528,.T.);
#3528 = EDGE_CURVE('',#3521,#3503,#3529,.T.);
#3529 = LINE('',#3530,#3531);
#3530 = CARTESIAN_POINT('',(2.05,-7.575,3.271792112093));
#3531 = VECTOR('',#3532,1.);
#3532 = DIRECTION('',(2.642297700216E-17,1.,-3.574750087956E-15));
#3533 = PLANE('',#3534);
#3534 = AXIS2_PLACEMENT_3D('',#3535,#3536,#3537);
#3535 = CARTESIAN_POINT('',(2.05,-7.575,3.271792112093));
#3536 = DIRECTION('',(-1.075528555106E-16,-3.574750087956E-15,-1.));
#3537 = DIRECTION('',(0.,-1.,3.574750087956E-15));
#3538 = ADVANCED_FACE('',(#3539),#3564,.F.);
#3539 = FACE_BOUND('',#3540,.T.);
#3540 = EDGE_LOOP('',(#3541,#3549,#3557,#3563));
#3541 = ORIENTED_EDGE('',*,*,#3542,.F.);
#3542 = EDGE_CURVE('',#3543,#3521,#3545,.T.);
#3543 = VERTEX_POINT('',#3544);
#3544 = CARTESIAN_POINT('',(2.05,-7.575,6.774264068712));
#3545 = LINE('',#3546,#3547);
#3546 = CARTESIAN_POINT('',(2.05,-7.575,3.271792112093));
#3547 = VECTOR('',#3548,1.);
#3548 = DIRECTION('',(-1.075528555106E-16,-3.574750087956E-15,-1.));
#3549 = ORIENTED_EDGE('',*,*,#3550,.T.);
#3550 = EDGE_CURVE('',#3543,#3551,#3553,.T.);
#3551 = VERTEX_POINT('',#3552);
#3552 = CARTESIAN_POINT('',(2.05,-7.425,6.774264068712));
#3553 = LINE('',#3554,#3555);
#3554 = CARTESIAN_POINT('',(2.05,-7.725025002424,6.774264068712));
#3555 = VECTOR('',#3556,1.);
#3556 = DIRECTION('',(2.642297700216E-17,1.,-3.574750087956E-15));
#3557 = ORIENTED_EDGE('',*,*,#3558,.T.);
#3558 = EDGE_CURVE('',#3551,#3503,#3559,.T.);
#3559 = LINE('',#3560,#3561);
#3560 = CARTESIAN_POINT('',(2.05,-7.425,3.271792112093));
#3561 = VECTOR('',#3562,1.);
#3562 = DIRECTION('',(-1.075528555106E-16,-3.574750087956E-15,-1.));
#3563 = ORIENTED_EDGE('',*,*,#3528,.F.);
#3564 = PLANE('',#3565);
#3565 = AXIS2_PLACEMENT_3D('',#3566,#3567,#3568);
#3566 = CARTESIAN_POINT('',(2.05,-7.575,3.271792112093));
#3567 = DIRECTION('',(1.,-2.642297700216E-17,-1.075528555106E-16));
#3568 = DIRECTION('',(-1.075528555106E-16,0.,-1.));
#3569 = ADVANCED_FACE('',(#3570),#3604,.F.);
#3570 = FACE_BOUND('',#3571,.T.);
#3571 = EDGE_LOOP('',(#3572,#3583,#3591,#3597,#3598));
#3572 = ORIENTED_EDGE('',*,*,#3573,.T.);
#3573 = EDGE_CURVE('',#3574,#3576,#3578,.T.);
#3574 = VERTEX_POINT('',#3575);
#3575 = CARTESIAN_POINT('',(2.2,-7.575,6.924264068712));
#3576 = VERTEX_POINT('',#3577);
#3577 = CARTESIAN_POINT('',(2.287867965644,-7.659232921921,
    7.012132034356));
#3578 = ( BOUNDED_CURVE() B_SPLINE_CURVE(3,(#3579,#3580,#3581,#3582),
.UNSPECIFIED.,.F.,.F.) B_SPLINE_CURVE_WITH_KNOTS((4,4),(3.785093762383,
4.111124763706),.PIECEWISE_BEZIER_KNOTS.) CURVE() 
GEOMETRIC_REPRESENTATION_ITEM() RATIONAL_B_SPLINE_CURVE((1.,
0.991161580934,0.991161580934,1.)) REPRESENTATION_ITEM('') );
#3579 = CARTESIAN_POINT('',(2.2,-7.575,6.924264068712));
#3580 = CARTESIAN_POINT('',(2.224561251978,-7.607748335971,6.94882532069
    ));
#3581 = CARTESIAN_POINT('',(2.254111753576,-7.636076351484,
    6.978375822288));
#3582 = CARTESIAN_POINT('',(2.287867965644,-7.659232921921,
    7.012132034356));
#3583 = ORIENTED_EDGE('',*,*,#3584,.T.);
#3584 = EDGE_CURVE('',#3576,#3585,#3587,.T.);
#3585 = VERTEX_POINT('',#3586);
#3586 = CARTESIAN_POINT('',(2.287867965644,-7.425,7.012132034356));
#3587 = LINE('',#3588,#3589);
#3588 = CARTESIAN_POINT('',(2.287867965644,-7.725025002424,
    7.012132034356));
#3589 = VECTOR('',#3590,1.);
#3590 = DIRECTION('',(2.642297700216E-17,1.,-3.574750087956E-15));
#3591 = ORIENTED_EDGE('',*,*,#3592,.T.);
#3592 = EDGE_CURVE('',#3585,#3551,#3593,.T.);
#3593 = LINE('',#3594,#3595);
#3594 = CARTESIAN_POINT('',(2.05,-7.425,6.774264068712));
#3595 = VECTOR('',#3596,1.);
#3596 = DIRECTION('',(-0.707106781187,-2.61858873242E-15,-0.707106781187
    ));
#3597 = ORIENTED_EDGE('',*,*,#3550,.F.);
#3598 = ORIENTED_EDGE('',*,*,#3599,.T.);
#3599 = EDGE_CURVE('',#3543,#3574,#3600,.T.);
#3600 = LINE('',#3601,#3602);
#3601 = CARTESIAN_POINT('',(6.84876402169,-7.575,11.573028090402));
#3602 = VECTOR('',#3603,1.);
#3603 = DIRECTION('',(0.707106781187,2.509046162024E-15,0.707106781187)
  );
#3604 = PLANE('',#3605);
#3605 = AXIS2_PLACEMENT_3D('',#3606,#3607,#3608);
#3606 = CARTESIAN_POINT('',(2.05,-7.725025002424,6.774264068712));
#3607 = DIRECTION('',(0.707106781187,-2.546413894458E-15,-0.707106781187
    ));
#3608 = DIRECTION('',(0.,-1.,3.601173064958E-15));
#3609 = ADVANCED_FACE('',(#3610),#3685,.T.);
#3610 = FACE_BOUND('',#3611,.T.);
#3611 = EDGE_LOOP('',(#3612,#3613,#3639,#3647));
#3612 = ORIENTED_EDGE('',*,*,#3584,.F.);
#3613 = ORIENTED_EDGE('',*,*,#3614,.T.);
#3614 = EDGE_CURVE('',#3576,#3615,#3617,.T.);
#3615 = VERTEX_POINT('',#3616);
#3616 = CARTESIAN_POINT('',(2.712132034356,-7.659232921921,
    7.012132034356));
#3617 = B_SPLINE_CURVE_WITH_KNOTS('',3,(#3618,#3619,#3620,#3621,#3622,
    #3623,#3624,#3625,#3626,#3627,#3628,#3629,#3630,#3631,#3632,#3633,
    #3634,#3635,#3636,#3637,#3638),.UNSPECIFIED.,.F.,.F.,(4,2,2,2,2,2,2,
    1,2,2,4),(0.,0.125,0.1875,0.21875,0.25,0.5,0.625,0.6875,0.71875,0.75
    ,1.),.UNSPECIFIED.);
#3618 = CARTESIAN_POINT('',(2.287867965644,-7.659232921921,
    7.012132034356));
#3619 = CARTESIAN_POINT('',(2.303333461003,-7.669842164212,
    7.027597529715));
#3620 = CARTESIAN_POINT('',(2.319451320915,-7.679031839379,
    7.040340027516));
#3621 = CARTESIAN_POINT('',(2.343279650715,-7.690687001445,
    7.055986368204));
#3622 = CARTESIAN_POINT('',(2.351169121599,-7.694217163686,
    7.060627221919));
#3623 = CARTESIAN_POINT('',(2.362798861816,-7.698980069377,
    7.066824178952));
#3624 = CARTESIAN_POINT('',(2.366641642006,-7.700478981663,
    7.068762536124));
#3625 = CARTESIAN_POINT('',(2.374242055878,-7.703299360342,
    7.072401710642));
#3626 = CARTESIAN_POINT('',(2.376927052383,-7.704264153998,
    7.073642291594));
#3627 = CARTESIAN_POINT('',(2.419946476841,-7.718568899692,7.09210084084
    ));
#3628 = CARTESIAN_POINT('',(2.460325782052,-7.724950862561,
    7.099945128671));
#3629 = CARTESIAN_POINT('',(2.519211449315,-7.725024220764,7.10002700072
    ));
#3630 = CARTESIAN_POINT('',(2.539167825395,-7.723451322821,
    7.098121857578));
#3631 = CARTESIAN_POINT('',(2.568974163443,-7.718695949893,7.09213910198
    ));
#3632 = CARTESIAN_POINT('',(2.583843626934,-7.715719256926,
    7.088368286196));
#3633 = CARTESIAN_POINT('',(2.598532782409,-7.711844054203,
    7.083404642051));
#3634 = CARTESIAN_POINT('',(2.608270260893,-7.709060916886,
    7.079829324681));
#3635 = CARTESIAN_POINT('',(2.614199508582,-7.707209230558,
    7.077443361723));
#3636 = CARTESIAN_POINT('',(2.64765875936,-7.696130642392,7.063140801033
    ));
#3637 = CARTESIAN_POINT('',(2.681058985483,-7.680548857593,
    7.043205083229));
#3638 = CARTESIAN_POINT('',(2.712132034356,-7.659232921921,
    7.012132034356));
#3639 = ORIENTED_EDGE('',*,*,#3640,.T.);
#3640 = EDGE_CURVE('',#3615,#3641,#3643,.T.);
#3641 = VERTEX_POINT('',#3642);
#3642 = CARTESIAN_POINT('',(2.712132034356,-7.425,7.012132034356));
#3643 = LINE('',#3644,#3645);
#3644 = CARTESIAN_POINT('',(2.712132034356,-7.725025002424,
    7.012132034356));
#3645 = VECTOR('',#3646,1.);
#3646 = DIRECTION('',(2.642297700216E-17,1.,-3.574750087956E-15));
#3647 = ORIENTED_EDGE('',*,*,#3648,.F.);
#3648 = EDGE_CURVE('',#3585,#3641,#3649,.T.);
#3649 = B_SPLINE_CURVE_WITH_KNOTS('',3,(#3650,#3651,#3652,#3653,#3654,
    #3655,#3656,#3657,#3658,#3659,#3660,#3661,#3662,#3663,#3664,#3665,
    #3666,#3667,#3668,#3669,#3670,#3671,#3672,#3673,#3674,#3675,#3676,
    #3677,#3678,#3679,#3680,#3681,#3682,#3683,#3684),.UNSPECIFIED.,.F.,
  .F.,(4,2,2,2,2,2,2,2,2,2,2,1,2,2,2,2,2,4),(0.,6.250000000002E-02,
    9.375000000003E-02,0.125,0.1875,0.21875,0.234375,0.25,0.5,0.625,
    0.6875,0.71875,0.734375,0.75,0.8125,0.84375,0.875,1.),
  .UNSPECIFIED.);
#3650 = CARTESIAN_POINT('',(2.287867965644,-7.425,7.012132034356));
#3651 = CARTESIAN_POINT('',(2.290830367685,-7.433378938288,
    7.015094436397));
#3652 = CARTESIAN_POINT('',(2.29468830243,-7.442735896287,7.018862801287
    ));
#3653 = CARTESIAN_POINT('',(2.302436620082,-7.457822404073,
    7.025724292895));
#3654 = CARTESIAN_POINT('',(2.305347113863,-7.46302397318,7.028212947476
    ));
#3655 = CARTESIAN_POINT('',(2.311930506071,-7.473669034314,
    7.033593238063));
#3656 = CARTESIAN_POINT('',(2.314578134985,-7.477739179402,
    7.035712362136));
#3657 = CARTESIAN_POINT('',(2.329972461729,-7.49835733938,7.047309278087
    ));
#3658 = CARTESIAN_POINT('',(2.339919402954,-7.5085013576,7.053613824036)
  );
#3659 = CARTESIAN_POINT('',(2.352216925663,-7.519752856875,
    7.060930545933));
#3660 = CARTESIAN_POINT('',(2.355894102955,-7.522843445444,
    7.063012770394));
#3661 = CARTESIAN_POINT('',(2.360624059907,-7.526644951448,7.06560108283
    ));
#3662 = CARTESIAN_POINT('',(2.362070434899,-7.527772724343,
    7.066374682932));
#3663 = CARTESIAN_POINT('',(2.364684678818,-7.529770604668,
    7.067743541717));
#3664 = CARTESIAN_POINT('',(2.364262734081,-7.52947392382,7.067551399143
    ));
#3665 = CARTESIAN_POINT('',(2.408661015222,-7.562058554677,
    7.089540716076));
#3666 = CARTESIAN_POINT('',(2.456607324035,-7.574911870413,
    7.099925457607));
#3667 = CARTESIAN_POINT('',(2.521007236421,-7.575043361295,
    7.100036743573));
#3668 = CARTESIAN_POINT('',(2.543667016012,-7.571995412658,
    7.097474015194));
#3669 = CARTESIAN_POINT('',(2.577698808102,-7.561491933893,
    7.089730187072));
#3670 = CARTESIAN_POINT('',(2.589040521252,-7.557006207377,
    7.086498955106));
#3671 = CARTESIAN_POINT('',(2.605750491788,-7.548697079913,
    7.080677173268));
#3672 = CARTESIAN_POINT('',(2.614029006615,-7.544148165828,
    7.077522548878));
#3673 = CARTESIAN_POINT('',(2.622129725112,-7.538996507025,
    7.074002324279));
#3674 = CARTESIAN_POINT('',(2.627483243417,-7.5354275386,7.071574263389)
  );
#3675 = CARTESIAN_POINT('',(2.631710976077,-7.532425095269,
    7.069543036666));
#3676 = CARTESIAN_POINT('',(2.636969073254,-7.528582246095,
    7.066949532153));
#3677 = CARTESIAN_POINT('',(2.643526535582,-7.523637776825,
    7.063460895583));
#3678 = CARTESIAN_POINT('',(2.655903940508,-7.512327438603,7.05610719129
    ));
#3679 = CARTESIAN_POINT('',(2.660444250352,-7.507901174135,
    7.053302498286));
#3680 = CARTESIAN_POINT('',(2.670055351507,-7.497500222671,
    7.046986195798));
#3681 = CARTESIAN_POINT('',(2.676144475519,-7.490161875942,
    7.042707900872));
#3682 = CARTESIAN_POINT('',(2.696708703921,-7.462633606798,
    7.027215989465));
#3683 = CARTESIAN_POINT('',(2.706207240658,-7.441757847203,
    7.018056828053));
#3684 = CARTESIAN_POINT('',(2.712132034356,-7.425,7.012132034356));
#3685 = CYLINDRICAL_SURFACE('',#3686,0.3);
#3686 = AXIS2_PLACEMENT_3D('',#3687,#3688,#3689);
#3687 = CARTESIAN_POINT('',(2.5,-7.725025002424,6.8));
#3688 = DIRECTION('',(2.642297700216E-17,1.,-2.891205793295E-15));
#3689 = DIRECTION('',(-3.284293275761E-47,-2.891205793295E-15,-1.));
#3690 = ADVANCED_FACE('',(#3691),#3725,.F.);
#3691 = FACE_BOUND('',#3692,.T.);
#3692 = EDGE_LOOP('',(#3693,#3703,#3711,#3719));
#3693 = ORIENTED_EDGE('',*,*,#3694,.T.);
#3694 = EDGE_CURVE('',#3695,#3697,#3699,.T.);
#3695 = VERTEX_POINT('',#3696);
#3696 = CARTESIAN_POINT('',(2.95,-7.425,3.271792112093));
#3697 = VERTEX_POINT('',#3698);
#3698 = CARTESIAN_POINT('',(2.95,-7.425,6.774264068712));
#3699 = LINE('',#3700,#3701);
#3700 = CARTESIAN_POINT('',(2.95,-7.425,7.421792112093));
#3701 = VECTOR('',#3702,1.);
#3702 = DIRECTION('',(1.075528555106E-16,3.574750087956E-15,1.));
#3703 = ORIENTED_EDGE('',*,*,#3704,.F.);
#3704 = EDGE_CURVE('',#3705,#3697,#3707,.T.);
#3705 = VERTEX_POINT('',#3706);
#3706 = CARTESIAN_POINT('',(2.95,-7.575,6.774264068712));
#3707 = LINE('',#3708,#3709);
#3708 = CARTESIAN_POINT('',(2.95,-7.725025002424,6.774264068712));
#3709 = VECTOR('',#3710,1.);
#3710 = DIRECTION('',(2.642297700216E-17,1.,-3.574750087956E-15));
#3711 = ORIENTED_EDGE('',*,*,#3712,.F.);
#3712 = EDGE_CURVE('',#3713,#3705,#3715,.T.);
#3713 = VERTEX_POINT('',#3714);
#3714 = CARTESIAN_POINT('',(2.95,-7.575,3.271792112093));
#3715 = LINE('',#3716,#3717);
#3716 = CARTESIAN_POINT('',(2.95,-7.575,7.421792112093));
#3717 = VECTOR('',#3718,1.);
#3718 = DIRECTION('',(1.075528555106E-16,3.574750087956E-15,1.));
#3719 = ORIENTED_EDGE('',*,*,#3720,.T.);
#3720 = EDGE_CURVE('',#3713,#3695,#3721,.T.);
#3721 = LINE('',#3722,#3723);
#3722 = CARTESIAN_POINT('',(2.95,-7.575,3.271792112093));
#3723 = VECTOR('',#3724,1.);
#3724 = DIRECTION('',(2.642297700216E-17,1.,-3.574750087956E-15));
#3725 = PLANE('',#3726);
#3726 = AXIS2_PLACEMENT_3D('',#3727,#3728,#3729);
#3727 = CARTESIAN_POINT('',(2.95,-7.575,7.421792112093));
#3728 = DIRECTION('',(-1.,2.642297700216E-17,1.075528555106E-16));
#3729 = DIRECTION('',(2.642297700216E-17,1.,0.));
#3730 = ADVANCED_FACE('',(#3731),#3756,.F.);
#3731 = FACE_BOUND('',#3732,.T.);
#3732 = EDGE_LOOP('',(#3733,#3741,#3742,#3750));
#3733 = ORIENTED_EDGE('',*,*,#3734,.T.);
#3734 = EDGE_CURVE('',#3735,#3695,#3737,.T.);
#3735 = VERTEX_POINT('',#3736);
#3736 = CARTESIAN_POINT('',(3.25,-7.425,3.271792112093));
#3737 = LINE('',#3738,#3739);
#3738 = CARTESIAN_POINT('',(3.25,-7.425,3.271792112093));
#3739 = VECTOR('',#3740,1.);
#3740 = DIRECTION('',(-1.,2.642297700216E-17,1.075528555106E-16));
#3741 = ORIENTED_EDGE('',*,*,#3720,.F.);
#3742 = ORIENTED_EDGE('',*,*,#3743,.F.);
#3743 = EDGE_CURVE('',#3744,#3713,#3746,.T.);
#3744 = VERTEX_POINT('',#3745);
#3745 = CARTESIAN_POINT('',(3.25,-7.575,3.271792112093));
#3746 = LINE('',#3747,#3748);
#3747 = CARTESIAN_POINT('',(3.25,-7.575,3.271792112093));
#3748 = VECTOR('',#3749,1.);
#3749 = DIRECTION('',(-1.,2.642297700216E-17,1.075528555106E-16));
#3750 = ORIENTED_EDGE('',*,*,#3751,.T.);
#3751 = EDGE_CURVE('',#3744,#3735,#3752,.T.);
#3752 = LINE('',#3753,#3754);
#3753 = CARTESIAN_POINT('',(3.25,-7.575,3.271792112093));
#3754 = VECTOR('',#3755,1.);
#3755 = DIRECTION('',(2.642297700216E-17,1.,-3.574750087956E-15));
#3756 = PLANE('',#3757);
#3757 = AXIS2_PLACEMENT_3D('',#3758,#3759,#3760);
#3758 = CARTESIAN_POINT('',(3.25,-7.575,3.271792112093));
#3759 = DIRECTION('',(-1.075528555106E-16,-3.574750087956E-15,-1.));
#3760 = DIRECTION('',(0.,-1.,3.574750087956E-15));
#3761 = ADVANCED_FACE('',(#3762),#3787,.F.);
#3762 = FACE_BOUND('',#3763,.T.);
#3763 = EDGE_LOOP('',(#3764,#3773,#3779,#3780,#3786));
#3764 = ORIENTED_EDGE('',*,*,#3765,.T.);
#3765 = EDGE_CURVE('',#3615,#3766,#3768,.T.);
#3766 = VERTEX_POINT('',#3767);
#3767 = CARTESIAN_POINT('',(2.8,-7.575,6.924264068712));
#3768 = ( BOUNDED_CURVE() B_SPLINE_CURVE(3,(#3769,#3770,#3771,#3772),
.UNSPECIFIED.,.F.,.F.) B_SPLINE_CURVE_WITH_KNOTS((4,4),(2.172060543474,
2.498091544796),.PIECEWISE_BEZIER_KNOTS.) CURVE() 
GEOMETRIC_REPRESENTATION_ITEM() RATIONAL_B_SPLINE_CURVE((1.,
0.991161580934,0.991161580934,1.)) REPRESENTATION_ITEM('') );
#3769 = CARTESIAN_POINT('',(2.712132034356,-7.659232921921,
    7.012132034356));
#3770 = CARTESIAN_POINT('',(2.745888246424,-7.636076351484,
    6.978375822288));
#3771 = CARTESIAN_POINT('',(2.775438748022,-7.607748335971,6.94882532069
    ));
#3772 = CARTESIAN_POINT('',(2.8,-7.575,6.924264068712));
#3773 = ORIENTED_EDGE('',*,*,#3774,.T.);
#3774 = EDGE_CURVE('',#3766,#3705,#3775,.T.);
#3775 = LINE('',#3776,#3777);
#3776 = CARTESIAN_POINT('',(4.65123597831,-7.575,5.073028090402));
#3777 = VECTOR('',#3778,1.);
#3778 = DIRECTION('',(0.707106781187,-2.546413894458E-15,-0.707106781187
    ));
#3779 = ORIENTED_EDGE('',*,*,#3704,.T.);
#3780 = ORIENTED_EDGE('',*,*,#3781,.T.);
#3781 = EDGE_CURVE('',#3697,#3641,#3782,.T.);
#3782 = LINE('',#3783,#3784);
#3783 = CARTESIAN_POINT('',(2.95,-7.425,6.774264068712));
#3784 = VECTOR('',#3785,1.);
#3785 = DIRECTION('',(-0.707106781187,2.655956464855E-15,0.707106781187)
  );
#3786 = ORIENTED_EDGE('',*,*,#3640,.F.);
#3787 = PLANE('',#3788);
#3788 = AXIS2_PLACEMENT_3D('',#3789,#3790,#3791);
#3789 = CARTESIAN_POINT('',(2.95,-7.725025002424,6.774264068712));
#3790 = DIRECTION('',(-0.707106781187,-2.509046162024E-15,
    -0.707106781187));
#3791 = DIRECTION('',(-0.707106781187,0.,0.707106781187));
#3792 = ADVANCED_FACE('',(#3793),#3818,.F.);
#3793 = FACE_BOUND('',#3794,.T.);
#3794 = EDGE_LOOP('',(#3795,#3805,#3811,#3812));
#3795 = ORIENTED_EDGE('',*,*,#3796,.F.);
#3796 = EDGE_CURVE('',#3797,#3799,#3801,.T.);
#3797 = VERTEX_POINT('',#3798);
#3798 = CARTESIAN_POINT('',(3.25,-7.425,2.75));
#3799 = VERTEX_POINT('',#3800);
#3800 = CARTESIAN_POINT('',(3.25,-7.575000004847,2.75));
#3801 = LINE('',#3802,#3803);
#3802 = CARTESIAN_POINT('',(3.25,-7.575,2.75));
#3803 = VECTOR('',#3804,1.);
#3804 = DIRECTION('',(-2.642297700216E-17,-1.,3.574750087956E-15));
#3805 = ORIENTED_EDGE('',*,*,#3806,.T.);
#3806 = EDGE_CURVE('',#3797,#3735,#3807,.T.);
#3807 = LINE('',#3808,#3809);
#3808 = CARTESIAN_POINT('',(3.25,-7.425,1.596792112093));
#3809 = VECTOR('',#3810,1.);
#3810 = DIRECTION('',(-1.704844805958E-15,3.574750087956E-15,1.));
#3811 = ORIENTED_EDGE('',*,*,#3751,.F.);
#3812 = ORIENTED_EDGE('',*,*,#3813,.F.);
#3813 = EDGE_CURVE('',#3799,#3744,#3814,.T.);
#3814 = LINE('',#3815,#3816);
#3815 = CARTESIAN_POINT('',(3.25,-7.575,1.596792112093));
#3816 = VECTOR('',#3817,1.);
#3817 = DIRECTION('',(-1.704844805958E-15,3.574750087956E-15,1.));
#3818 = PLANE('',#3819);
#3819 = AXIS2_PLACEMENT_3D('',#3820,#3821,#3822);
#3820 = CARTESIAN_POINT('',(3.25,-7.575,1.596792112093));
#3821 = DIRECTION('',(-1.,2.642297700215E-17,-1.704844805958E-15));
#3822 = DIRECTION('',(-1.704844805958E-15,0.,1.));
#3823 = ADVANCED_FACE('',(#3824),#3849,.T.);
#3824 = FACE_BOUND('',#3825,.T.);
#3825 = EDGE_LOOP('',(#3826,#3833,#3841,#3848));
#3826 = ORIENTED_EDGE('',*,*,#3827,.T.);
#3827 = EDGE_CURVE('',#2321,#340,#3828,.T.);
#3828 = CIRCLE('',#3829,0.650000002424);
#3829 = AXIS2_PLACEMENT_3D('',#3830,#3831,#3832);
#3830 = CARTESIAN_POINT('',(0.3,-6.925,2.750000004847));
#3831 = DIRECTION('',(1.,-2.642297700216E-17,-8.340016680329E-17));
#3832 = DIRECTION('',(-8.340016680329E-17,1.368455531567E-48,-1.));
#3833 = ORIENTED_EDGE('',*,*,#3834,.T.);
#3834 = EDGE_CURVE('',#340,#3835,#3837,.T.);
#3835 = VERTEX_POINT('',#3836);
#3836 = CARTESIAN_POINT('',(0.75,-6.925,2.099999995153));
#3837 = LINE('',#3838,#3839);
#3838 = CARTESIAN_POINT('',(9.,-6.925,2.1));
#3839 = VECTOR('',#3840,1.);
#3840 = DIRECTION('',(1.,-2.642297700216E-17,-1.075528555106E-16));
#3841 = ORIENTED_EDGE('',*,*,#3842,.T.);
#3842 = EDGE_CURVE('',#3835,#2329,#3843,.T.);
#3843 = CIRCLE('',#3844,0.650000007271);
#3844 = AXIS2_PLACEMENT_3D('',#3845,#3846,#3847);
#3845 = CARTESIAN_POINT('',(0.75,-6.925,2.750000004847));
#3846 = DIRECTION('',(-1.,2.642297700216E-17,1.668003323626E-16));
#3847 = DIRECTION('',(1.668003323626E-16,-4.789594360485E-48,1.));
#3848 = ORIENTED_EDGE('',*,*,#2328,.F.);
#3849 = CYLINDRICAL_SURFACE('',#3850,0.650000004847);
#3850 = AXIS2_PLACEMENT_3D('',#3851,#3852,#3853);
#3851 = CARTESIAN_POINT('',(1.757351555261,-6.925,2.75));
#3852 = DIRECTION('',(-1.,2.642297700216E-17,0.));
#3853 = DIRECTION('',(0.,0.,1.));
#3854 = ADVANCED_FACE('',(#3855),#3874,.T.);
#3855 = FACE_BOUND('',#3856,.T.);
#3856 = EDGE_LOOP('',(#3857,#3866,#3867,#3868));
#3857 = ORIENTED_EDGE('',*,*,#3858,.T.);
#3858 = EDGE_CURVE('',#3859,#2353,#3861,.T.);
#3859 = VERTEX_POINT('',#3860);
#3860 = CARTESIAN_POINT('',(0.75,-6.925,2.25));
#3861 = CIRCLE('',#3862,0.500000004847);
#3862 = AXIS2_PLACEMENT_3D('',#3863,#3864,#3865);
#3863 = CARTESIAN_POINT('',(0.75,-6.925,2.75));
#3864 = DIRECTION('',(-1.,2.642297700216E-17,0.));
#3865 = DIRECTION('',(0.,0.,1.));
#3866 = ORIENTED_EDGE('',*,*,#2352,.T.);
#3867 = ORIENTED_EDGE('',*,*,#3842,.F.);
#3868 = ORIENTED_EDGE('',*,*,#3869,.F.);
#3869 = EDGE_CURVE('',#3859,#3835,#3870,.T.);
#3870 = LINE('',#3871,#3872);
#3871 = CARTESIAN_POINT('',(0.75,-6.925,2.1));
#3872 = VECTOR('',#3873,1.);
#3873 = DIRECTION('',(-1.075528555106E-16,-8.326672684689E-17,-1.));
#3874 = PLANE('',#3875);
#3875 = AXIS2_PLACEMENT_3D('',#3876,#3877,#3878);
#3876 = CARTESIAN_POINT('',(0.75,-6.925,2.750000004847));
#3877 = DIRECTION('',(1.,-2.642297700216E-17,-1.075528555106E-16));
#3878 = DIRECTION('',(-1.075528555106E-16,0.,-1.));
#3879 = ADVANCED_FACE('',(#3880),#3899,.F.);
#3880 = FACE_BOUND('',#3881,.F.);
#3881 = EDGE_LOOP('',(#3882,#3883,#3884,#3893));
#3882 = ORIENTED_EDGE('',*,*,#3858,.T.);
#3883 = ORIENTED_EDGE('',*,*,#2388,.F.);
#3884 = ORIENTED_EDGE('',*,*,#3885,.T.);
#3885 = EDGE_CURVE('',#2377,#3886,#3888,.T.);
#3886 = VERTEX_POINT('',#3887);
#3887 = CARTESIAN_POINT('',(0.212132034356,-6.925,2.25));
#3888 = CIRCLE('',#3889,0.5);
#3889 = AXIS2_PLACEMENT_3D('',#3890,#3891,#3892);
#3890 = CARTESIAN_POINT('',(0.212132034356,-6.925,2.75));
#3891 = DIRECTION('',(1.,-2.642297700216E-17,-1.084202172486E-16));
#3892 = DIRECTION('',(-1.084202172486E-16,-1.710569414459E-48,-1.));
#3893 = ORIENTED_EDGE('',*,*,#3894,.T.);
#3894 = EDGE_CURVE('',#3886,#3859,#3895,.T.);
#3895 = LINE('',#3896,#3897);
#3896 = CARTESIAN_POINT('',(9.,-6.925,2.25));
#3897 = VECTOR('',#3898,1.);
#3898 = DIRECTION('',(1.,-2.642297700216E-17,-1.075528555106E-16));
#3899 = CYLINDRICAL_SURFACE('',#3900,0.500000004847);
#3900 = AXIS2_PLACEMENT_3D('',#3901,#3902,#3903);
#3901 = CARTESIAN_POINT('',(1.757351555261,-6.925,2.75));
#3902 = DIRECTION('',(-1.,2.642297700216E-17,0.));
#3903 = DIRECTION('',(0.,0.,1.));
#3904 = ADVANCED_FACE('',(#3905),#3924,.F.);
#3905 = FACE_BOUND('',#3906,.F.);
#3906 = EDGE_LOOP('',(#3907,#3914,#3915,#3922,#3923));
#3907 = ORIENTED_EDGE('',*,*,#3908,.T.);
#3908 = EDGE_CURVE('',#2403,#382,#3909,.T.);
#3909 = CIRCLE('',#3910,0.5);
#3910 = AXIS2_PLACEMENT_3D('',#3911,#3912,#3913);
#3911 = CARTESIAN_POINT('',(-0.212132034356,-6.925,2.75));
#3912 = DIRECTION('',(1.,-2.642297700216E-17,-1.084202172486E-16));
#3913 = DIRECTION('',(-1.084202172486E-16,-1.710569414459E-48,-1.));
#3914 = ORIENTED_EDGE('',*,*,#408,.F.);
#3915 = ORIENTED_EDGE('',*,*,#3916,.F.);
#3916 = EDGE_CURVE('',#3886,#401,#3917,.T.);
#3917 = CIRCLE('',#3918,0.225);
#3918 = AXIS2_PLACEMENT_3D('',#3919,#3920,#3921);
#3919 = CARTESIAN_POINT('',(-4.936455510354E-16,-6.925,2.325));
#3920 = DIRECTION('',(0.,1.,1.739702674454E-14));
#3921 = DIRECTION('',(-1.,0.,0.));
#3922 = ORIENTED_EDGE('',*,*,#3885,.F.);
#3923 = ORIENTED_EDGE('',*,*,#2410,.T.);
#3924 = TOROIDAL_SURFACE('',#3925,0.425,0.225);
#3925 = AXIS2_PLACEMENT_3D('',#3926,#3927,#3928);
#3926 = CARTESIAN_POINT('',(-4.479355874434E-16,-6.925,2.75));
#3927 = DIRECTION('',(1.,-2.642297700216E-17,-1.075528555106E-16));
#3928 = DIRECTION('',(-1.075528555106E-16,-1.368455531567E-48,-1.));
#3929 = ADVANCED_FACE('',(#3930),#3949,.F.);
#3930 = FACE_BOUND('',#3931,.F.);
#3931 = EDGE_LOOP('',(#3932,#3941,#3947,#3948));
#3932 = ORIENTED_EDGE('',*,*,#3933,.T.);
#3933 = EDGE_CURVE('',#2431,#3934,#3936,.T.);
#3934 = VERTEX_POINT('',#3935);
#3935 = CARTESIAN_POINT('',(-0.75,-6.925,2.25));
#3936 = CIRCLE('',#3937,0.500000004847);
#3937 = AXIS2_PLACEMENT_3D('',#3938,#3939,#3940);
#3938 = CARTESIAN_POINT('',(-0.75,-6.925,2.75));
#3939 = DIRECTION('',(1.,-2.642297700216E-17,4.583655806646E-32));
#3940 = DIRECTION('',(2.736911063134E-47,1.734723459159E-15,1.));
#3941 = ORIENTED_EDGE('',*,*,#3942,.T.);
#3942 = EDGE_CURVE('',#3934,#382,#3943,.T.);
#3943 = LINE('',#3944,#3945);
#3944 = CARTESIAN_POINT('',(9.,-6.925,2.25));
#3945 = VECTOR('',#3946,1.);
#3946 = DIRECTION('',(1.,-2.642297700216E-17,-1.075528555106E-16));
#3947 = ORIENTED_EDGE('',*,*,#3908,.F.);
#3948 = ORIENTED_EDGE('',*,*,#2430,.F.);
#3949 = CYLINDRICAL_SURFACE('',#3950,0.500000004847);
#3950 = AXIS2_PLACEMENT_3D('',#3951,#3952,#3953);
#3951 = CARTESIAN_POINT('',(1.757351555261,-6.925,2.75));
#3952 = DIRECTION('',(-1.,2.642297700216E-17,0.));
#3953 = DIRECTION('',(0.,0.,1.));
#3954 = ADVANCED_FACE('',(#3955),#3974,.T.);
#3955 = FACE_BOUND('',#3956,.T.);
#3956 = EDGE_LOOP('',(#3957,#3958,#3959,#3967));
#3957 = ORIENTED_EDGE('',*,*,#2453,.T.);
#3958 = ORIENTED_EDGE('',*,*,#3933,.T.);
#3959 = ORIENTED_EDGE('',*,*,#3960,.F.);
#3960 = EDGE_CURVE('',#3961,#3934,#3963,.T.);
#3961 = VERTEX_POINT('',#3962);
#3962 = CARTESIAN_POINT('',(-0.75,-6.925,2.1));
#3963 = LINE('',#3964,#3965);
#3964 = CARTESIAN_POINT('',(-0.75,-6.925,2.1));
#3965 = VECTOR('',#3966,1.);
#3966 = DIRECTION('',(1.075528555106E-16,8.326672684689E-17,1.));
#3967 = ORIENTED_EDGE('',*,*,#3968,.F.);
#3968 = EDGE_CURVE('',#2454,#3961,#3969,.T.);
#3969 = CIRCLE('',#3970,0.650000007271);
#3970 = AXIS2_PLACEMENT_3D('',#3971,#3972,#3973);
#3971 = CARTESIAN_POINT('',(-0.75,-6.925,2.750000004847));
#3972 = DIRECTION('',(1.,-2.642297700216E-17,-1.668003323626E-16));
#3973 = DIRECTION('',(-1.668003323626E-16,4.789594360485E-48,-1.));
#3974 = PLANE('',#3975);
#3975 = AXIS2_PLACEMENT_3D('',#3976,#3977,#3978);
#3976 = CARTESIAN_POINT('',(-0.75,-6.925,2.750000004847));
#3977 = DIRECTION('',(-1.,2.642297700216E-17,1.075528555106E-16));
#3978 = DIRECTION('',(2.642297700216E-17,1.,0.));
#3979 = ADVANCED_FACE('',(#3980),#3999,.T.);
#3980 = FACE_BOUND('',#3981,.T.);
#3981 = EDGE_LOOP('',(#3982,#3991,#3992,#3993));
#3982 = ORIENTED_EDGE('',*,*,#3983,.F.);
#3983 = EDGE_CURVE('',#2482,#3984,#3986,.T.);
#3984 = VERTEX_POINT('',#3985);
#3985 = CARTESIAN_POINT('',(-0.3,-6.925,2.100000002424));
#3986 = CIRCLE('',#3987,0.650000002424);
#3987 = AXIS2_PLACEMENT_3D('',#3988,#3989,#3990);
#3988 = CARTESIAN_POINT('',(-0.3,-6.925,2.750000004847));
#3989 = DIRECTION('',(1.,-2.642297700216E-17,-8.340016680329E-17));
#3990 = DIRECTION('',(-8.340016680329E-17,1.368455531567E-48,-1.));
#3991 = ORIENTED_EDGE('',*,*,#2481,.F.);
#3992 = ORIENTED_EDGE('',*,*,#3968,.T.);
#3993 = ORIENTED_EDGE('',*,*,#3994,.T.);
#3994 = EDGE_CURVE('',#3961,#3984,#3995,.T.);
#3995 = LINE('',#3996,#3997);
#3996 = CARTESIAN_POINT('',(9.,-6.925,2.1));
#3997 = VECTOR('',#3998,1.);
#3998 = DIRECTION('',(1.,-2.642297700216E-17,-1.075528555106E-16));
#3999 = CYLINDRICAL_SURFACE('',#4000,0.650000004847);
#4000 = AXIS2_PLACEMENT_3D('',#4001,#4002,#4003);
#4001 = CARTESIAN_POINT('',(1.757351555261,-6.925,2.75));
#4002 = DIRECTION('',(-1.,2.642297700216E-17,0.));
#4003 = DIRECTION('',(0.,0.,1.));
#4004 = ADVANCED_FACE('',(#4005),#4018,.T.);
#4005 = FACE_BOUND('',#4006,.T.);
#4006 = EDGE_LOOP('',(#4007,#4008,#4009,#4016,#4017));
#4007 = ORIENTED_EDGE('',*,*,#2506,.T.);
#4008 = ORIENTED_EDGE('',*,*,#3983,.T.);
#4009 = ORIENTED_EDGE('',*,*,#4010,.F.);
#4010 = EDGE_CURVE('',#342,#3984,#4011,.T.);
#4011 = CIRCLE('',#4012,0.375);
#4012 = AXIS2_PLACEMENT_3D('',#4013,#4014,#4015);
#4013 = CARTESIAN_POINT('',(-4.936455507303E-16,-6.924999998322,
    2.325000002424));
#4014 = DIRECTION('',(0.,1.,-7.457604678408E-09));
#4015 = DIRECTION('',(-1.,0.,0.));
#4016 = ORIENTED_EDGE('',*,*,#339,.F.);
#4017 = ORIENTED_EDGE('',*,*,#3827,.F.);
#4018 = TOROIDAL_SURFACE('',#4019,0.425000002424,0.375);
#4019 = AXIS2_PLACEMENT_3D('',#4020,#4021,#4022);
#4020 = CARTESIAN_POINT('',(-4.47935586922E-16,-6.925,2.750000004847));
#4021 = DIRECTION('',(1.,-2.642297700216E-17,-1.075528555106E-16));
#4022 = DIRECTION('',(-1.075528555106E-16,3.421138828918E-49,-1.));
#4023 = ADVANCED_FACE('',(#4024),#4049,.F.);
#4024 = FACE_BOUND('',#4025,.T.);
#4025 = EDGE_LOOP('',(#4026,#4036,#4042,#4043));
#4026 = ORIENTED_EDGE('',*,*,#4027,.T.);
#4027 = EDGE_CURVE('',#4028,#4030,#4032,.T.);
#4028 = VERTEX_POINT('',#4029);
#4029 = CARTESIAN_POINT('',(-6.111833976506,1.25,6.563465660594));
#4030 = VERTEX_POINT('',#4031);
#4031 = CARTESIAN_POINT('',(-5.971832543948,0.5,6.973221196105));
#4032 = LINE('',#4033,#4034);
#4033 = CARTESIAN_POINT('',(-6.111833976506,1.25,6.563465660594));
#4034 = VECTOR('',#4035,1.);
#4035 = DIRECTION('',(0.161659729549,-0.866025403784,0.473144937458));
#4036 = ORIENTED_EDGE('',*,*,#4037,.F.);
#4037 = EDGE_CURVE('',#2524,#4030,#4038,.T.);
#4038 = LINE('',#4039,#4040);
#4039 = CARTESIAN_POINT('',(0.261946923573,0.5,4.843321829119));
#4040 = VECTOR('',#4041,1.);
#4041 = DIRECTION('',(-0.946289874916,-1.577021341797E-16,0.323319459097
    ));
#4042 = ORIENTED_EDGE('',*,*,#2565,.F.);
#4043 = ORIENTED_EDGE('',*,*,#4044,.T.);
#4044 = EDGE_CURVE('',#2558,#4028,#4045,.T.);
#4045 = LINE('',#4046,#4047);
#4046 = CARTESIAN_POINT('',(0.121945491015,1.25,4.433566293608));
#4047 = VECTOR('',#4048,1.);
#4048 = DIRECTION('',(-0.946289874916,-1.577021341797E-16,0.323319459097
    ));
#4049 = PLANE('',#4050);
#4050 = AXIS2_PLACEMENT_3D('',#4051,#4052,#4053);
#4051 = CARTESIAN_POINT('',(0.121945491015,1.25,4.433566293608));
#4052 = DIRECTION('',(-0.280002865116,-0.5,-0.819511071022));
#4053 = DIRECTION('',(0.,-0.853658108742,0.52083378671));
#4054 = ADVANCED_FACE('',(#4055),#4067,.T.);
#4055 = FACE_BOUND('',#4056,.T.);
#4056 = EDGE_LOOP('',(#4057,#4058,#4059,#4060));
#4057 = ORIENTED_EDGE('',*,*,#733,.F.);
#4058 = ORIENTED_EDGE('',*,*,#2523,.F.);
#4059 = ORIENTED_EDGE('',*,*,#4037,.T.);
#4060 = ORIENTED_EDGE('',*,*,#4061,.T.);
#4061 = EDGE_CURVE('',#4030,#734,#4062,.T.);
#4062 = CIRCLE('',#4063,1.);
#4063 = AXIS2_PLACEMENT_3D('',#4064,#4065,#4066);
#4064 = CARTESIAN_POINT('',(-6.251835409064,5.619757288675E-16,
    6.153710125084));
#4065 = DIRECTION('',(0.946289874916,1.577021341797E-16,-0.323319459097)
  );
#4066 = DIRECTION('',(0.323319459097,-3.395011544621E-15,0.946289874916)
  );
#4067 = CYLINDRICAL_SURFACE('',#4068,1.);
#4068 = AXIS2_PLACEMENT_3D('',#4069,#4070,#4071);
#4069 = CARTESIAN_POINT('',(-1.805594154282E-02,1.600854355906E-15,
    4.023810758097));
#4070 = DIRECTION('',(-0.946289874916,-1.577021341797E-16,0.323319459097
    ));
#4071 = DIRECTION('',(0.323319459097,2.465190328816E-32,0.946289874916)
  );
#4072 = ADVANCED_FACE('',(#4073),#4091,.F.);
#4073 = FACE_BOUND('',#4074,.T.);
#4074 = EDGE_LOOP('',(#4075,#4083,#4089,#4090));
#4075 = ORIENTED_EDGE('',*,*,#4076,.T.);
#4076 = EDGE_CURVE('',#742,#4077,#4079,.T.);
#4077 = VERTEX_POINT('',#4078);
#4078 = CARTESIAN_POINT('',(-6.111833976506,-1.25,6.563465660594));
#4079 = LINE('',#4080,#4081);
#4080 = CARTESIAN_POINT('',(-5.971832543948,-0.5,6.973221196105));
#4081 = VECTOR('',#4082,1.);
#4082 = DIRECTION('',(-0.161659729549,-0.866025403784,-0.473144937458));
#4083 = ORIENTED_EDGE('',*,*,#4084,.F.);
#4084 = EDGE_CURVE('',#2534,#4077,#4085,.T.);
#4085 = LINE('',#4086,#4087);
#4086 = CARTESIAN_POINT('',(0.121945491015,-1.25,4.433566293608));
#4087 = VECTOR('',#4088,1.);
#4088 = DIRECTION('',(-0.946289874916,-1.577021341797E-16,0.323319459097
    ));
#4089 = ORIENTED_EDGE('',*,*,#2533,.F.);
#4090 = ORIENTED_EDGE('',*,*,#750,.T.);
#4091 = PLANE('',#4092);
#4092 = AXIS2_PLACEMENT_3D('',#4093,#4094,#4095);
#4093 = CARTESIAN_POINT('',(0.261946923573,-0.5,4.843321829119));
#4094 = DIRECTION('',(-0.280002865116,0.5,-0.819511071022));
#4095 = DIRECTION('',(-0.946289874916,-2.775557561563E-17,0.323319459097
    ));
#4096 = ADVANCED_FACE('',(#4097),#4115,.T.);
#4097 = FACE_BOUND('',#4098,.T.);
#4098 = EDGE_LOOP('',(#4099,#4107,#4113,#4114));
#4099 = ORIENTED_EDGE('',*,*,#4100,.T.);
#4100 = EDGE_CURVE('',#2550,#4101,#4103,.T.);
#4101 = VERTEX_POINT('',#4102);
#4102 = CARTESIAN_POINT('',(-6.51777392495,1.25,5.375362525357));
#4103 = LINE('',#4104,#4105);
#4104 = CARTESIAN_POINT('',(-0.283994457429,1.25,3.24546315837));
#4105 = VECTOR('',#4106,1.);
#4106 = DIRECTION('',(-0.946289874916,-1.577021341797E-16,0.323319459097
    ));
#4107 = ORIENTED_EDGE('',*,*,#4108,.T.);
#4108 = EDGE_CURVE('',#4101,#4028,#4109,.T.);
#4109 = LINE('',#4110,#4111);
#4110 = CARTESIAN_POINT('',(-6.51777392495,1.25,5.375362525357));
#4111 = VECTOR('',#4112,1.);
#4112 = DIRECTION('',(0.323319459097,2.086903029012E-16,0.946289874916)
  );
#4113 = ORIENTED_EDGE('',*,*,#4044,.F.);
#4114 = ORIENTED_EDGE('',*,*,#2557,.T.);
#4115 = PLANE('',#4116);
#4116 = AXIS2_PLACEMENT_3D('',#4117,#4118,#4119);
#4117 = CARTESIAN_POINT('',(-0.283994457429,1.25,3.24546315837));
#4118 = DIRECTION('',(-2.167055686798E-16,1.,-1.464933519071E-16));
#4119 = DIRECTION('',(1.,2.167055686798E-16,0.));
#4120 = ADVANCED_FACE('',(#4121),#4139,.F.);
#4121 = FACE_BOUND('',#4122,.T.);
#4122 = EDGE_LOOP('',(#4123,#4131,#4137,#4138));
#4123 = ORIENTED_EDGE('',*,*,#4124,.F.);
#4124 = EDGE_CURVE('',#4125,#4077,#4127,.T.);
#4125 = VERTEX_POINT('',#4126);
#4126 = CARTESIAN_POINT('',(-6.51777392495,-1.25,5.375362525357));
#4127 = LINE('',#4128,#4129);
#4128 = CARTESIAN_POINT('',(-6.51777392495,-1.25,5.375362525357));
#4129 = VECTOR('',#4130,1.);
#4130 = DIRECTION('',(0.323319459097,-3.775780046333E-16,0.946289874916)
  );
#4131 = ORIENTED_EDGE('',*,*,#4132,.F.);
#4132 = EDGE_CURVE('',#2542,#4125,#4133,.T.);
#4133 = LINE('',#4134,#4135);
#4134 = CARTESIAN_POINT('',(-0.283994457429,-1.25,3.24546315837));
#4135 = VECTOR('',#4136,1.);
#4136 = DIRECTION('',(-0.946289874916,-1.577021341797E-16,0.323319459097
    ));
#4137 = ORIENTED_EDGE('',*,*,#2541,.F.);
#4138 = ORIENTED_EDGE('',*,*,#4084,.T.);
#4139 = PLANE('',#4140);
#4140 = AXIS2_PLACEMENT_3D('',#4141,#4142,#4143);
#4141 = CARTESIAN_POINT('',(-0.283994457429,-1.25,3.24546315837));
#4142 = DIRECTION('',(-2.715361660193E-17,1.,4.08286411497E-16));
#4143 = DIRECTION('',(0.,4.08286411497E-16,-1.));
#4144 = ADVANCED_FACE('',(#4145),#4172,.F.);
#4145 = FACE_BOUND('',#4146,.F.);
#4146 = EDGE_LOOP('',(#4147,#4156,#4164,#4171));
#4147 = ORIENTED_EDGE('',*,*,#4148,.F.);
#4148 = EDGE_CURVE('',#4149,#2550,#4151,.T.);
#4149 = VERTEX_POINT('',#4150);
#4150 = CARTESIAN_POINT('',(-6.091421356237,1.25,5.039949493661));
#4151 = CIRCLE('',#4152,0.2);
#4152 = AXIS2_PLACEMENT_3D('',#4153,#4154,#4155);
#4153 = CARTESIAN_POINT('',(-5.95,1.25,5.181370849898));
#4154 = DIRECTION('',(0.,1.,0.));
#4155 = DIRECTION('',(0.,0.,-1.));
#4156 = ORIENTED_EDGE('',*,*,#4157,.T.);
#4157 = EDGE_CURVE('',#4149,#4158,#4160,.T.);
#4158 = VERTEX_POINT('',#4159);
#4159 = CARTESIAN_POINT('',(-6.091421356237,-1.25,5.039949493661));
#4160 = LINE('',#4161,#4162);
#4161 = CARTESIAN_POINT('',(-6.091421356237,4.398412298286,
    5.039949493661));
#4162 = VECTOR('',#4163,1.);
#4163 = DIRECTION('',(8.381647117973E-31,-1.,2.230244969721E-16));
#4164 = ORIENTED_EDGE('',*,*,#4165,.F.);
#4165 = EDGE_CURVE('',#2542,#4158,#4166,.T.);
#4166 = CIRCLE('',#4167,0.2);
#4167 = AXIS2_PLACEMENT_3D('',#4168,#4169,#4170);
#4168 = CARTESIAN_POINT('',(-5.95,-1.25,5.181370849898));
#4169 = DIRECTION('',(0.,-1.,0.));
#4170 = DIRECTION('',(0.,0.,-1.));
#4171 = ORIENTED_EDGE('',*,*,#2549,.F.);
#4172 = CYLINDRICAL_SURFACE('',#4173,0.2);
#4173 = AXIS2_PLACEMENT_3D('',#4174,#4175,#4176);
#4174 = CARTESIAN_POINT('',(-5.95,21.348833833418,5.181370849898));
#4175 = DIRECTION('',(0.,-1.,0.));
#4176 = DIRECTION('',(0.,0.,-1.));
#4177 = ADVANCED_FACE('',(#4178),#4190,.T.);
#4178 = FACE_BOUND('',#4179,.T.);
#4179 = EDGE_LOOP('',(#4180,#4181,#4182,#4183));
#4180 = ORIENTED_EDGE('',*,*,#691,.F.);
#4181 = ORIENTED_EDGE('',*,*,#2579,.F.);
#4182 = ORIENTED_EDGE('',*,*,#708,.T.);
#4183 = ORIENTED_EDGE('',*,*,#4184,.F.);
#4184 = EDGE_CURVE('',#692,#700,#4185,.T.);
#4185 = CIRCLE('',#4186,2.);
#4186 = AXIS2_PLACEMENT_3D('',#4187,#4188,#4189);
#4187 = CARTESIAN_POINT('',(0.,0.,3.45));
#4188 = DIRECTION('',(-2.398113334135E-63,-5.854827030937E-32,-1.));
#4189 = DIRECTION('',(1.,-4.095959319487E-32,1.349401336734E-78));
#4190 = CYLINDRICAL_SURFACE('',#4191,2.);
#4191 = AXIS2_PLACEMENT_3D('',#4192,#4193,#4194);
#4192 = CARTESIAN_POINT('',(0.,0.,3.6));
#4193 = DIRECTION('',(-2.398113334135E-63,-5.854827030937E-32,-1.));
#4194 = DIRECTION('',(-1.,4.095959319487E-32,-1.349401336734E-78));
#4195 = ADVANCED_FACE('',(#4196),#4232,.F.);
#4196 = FACE_BOUND('',#4197,.F.);
#4197 = EDGE_LOOP('',(#4198,#4208,#4217,#4225));
#4198 = ORIENTED_EDGE('',*,*,#4199,.F.);
#4199 = EDGE_CURVE('',#4200,#4202,#4204,.T.);
#4200 = VERTEX_POINT('',#4201);
#4201 = CARTESIAN_POINT('',(3.,0.7,3.2));
#4202 = VERTEX_POINT('',#4203);
#4203 = CARTESIAN_POINT('',(3.,0.7,3.45));
#4204 = LINE('',#4205,#4206);
#4205 = CARTESIAN_POINT('',(3.,0.7,3.2));
#4206 = VECTOR('',#4207,1.);
#4207 = DIRECTION('',(0.,5.854827030937E-32,1.));
#4208 = ORIENTED_EDGE('',*,*,#4209,.T.);
#4209 = EDGE_CURVE('',#4200,#4210,#4212,.T.);
#4210 = VERTEX_POINT('',#4211);
#4211 = CARTESIAN_POINT('',(3.,-0.7,3.2));
#4212 = CIRCLE('',#4213,0.7);
#4213 = AXIS2_PLACEMENT_3D('',#4214,#4215,#4216);
#4214 = CARTESIAN_POINT('',(3.,0.,3.2));
#4215 = DIRECTION('',(2.398113334135E-63,5.854827030937E-32,1.));
#4216 = DIRECTION('',(1.,-4.095959319487E-32,1.349401336734E-78));
#4217 = ORIENTED_EDGE('',*,*,#4218,.T.);
#4218 = EDGE_CURVE('',#4210,#4219,#4221,.T.);
#4219 = VERTEX_POINT('',#4220);
#4220 = CARTESIAN_POINT('',(3.,-0.7,3.45));
#4221 = LINE('',#4222,#4223);
#4222 = CARTESIAN_POINT('',(3.,-0.7,3.2));
#4223 = VECTOR('',#4224,1.);
#4224 = DIRECTION('',(0.,5.854827030937E-32,1.));
#4225 = ORIENTED_EDGE('',*,*,#4226,.F.);
#4226 = EDGE_CURVE('',#4202,#4219,#4227,.T.);
#4227 = CIRCLE('',#4228,0.7);
#4228 = AXIS2_PLACEMENT_3D('',#4229,#4230,#4231);
#4229 = CARTESIAN_POINT('',(3.,0.,3.45));
#4230 = DIRECTION('',(2.398113334135E-63,5.854827030937E-32,1.));
#4231 = DIRECTION('',(1.,-4.095959319487E-32,1.349401336734E-78));
#4232 = CYLINDRICAL_SURFACE('',#4233,0.7);
#4233 = AXIS2_PLACEMENT_3D('',#4234,#4235,#4236);
#4234 = CARTESIAN_POINT('',(3.,0.,3.2));
#4235 = DIRECTION('',(2.398113334135E-63,5.854827030937E-32,1.));
#4236 = DIRECTION('',(1.,-4.095959319487E-32,1.349401336734E-78));
#4237 = ADVANCED_FACE('',(#4238),#4265,.F.);
#4238 = FACE_BOUND('',#4239,.F.);
#4239 = EDGE_LOOP('',(#4240,#4249,#4257,#4264));
#4240 = ORIENTED_EDGE('',*,*,#4241,.F.);
#4241 = EDGE_CURVE('',#4242,#649,#4244,.T.);
#4242 = VERTEX_POINT('',#4243);
#4243 = CARTESIAN_POINT('',(-3.,-0.7,3.45));
#4244 = CIRCLE('',#4245,0.7);
#4245 = AXIS2_PLACEMENT_3D('',#4246,#4247,#4248);
#4246 = CARTESIAN_POINT('',(-3.,0.,3.45));
#4247 = DIRECTION('',(2.398113334135E-63,5.854827030937E-32,1.));
#4248 = DIRECTION('',(-1.,4.095959319487E-32,-1.349401336734E-78));
#4249 = ORIENTED_EDGE('',*,*,#4250,.F.);
#4250 = EDGE_CURVE('',#4251,#4242,#4253,.T.);
#4251 = VERTEX_POINT('',#4252);
#4252 = CARTESIAN_POINT('',(-3.,-0.7,3.2));
#4253 = LINE('',#4254,#4255);
#4254 = CARTESIAN_POINT('',(-3.,-0.7,3.2));
#4255 = VECTOR('',#4256,1.);
#4256 = DIRECTION('',(0.,5.854827030937E-32,1.));
#4257 = ORIENTED_EDGE('',*,*,#4258,.T.);
#4258 = EDGE_CURVE('',#4251,#658,#4259,.T.);
#4259 = CIRCLE('',#4260,0.7);
#4260 = AXIS2_PLACEMENT_3D('',#4261,#4262,#4263);
#4261 = CARTESIAN_POINT('',(-3.,0.,3.2));
#4262 = DIRECTION('',(2.398113334135E-63,5.854827030937E-32,1.));
#4263 = DIRECTION('',(-1.,4.095959319487E-32,-1.349401336734E-78));
#4264 = ORIENTED_EDGE('',*,*,#657,.T.);
#4265 = CYLINDRICAL_SURFACE('',#4266,0.7);
#4266 = AXIS2_PLACEMENT_3D('',#4267,#4268,#4269);
#4267 = CARTESIAN_POINT('',(-3.,0.,3.2));
#4268 = DIRECTION('',(2.398113334135E-63,5.854827030937E-32,1.));
#4269 = DIRECTION('',(1.,-4.095959319487E-32,1.349401336734E-78));
#4270 = ADVANCED_FACE('',(#4271),#4290,.F.);
#4271 = FACE_BOUND('',#4272,.T.);
#4272 = EDGE_LOOP('',(#4273,#4274,#4275,#4283));
#4273 = ORIENTED_EDGE('',*,*,#2643,.F.);
#4274 = ORIENTED_EDGE('',*,*,#2724,.F.);
#4275 = ORIENTED_EDGE('',*,*,#4276,.F.);
#4276 = EDGE_CURVE('',#4277,#2725,#4279,.T.);
#4277 = VERTEX_POINT('',#4278);
#4278 = CARTESIAN_POINT('',(6.374264068712,-1.25,4.757106781187));
#4279 = LINE('',#4280,#4281);
#4280 = CARTESIAN_POINT('',(9.747573932381,-1.25,1.383796917518));
#4281 = VECTOR('',#4282,1.);
#4282 = DIRECTION('',(-0.707106781187,1.577021341797E-16,0.707106781187)
  );
#4283 = ORIENTED_EDGE('',*,*,#4284,.T.);
#4284 = EDGE_CURVE('',#4277,#2627,#4285,.T.);
#4285 = CIRCLE('',#4286,0.6);
#4286 = AXIS2_PLACEMENT_3D('',#4287,#4288,#4289);
#4287 = CARTESIAN_POINT('',(5.95,-1.25,5.181370849898));
#4288 = DIRECTION('',(2.089767734795E-32,-1.,-3.614007241618E-16));
#4289 = DIRECTION('',(-1.445602896647E-15,-3.614007241618E-16,1.));
#4290 = PLANE('',#4291);
#4291 = AXIS2_PLACEMENT_3D('',#4292,#4293,#4294);
#4292 = CARTESIAN_POINT('',(5.95,-1.25,5.181370849898));
#4293 = DIRECTION('',(-1.734723475977E-16,1.,1.734723475977E-16));
#4294 = DIRECTION('',(1.,1.734723475977E-16,0.));
#4295 = ADVANCED_FACE('',(#4296),#4309,.F.);
#4296 = FACE_BOUND('',#4297,.T.);
#4297 = EDGE_LOOP('',(#4298,#4299,#4300,#4301,#4307,#4308));
#4298 = ORIENTED_EDGE('',*,*,#2681,.F.);
#4299 = ORIENTED_EDGE('',*,*,#2657,.F.);
#4300 = ORIENTED_EDGE('',*,*,#2626,.F.);
#4301 = ORIENTED_EDGE('',*,*,#4302,.F.);
#4302 = EDGE_CURVE('',#2701,#2627,#4303,.T.);
#4303 = LINE('',#4304,#4305);
#4304 = CARTESIAN_POINT('',(6.51777392495,4.398412298286,5.375362525357)
  );
#4305 = VECTOR('',#4306,1.);
#4306 = DIRECTION('',(-5.116894829248E-16,-1.,-9.586950111162E-17));
#4307 = ORIENTED_EDGE('',*,*,#2700,.T.);
#4308 = ORIENTED_EDGE('',*,*,#2595,.F.);
#4309 = PLANE('',#4310);
#4310 = AXIS2_PLACEMENT_3D('',#4311,#4312,#4313);
#4311 = CARTESIAN_POINT('',(6.51777392495,4.398412298286,5.375362525357)
  );
#4312 = DIRECTION('',(-0.946289874916,5.152030520362E-16,-0.323319459097
    ));
#4313 = DIRECTION('',(-0.323319459097,-4.930380657631E-32,0.946289874916
    ));
#4314 = ADVANCED_FACE('',(#4315),#4334,.F.);
#4315 = FACE_BOUND('',#4316,.T.);
#4316 = EDGE_LOOP('',(#4317,#4325,#4326,#4327));
#4317 = ORIENTED_EDGE('',*,*,#4318,.T.);
#4318 = EDGE_CURVE('',#4319,#2734,#4321,.T.);
#4319 = VERTEX_POINT('',#4320);
#4320 = CARTESIAN_POINT('',(6.374264068712,1.25,4.757106781187));
#4321 = LINE('',#4322,#4323);
#4322 = CARTESIAN_POINT('',(9.747573932381,1.25,1.383796917518));
#4323 = VECTOR('',#4324,1.);
#4324 = DIRECTION('',(-0.707106781187,1.577021341797E-16,0.707106781187)
  );
#4325 = ORIENTED_EDGE('',*,*,#2741,.F.);
#4326 = ORIENTED_EDGE('',*,*,#2708,.T.);
#4327 = ORIENTED_EDGE('',*,*,#4328,.T.);
#4328 = EDGE_CURVE('',#2701,#4319,#4329,.T.);
#4329 = CIRCLE('',#4330,0.6);
#4330 = AXIS2_PLACEMENT_3D('',#4331,#4332,#4333);
#4331 = CARTESIAN_POINT('',(5.95,1.25,5.181370849898));
#4332 = DIRECTION('',(0.,1.,3.614007241618E-16));
#4333 = DIRECTION('',(0.,-3.614007241618E-16,1.));
#4334 = PLANE('',#4335);
#4335 = AXIS2_PLACEMENT_3D('',#4336,#4337,#4338);
#4336 = CARTESIAN_POINT('',(5.95,1.25,5.181370849898));
#4337 = DIRECTION('',(1.734723475977E-16,-1.,-1.734723475977E-16));
#4338 = DIRECTION('',(0.,1.734723475977E-16,-1.));
#4339 = ADVANCED_FACE('',(#4340),#4365,.F.);
#4340 = FACE_BOUND('',#4341,.T.);
#4341 = EDGE_LOOP('',(#4342,#4343,#4351,#4359));
#4342 = ORIENTED_EDGE('',*,*,#2733,.F.);
#4343 = ORIENTED_EDGE('',*,*,#4344,.T.);
#4344 = EDGE_CURVE('',#2734,#4345,#4347,.T.);
#4345 = VERTEX_POINT('',#4346);
#4346 = CARTESIAN_POINT('',(5.625735931288,1.25,4.574264068712));
#4347 = LINE('',#4348,#4349);
#4348 = CARTESIAN_POINT('',(5.625735931288,1.25,4.574264068712));
#4349 = VECTOR('',#4350,1.);
#4350 = DIRECTION('',(-0.707106781187,-2.692143826658E-16,
    -0.707106781187));
#4351 = ORIENTED_EDGE('',*,*,#4352,.T.);
#4352 = EDGE_CURVE('',#4345,#4353,#4355,.T.);
#4353 = VERTEX_POINT('',#4354);
#4354 = CARTESIAN_POINT('',(5.625735931288,-1.25,4.574264068712));
#4355 = LINE('',#4356,#4357);
#4356 = CARTESIAN_POINT('',(5.625735931288,4.398412298286,4.574264068712
    ));
#4357 = VECTOR('',#4358,1.);
#4358 = DIRECTION('',(-8.135128085092E-31,-1.,2.230244969721E-16));
#4359 = ORIENTED_EDGE('',*,*,#4360,.F.);
#4360 = EDGE_CURVE('',#2725,#4353,#4361,.T.);
#4361 = LINE('',#4362,#4363);
#4362 = CARTESIAN_POINT('',(5.625735931288,-1.25,4.574264068712));
#4363 = VECTOR('',#4364,1.);
#4364 = DIRECTION('',(-0.707106781187,1.688694506723E-16,-0.707106781187
    ));
#4365 = PLANE('',#4366);
#4366 = AXIS2_PLACEMENT_3D('',#4367,#4368,#4369);
#4367 = CARTESIAN_POINT('',(5.625735931288,4.398412298286,4.574264068712
    ));
#4368 = DIRECTION('',(0.707106781187,-1.577021341797E-16,-0.707106781187
    ));
#4369 = DIRECTION('',(4.930380657631E-32,-1.,2.230244969721E-16));
#4370 = ADVANCED_FACE('',(#4371),#4396,.F.);
#4371 = FACE_BOUND('',#4372,.T.);
#4372 = EDGE_LOOP('',(#4373,#4383,#4389,#4390));
#4373 = ORIENTED_EDGE('',*,*,#4374,.F.);
#4374 = EDGE_CURVE('',#4375,#4377,#4379,.T.);
#4375 = VERTEX_POINT('',#4376);
#4376 = CARTESIAN_POINT('',(-3.25,6.925,2.75));
#4377 = VERTEX_POINT('',#4378);
#4378 = CARTESIAN_POINT('',(-3.25,7.075000004497,2.75));
#4379 = LINE('',#4380,#4381);
#4380 = CARTESIAN_POINT('',(-3.25,7.075,2.75));
#4381 = VECTOR('',#4382,1.);
#4382 = DIRECTION('',(-1.663240758842E-16,1.,3.408216634262E-15));
#4383 = ORIENTED_EDGE('',*,*,#4384,.T.);
#4384 = EDGE_CURVE('',#4375,#2920,#4385,.T.);
#4385 = LINE('',#4386,#4387);
#4386 = CARTESIAN_POINT('',(-3.25,6.925,-0.678207887907));
#4387 = VECTOR('',#4388,1.);
#4388 = DIRECTION('',(3.002999083969E-16,-3.408216634262E-15,1.));
#4389 = ORIENTED_EDGE('',*,*,#2936,.F.);
#4390 = ORIENTED_EDGE('',*,*,#4391,.F.);
#4391 = EDGE_CURVE('',#4377,#2929,#4392,.T.);
#4392 = LINE('',#4393,#4394);
#4393 = CARTESIAN_POINT('',(-3.25,7.075,-0.678207887907));
#4394 = VECTOR('',#4395,1.);
#4395 = DIRECTION('',(3.002999083969E-16,-3.408216634262E-15,1.));
#4396 = PLANE('',#4397);
#4397 = AXIS2_PLACEMENT_3D('',#4398,#4399,#4400);
#4398 = CARTESIAN_POINT('',(-3.25,7.075,-0.678207887907));
#4399 = DIRECTION('',(1.,1.663240758842E-16,-3.002999083969E-16));
#4400 = DIRECTION('',(-3.002999083969E-16,0.,-1.));
#4401 = ADVANCED_FACE('',(#4402),#4415,.F.);
#4402 = FACE_BOUND('',#4403,.T.);
#4403 = EDGE_LOOP('',(#4404,#4405,#4406,#4407,#4408,#4409));
#4404 = ORIENTED_EDGE('',*,*,#594,.T.);
#4405 = ORIENTED_EDGE('',*,*,#2959,.F.);
#4406 = ORIENTED_EDGE('',*,*,#2879,.F.);
#4407 = ORIENTED_EDGE('',*,*,#2919,.F.);
#4408 = ORIENTED_EDGE('',*,*,#4384,.F.);
#4409 = ORIENTED_EDGE('',*,*,#4410,.F.);
#4410 = EDGE_CURVE('',#595,#4375,#4411,.T.);
#4411 = LINE('',#4412,#4413);
#4412 = CARTESIAN_POINT('',(9.,6.925,2.75));
#4413 = VECTOR('',#4414,1.);
#4414 = DIRECTION('',(-1.,-1.663240758842E-16,1.075528555106E-16));
#4415 = PLANE('',#4416);
#4416 = AXIS2_PLACEMENT_3D('',#4417,#4418,#4419);
#4417 = CARTESIAN_POINT('',(9.,6.925,-19.0782078879));
#4418 = DIRECTION('',(-1.663240758842E-16,1.,3.408216634262E-15));
#4419 = DIRECTION('',(0.,3.408216634262E-15,-1.));
#4420 = ADVANCED_FACE('',(#4421),#4440,.F.);
#4421 = FACE_BOUND('',#4422,.F.);
#4422 = EDGE_LOOP('',(#4423,#4424,#4432,#4439));
#4423 = ORIENTED_EDGE('',*,*,#815,.T.);
#4424 = ORIENTED_EDGE('',*,*,#4425,.F.);
#4425 = EDGE_CURVE('',#4426,#816,#4428,.T.);
#4426 = VERTEX_POINT('',#4427);
#4427 = CARTESIAN_POINT('',(-2.287867965644,6.925000006739,2.75));
#4428 = LINE('',#4429,#4430);
#4429 = CARTESIAN_POINT('',(-2.287867965644,6.925000006739,2.75));
#4430 = VECTOR('',#4431,1.);
#4431 = DIRECTION('',(1.075528554807E-16,-1.13030972855E-09,1.));
#4432 = ORIENTED_EDGE('',*,*,#4433,.F.);
#4433 = EDGE_CURVE('',#616,#4426,#4434,.T.);
#4434 = CIRCLE('',#4435,0.225);
#4435 = AXIS2_PLACEMENT_3D('',#4436,#4437,#4438);
#4436 = CARTESIAN_POINT('',(-2.5,6.850000006739,2.75));
#4437 = DIRECTION('',(0.,-8.326672684689E-17,-1.));
#4438 = DIRECTION('',(-1.,-0.,0.));
#4439 = ORIENTED_EDGE('',*,*,#615,.T.);
#4440 = CYLINDRICAL_SURFACE('',#4441,0.225);
#4441 = AXIS2_PLACEMENT_3D('',#4442,#4443,#4444);
#4442 = CARTESIAN_POINT('',(-2.5,6.850000006739,2.75));
#4443 = DIRECTION('',(1.075528554807E-16,-1.130309195006E-09,1.));
#4444 = DIRECTION('',(0.,1.,1.130309195006E-09));
#4445 = ADVANCED_FACE('',(#4446),#4466,.F.);
#4446 = FACE_BOUND('',#4447,.T.);
#4447 = EDGE_LOOP('',(#4448,#4449,#4450,#4451,#4459,#4465));
#4448 = ORIENTED_EDGE('',*,*,#2806,.F.);
#4449 = ORIENTED_EDGE('',*,*,#2835,.F.);
#4450 = ORIENTED_EDGE('',*,*,#4425,.F.);
#4451 = ORIENTED_EDGE('',*,*,#4452,.F.);
#4452 = EDGE_CURVE('',#4453,#4426,#4455,.T.);
#4453 = VERTEX_POINT('',#4454);
#4454 = CARTESIAN_POINT('',(-1.75,6.925,2.75));
#4455 = LINE('',#4456,#4457);
#4456 = CARTESIAN_POINT('',(9.,6.925,2.75));
#4457 = VECTOR('',#4458,1.);
#4458 = DIRECTION('',(-1.,-1.663240758842E-16,1.075528555106E-16));
#4459 = ORIENTED_EDGE('',*,*,#4460,.F.);
#4460 = EDGE_CURVE('',#2759,#4453,#4461,.T.);
#4461 = LINE('',#4462,#4463);
#4462 = CARTESIAN_POINT('',(-1.75,6.925,0.921792112093));
#4463 = VECTOR('',#4464,1.);
#4464 = DIRECTION('',(-3.002999083969E-16,3.408216634262E-15,-1.));
#4465 = ORIENTED_EDGE('',*,*,#2756,.F.);
#4466 = PLANE('',#4467);
#4467 = AXIS2_PLACEMENT_3D('',#4468,#4469,#4470);
#4468 = CARTESIAN_POINT('',(9.,6.925,-19.0782078879));
#4469 = DIRECTION('',(-1.663240758842E-16,1.,3.408216634262E-15));
#4470 = DIRECTION('',(0.,3.408216634262E-15,-1.));
#4471 = ADVANCED_FACE('',(#4472),#4490,.T.);
#4472 = FACE_BOUND('',#4473,.T.);
#4473 = EDGE_LOOP('',(#4474,#4475,#4483,#4489));
#4474 = ORIENTED_EDGE('',*,*,#4460,.T.);
#4475 = ORIENTED_EDGE('',*,*,#4476,.T.);
#4476 = EDGE_CURVE('',#4453,#4477,#4479,.T.);
#4477 = VERTEX_POINT('',#4478);
#4478 = CARTESIAN_POINT('',(-1.75,7.075,2.75));
#4479 = LINE('',#4480,#4481);
#4480 = CARTESIAN_POINT('',(-1.75,-61.1891926635,2.75));
#4481 = VECTOR('',#4482,1.);
#4482 = DIRECTION('',(-1.663240758842E-16,1.,3.408216634262E-15));
#4483 = ORIENTED_EDGE('',*,*,#4484,.F.);
#4484 = EDGE_CURVE('',#2767,#4477,#4485,.T.);
#4485 = LINE('',#4486,#4487);
#4486 = CARTESIAN_POINT('',(-1.75,7.075,0.921792112093));
#4487 = VECTOR('',#4488,1.);
#4488 = DIRECTION('',(-3.002999083969E-16,3.408216634262E-15,-1.));
#4489 = ORIENTED_EDGE('',*,*,#2766,.F.);
#4490 = PLANE('',#4491);
#4491 = AXIS2_PLACEMENT_3D('',#4492,#4493,#4494);
#4492 = CARTESIAN_POINT('',(-1.75,-61.1891926635,0.921792112093));
#4493 = DIRECTION('',(1.,1.663240758842E-16,-3.002999083969E-16));
#4494 = DIRECTION('',(-3.002999083969E-16,0.,-1.));
#4495 = ADVANCED_FACE('',(#4496),#4509,.T.);
#4496 = FACE_BOUND('',#4497,.T.);
#4497 = EDGE_LOOP('',(#4498,#4499,#4500,#4501,#4502,#4508));
#4498 = ORIENTED_EDGE('',*,*,#2827,.F.);
#4499 = ORIENTED_EDGE('',*,*,#2813,.T.);
#4500 = ORIENTED_EDGE('',*,*,#2774,.T.);
#4501 = ORIENTED_EDGE('',*,*,#4484,.T.);
#4502 = ORIENTED_EDGE('',*,*,#4503,.T.);
#4503 = EDGE_CURVE('',#4477,#542,#4504,.T.);
#4504 = LINE('',#4505,#4506);
#4505 = CARTESIAN_POINT('',(9.,7.075,2.75));
#4506 = VECTOR('',#4507,1.);
#4507 = DIRECTION('',(-1.,-1.663240758842E-16,1.075528555106E-16));
#4508 = ORIENTED_EDGE('',*,*,#580,.T.);
#4509 = PLANE('',#4510);
#4510 = AXIS2_PLACEMENT_3D('',#4511,#4512,#4513);
#4511 = CARTESIAN_POINT('',(9.,7.075,-19.0782078879));
#4512 = DIRECTION('',(-1.663240758842E-16,1.,3.408216634262E-15));
#4513 = DIRECTION('',(0.,3.408216634262E-15,-1.));
#4514 = ADVANCED_FACE('',(#4515),#4535,.T.);
#4515 = FACE_BOUND('',#4516,.T.);
#4516 = EDGE_LOOP('',(#4517,#4518,#4527,#4533,#4534));
#4517 = ORIENTED_EDGE('',*,*,#550,.F.);
#4518 = ORIENTED_EDGE('',*,*,#4519,.F.);
#4519 = EDGE_CURVE('',#4520,#540,#4522,.T.);
#4520 = VERTEX_POINT('',#4521);
#4521 = CARTESIAN_POINT('',(-2.8,7.075000006746,2.75));
#4522 = CIRCLE('',#4523,0.375);
#4523 = AXIS2_PLACEMENT_3D('',#4524,#4525,#4526);
#4524 = CARTESIAN_POINT('',(-2.5,6.850000006746,2.75));
#4525 = DIRECTION('',(0.,-8.326672684689E-17,-1.));
#4526 = DIRECTION('',(1.,0.,0.));
#4527 = ORIENTED_EDGE('',*,*,#4528,.T.);
#4528 = EDGE_CURVE('',#4520,#2951,#4529,.T.);
#4529 = LINE('',#4530,#4531);
#4530 = CARTESIAN_POINT('',(-2.8,7.075000006746,2.75));
#4531 = VECTOR('',#4532,1.);
#4532 = DIRECTION('',(1.075528554807E-16,-1.129678271742E-09,1.));
#4533 = ORIENTED_EDGE('',*,*,#2966,.T.);
#4534 = ORIENTED_EDGE('',*,*,#2851,.T.);
#4535 = CYLINDRICAL_SURFACE('',#4536,0.375);
#4536 = AXIS2_PLACEMENT_3D('',#4537,#4538,#4539);
#4537 = CARTESIAN_POINT('',(-2.5,6.850000006746,2.75));
#4538 = DIRECTION('',(1.075528554807E-16,-1.129678526649E-09,1.));
#4539 = DIRECTION('',(0.,1.,1.129678526649E-09));
#4540 = ADVANCED_FACE('',(#4541),#4554,.T.);
#4541 = FACE_BOUND('',#4542,.T.);
#4542 = EDGE_LOOP('',(#4543,#4544,#4545,#4551,#4552,#4553));
#4543 = ORIENTED_EDGE('',*,*,#2950,.F.);
#4544 = ORIENTED_EDGE('',*,*,#4528,.F.);
#4545 = ORIENTED_EDGE('',*,*,#4546,.T.);
#4546 = EDGE_CURVE('',#4520,#4377,#4547,.T.);
#4547 = LINE('',#4548,#4549);
#4548 = CARTESIAN_POINT('',(9.,7.075,2.75));
#4549 = VECTOR('',#4550,1.);
#4550 = DIRECTION('',(-1.,-1.663240758842E-16,1.075528555106E-16));
#4551 = ORIENTED_EDGE('',*,*,#4391,.T.);
#4552 = ORIENTED_EDGE('',*,*,#2928,.T.);
#4553 = ORIENTED_EDGE('',*,*,#2897,.T.);
#4554 = PLANE('',#4555);
#4555 = AXIS2_PLACEMENT_3D('',#4556,#4557,#4558);
#4556 = CARTESIAN_POINT('',(9.,7.075,-19.0782078879));
#4557 = DIRECTION('',(-1.663240758842E-16,1.,3.408216634262E-15));
#4558 = DIRECTION('',(0.,3.408216634262E-15,-1.));
#4559 = ADVANCED_FACE('',(#4560),#4585,.T.);
#4560 = FACE_BOUND('',#4561,.T.);
#4561 = EDGE_LOOP('',(#4562,#4570,#4578,#4584));
#4562 = ORIENTED_EDGE('',*,*,#4563,.F.);
#4563 = EDGE_CURVE('',#4564,#3157,#4566,.T.);
#4564 = VERTEX_POINT('',#4565);
#4565 = CARTESIAN_POINT('',(1.75,7.075000004497,2.75));
#4566 = LINE('',#4567,#4568);
#4567 = CARTESIAN_POINT('',(1.75,7.075,0.921792112093));
#4568 = VECTOR('',#4569,1.);
#4569 = DIRECTION('',(3.002999083969E-16,-3.408216634262E-15,1.));
#4570 = ORIENTED_EDGE('',*,*,#4571,.T.);
#4571 = EDGE_CURVE('',#4564,#4572,#4574,.T.);
#4572 = VERTEX_POINT('',#4573);
#4573 = CARTESIAN_POINT('',(1.75,6.925,2.75));
#4574 = LINE('',#4575,#4576);
#4575 = CARTESIAN_POINT('',(1.75,-61.1891926635,2.75));
#4576 = VECTOR('',#4577,1.);
#4577 = DIRECTION('',(1.663240758842E-16,-1.,-3.408216634262E-15));
#4578 = ORIENTED_EDGE('',*,*,#4579,.T.);
#4579 = EDGE_CURVE('',#4572,#3148,#4580,.T.);
#4580 = LINE('',#4581,#4582);
#4581 = CARTESIAN_POINT('',(1.75,6.925,0.921792112093));
#4582 = VECTOR('',#4583,1.);
#4583 = DIRECTION('',(3.002999083969E-16,-3.408216634262E-15,1.));
#4584 = ORIENTED_EDGE('',*,*,#3164,.T.);
#4585 = PLANE('',#4586);
#4586 = AXIS2_PLACEMENT_3D('',#4587,#4588,#4589);
#4587 = CARTESIAN_POINT('',(1.75,-61.1891926635,0.921792112093));
#4588 = DIRECTION('',(-1.,-1.663240758842E-16,3.002999083969E-16));
#4589 = DIRECTION('',(-1.663240758842E-16,1.,0.));
#4590 = ADVANCED_FACE('',(#4591),#4604,.F.);
#4591 = FACE_BOUND('',#4592,.T.);
#4592 = EDGE_LOOP('',(#4593,#4594,#4595,#4596,#4597,#4598));
#4593 = ORIENTED_EDGE('',*,*,#482,.T.);
#4594 = ORIENTED_EDGE('',*,*,#3187,.F.);
#4595 = ORIENTED_EDGE('',*,*,#3133,.F.);
#4596 = ORIENTED_EDGE('',*,*,#3147,.F.);
#4597 = ORIENTED_EDGE('',*,*,#4579,.F.);
#4598 = ORIENTED_EDGE('',*,*,#4599,.F.);
#4599 = EDGE_CURVE('',#483,#4572,#4600,.T.);
#4600 = LINE('',#4601,#4602);
#4601 = CARTESIAN_POINT('',(9.,6.925,2.75));
#4602 = VECTOR('',#4603,1.);
#4603 = DIRECTION('',(-1.,-1.663240758842E-16,1.075528555106E-16));
#4604 = PLANE('',#4605);
#4605 = AXIS2_PLACEMENT_3D('',#4606,#4607,#4608);
#4606 = CARTESIAN_POINT('',(9.,6.925,-19.0782078879));
#4607 = DIRECTION('',(-1.663240758842E-16,1.,3.408216634262E-15));
#4608 = DIRECTION('',(0.,3.408216634262E-15,-1.));
#4609 = ADVANCED_FACE('',(#4610),#4629,.F.);
#4610 = FACE_BOUND('',#4611,.F.);
#4611 = EDGE_LOOP('',(#4612,#4613,#4621,#4628));
#4612 = ORIENTED_EDGE('',*,*,#771,.F.);
#4613 = ORIENTED_EDGE('',*,*,#4614,.F.);
#4614 = EDGE_CURVE('',#4615,#772,#4617,.T.);
#4615 = VERTEX_POINT('',#4616);
#4616 = CARTESIAN_POINT('',(2.712132034356,6.925000006739,2.75));
#4617 = LINE('',#4618,#4619);
#4618 = CARTESIAN_POINT('',(2.712132034356,6.925000006739,2.75));
#4619 = VECTOR('',#4620,1.);
#4620 = DIRECTION('',(1.075528554807E-16,-1.13030972855E-09,1.));
#4621 = ORIENTED_EDGE('',*,*,#4622,.T.);
#4622 = EDGE_CURVE('',#4615,#517,#4623,.T.);
#4623 = CIRCLE('',#4624,0.225);
#4624 = AXIS2_PLACEMENT_3D('',#4625,#4626,#4627);
#4625 = CARTESIAN_POINT('',(2.5,6.850000006739,2.75));
#4626 = DIRECTION('',(0.,8.326672684689E-17,1.));
#4627 = DIRECTION('',(1.,0.,-0.));
#4628 = ORIENTED_EDGE('',*,*,#516,.T.);
#4629 = CYLINDRICAL_SURFACE('',#4630,0.225);
#4630 = AXIS2_PLACEMENT_3D('',#4631,#4632,#4633);
#4631 = CARTESIAN_POINT('',(2.5,6.850000006739,2.75));
#4632 = DIRECTION('',(1.075528554807E-16,-1.130309195006E-09,1.));
#4633 = DIRECTION('',(0.,1.,1.130309195006E-09));
#4634 = ADVANCED_FACE('',(#4635),#4655,.F.);
#4635 = FACE_BOUND('',#4636,.T.);
#4636 = EDGE_LOOP('',(#4637,#4638,#4639,#4640,#4648,#4654));
#4637 = ORIENTED_EDGE('',*,*,#3037,.F.);
#4638 = ORIENTED_EDGE('',*,*,#3092,.F.);
#4639 = ORIENTED_EDGE('',*,*,#4614,.F.);
#4640 = ORIENTED_EDGE('',*,*,#4641,.F.);
#4641 = EDGE_CURVE('',#4642,#4615,#4644,.T.);
#4642 = VERTEX_POINT('',#4643);
#4643 = CARTESIAN_POINT('',(3.25,6.925000004497,2.75));
#4644 = LINE('',#4645,#4646);
#4645 = CARTESIAN_POINT('',(9.,6.925,2.75));
#4646 = VECTOR('',#4647,1.);
#4647 = DIRECTION('',(-1.,-1.663240758842E-16,1.075528555106E-16));
#4648 = ORIENTED_EDGE('',*,*,#4649,.F.);
#4649 = EDGE_CURVE('',#2984,#4642,#4650,.T.);
#4650 = LINE('',#4651,#4652);
#4651 = CARTESIAN_POINT('',(3.25,6.925,-0.678207887907));
#4652 = VECTOR('',#4653,1.);
#4653 = DIRECTION('',(-3.002999083969E-16,3.408216634262E-15,-1.));
#4654 = ORIENTED_EDGE('',*,*,#2981,.F.);
#4655 = PLANE('',#4656);
#4656 = AXIS2_PLACEMENT_3D('',#4657,#4658,#4659);
#4657 = CARTESIAN_POINT('',(9.,6.925,-19.0782078879));
#4658 = DIRECTION('',(-1.663240758842E-16,1.,3.408216634262E-15));
#4659 = DIRECTION('',(0.,3.408216634262E-15,-1.));
#4660 = ADVANCED_FACE('',(#4661),#4679,.F.);
#4661 = FACE_BOUND('',#4662,.T.);
#4662 = EDGE_LOOP('',(#4663,#4671,#4677,#4678));
#4663 = ORIENTED_EDGE('',*,*,#4664,.F.);
#4664 = EDGE_CURVE('',#4665,#4642,#4667,.T.);
#4665 = VERTEX_POINT('',#4666);
#4666 = CARTESIAN_POINT('',(3.25,7.075000004497,2.75));
#4667 = LINE('',#4668,#4669);
#4668 = CARTESIAN_POINT('',(3.25,7.075,2.75));
#4669 = VECTOR('',#4670,1.);
#4670 = DIRECTION('',(1.663240758842E-16,-1.,-3.408216634262E-15));
#4671 = ORIENTED_EDGE('',*,*,#4672,.F.);
#4672 = EDGE_CURVE('',#2992,#4665,#4673,.T.);
#4673 = LINE('',#4674,#4675);
#4674 = CARTESIAN_POINT('',(3.25,7.075,-0.678207887907));
#4675 = VECTOR('',#4676,1.);
#4676 = DIRECTION('',(-3.002999083969E-16,3.408216634262E-15,-1.));
#4677 = ORIENTED_EDGE('',*,*,#2991,.T.);
#4678 = ORIENTED_EDGE('',*,*,#4649,.T.);
#4679 = PLANE('',#4680);
#4680 = AXIS2_PLACEMENT_3D('',#4681,#4682,#4683);
#4681 = CARTESIAN_POINT('',(3.25,7.075,-0.678207887907));
#4682 = DIRECTION('',(-1.,-1.663240758842E-16,3.002999083969E-16));
#4683 = DIRECTION('',(-1.663240758842E-16,1.,0.));
#4684 = ADVANCED_FACE('',(#4685),#4698,.T.);
#4685 = FACE_BOUND('',#4686,.T.);
#4686 = EDGE_LOOP('',(#4687,#4688,#4689,#4690,#4691,#4697));
#4687 = ORIENTED_EDGE('',*,*,#3084,.F.);
#4688 = ORIENTED_EDGE('',*,*,#3021,.T.);
#4689 = ORIENTED_EDGE('',*,*,#2999,.T.);
#4690 = ORIENTED_EDGE('',*,*,#4672,.T.);
#4691 = ORIENTED_EDGE('',*,*,#4692,.T.);
#4692 = EDGE_CURVE('',#4665,#424,#4693,.T.);
#4693 = LINE('',#4694,#4695);
#4694 = CARTESIAN_POINT('',(9.,7.075,2.75));
#4695 = VECTOR('',#4696,1.);
#4696 = DIRECTION('',(-1.,-1.663240758842E-16,1.075528555106E-16));
#4697 = ORIENTED_EDGE('',*,*,#468,.T.);
#4698 = PLANE('',#4699);
#4699 = AXIS2_PLACEMENT_3D('',#4700,#4701,#4702);
#4700 = CARTESIAN_POINT('',(9.,7.075,-19.0782078879));
#4701 = DIRECTION('',(-1.663240758842E-16,1.,3.408216634262E-15));
#4702 = DIRECTION('',(0.,3.408216634262E-15,-1.));
#4703 = ADVANCED_FACE('',(#4704),#4724,.T.);
#4704 = FACE_BOUND('',#4705,.T.);
#4705 = EDGE_LOOP('',(#4706,#4707,#4716,#4722,#4723));
#4706 = ORIENTED_EDGE('',*,*,#434,.F.);
#4707 = ORIENTED_EDGE('',*,*,#4708,.T.);
#4708 = EDGE_CURVE('',#426,#4709,#4711,.T.);
#4709 = VERTEX_POINT('',#4710);
#4710 = CARTESIAN_POINT('',(2.2,7.075000006746,2.75));
#4711 = CIRCLE('',#4712,0.375);
#4712 = AXIS2_PLACEMENT_3D('',#4713,#4714,#4715);
#4713 = CARTESIAN_POINT('',(2.5,6.850000006746,2.75));
#4714 = DIRECTION('',(0.,8.326672684689E-17,1.));
#4715 = DIRECTION('',(-1.,0.,0.));
#4716 = ORIENTED_EDGE('',*,*,#4717,.T.);
#4717 = EDGE_CURVE('',#4709,#3179,#4718,.T.);
#4718 = LINE('',#4719,#4720);
#4719 = CARTESIAN_POINT('',(2.2,7.075000006746,2.75));
#4720 = VECTOR('',#4721,1.);
#4721 = DIRECTION('',(1.075528554807E-16,-1.129678271742E-09,1.));
#4722 = ORIENTED_EDGE('',*,*,#3194,.F.);
#4723 = ORIENTED_EDGE('',*,*,#3053,.F.);
#4724 = CYLINDRICAL_SURFACE('',#4725,0.375);
#4725 = AXIS2_PLACEMENT_3D('',#4726,#4727,#4728);
#4726 = CARTESIAN_POINT('',(2.5,6.850000006746,2.75));
#4727 = DIRECTION('',(1.075528554807E-16,-1.129678526649E-09,1.));
#4728 = DIRECTION('',(0.,1.,1.129678526649E-09));
#4729 = ADVANCED_FACE('',(#4730),#4743,.T.);
#4730 = FACE_BOUND('',#4731,.T.);
#4731 = EDGE_LOOP('',(#4732,#4733,#4734,#4740,#4741,#4742));
#4732 = ORIENTED_EDGE('',*,*,#3178,.F.);
#4733 = ORIENTED_EDGE('',*,*,#4717,.F.);
#4734 = ORIENTED_EDGE('',*,*,#4735,.T.);
#4735 = EDGE_CURVE('',#4709,#4564,#4736,.T.);
#4736 = LINE('',#4737,#4738);
#4737 = CARTESIAN_POINT('',(9.,7.075,2.75));
#4738 = VECTOR('',#4739,1.);
#4739 = DIRECTION('',(-1.,-1.663240758842E-16,1.075528555106E-16));
#4740 = ORIENTED_EDGE('',*,*,#4563,.T.);
#4741 = ORIENTED_EDGE('',*,*,#3156,.T.);
#4742 = ORIENTED_EDGE('',*,*,#3117,.T.);
#4743 = PLANE('',#4744);
#4744 = AXIS2_PLACEMENT_3D('',#4745,#4746,#4747);
#4745 = CARTESIAN_POINT('',(9.,7.075,-19.0782078879));
#4746 = DIRECTION('',(-1.663240758842E-16,1.,3.408216634262E-15));
#4747 = DIRECTION('',(0.,3.408216634262E-15,-1.));
#4748 = ADVANCED_FACE('',(#4749),#4776,.T.);
#4749 = FACE_BOUND('',#4750,.T.);
#4750 = EDGE_LOOP('',(#4751,#4752,#4760,#4768,#4774,#4775));
#4751 = ORIENTED_EDGE('',*,*,#3382,.F.);
#4752 = ORIENTED_EDGE('',*,*,#4753,.F.);
#4753 = EDGE_CURVE('',#4754,#3383,#4756,.T.);
#4754 = VERTEX_POINT('',#4755);
#4755 = CARTESIAN_POINT('',(-2.20000001821,-7.575,2.75));
#4756 = LINE('',#4757,#4758);
#4757 = CARTESIAN_POINT('',(-2.2,-7.575,2.75));
#4758 = VECTOR('',#4759,1.);
#4759 = DIRECTION('',(1.075528555106E-16,3.610793771366E-15,1.));
#4760 = ORIENTED_EDGE('',*,*,#4761,.T.);
#4761 = EDGE_CURVE('',#4754,#4762,#4764,.T.);
#4762 = VERTEX_POINT('',#4763);
#4763 = CARTESIAN_POINT('',(-1.75,-7.575000004847,2.75));
#4764 = LINE('',#4765,#4766);
#4765 = CARTESIAN_POINT('',(9.,-7.575,2.75));
#4766 = VECTOR('',#4767,1.);
#4767 = DIRECTION('',(1.,-2.642297700216E-17,-1.075528555106E-16));
#4768 = ORIENTED_EDGE('',*,*,#4769,.T.);
#4769 = EDGE_CURVE('',#4762,#3228,#4770,.T.);
#4770 = LINE('',#4771,#4772);
#4771 = CARTESIAN_POINT('',(-1.75,-7.575,3.271792112093));
#4772 = VECTOR('',#4773,1.);
#4773 = DIRECTION('',(-8.054595002667E-16,3.574750087956E-15,1.));
#4774 = ORIENTED_EDGE('',*,*,#3227,.T.);
#4775 = ORIENTED_EDGE('',*,*,#3265,.T.);
#4776 = PLANE('',#4777);
#4777 = AXIS2_PLACEMENT_3D('',#4778,#4779,#4780);
#4778 = CARTESIAN_POINT('',(9.,-7.575,9.421792112093));
#4779 = DIRECTION('',(-2.642297700216E-17,-1.,3.574750087956E-15));
#4780 = DIRECTION('',(-1.,2.642297700216E-17,0.));
#4781 = ADVANCED_FACE('',(#4782),#4800,.F.);
#4782 = FACE_BOUND('',#4783,.T.);
#4783 = EDGE_LOOP('',(#4784,#4792,#4798,#4799));
#4784 = ORIENTED_EDGE('',*,*,#4785,.F.);
#4785 = EDGE_CURVE('',#4786,#4762,#4788,.T.);
#4786 = VERTEX_POINT('',#4787);
#4787 = CARTESIAN_POINT('',(-1.75,-7.425,2.75));
#4788 = LINE('',#4789,#4790);
#4789 = CARTESIAN_POINT('',(-1.75,-7.575,2.75));
#4790 = VECTOR('',#4791,1.);
#4791 = DIRECTION('',(-2.642297700216E-17,-1.,3.574750087956E-15));
#4792 = ORIENTED_EDGE('',*,*,#4793,.T.);
#4793 = EDGE_CURVE('',#4786,#3210,#4794,.T.);
#4794 = LINE('',#4795,#4796);
#4795 = CARTESIAN_POINT('',(-1.75,-7.425,3.271792112093));
#4796 = VECTOR('',#4797,1.);
#4797 = DIRECTION('',(-8.054595002667E-16,3.574750087956E-15,1.));
#4798 = ORIENTED_EDGE('',*,*,#3235,.F.);
#4799 = ORIENTED_EDGE('',*,*,#4769,.F.);
#4800 = PLANE('',#4801);
#4801 = AXIS2_PLACEMENT_3D('',#4802,#4803,#4804);
#4802 = CARTESIAN_POINT('',(-1.75,-7.575,3.271792112093));
#4803 = DIRECTION('',(-1.,2.642297700216E-17,-8.054595002667E-16));
#4804 = DIRECTION('',(-8.054595002667E-16,0.,1.));
#4805 = ADVANCED_FACE('',(#4806),#4826,.F.);
#4806 = FACE_BOUND('',#4807,.T.);
#4807 = EDGE_LOOP('',(#4808,#4816,#4817,#4818,#4819,#4820));
#4808 = ORIENTED_EDGE('',*,*,#4809,.T.);
#4809 = EDGE_CURVE('',#4810,#3392,#4812,.T.);
#4810 = VERTEX_POINT('',#4811);
#4811 = CARTESIAN_POINT('',(-2.287867965644,-7.425,2.75));
#4812 = LINE('',#4813,#4814);
#4813 = CARTESIAN_POINT('',(-2.287867965644,-7.425,2.75));
#4814 = VECTOR('',#4815,1.);
#4815 = DIRECTION('',(1.075528555106E-16,4.362590963975E-15,1.));
#4816 = ORIENTED_EDGE('',*,*,#3391,.F.);
#4817 = ORIENTED_EDGE('',*,*,#3249,.F.);
#4818 = ORIENTED_EDGE('',*,*,#3209,.F.);
#4819 = ORIENTED_EDGE('',*,*,#4793,.F.);
#4820 = ORIENTED_EDGE('',*,*,#4821,.F.);
#4821 = EDGE_CURVE('',#4810,#4786,#4822,.T.);
#4822 = LINE('',#4823,#4824);
#4823 = CARTESIAN_POINT('',(9.,-7.425,2.75));
#4824 = VECTOR('',#4825,1.);
#4825 = DIRECTION('',(1.,-2.642297700216E-17,-1.075528555106E-16));
#4826 = PLANE('',#4827);
#4827 = AXIS2_PLACEMENT_3D('',#4828,#4829,#4830);
#4828 = CARTESIAN_POINT('',(9.,-7.425,9.421792112093));
#4829 = DIRECTION('',(-2.642297700216E-17,-1.,3.574750087956E-15));
#4830 = DIRECTION('',(-1.,2.642297700216E-17,0.));
#4831 = ADVANCED_FACE('',(#4832),#4851,.F.);
#4832 = FACE_BOUND('',#4833,.F.);
#4833 = EDGE_LOOP('',(#4834,#4842,#4849,#4850));
#4834 = ORIENTED_EDGE('',*,*,#4835,.F.);
#4835 = EDGE_CURVE('',#4836,#3425,#4838,.T.);
#4836 = VERTEX_POINT('',#4837);
#4837 = CARTESIAN_POINT('',(-2.712132034356,-7.425,2.75));
#4838 = LINE('',#4839,#4840);
#4839 = CARTESIAN_POINT('',(-2.712132034356,-7.425,2.75));
#4840 = VECTOR('',#4841,1.);
#4841 = DIRECTION('',(1.075528555106E-16,4.362590963975E-15,1.));
#4842 = ORIENTED_EDGE('',*,*,#4843,.F.);
#4843 = EDGE_CURVE('',#4810,#4836,#4844,.T.);
#4844 = CIRCLE('',#4845,0.225);
#4845 = AXIS2_PLACEMENT_3D('',#4846,#4847,#4848);
#4846 = CARTESIAN_POINT('',(-2.5,-7.35,2.75));
#4847 = DIRECTION('',(0.,-8.326672684689E-17,-1.));
#4848 = DIRECTION('',(-1.,-0.,0.));
#4849 = ORIENTED_EDGE('',*,*,#4809,.T.);
#4850 = ORIENTED_EDGE('',*,*,#3462,.T.);
#4851 = CYLINDRICAL_SURFACE('',#4852,0.225);
#4852 = AXIS2_PLACEMENT_3D('',#4853,#4854,#4855);
#4853 = CARTESIAN_POINT('',(-2.5,-7.35,2.75));
#4854 = DIRECTION('',(1.075528555106E-16,3.854941057726E-15,1.));
#4855 = DIRECTION('',(8.75811540203E-47,1.,-3.854941057726E-15));
#4856 = ADVANCED_FACE('',(#4857),#4870,.F.);
#4857 = FACE_BOUND('',#4858,.T.);
#4858 = EDGE_LOOP('',(#4859,#4860,#4861,#4862,#4868,#4869));
#4859 = ORIENTED_EDGE('',*,*,#3367,.F.);
#4860 = ORIENTED_EDGE('',*,*,#3432,.F.);
#4861 = ORIENTED_EDGE('',*,*,#4835,.F.);
#4862 = ORIENTED_EDGE('',*,*,#4863,.F.);
#4863 = EDGE_CURVE('',#3283,#4836,#4864,.T.);
#4864 = LINE('',#4865,#4866);
#4865 = CARTESIAN_POINT('',(9.,-7.425,2.75));
#4866 = VECTOR('',#4867,1.);
#4867 = DIRECTION('',(1.,-2.642297700216E-17,-1.075528555106E-16));
#4868 = ORIENTED_EDGE('',*,*,#3306,.F.);
#4869 = ORIENTED_EDGE('',*,*,#3320,.F.);
#4870 = PLANE('',#4871);
#4871 = AXIS2_PLACEMENT_3D('',#4872,#4873,#4874);
#4872 = CARTESIAN_POINT('',(9.,-7.425,9.421792112093));
#4873 = DIRECTION('',(-2.642297700216E-17,-1.,3.574750087956E-15));
#4874 = DIRECTION('',(-1.,2.642297700216E-17,0.));
#4875 = ADVANCED_FACE('',(#4876),#4903,.T.);
#4876 = FACE_BOUND('',#4877,.T.);
#4877 = EDGE_LOOP('',(#4878,#4879,#4888,#4896));
#4878 = ORIENTED_EDGE('',*,*,#3280,.T.);
#4879 = ORIENTED_EDGE('',*,*,#4880,.T.);
#4880 = EDGE_CURVE('',#3283,#4881,#4883,.T.);
#4881 = VERTEX_POINT('',#4882);
#4882 = CARTESIAN_POINT('',(-3.25,-6.925,2.25));
#4883 = CIRCLE('',#4884,0.500000004847);
#4884 = AXIS2_PLACEMENT_3D('',#4885,#4886,#4887);
#4885 = CARTESIAN_POINT('',(-3.25,-6.925,2.75));
#4886 = DIRECTION('',(1.,-2.642297700216E-17,4.583655806646E-32));
#4887 = DIRECTION('',(2.736911063134E-47,1.734723459159E-15,1.));
#4888 = ORIENTED_EDGE('',*,*,#4889,.F.);
#4889 = EDGE_CURVE('',#4890,#4881,#4892,.T.);
#4890 = VERTEX_POINT('',#4891);
#4891 = CARTESIAN_POINT('',(-3.25,-6.925,2.1));
#4892 = LINE('',#4893,#4894);
#4893 = CARTESIAN_POINT('',(-3.25,-6.925,2.1));
#4894 = VECTOR('',#4895,1.);
#4895 = DIRECTION('',(1.075528555106E-16,8.326672684689E-17,1.));
#4896 = ORIENTED_EDGE('',*,*,#4897,.F.);
#4897 = EDGE_CURVE('',#3281,#4890,#4898,.T.);
#4898 = CIRCLE('',#4899,0.650000007271);
#4899 = AXIS2_PLACEMENT_3D('',#4900,#4901,#4902);
#4900 = CARTESIAN_POINT('',(-3.25,-6.925,2.750000004847));
#4901 = DIRECTION('',(1.,-2.642297700216E-17,0.));
#4902 = DIRECTION('',(0.,0.,-1.));
#4903 = PLANE('',#4904);
#4904 = AXIS2_PLACEMENT_3D('',#4905,#4906,#4907);
#4905 = CARTESIAN_POINT('',(-3.25,-6.925,2.750000004847));
#4906 = DIRECTION('',(-1.,2.642297700216E-17,1.075528555106E-16));
#4907 = DIRECTION('',(2.642297700216E-17,1.,0.));
#4908 = ADVANCED_FACE('',(#4909),#4929,.T.);
#4909 = FACE_BOUND('',#4910,.T.);
#4910 = EDGE_LOOP('',(#4911,#4912,#4913,#4914,#4915,#4923));
#4911 = ORIENTED_EDGE('',*,*,#3439,.F.);
#4912 = ORIENTED_EDGE('',*,*,#3351,.T.);
#4913 = ORIENTED_EDGE('',*,*,#3329,.T.);
#4914 = ORIENTED_EDGE('',*,*,#3290,.T.);
#4915 = ORIENTED_EDGE('',*,*,#4916,.T.);
#4916 = EDGE_CURVE('',#3281,#4917,#4919,.T.);
#4917 = VERTEX_POINT('',#4918);
#4918 = CARTESIAN_POINT('',(-2.79999998179,-7.575,2.75));
#4919 = LINE('',#4920,#4921);
#4920 = CARTESIAN_POINT('',(9.,-7.575,2.75));
#4921 = VECTOR('',#4922,1.);
#4922 = DIRECTION('',(1.,-2.642297700216E-17,-1.075528555106E-16));
#4923 = ORIENTED_EDGE('',*,*,#4924,.T.);
#4924 = EDGE_CURVE('',#4917,#3440,#4925,.T.);
#4925 = LINE('',#4926,#4927);
#4926 = CARTESIAN_POINT('',(-2.8,-7.575,2.75));
#4927 = VECTOR('',#4928,1.);
#4928 = DIRECTION('',(1.075528555106E-16,3.610793771366E-15,1.));
#4929 = PLANE('',#4930);
#4930 = AXIS2_PLACEMENT_3D('',#4931,#4932,#4933);
#4931 = CARTESIAN_POINT('',(9.,-7.575,9.421792112093));
#4932 = DIRECTION('',(-2.642297700216E-17,-1.,3.574750087956E-15));
#4933 = DIRECTION('',(-1.,2.642297700216E-17,0.));
#4934 = ADVANCED_FACE('',(#4935),#4949,.T.);
#4935 = FACE_BOUND('',#4936,.T.);
#4936 = EDGE_LOOP('',(#4937,#4938,#4939,#4940,#4947,#4948));
#4937 = ORIENTED_EDGE('',*,*,#3476,.T.);
#4938 = ORIENTED_EDGE('',*,*,#3447,.T.);
#4939 = ORIENTED_EDGE('',*,*,#4924,.F.);
#4940 = ORIENTED_EDGE('',*,*,#4941,.F.);
#4941 = EDGE_CURVE('',#4754,#4917,#4942,.T.);
#4942 = CIRCLE('',#4943,0.375);
#4943 = AXIS2_PLACEMENT_3D('',#4944,#4945,#4946);
#4944 = CARTESIAN_POINT('',(-2.5,-7.35,2.75));
#4945 = DIRECTION('',(0.,-8.326672684689E-17,-1.));
#4946 = DIRECTION('',(-1.,-0.,0.));
#4947 = ORIENTED_EDGE('',*,*,#4753,.T.);
#4948 = ORIENTED_EDGE('',*,*,#3407,.T.);
#4949 = CYLINDRICAL_SURFACE('',#4950,0.375);
#4950 = AXIS2_PLACEMENT_3D('',#4951,#4952,#4953);
#4951 = CARTESIAN_POINT('',(-2.5,-7.35,2.75));
#4952 = DIRECTION('',(1.075528555106E-16,3.469446951953E-15,1.));
#4953 = DIRECTION('',(1.313717310305E-46,1.,-3.469446951953E-15));
#4954 = ADVANCED_FACE('',(#4955),#4975,.F.);
#4955 = FACE_BOUND('',#4956,.T.);
#4956 = EDGE_LOOP('',(#4957,#4965,#4966,#4967,#4968,#4969));
#4957 = ORIENTED_EDGE('',*,*,#4958,.T.);
#4958 = EDGE_CURVE('',#4959,#3641,#4961,.T.);
#4959 = VERTEX_POINT('',#4960);
#4960 = CARTESIAN_POINT('',(2.712132034356,-7.425,2.75));
#4961 = LINE('',#4962,#4963);
#4962 = CARTESIAN_POINT('',(2.712132034356,-7.425,2.75));
#4963 = VECTOR('',#4964,1.);
#4964 = DIRECTION('',(1.075528555106E-16,4.362590963975E-15,1.));
#4965 = ORIENTED_EDGE('',*,*,#3781,.F.);
#4966 = ORIENTED_EDGE('',*,*,#3694,.F.);
#4967 = ORIENTED_EDGE('',*,*,#3734,.F.);
#4968 = ORIENTED_EDGE('',*,*,#3806,.F.);
#4969 = ORIENTED_EDGE('',*,*,#4970,.F.);
#4970 = EDGE_CURVE('',#4959,#3797,#4971,.T.);
#4971 = LINE('',#4972,#4973);
#4972 = CARTESIAN_POINT('',(9.,-7.425,2.75));
#4973 = VECTOR('',#4974,1.);
#4974 = DIRECTION('',(1.,-2.642297700216E-17,-1.075528555106E-16));
#4975 = PLANE('',#4976);
#4976 = AXIS2_PLACEMENT_3D('',#4977,#4978,#4979);
#4977 = CARTESIAN_POINT('',(9.,-7.425,9.421792112093));
#4978 = DIRECTION('',(-2.642297700216E-17,-1.,3.574750087956E-15));
#4979 = DIRECTION('',(-1.,2.642297700216E-17,0.));
#4980 = ADVANCED_FACE('',(#4981),#5000,.F.);
#4981 = FACE_BOUND('',#4982,.F.);
#4982 = EDGE_LOOP('',(#4983,#4992,#4993,#4994));
#4983 = ORIENTED_EDGE('',*,*,#4984,.T.);
#4984 = EDGE_CURVE('',#4985,#4959,#4987,.T.);
#4985 = VERTEX_POINT('',#4986);
#4986 = CARTESIAN_POINT('',(2.287867965644,-7.425,2.75));
#4987 = CIRCLE('',#4988,0.225);
#4988 = AXIS2_PLACEMENT_3D('',#4989,#4990,#4991);
#4989 = CARTESIAN_POINT('',(2.5,-7.35,2.75));
#4990 = DIRECTION('',(0.,8.326672684689E-17,1.));
#4991 = DIRECTION('',(1.,0.,-0.));
#4992 = ORIENTED_EDGE('',*,*,#4958,.T.);
#4993 = ORIENTED_EDGE('',*,*,#3648,.F.);
#4994 = ORIENTED_EDGE('',*,*,#4995,.F.);
#4995 = EDGE_CURVE('',#4985,#3585,#4996,.T.);
#4996 = LINE('',#4997,#4998);
#4997 = CARTESIAN_POINT('',(2.287867965644,-7.425,2.75));
#4998 = VECTOR('',#4999,1.);
#4999 = DIRECTION('',(1.075528555106E-16,4.362590963975E-15,1.));
#5000 = CYLINDRICAL_SURFACE('',#5001,0.225);
#5001 = AXIS2_PLACEMENT_3D('',#5002,#5003,#5004);
#5002 = CARTESIAN_POINT('',(2.5,-7.35,2.75));
#5003 = DIRECTION('',(1.075528555106E-16,3.854941057726E-15,1.));
#5004 = DIRECTION('',(8.75811540203E-47,1.,-3.854941057726E-15));
#5005 = ADVANCED_FACE('',(#5006),#5026,.F.);
#5006 = FACE_BOUND('',#5007,.T.);
#5007 = EDGE_LOOP('',(#5008,#5009,#5010,#5011,#5019,#5025));
#5008 = ORIENTED_EDGE('',*,*,#3558,.F.);
#5009 = ORIENTED_EDGE('',*,*,#3592,.F.);
#5010 = ORIENTED_EDGE('',*,*,#4995,.F.);
#5011 = ORIENTED_EDGE('',*,*,#5012,.F.);
#5012 = EDGE_CURVE('',#5013,#4985,#5015,.T.);
#5013 = VERTEX_POINT('',#5014);
#5014 = CARTESIAN_POINT('',(1.75,-7.425,2.75));
#5015 = LINE('',#5016,#5017);
#5016 = CARTESIAN_POINT('',(9.,-7.425,2.75));
#5017 = VECTOR('',#5018,1.);
#5018 = DIRECTION('',(1.,-2.642297700216E-17,-1.075528555106E-16));
#5019 = ORIENTED_EDGE('',*,*,#5020,.F.);
#5020 = EDGE_CURVE('',#3505,#5013,#5021,.T.);
#5021 = LINE('',#5022,#5023);
#5022 = CARTESIAN_POINT('',(1.75,-7.425,3.271792112093));
#5023 = VECTOR('',#5024,1.);
#5024 = DIRECTION('',(-1.075528555106E-16,-3.574750087956E-15,-1.));
#5025 = ORIENTED_EDGE('',*,*,#3502,.F.);
#5026 = PLANE('',#5027);
#5027 = AXIS2_PLACEMENT_3D('',#5028,#5029,#5030);
#5028 = CARTESIAN_POINT('',(9.,-7.425,9.421792112093));
#5029 = DIRECTION('',(-2.642297700216E-17,-1.,3.574750087956E-15));
#5030 = DIRECTION('',(-1.,2.642297700216E-17,0.));
#5031 = ADVANCED_FACE('',(#5032),#5050,.F.);
#5032 = FACE_BOUND('',#5033,.T.);
#5033 = EDGE_LOOP('',(#5034,#5042,#5048,#5049));
#5034 = ORIENTED_EDGE('',*,*,#5035,.F.);
#5035 = EDGE_CURVE('',#5036,#5013,#5038,.T.);
#5036 = VERTEX_POINT('',#5037);
#5037 = CARTESIAN_POINT('',(1.75,-7.575,2.75));
#5038 = LINE('',#5039,#5040);
#5039 = CARTESIAN_POINT('',(1.75,-7.575,2.75));
#5040 = VECTOR('',#5041,1.);
#5041 = DIRECTION('',(2.642297700216E-17,1.,-3.574750087956E-15));
#5042 = ORIENTED_EDGE('',*,*,#5043,.F.);
#5043 = EDGE_CURVE('',#3513,#5036,#5044,.T.);
#5044 = LINE('',#5045,#5046);
#5045 = CARTESIAN_POINT('',(1.75,-7.575,3.271792112093));
#5046 = VECTOR('',#5047,1.);
#5047 = DIRECTION('',(-1.075528555106E-16,-3.574750087956E-15,-1.));
#5048 = ORIENTED_EDGE('',*,*,#3512,.T.);
#5049 = ORIENTED_EDGE('',*,*,#5020,.T.);
#5050 = PLANE('',#5051);
#5051 = AXIS2_PLACEMENT_3D('',#5052,#5053,#5054);
#5052 = CARTESIAN_POINT('',(1.75,-7.575,3.271792112093));
#5053 = DIRECTION('',(1.,-2.642297700216E-17,-1.075528555106E-16));
#5054 = DIRECTION('',(-1.075528555106E-16,0.,-1.));
#5055 = ADVANCED_FACE('',(#5056),#5076,.T.);
#5056 = FACE_BOUND('',#5057,.T.);
#5057 = EDGE_LOOP('',(#5058,#5059,#5060,#5061,#5062,#5070));
#5058 = ORIENTED_EDGE('',*,*,#3599,.F.);
#5059 = ORIENTED_EDGE('',*,*,#3542,.T.);
#5060 = ORIENTED_EDGE('',*,*,#3520,.T.);
#5061 = ORIENTED_EDGE('',*,*,#5043,.T.);
#5062 = ORIENTED_EDGE('',*,*,#5063,.T.);
#5063 = EDGE_CURVE('',#5036,#5064,#5066,.T.);
#5064 = VERTEX_POINT('',#5065);
#5065 = CARTESIAN_POINT('',(2.2,-7.575,2.75));
#5066 = LINE('',#5067,#5068);
#5067 = CARTESIAN_POINT('',(9.,-7.575,2.75));
#5068 = VECTOR('',#5069,1.);
#5069 = DIRECTION('',(1.,-2.642297700216E-17,-1.075528555106E-16));
#5070 = ORIENTED_EDGE('',*,*,#5071,.T.);
#5071 = EDGE_CURVE('',#5064,#3574,#5072,.T.);
#5072 = LINE('',#5073,#5074);
#5073 = CARTESIAN_POINT('',(2.2,-7.575,2.75));
#5074 = VECTOR('',#5075,1.);
#5075 = DIRECTION('',(1.075528555106E-16,3.610793771366E-15,1.));
#5076 = PLANE('',#5077);
#5077 = AXIS2_PLACEMENT_3D('',#5078,#5079,#5080);
#5078 = CARTESIAN_POINT('',(9.,-7.575,9.421792112093));
#5079 = DIRECTION('',(-2.642297700216E-17,-1.,3.574750087956E-15));
#5080 = DIRECTION('',(-1.,2.642297700216E-17,0.));
#5081 = ADVANCED_FACE('',(#5082),#5103,.T.);
#5082 = FACE_BOUND('',#5083,.T.);
#5083 = EDGE_LOOP('',(#5084,#5085,#5086,#5087,#5088,#5097));
#5084 = ORIENTED_EDGE('',*,*,#3765,.F.);
#5085 = ORIENTED_EDGE('',*,*,#3614,.F.);
#5086 = ORIENTED_EDGE('',*,*,#3573,.F.);
#5087 = ORIENTED_EDGE('',*,*,#5071,.F.);
#5088 = ORIENTED_EDGE('',*,*,#5089,.T.);
#5089 = EDGE_CURVE('',#5064,#5090,#5092,.T.);
#5090 = VERTEX_POINT('',#5091);
#5091 = CARTESIAN_POINT('',(2.8,-7.575,2.75));
#5092 = CIRCLE('',#5093,0.375);
#5093 = AXIS2_PLACEMENT_3D('',#5094,#5095,#5096);
#5094 = CARTESIAN_POINT('',(2.5,-7.35,2.75));
#5095 = DIRECTION('',(0.,8.326672684689E-17,1.));
#5096 = DIRECTION('',(1.,0.,-0.));
#5097 = ORIENTED_EDGE('',*,*,#5098,.T.);
#5098 = EDGE_CURVE('',#5090,#3766,#5099,.T.);
#5099 = LINE('',#5100,#5101);
#5100 = CARTESIAN_POINT('',(2.8,-7.575,2.75));
#5101 = VECTOR('',#5102,1.);
#5102 = DIRECTION('',(1.075528555106E-16,3.610793771366E-15,1.));
#5103 = CYLINDRICAL_SURFACE('',#5104,0.375);
#5104 = AXIS2_PLACEMENT_3D('',#5105,#5106,#5107);
#5105 = CARTESIAN_POINT('',(2.5,-7.35,2.75));
#5106 = DIRECTION('',(1.075528555106E-16,3.469446951953E-15,1.));
#5107 = DIRECTION('',(1.313717310305E-46,1.,-3.469446951953E-15));
#5108 = ADVANCED_FACE('',(#5109),#5122,.T.);
#5109 = FACE_BOUND('',#5110,.T.);
#5110 = EDGE_LOOP('',(#5111,#5112,#5113,#5119,#5120,#5121));
#5111 = ORIENTED_EDGE('',*,*,#3774,.F.);
#5112 = ORIENTED_EDGE('',*,*,#5098,.F.);
#5113 = ORIENTED_EDGE('',*,*,#5114,.T.);
#5114 = EDGE_CURVE('',#5090,#3799,#5115,.T.);
#5115 = LINE('',#5116,#5117);
#5116 = CARTESIAN_POINT('',(9.,-7.575,2.75));
#5117 = VECTOR('',#5118,1.);
#5118 = DIRECTION('',(1.,-2.642297700216E-17,-1.075528555106E-16));
#5119 = ORIENTED_EDGE('',*,*,#3813,.T.);
#5120 = ORIENTED_EDGE('',*,*,#3743,.T.);
#5121 = ORIENTED_EDGE('',*,*,#3712,.T.);
#5122 = PLANE('',#5123);
#5123 = AXIS2_PLACEMENT_3D('',#5124,#5125,#5126);
#5124 = CARTESIAN_POINT('',(9.,-7.575,9.421792112093));
#5125 = DIRECTION('',(-2.642297700216E-17,-1.,3.574750087956E-15));
#5126 = DIRECTION('',(-1.,2.642297700216E-17,0.));
#5127 = ADVANCED_FACE('',(#5128),#5155,.T.);
#5128 = FACE_BOUND('',#5129,.T.);
#5129 = EDGE_LOOP('',(#5130,#5139,#5140,#5149));
#5130 = ORIENTED_EDGE('',*,*,#5131,.T.);
#5131 = EDGE_CURVE('',#5132,#3797,#5134,.T.);
#5132 = VERTEX_POINT('',#5133);
#5133 = CARTESIAN_POINT('',(3.25,-6.925,2.25));
#5134 = CIRCLE('',#5135,0.500000004847);
#5135 = AXIS2_PLACEMENT_3D('',#5136,#5137,#5138);
#5136 = CARTESIAN_POINT('',(3.25,-6.925,2.75));
#5137 = DIRECTION('',(-1.,2.642297700216E-17,0.));
#5138 = DIRECTION('',(0.,0.,1.));
#5139 = ORIENTED_EDGE('',*,*,#3796,.T.);
#5140 = ORIENTED_EDGE('',*,*,#5141,.F.);
#5141 = EDGE_CURVE('',#5142,#3799,#5144,.T.);
#5142 = VERTEX_POINT('',#5143);
#5143 = CARTESIAN_POINT('',(3.25,-6.925,2.099999995153));
#5144 = CIRCLE('',#5145,0.650000007271);
#5145 = AXIS2_PLACEMENT_3D('',#5146,#5147,#5148);
#5146 = CARTESIAN_POINT('',(3.25,-6.925,2.750000004847));
#5147 = DIRECTION('',(-1.,2.642297700216E-17,0.));
#5148 = DIRECTION('',(0.,0.,1.));
#5149 = ORIENTED_EDGE('',*,*,#5150,.F.);
#5150 = EDGE_CURVE('',#5132,#5142,#5151,.T.);
#5151 = LINE('',#5152,#5153);
#5152 = CARTESIAN_POINT('',(3.25,-6.925,2.1));
#5153 = VECTOR('',#5154,1.);
#5154 = DIRECTION('',(-1.075528555106E-16,-8.326672684689E-17,-1.));
#5155 = PLANE('',#5156);
#5156 = AXIS2_PLACEMENT_3D('',#5157,#5158,#5159);
#5157 = CARTESIAN_POINT('',(3.25,-6.925,2.750000004847));
#5158 = DIRECTION('',(1.,-2.642297700216E-17,-1.075528555106E-16));
#5159 = DIRECTION('',(-1.075528555106E-16,0.,-1.));
#5160 = ADVANCED_FACE('',(#5161),#5179,.T.);
#5161 = FACE_BOUND('',#5162,.T.);
#5162 = EDGE_LOOP('',(#5163,#5171,#5177,#5178));
#5163 = ORIENTED_EDGE('',*,*,#5164,.T.);
#5164 = EDGE_CURVE('',#359,#5165,#5167,.T.);
#5165 = VERTEX_POINT('',#5166);
#5166 = CARTESIAN_POINT('',(0.75,-6.3,2.1));
#5167 = LINE('',#5168,#5169);
#5168 = CARTESIAN_POINT('',(1.25,-6.3,2.1));
#5169 = VECTOR('',#5170,1.);
#5170 = DIRECTION('',(1.,-2.642297700216E-17,-1.075528555105E-16));
#5171 = ORIENTED_EDGE('',*,*,#5172,.T.);
#5172 = EDGE_CURVE('',#5165,#3835,#5173,.T.);
#5173 = LINE('',#5174,#5175);
#5174 = CARTESIAN_POINT('',(0.75,-8.35,2.1));
#5175 = VECTOR('',#5176,1.);
#5176 = DIRECTION('',(-1.036364726715E-15,-1.,8.326672684689E-17));
#5177 = ORIENTED_EDGE('',*,*,#3834,.F.);
#5178 = ORIENTED_EDGE('',*,*,#367,.T.);
#5179 = PLANE('',#5180);
#5180 = AXIS2_PLACEMENT_3D('',#5181,#5182,#5183);
#5181 = CARTESIAN_POINT('',(9.,-14.5,2.1));
#5182 = DIRECTION('',(-1.075528555106E-16,-8.326672684689E-17,-1.));
#5183 = DIRECTION('',(-1.,0.,1.075528555106E-16));
#5184 = ADVANCED_FACE('',(#5185),#5203,.F.);
#5185 = FACE_BOUND('',#5186,.T.);
#5186 = EDGE_LOOP('',(#5187,#5188,#5196,#5202));
#5187 = ORIENTED_EDGE('',*,*,#5172,.F.);
#5188 = ORIENTED_EDGE('',*,*,#5189,.F.);
#5189 = EDGE_CURVE('',#5190,#5165,#5192,.T.);
#5190 = VERTEX_POINT('',#5191);
#5191 = CARTESIAN_POINT('',(0.75,-6.3,2.25));
#5192 = LINE('',#5193,#5194);
#5193 = CARTESIAN_POINT('',(0.75,-6.3,2.55));
#5194 = VECTOR('',#5195,1.);
#5195 = DIRECTION('',(-1.075528555106E-16,-8.326672684689E-17,-1.));
#5196 = ORIENTED_EDGE('',*,*,#5197,.T.);
#5197 = EDGE_CURVE('',#5190,#3859,#5198,.T.);
#5198 = LINE('',#5199,#5200);
#5199 = CARTESIAN_POINT('',(0.75,-8.35,2.25));
#5200 = VECTOR('',#5201,1.);
#5201 = DIRECTION('',(-1.036364726715E-15,-1.,8.326672684689E-17));
#5202 = ORIENTED_EDGE('',*,*,#3869,.T.);
#5203 = PLANE('',#5204);
#5204 = AXIS2_PLACEMENT_3D('',#5205,#5206,#5207);
#5205 = CARTESIAN_POINT('',(0.75,-8.35,2.1));
#5206 = DIRECTION('',(-1.,1.036364726715E-15,1.075528555106E-16));
#5207 = DIRECTION('',(1.075528555106E-16,0.,1.));
#5208 = ADVANCED_FACE('',(#5209),#5227,.F.);
#5209 = FACE_BOUND('',#5210,.T.);
#5210 = EDGE_LOOP('',(#5211,#5212,#5220,#5226));
#5211 = ORIENTED_EDGE('',*,*,#5197,.F.);
#5212 = ORIENTED_EDGE('',*,*,#5213,.F.);
#5213 = EDGE_CURVE('',#5214,#5190,#5216,.T.);
#5214 = VERTEX_POINT('',#5215);
#5215 = CARTESIAN_POINT('',(0.212132034356,-6.3,2.25));
#5216 = LINE('',#5217,#5218);
#5217 = CARTESIAN_POINT('',(1.25,-6.3,2.25));
#5218 = VECTOR('',#5219,1.);
#5219 = DIRECTION('',(1.,-2.642297700216E-17,-1.075528555105E-16));
#5220 = ORIENTED_EDGE('',*,*,#5221,.F.);
#5221 = EDGE_CURVE('',#3886,#5214,#5222,.T.);
#5222 = LINE('',#5223,#5224);
#5223 = CARTESIAN_POINT('',(0.212132034356,-6.925,2.25));
#5224 = VECTOR('',#5225,1.);
#5225 = DIRECTION('',(2.642297700216E-17,1.,-8.326672684689E-17));
#5226 = ORIENTED_EDGE('',*,*,#3894,.T.);
#5227 = PLANE('',#5228);
#5228 = AXIS2_PLACEMENT_3D('',#5229,#5230,#5231);
#5229 = CARTESIAN_POINT('',(9.,-14.5,2.25));
#5230 = DIRECTION('',(-1.075528555106E-16,-8.326672684689E-17,-1.));
#5231 = DIRECTION('',(-1.,0.,1.075528555106E-16));
#5232 = ADVANCED_FACE('',(#5233),#5245,.F.);
#5233 = FACE_BOUND('',#5234,.F.);
#5234 = EDGE_LOOP('',(#5235,#5242,#5243,#5244));
#5235 = ORIENTED_EDGE('',*,*,#5236,.T.);
#5236 = EDGE_CURVE('',#392,#5214,#5237,.T.);
#5237 = CIRCLE('',#5238,0.225);
#5238 = AXIS2_PLACEMENT_3D('',#5239,#5240,#5241);
#5239 = CARTESIAN_POINT('',(-4.77131190409E-16,-6.3,2.325));
#5240 = DIRECTION('',(-2.642297700216E-17,-1.,2.841866627672E-33));
#5241 = DIRECTION('',(1.075528555106E-16,2.394797180243E-48,1.));
#5242 = ORIENTED_EDGE('',*,*,#5221,.F.);
#5243 = ORIENTED_EDGE('',*,*,#3916,.T.);
#5244 = ORIENTED_EDGE('',*,*,#400,.T.);
#5245 = CYLINDRICAL_SURFACE('',#5246,0.225);
#5246 = AXIS2_PLACEMENT_3D('',#5247,#5248,#5249);
#5247 = CARTESIAN_POINT('',(-4.936455510354E-16,-6.925,2.325));
#5248 = DIRECTION('',(2.642297700216E-17,1.,-2.841866627672E-33));
#5249 = DIRECTION('',(-1.075528555106E-16,6.842277657836E-49,-1.));
#5250 = ADVANCED_FACE('',(#5251),#5269,.F.);
#5251 = FACE_BOUND('',#5252,.T.);
#5252 = EDGE_LOOP('',(#5253,#5254,#5262,#5268));
#5253 = ORIENTED_EDGE('',*,*,#381,.T.);
#5254 = ORIENTED_EDGE('',*,*,#5255,.F.);
#5255 = EDGE_CURVE('',#5256,#384,#5258,.T.);
#5256 = VERTEX_POINT('',#5257);
#5257 = CARTESIAN_POINT('',(-0.75,-6.3,2.25));
#5258 = LINE('',#5259,#5260);
#5259 = CARTESIAN_POINT('',(1.25,-6.3,2.25));
#5260 = VECTOR('',#5261,1.);
#5261 = DIRECTION('',(1.,-2.642297700216E-17,-1.075528555105E-16));
#5262 = ORIENTED_EDGE('',*,*,#5263,.F.);
#5263 = EDGE_CURVE('',#3934,#5256,#5264,.T.);
#5264 = LINE('',#5265,#5266);
#5265 = CARTESIAN_POINT('',(-0.75,-8.35,2.25));
#5266 = VECTOR('',#5267,1.);
#5267 = DIRECTION('',(-7.458854198368E-16,1.,-8.326672684689E-17));
#5268 = ORIENTED_EDGE('',*,*,#3942,.T.);
#5269 = PLANE('',#5270);
#5270 = AXIS2_PLACEMENT_3D('',#5271,#5272,#5273);
#5271 = CARTESIAN_POINT('',(9.,-14.5,2.25));
#5272 = DIRECTION('',(-1.075528555106E-16,-8.326672684689E-17,-1.));
#5273 = DIRECTION('',(-1.,0.,1.075528555106E-16));
#5274 = ADVANCED_FACE('',(#5275),#5293,.F.);
#5275 = FACE_BOUND('',#5276,.T.);
#5276 = EDGE_LOOP('',(#5277,#5278,#5286,#5292));
#5277 = ORIENTED_EDGE('',*,*,#5263,.T.);
#5278 = ORIENTED_EDGE('',*,*,#5279,.F.);
#5279 = EDGE_CURVE('',#5280,#5256,#5282,.T.);
#5280 = VERTEX_POINT('',#5281);
#5281 = CARTESIAN_POINT('',(-0.75,-6.3,2.1));
#5282 = LINE('',#5283,#5284);
#5283 = CARTESIAN_POINT('',(-0.75,-6.3,2.55));
#5284 = VECTOR('',#5285,1.);
#5285 = DIRECTION('',(1.075528555106E-16,8.326672684689E-17,1.));
#5286 = ORIENTED_EDGE('',*,*,#5287,.F.);
#5287 = EDGE_CURVE('',#3961,#5280,#5288,.T.);
#5288 = LINE('',#5289,#5290);
#5289 = CARTESIAN_POINT('',(-0.75,-8.35,2.1));
#5290 = VECTOR('',#5291,1.);
#5291 = DIRECTION('',(-7.458854198368E-16,1.,-8.326672684689E-17));
#5292 = ORIENTED_EDGE('',*,*,#3960,.T.);
#5293 = PLANE('',#5294);
#5294 = AXIS2_PLACEMENT_3D('',#5295,#5296,#5297);
#5295 = CARTESIAN_POINT('',(-0.75,-8.35,2.1));
#5296 = DIRECTION('',(1.,7.458854198368E-16,-1.075528555106E-16));
#5297 = DIRECTION('',(-7.458854198368E-16,1.,0.));
#5298 = ADVANCED_FACE('',(#5299),#5317,.T.);
#5299 = FACE_BOUND('',#5300,.T.);
#5300 = EDGE_LOOP('',(#5301,#5309,#5315,#5316));
#5301 = ORIENTED_EDGE('',*,*,#5302,.T.);
#5302 = EDGE_CURVE('',#5280,#5303,#5305,.T.);
#5303 = VERTEX_POINT('',#5304);
#5304 = CARTESIAN_POINT('',(-0.3,-6.3,2.100000002424));
#5305 = LINE('',#5306,#5307);
#5306 = CARTESIAN_POINT('',(1.25,-6.3,2.1));
#5307 = VECTOR('',#5308,1.);
#5308 = DIRECTION('',(1.,-2.642297700216E-17,-1.075528555105E-16));
#5309 = ORIENTED_EDGE('',*,*,#5310,.F.);
#5310 = EDGE_CURVE('',#3984,#5303,#5311,.T.);
#5311 = LINE('',#5312,#5313);
#5312 = CARTESIAN_POINT('',(-0.3,-6.925,2.100000002424));
#5313 = VECTOR('',#5314,1.);
#5314 = DIRECTION('',(2.642297700216E-17,1.,-8.326672684689E-17));
#5315 = ORIENTED_EDGE('',*,*,#3994,.F.);
#5316 = ORIENTED_EDGE('',*,*,#5287,.T.);
#5317 = PLANE('',#5318);
#5318 = AXIS2_PLACEMENT_3D('',#5319,#5320,#5321);
#5319 = CARTESIAN_POINT('',(9.,-14.5,2.1));
#5320 = DIRECTION('',(-1.075528555106E-16,-8.326672684689E-17,-1.));
#5321 = DIRECTION('',(-1.,0.,1.075528555106E-16));
#5322 = ADVANCED_FACE('',(#5323),#5335,.T.);
#5323 = FACE_BOUND('',#5324,.T.);
#5324 = EDGE_LOOP('',(#5325,#5326,#5327,#5328));
#5325 = ORIENTED_EDGE('',*,*,#350,.F.);
#5326 = ORIENTED_EDGE('',*,*,#4010,.T.);
#5327 = ORIENTED_EDGE('',*,*,#5310,.T.);
#5328 = ORIENTED_EDGE('',*,*,#5329,.T.);
#5329 = EDGE_CURVE('',#5303,#351,#5330,.T.);
#5330 = CIRCLE('',#5331,0.375);
#5331 = AXIS2_PLACEMENT_3D('',#5332,#5333,#5334);
#5332 = CARTESIAN_POINT('',(-4.771311901483E-16,-6.3,2.325000002424));
#5333 = DIRECTION('',(-2.642297700216E-17,-1.,2.841866627672E-33));
#5334 = DIRECTION('',(1.075528555106E-16,-6.842277657836E-49,1.));
#5335 = CYLINDRICAL_SURFACE('',#5336,0.375);
#5336 = AXIS2_PLACEMENT_3D('',#5337,#5338,#5339);
#5337 = CARTESIAN_POINT('',(-4.936455507303E-16,-6.924999998322,
    2.325000002424));
#5338 = DIRECTION('',(2.642297700216E-17,1.,-2.841866627672E-33));
#5339 = DIRECTION('',(-1.075528555106E-16,-2.052683297351E-48,-1.));
#5340 = ADVANCED_FACE('',(#5341),#5355,.T.);
#5341 = FACE_BOUND('',#5342,.T.);
#5342 = EDGE_LOOP('',(#5343,#5344,#5345,#5346,#5347,#5348,#5354));
#5343 = ORIENTED_EDGE('',*,*,#4076,.F.);
#5344 = ORIENTED_EDGE('',*,*,#741,.F.);
#5345 = ORIENTED_EDGE('',*,*,#4061,.F.);
#5346 = ORIENTED_EDGE('',*,*,#4027,.F.);
#5347 = ORIENTED_EDGE('',*,*,#4108,.F.);
#5348 = ORIENTED_EDGE('',*,*,#5349,.T.);
#5349 = EDGE_CURVE('',#4101,#4125,#5350,.T.);
#5350 = LINE('',#5351,#5352);
#5351 = CARTESIAN_POINT('',(-6.51777392495,4.398412298286,5.375362525357
    ));
#5352 = VECTOR('',#5353,1.);
#5353 = DIRECTION('',(2.002201015484E-16,-1.,9.82437641055E-17));
#5354 = ORIENTED_EDGE('',*,*,#4124,.T.);
#5355 = PLANE('',#5356);
#5356 = AXIS2_PLACEMENT_3D('',#5357,#5358,#5359);
#5357 = CARTESIAN_POINT('',(-6.51777392495,4.398412298286,5.375362525357
    ));
#5358 = DIRECTION('',(-0.946289874916,-1.577021341797E-16,0.323319459097
    ));
#5359 = DIRECTION('',(-1.666530926305E-16,1.,-6.162975822039E-33));
#5360 = ADVANCED_FACE('',(#5361),#5380,.F.);
#5361 = FACE_BOUND('',#5362,.T.);
#5362 = EDGE_LOOP('',(#5363,#5364,#5372,#5379));
#5363 = ORIENTED_EDGE('',*,*,#4148,.F.);
#5364 = ORIENTED_EDGE('',*,*,#5365,.F.);
#5365 = EDGE_CURVE('',#5366,#4149,#5368,.T.);
#5366 = VERTEX_POINT('',#5367);
#5367 = CARTESIAN_POINT('',(-6.374264068712,1.25,4.757106781187));
#5368 = LINE('',#5369,#5370);
#5369 = CARTESIAN_POINT('',(-9.747573932381,1.25,1.383796917518));
#5370 = VECTOR('',#5371,1.);
#5371 = DIRECTION('',(0.707106781187,1.577021341797E-16,0.707106781187)
  );
#5372 = ORIENTED_EDGE('',*,*,#5373,.T.);
#5373 = EDGE_CURVE('',#5366,#4101,#5374,.T.);
#5374 = CIRCLE('',#5375,0.6);
#5375 = AXIS2_PLACEMENT_3D('',#5376,#5377,#5378);
#5376 = CARTESIAN_POINT('',(-5.95,1.25,5.181370849898));
#5377 = DIRECTION('',(0.,1.,0.));
#5378 = DIRECTION('',(1.445602896647E-15,0.,-1.));
#5379 = ORIENTED_EDGE('',*,*,#4100,.F.);
#5380 = PLANE('',#5381);
#5381 = AXIS2_PLACEMENT_3D('',#5382,#5383,#5384);
#5382 = CARTESIAN_POINT('',(-5.95,1.25,5.181370849898));
#5383 = DIRECTION('',(-3.439008246723E-16,-1.,3.439008246723E-16));
#5384 = DIRECTION('',(-1.,3.439008246723E-16,0.));
#5385 = ADVANCED_FACE('',(#5386),#5405,.F.);
#5386 = FACE_BOUND('',#5387,.T.);
#5387 = EDGE_LOOP('',(#5388,#5396,#5397,#5398));
#5388 = ORIENTED_EDGE('',*,*,#5389,.T.);
#5389 = EDGE_CURVE('',#5390,#4158,#5392,.T.);
#5390 = VERTEX_POINT('',#5391);
#5391 = CARTESIAN_POINT('',(-6.374264068712,-1.25,4.757106781187));
#5392 = LINE('',#5393,#5394);
#5393 = CARTESIAN_POINT('',(-9.747573932381,-1.25,1.383796917518));
#5394 = VECTOR('',#5395,1.);
#5395 = DIRECTION('',(0.707106781187,1.577021341797E-16,0.707106781187)
  );
#5396 = ORIENTED_EDGE('',*,*,#4165,.F.);
#5397 = ORIENTED_EDGE('',*,*,#4132,.T.);
#5398 = ORIENTED_EDGE('',*,*,#5399,.T.);
#5399 = EDGE_CURVE('',#4125,#5390,#5400,.T.);
#5400 = CIRCLE('',#5401,0.6);
#5401 = AXIS2_PLACEMENT_3D('',#5402,#5403,#5404);
#5402 = CARTESIAN_POINT('',(-5.95,-1.25,5.181370849898));
#5403 = DIRECTION('',(0.,-1.,0.));
#5404 = DIRECTION('',(0.,0.,-1.));
#5405 = PLANE('',#5406);
#5406 = AXIS2_PLACEMENT_3D('',#5407,#5408,#5409);
#5407 = CARTESIAN_POINT('',(-5.95,-1.25,5.181370849898));
#5408 = DIRECTION('',(3.439008246723E-16,1.,-3.439008246723E-16));
#5409 = DIRECTION('',(0.,-3.439008246723E-16,-1.));
#5410 = ADVANCED_FACE('',(#5411),#5436,.T.);
#5411 = FACE_BOUND('',#5412,.T.);
#5412 = EDGE_LOOP('',(#5413,#5421,#5422,#5430));
#5413 = ORIENTED_EDGE('',*,*,#5414,.F.);
#5414 = EDGE_CURVE('',#4149,#5415,#5417,.T.);
#5415 = VERTEX_POINT('',#5416);
#5416 = CARTESIAN_POINT('',(-5.625735931288,1.25,4.574264068712));
#5417 = LINE('',#5418,#5419);
#5418 = CARTESIAN_POINT('',(-5.625735931288,1.25,4.574264068712));
#5419 = VECTOR('',#5420,1.);
#5420 = DIRECTION('',(0.707106781187,-4.618988569365E-17,-0.707106781187
    ));
#5421 = ORIENTED_EDGE('',*,*,#4157,.T.);
#5422 = ORIENTED_EDGE('',*,*,#5423,.T.);
#5423 = EDGE_CURVE('',#4158,#5424,#5426,.T.);
#5424 = VERTEX_POINT('',#5425);
#5425 = CARTESIAN_POINT('',(-5.625735931288,-1.25,4.574264068712));
#5426 = LINE('',#5427,#5428);
#5427 = CARTESIAN_POINT('',(-5.625735931288,-1.25,4.574264068712));
#5428 = VECTOR('',#5429,1.);
#5429 = DIRECTION('',(0.707106781187,3.918939476445E-16,-0.707106781187)
  );
#5430 = ORIENTED_EDGE('',*,*,#5431,.F.);
#5431 = EDGE_CURVE('',#5415,#5424,#5432,.T.);
#5432 = LINE('',#5433,#5434);
#5433 = CARTESIAN_POINT('',(-5.625735931288,4.398412298286,
    4.574264068712));
#5434 = VECTOR('',#5435,1.);
#5435 = DIRECTION('',(8.381647117973E-31,-1.,2.230244969721E-16));
#5436 = PLANE('',#5437);
#5437 = AXIS2_PLACEMENT_3D('',#5438,#5439,#5440);
#5438 = CARTESIAN_POINT('',(-5.625735931288,4.398412298286,
    4.574264068712));
#5439 = DIRECTION('',(0.707106781187,1.577021341797E-16,0.707106781187)
  );
#5440 = DIRECTION('',(-4.930380657631E-32,-1.,2.230244969721E-16));
#5441 = ADVANCED_FACE('',(#5442),#5467,.F.);
#5442 = FACE_BOUND('',#5443,.T.);
#5443 = EDGE_LOOP('',(#5444,#5452,#5460,#5466));
#5444 = ORIENTED_EDGE('',*,*,#5445,.T.);
#5445 = EDGE_CURVE('',#4219,#5446,#5448,.T.);
#5446 = VERTEX_POINT('',#5447);
#5447 = CARTESIAN_POINT('',(3.7,-0.7,3.45));
#5448 = LINE('',#5449,#5450);
#5449 = CARTESIAN_POINT('',(3.,-0.7,3.45));
#5450 = VECTOR('',#5451,1.);
#5451 = DIRECTION('',(1.,3.097720492816E-16,0.));
#5452 = ORIENTED_EDGE('',*,*,#5453,.F.);
#5453 = EDGE_CURVE('',#5454,#5446,#5456,.T.);
#5454 = VERTEX_POINT('',#5455);
#5455 = CARTESIAN_POINT('',(3.7,-0.7,3.2));
#5456 = LINE('',#5457,#5458);
#5457 = CARTESIAN_POINT('',(3.7,-0.7,3.2));
#5458 = VECTOR('',#5459,1.);
#5459 = DIRECTION('',(0.,5.854827030937E-32,1.));
#5460 = ORIENTED_EDGE('',*,*,#5461,.F.);
#5461 = EDGE_CURVE('',#4210,#5454,#5462,.T.);
#5462 = LINE('',#5463,#5464);
#5463 = CARTESIAN_POINT('',(3.,-0.7,3.2));
#5464 = VECTOR('',#5465,1.);
#5465 = DIRECTION('',(1.,3.097720492816E-16,0.));
#5466 = ORIENTED_EDGE('',*,*,#4218,.T.);
#5467 = PLANE('',#5468);
#5468 = AXIS2_PLACEMENT_3D('',#5469,#5470,#5471);
#5469 = CARTESIAN_POINT('',(3.,-0.7,3.2));
#5470 = DIRECTION('',(3.097720492816E-16,-1.,-5.854827030937E-32));
#5471 = DIRECTION('',(0.,5.854827030937E-32,-1.));
#5472 = ADVANCED_FACE('',(#5473),#5491,.T.);
#5473 = FACE_BOUND('',#5474,.T.);
#5474 = EDGE_LOOP('',(#5475,#5476,#5477,#5485));
#5475 = ORIENTED_EDGE('',*,*,#4209,.T.);
#5476 = ORIENTED_EDGE('',*,*,#5461,.T.);
#5477 = ORIENTED_EDGE('',*,*,#5478,.T.);
#5478 = EDGE_CURVE('',#5454,#5479,#5481,.T.);
#5479 = VERTEX_POINT('',#5480);
#5480 = CARTESIAN_POINT('',(3.7,0.7,3.2));
#5481 = LINE('',#5482,#5483);
#5482 = CARTESIAN_POINT('',(3.7,-0.7,3.2));
#5483 = VECTOR('',#5484,1.);
#5484 = DIRECTION('',(-4.095959319487E-32,1.,5.854827030937E-32));
#5485 = ORIENTED_EDGE('',*,*,#5486,.T.);
#5486 = EDGE_CURVE('',#5479,#4200,#5487,.T.);
#5487 = LINE('',#5488,#5489);
#5488 = CARTESIAN_POINT('',(3.,0.7,3.2));
#5489 = VECTOR('',#5490,1.);
#5490 = DIRECTION('',(-1.,4.095959319487E-32,0.));
#5491 = PLANE('',#5492);
#5492 = AXIS2_PLACEMENT_3D('',#5493,#5494,#5495);
#5493 = CARTESIAN_POINT('',(3.,0.,3.2));
#5494 = DIRECTION('',(2.398113334135E-63,5.854827030937E-32,1.));
#5495 = DIRECTION('',(0.,-1.,5.854827030937E-32));
#5496 = ADVANCED_FACE('',(#5497),#5515,.F.);
#5497 = FACE_BOUND('',#5498,.T.);
#5498 = EDGE_LOOP('',(#5499,#5507,#5508,#5509));
#5499 = ORIENTED_EDGE('',*,*,#5500,.T.);
#5500 = EDGE_CURVE('',#5501,#4202,#5503,.T.);
#5501 = VERTEX_POINT('',#5502);
#5502 = CARTESIAN_POINT('',(3.7,0.7,3.45));
#5503 = LINE('',#5504,#5505);
#5504 = CARTESIAN_POINT('',(3.,0.7,3.45));
#5505 = VECTOR('',#5506,1.);
#5506 = DIRECTION('',(-1.,4.095959319487E-32,0.));
#5507 = ORIENTED_EDGE('',*,*,#4199,.F.);
#5508 = ORIENTED_EDGE('',*,*,#5486,.F.);
#5509 = ORIENTED_EDGE('',*,*,#5510,.T.);
#5510 = EDGE_CURVE('',#5479,#5501,#5511,.T.);
#5511 = LINE('',#5512,#5513);
#5512 = CARTESIAN_POINT('',(3.7,0.7,3.2));
#5513 = VECTOR('',#5514,1.);
#5514 = DIRECTION('',(0.,5.854827030937E-32,1.));
#5515 = PLANE('',#5516);
#5516 = AXIS2_PLACEMENT_3D('',#5517,#5518,#5519);
#5517 = CARTESIAN_POINT('',(3.,0.7,3.2));
#5518 = DIRECTION('',(-4.095959319487E-32,1.,-5.854827030937E-32));
#5519 = DIRECTION('',(0.,-5.854827030937E-32,-1.));
#5520 = ADVANCED_FACE('',(#5521),#5546,.F.);
#5521 = FACE_BOUND('',#5522,.T.);
#5522 = EDGE_LOOP('',(#5523,#5531,#5532,#5540));
#5523 = ORIENTED_EDGE('',*,*,#5524,.T.);
#5524 = EDGE_CURVE('',#5525,#4242,#5527,.T.);
#5525 = VERTEX_POINT('',#5526);
#5526 = CARTESIAN_POINT('',(-3.7,-0.7,3.45));
#5527 = LINE('',#5528,#5529);
#5528 = CARTESIAN_POINT('',(-3.7,-0.7,3.45));
#5529 = VECTOR('',#5530,1.);
#5530 = DIRECTION('',(1.,-4.095959319487E-32,0.));
#5531 = ORIENTED_EDGE('',*,*,#4250,.F.);
#5532 = ORIENTED_EDGE('',*,*,#5533,.F.);
#5533 = EDGE_CURVE('',#5534,#4251,#5536,.T.);
#5534 = VERTEX_POINT('',#5535);
#5535 = CARTESIAN_POINT('',(-3.7,-0.7,3.2));
#5536 = LINE('',#5537,#5538);
#5537 = CARTESIAN_POINT('',(-3.7,-0.7,3.2));
#5538 = VECTOR('',#5539,1.);
#5539 = DIRECTION('',(1.,-4.095959319487E-32,0.));
#5540 = ORIENTED_EDGE('',*,*,#5541,.T.);
#5541 = EDGE_CURVE('',#5534,#5525,#5542,.T.);
#5542 = LINE('',#5543,#5544);
#5543 = CARTESIAN_POINT('',(-3.7,-0.7,3.2));
#5544 = VECTOR('',#5545,1.);
#5545 = DIRECTION('',(0.,5.854827030937E-32,1.));
#5546 = PLANE('',#5547);
#5547 = AXIS2_PLACEMENT_3D('',#5548,#5549,#5550);
#5548 = CARTESIAN_POINT('',(-3.7,-0.7,3.2));
#5549 = DIRECTION('',(4.095959319487E-32,-1.,5.854827030937E-32));
#5550 = DIRECTION('',(-1.,-4.095959319487E-32,0.));
#5551 = ADVANCED_FACE('',(#5552,#5614),#5618,.T.);
#5552 = FACE_BOUND('',#5553,.T.);
#5553 = EDGE_LOOP('',(#5554,#5555,#5563,#5572,#5580,#5586,#5587,#5588,
    #5589,#5597,#5606,#5612,#5613));
#5554 = ORIENTED_EDGE('',*,*,#5500,.F.);
#5555 = ORIENTED_EDGE('',*,*,#5556,.T.);
#5556 = EDGE_CURVE('',#5501,#5557,#5559,.T.);
#5557 = VERTEX_POINT('',#5558);
#5558 = CARTESIAN_POINT('',(3.7,2.190890230021,3.45));
#5559 = LINE('',#5560,#5561);
#5560 = CARTESIAN_POINT('',(3.7,-2.190890230021,3.45));
#5561 = VECTOR('',#5562,1.);
#5562 = DIRECTION('',(-3.958946578443E-16,1.,5.854827030937E-32));
#5563 = ORIENTED_EDGE('',*,*,#5564,.T.);
#5564 = EDGE_CURVE('',#5557,#5565,#5567,.T.);
#5565 = VERTEX_POINT('',#5566);
#5566 = CARTESIAN_POINT('',(-3.7,2.190890230021,3.45));
#5567 = CIRCLE('',#5568,4.3);
#5568 = AXIS2_PLACEMENT_3D('',#5569,#5570,#5571);
#5569 = CARTESIAN_POINT('',(0.,0.,3.45));
#5570 = DIRECTION('',(2.398113334135E-63,5.854827030937E-32,1.));
#5571 = DIRECTION('',(1.,-4.095959319487E-32,1.349401336734E-78));
#5572 = ORIENTED_EDGE('',*,*,#5573,.T.);
#5573 = EDGE_CURVE('',#5565,#5574,#5576,.T.);
#5574 = VERTEX_POINT('',#5575);
#5575 = CARTESIAN_POINT('',(-3.7,0.7,3.45));
#5576 = LINE('',#5577,#5578);
#5577 = CARTESIAN_POINT('',(-3.7,2.190890230021,3.45));
#5578 = VECTOR('',#5579,1.);
#5579 = DIRECTION('',(4.095959319487E-32,-1.,-5.854827030937E-32));
#5580 = ORIENTED_EDGE('',*,*,#5581,.F.);
#5581 = EDGE_CURVE('',#641,#5574,#5582,.T.);
#5582 = LINE('',#5583,#5584);
#5583 = CARTESIAN_POINT('',(-3.7,0.7,3.45));
#5584 = VECTOR('',#5585,1.);
#5585 = DIRECTION('',(-1.,-6.195440985631E-16,0.));
#5586 = ORIENTED_EDGE('',*,*,#648,.F.);
#5587 = ORIENTED_EDGE('',*,*,#4241,.F.);
#5588 = ORIENTED_EDGE('',*,*,#5524,.F.);
#5589 = ORIENTED_EDGE('',*,*,#5590,.T.);
#5590 = EDGE_CURVE('',#5525,#5591,#5593,.T.);
#5591 = VERTEX_POINT('',#5592);
#5592 = CARTESIAN_POINT('',(-3.7,-2.190890230021,3.45));
#5593 = LINE('',#5594,#5595);
#5594 = CARTESIAN_POINT('',(-3.7,2.190890230021,3.45));
#5595 = VECTOR('',#5596,1.);
#5596 = DIRECTION('',(4.095959319487E-32,-1.,-5.854827030937E-32));
#5597 = ORIENTED_EDGE('',*,*,#5598,.T.);
#5598 = EDGE_CURVE('',#5591,#5599,#5601,.T.);
#5599 = VERTEX_POINT('',#5600);
#5600 = CARTESIAN_POINT('',(3.7,-2.190890230021,3.45));
#5601 = CIRCLE('',#5602,4.3);
#5602 = AXIS2_PLACEMENT_3D('',#5603,#5604,#5605);
#5603 = CARTESIAN_POINT('',(0.,0.,3.45));
#5604 = DIRECTION('',(2.398113334135E-63,5.854827030937E-32,1.));
#5605 = DIRECTION('',(1.,-4.095959319487E-32,1.349401336734E-78));
#5606 = ORIENTED_EDGE('',*,*,#5607,.T.);
#5607 = EDGE_CURVE('',#5599,#5446,#5608,.T.);
#5608 = LINE('',#5609,#5610);
#5609 = CARTESIAN_POINT('',(3.7,-2.190890230021,3.45));
#5610 = VECTOR('',#5611,1.);
#5611 = DIRECTION('',(-3.958946578443E-16,1.,5.854827030937E-32));
#5612 = ORIENTED_EDGE('',*,*,#5445,.F.);
#5613 = ORIENTED_EDGE('',*,*,#4226,.F.);
#5614 = FACE_BOUND('',#5615,.T.);
#5615 = EDGE_LOOP('',(#5616,#5617));
#5616 = ORIENTED_EDGE('',*,*,#699,.T.);
#5617 = ORIENTED_EDGE('',*,*,#4184,.T.);
#5618 = PLANE('',#5619);
#5619 = AXIS2_PLACEMENT_3D('',#5620,#5621,#5622);
#5620 = CARTESIAN_POINT('',(0.,0.,3.45));
#5621 = DIRECTION('',(2.398113334135E-63,5.854827030937E-32,1.));
#5622 = DIRECTION('',(0.,-1.,5.854827030937E-32));
#5623 = ADVANCED_FACE('',(#5624),#5642,.F.);
#5624 = FACE_BOUND('',#5625,.T.);
#5625 = EDGE_LOOP('',(#5626,#5627,#5635,#5641));
#5626 = ORIENTED_EDGE('',*,*,#5581,.T.);
#5627 = ORIENTED_EDGE('',*,*,#5628,.F.);
#5628 = EDGE_CURVE('',#5629,#5574,#5631,.T.);
#5629 = VERTEX_POINT('',#5630);
#5630 = CARTESIAN_POINT('',(-3.7,0.7,3.2));
#5631 = LINE('',#5632,#5633);
#5632 = CARTESIAN_POINT('',(-3.7,0.7,3.2));
#5633 = VECTOR('',#5634,1.);
#5634 = DIRECTION('',(0.,5.854827030937E-32,1.));
#5635 = ORIENTED_EDGE('',*,*,#5636,.F.);
#5636 = EDGE_CURVE('',#639,#5629,#5637,.T.);
#5637 = LINE('',#5638,#5639);
#5638 = CARTESIAN_POINT('',(-3.7,0.7,3.2));
#5639 = VECTOR('',#5640,1.);
#5640 = DIRECTION('',(-1.,-6.195440985631E-16,0.));
#5641 = ORIENTED_EDGE('',*,*,#638,.T.);
#5642 = PLANE('',#5643);
#5643 = AXIS2_PLACEMENT_3D('',#5644,#5645,#5646);
#5644 = CARTESIAN_POINT('',(-3.7,0.7,3.2));
#5645 = DIRECTION('',(-6.195440985631E-16,1.,5.854827030937E-32));
#5646 = DIRECTION('',(1.,6.195440985631E-16,0.));
#5647 = ADVANCED_FACE('',(#5648),#5660,.F.);
#5648 = FACE_BOUND('',#5649,.T.);
#5649 = EDGE_LOOP('',(#5650,#5656,#5657,#5658,#5659));
#5650 = ORIENTED_EDGE('',*,*,#5651,.T.);
#5651 = EDGE_CURVE('',#5629,#5534,#5652,.T.);
#5652 = LINE('',#5653,#5654);
#5653 = CARTESIAN_POINT('',(-3.7,0.7,3.2));
#5654 = VECTOR('',#5655,1.);
#5655 = DIRECTION('',(4.095959319487E-32,-1.,-5.854827030937E-32));
#5656 = ORIENTED_EDGE('',*,*,#5533,.T.);
#5657 = ORIENTED_EDGE('',*,*,#4258,.T.);
#5658 = ORIENTED_EDGE('',*,*,#665,.T.);
#5659 = ORIENTED_EDGE('',*,*,#5636,.T.);
#5660 = PLANE('',#5661);
#5661 = AXIS2_PLACEMENT_3D('',#5662,#5663,#5664);
#5662 = CARTESIAN_POINT('',(-3.,0.,3.2));
#5663 = DIRECTION('',(-2.398113334135E-63,-5.854827030937E-32,-1.));
#5664 = DIRECTION('',(0.,-1.,5.854827030937E-32));
#5665 = ADVANCED_FACE('',(#5666),#5700,.T.);
#5666 = FACE_BOUND('',#5667,.T.);
#5667 = EDGE_LOOP('',(#5668,#5678,#5686,#5694));
#5668 = ORIENTED_EDGE('',*,*,#5669,.F.);
#5669 = EDGE_CURVE('',#5670,#5672,#5674,.T.);
#5670 = VERTEX_POINT('',#5671);
#5671 = CARTESIAN_POINT('',(3.42123889809,-3.874999999954,2.912791301729
    ));
#5672 = VERTEX_POINT('',#5673);
#5673 = CARTESIAN_POINT('',(3.421238898038,-3.875,3.3));
#5674 = LINE('',#5675,#5676);
#5675 = CARTESIAN_POINT('',(3.421238898039,-3.875,-18.32192262732));
#5676 = VECTOR('',#5677,1.);
#5677 = DIRECTION('',(-3.491483361109E-15,1.037853504423E-15,1.));
#5678 = ORIENTED_EDGE('',*,*,#5679,.T.);
#5679 = EDGE_CURVE('',#5670,#5680,#5682,.T.);
#5680 = VERTEX_POINT('',#5681);
#5681 = CARTESIAN_POINT('',(3.421238898038,-4.075,2.912791301725));
#5682 = LINE('',#5683,#5684);
#5683 = CARTESIAN_POINT('',(3.421238897598,5.E+05,2.912791301656));
#5684 = VECTOR('',#5685,1.);
#5685 = DIRECTION('',(8.801513702438E-16,-1.,1.377509819723E-16));
#5686 = ORIENTED_EDGE('',*,*,#5687,.T.);
#5687 = EDGE_CURVE('',#5680,#5688,#5690,.T.);
#5688 = VERTEX_POINT('',#5689);
#5689 = CARTESIAN_POINT('',(3.421238898038,-4.075,3.3));
#5690 = LINE('',#5691,#5692);
#5691 = CARTESIAN_POINT('',(3.421238898039,-4.075,-18.32192262732));
#5692 = VECTOR('',#5693,1.);
#5693 = DIRECTION('',(-3.491483361109E-15,1.037853504423E-15,1.));
#5694 = ORIENTED_EDGE('',*,*,#5695,.F.);
#5695 = EDGE_CURVE('',#5672,#5688,#5696,.T.);
#5696 = LINE('',#5697,#5698);
#5697 = CARTESIAN_POINT('',(3.421238898038,-4.075,3.3));
#5698 = VECTOR('',#5699,1.);
#5699 = DIRECTION('',(8.801513702438E-16,-1.,8.801513702438E-16));
#5700 = PLANE('',#5701);
#5701 = AXIS2_PLACEMENT_3D('',#5702,#5703,#5704);
#5702 = CARTESIAN_POINT('',(3.421238898039,-4.075,-18.32192262732));
#5703 = DIRECTION('',(-1.,-8.801513702438E-16,-3.491483361109E-15));
#5704 = DIRECTION('',(-3.491483361109E-15,0.,1.));
#5705 = ADVANCED_FACE('',(#5706),#5724,.T.);
#5706 = FACE_BOUND('',#5707,.T.);
#5707 = EDGE_LOOP('',(#5708,#5709,#5717,#5723));
#5708 = ORIENTED_EDGE('',*,*,#4360,.T.);
#5709 = ORIENTED_EDGE('',*,*,#5710,.F.);
#5710 = EDGE_CURVE('',#5711,#4353,#5713,.T.);
#5711 = VERTEX_POINT('',#5712);
#5712 = CARTESIAN_POINT('',(5.908578643763,-1.25,4.291421356237));
#5713 = LINE('',#5714,#5715);
#5714 = CARTESIAN_POINT('',(9.281888507432,-1.25,0.918111492568));
#5715 = VECTOR('',#5716,1.);
#5716 = DIRECTION('',(-0.707106781187,1.577021341797E-16,0.707106781187)
  );
#5717 = ORIENTED_EDGE('',*,*,#5718,.T.);
#5718 = EDGE_CURVE('',#5711,#4277,#5719,.T.);
#5719 = LINE('',#5720,#5721);
#5720 = CARTESIAN_POINT('',(5.908578643763,-1.25,4.291421356237));
#5721 = VECTOR('',#5722,1.);
#5722 = DIRECTION('',(0.707106781187,-1.688694506723E-16,0.707106781187)
  );
#5723 = ORIENTED_EDGE('',*,*,#4276,.T.);
#5724 = PLANE('',#5725);
#5725 = AXIS2_PLACEMENT_3D('',#5726,#5727,#5728);
#5726 = CARTESIAN_POINT('',(9.281888507432,-1.25,0.918111492568));
#5727 = DIRECTION('',(-2.309209821917E-16,-1.,-7.896485219593E-18));
#5728 = DIRECTION('',(-1.,2.309209821917E-16,0.));
#5729 = ADVANCED_FACE('',(#5730),#5741,.T.);
#5730 = FACE_BOUND('',#5731,.T.);
#5731 = EDGE_LOOP('',(#5732,#5733,#5734,#5735));
#5732 = ORIENTED_EDGE('',*,*,#4328,.F.);
#5733 = ORIENTED_EDGE('',*,*,#4302,.T.);
#5734 = ORIENTED_EDGE('',*,*,#4284,.F.);
#5735 = ORIENTED_EDGE('',*,*,#5736,.F.);
#5736 = EDGE_CURVE('',#4319,#4277,#5737,.T.);
#5737 = LINE('',#5738,#5739);
#5738 = CARTESIAN_POINT('',(6.374264068712,4.398412298286,4.757106781187
    ));
#5739 = VECTOR('',#5740,1.);
#5740 = DIRECTION('',(-8.135128085092E-31,-1.,2.230244969721E-16));
#5741 = CYLINDRICAL_SURFACE('',#5742,0.6);
#5742 = AXIS2_PLACEMENT_3D('',#5743,#5744,#5745);
#5743 = CARTESIAN_POINT('',(5.95,-21.72120058639,5.181370849898));
#5744 = DIRECTION('',(0.,1.,0.));
#5745 = DIRECTION('',(0.,-0.,1.));
#5746 = ADVANCED_FACE('',(#5747),#5765,.F.);
#5747 = FACE_BOUND('',#5748,.T.);
#5748 = EDGE_LOOP('',(#5749,#5757,#5758,#5759));
#5749 = ORIENTED_EDGE('',*,*,#5750,.T.);
#5750 = EDGE_CURVE('',#5751,#4345,#5753,.T.);
#5751 = VERTEX_POINT('',#5752);
#5752 = CARTESIAN_POINT('',(5.908578643763,1.25,4.291421356237));
#5753 = LINE('',#5754,#5755);
#5754 = CARTESIAN_POINT('',(9.281888507432,1.25,0.918111492568));
#5755 = VECTOR('',#5756,1.);
#5756 = DIRECTION('',(-0.707106781187,1.577021341797E-16,0.707106781187)
  );
#5757 = ORIENTED_EDGE('',*,*,#4344,.F.);
#5758 = ORIENTED_EDGE('',*,*,#4318,.F.);
#5759 = ORIENTED_EDGE('',*,*,#5760,.F.);
#5760 = EDGE_CURVE('',#5751,#4319,#5761,.T.);
#5761 = LINE('',#5762,#5763);
#5762 = CARTESIAN_POINT('',(5.908578643763,1.25,4.291421356237));
#5763 = VECTOR('',#5764,1.);
#5764 = DIRECTION('',(0.707106781187,2.692143826658E-16,0.707106781187)
  );
#5765 = PLANE('',#5766);
#5766 = AXIS2_PLACEMENT_3D('',#5767,#5768,#5769);
#5767 = CARTESIAN_POINT('',(9.281888507432,1.25,0.918111492568));
#5768 = DIRECTION('',(7.885106708985E-17,-1.,3.01875564062E-16));
#5769 = DIRECTION('',(-1.,-7.885106708985E-17,0.));
#5770 = ADVANCED_FACE('',(#5771),#5798,.T.);
#5771 = FACE_BOUND('',#5772,.T.);
#5772 = EDGE_LOOP('',(#5773,#5774,#5783,#5791));
#5773 = ORIENTED_EDGE('',*,*,#4352,.F.);
#5774 = ORIENTED_EDGE('',*,*,#5775,.F.);
#5775 = EDGE_CURVE('',#5776,#4345,#5778,.T.);
#5776 = VERTEX_POINT('',#5777);
#5777 = CARTESIAN_POINT('',(5.45,1.25,4.15));
#5778 = CIRCLE('',#5779,0.6);
#5779 = AXIS2_PLACEMENT_3D('',#5780,#5781,#5782);
#5780 = CARTESIAN_POINT('',(6.05,1.25,4.15));
#5781 = DIRECTION('',(0.,1.,0.));
#5782 = DIRECTION('',(1.445602896647E-15,0.,-1.));
#5783 = ORIENTED_EDGE('',*,*,#5784,.T.);
#5784 = EDGE_CURVE('',#5776,#5785,#5787,.T.);
#5785 = VERTEX_POINT('',#5786);
#5786 = CARTESIAN_POINT('',(5.45,-1.25,4.15));
#5787 = LINE('',#5788,#5789);
#5788 = CARTESIAN_POINT('',(5.45,2.562440474841,4.15));
#5789 = VECTOR('',#5790,1.);
#5790 = DIRECTION('',(-1.577021341797E-16,-1.,1.577021341797E-16));
#5791 = ORIENTED_EDGE('',*,*,#5792,.F.);
#5792 = EDGE_CURVE('',#4353,#5785,#5793,.T.);
#5793 = CIRCLE('',#5794,0.6);
#5794 = AXIS2_PLACEMENT_3D('',#5795,#5796,#5797);
#5795 = CARTESIAN_POINT('',(6.05,-1.25,4.15));
#5796 = DIRECTION('',(0.,-1.,0.));
#5797 = DIRECTION('',(0.,0.,-1.));
#5798 = CYLINDRICAL_SURFACE('',#5799,0.6);
#5799 = AXIS2_PLACEMENT_3D('',#5800,#5801,#5802);
#5800 = CARTESIAN_POINT('',(6.05,20.39425810196,4.15));
#5801 = DIRECTION('',(0.,-1.,0.));
#5802 = DIRECTION('',(0.,0.,-1.));
#5803 = ADVANCED_FACE('',(#5804),#5838,.T.);
#5804 = FACE_BOUND('',#5805,.T.);
#5805 = EDGE_LOOP('',(#5806,#5816,#5824,#5832));
#5806 = ORIENTED_EDGE('',*,*,#5807,.F.);
#5807 = EDGE_CURVE('',#5808,#5810,#5812,.T.);
#5808 = VERTEX_POINT('',#5809);
#5809 = CARTESIAN_POINT('',(3.421238898038,3.875,2.912791301725));
#5810 = VERTEX_POINT('',#5811);
#5811 = CARTESIAN_POINT('',(3.421238897976,4.074999999972,2.912791301721
    ));
#5812 = LINE('',#5813,#5814);
#5813 = CARTESIAN_POINT('',(3.421238898479,-5.E+05,2.912791301698));
#5814 = VECTOR('',#5815,1.);
#5815 = DIRECTION('',(-8.801513702438E-16,1.,5.473721202894E-17));
#5816 = ORIENTED_EDGE('',*,*,#5817,.T.);
#5817 = EDGE_CURVE('',#5808,#5818,#5820,.T.);
#5818 = VERTEX_POINT('',#5819);
#5819 = CARTESIAN_POINT('',(3.421238898038,3.875,3.3));
#5820 = LINE('',#5821,#5822);
#5821 = CARTESIAN_POINT('',(3.421238898039,3.875,-18.32192262732));
#5822 = VECTOR('',#5823,1.);
#5823 = DIRECTION('',(-3.491483361109E-15,1.037853504423E-15,1.));
#5824 = ORIENTED_EDGE('',*,*,#5825,.F.);
#5825 = EDGE_CURVE('',#5826,#5818,#5828,.T.);
#5826 = VERTEX_POINT('',#5827);
#5827 = CARTESIAN_POINT('',(3.421238898038,4.075,3.3));
#5828 = LINE('',#5829,#5830);
#5829 = CARTESIAN_POINT('',(3.421238898038,3.875,3.3));
#5830 = VECTOR('',#5831,1.);
#5831 = DIRECTION('',(8.801513702438E-16,-1.,8.801513702438E-16));
#5832 = ORIENTED_EDGE('',*,*,#5833,.F.);
#5833 = EDGE_CURVE('',#5810,#5826,#5834,.T.);
#5834 = LINE('',#5835,#5836);
#5835 = CARTESIAN_POINT('',(3.421238898039,4.075,-18.32192262732));
#5836 = VECTOR('',#5837,1.);
#5837 = DIRECTION('',(-3.491483361109E-15,1.037853504423E-15,1.));
#5838 = PLANE('',#5839);
#5839 = AXIS2_PLACEMENT_3D('',#5840,#5841,#5842);
#5840 = CARTESIAN_POINT('',(3.421238898039,3.875,-18.32192262732));
#5841 = DIRECTION('',(-1.,-8.801513702438E-16,-3.491483361109E-15));
#5842 = DIRECTION('',(-3.491483361109E-15,0.,1.));
#5843 = ADVANCED_FACE('',(#5844),#5871,.T.);
#5844 = FACE_BOUND('',#5845,.T.);
#5845 = EDGE_LOOP('',(#5846,#5855,#5856,#5865));
#5846 = ORIENTED_EDGE('',*,*,#5847,.T.);
#5847 = EDGE_CURVE('',#5848,#4375,#5850,.T.);
#5848 = VERTEX_POINT('',#5849);
#5849 = CARTESIAN_POINT('',(-3.25,6.425,2.25));
#5850 = CIRCLE('',#5851,0.500000004497);
#5851 = AXIS2_PLACEMENT_3D('',#5852,#5853,#5854);
#5852 = CARTESIAN_POINT('',(-3.25,6.425,2.75));
#5853 = DIRECTION('',(1.,0.,-1.075528555106E-16));
#5854 = DIRECTION('',(0.,-1.,0.));
#5855 = ORIENTED_EDGE('',*,*,#4374,.T.);
#5856 = ORIENTED_EDGE('',*,*,#5857,.F.);
#5857 = EDGE_CURVE('',#5858,#4377,#5860,.T.);
#5858 = VERTEX_POINT('',#5859);
#5859 = CARTESIAN_POINT('',(-3.25,6.425,2.099999995503));
#5860 = CIRCLE('',#5861,0.650000006746);
#5861 = AXIS2_PLACEMENT_3D('',#5862,#5863,#5864);
#5862 = CARTESIAN_POINT('',(-3.25,6.425,2.750000004497));
#5863 = DIRECTION('',(1.,-2.642297700216E-17,0.));
#5864 = DIRECTION('',(0.,0.,-1.));
#5865 = ORIENTED_EDGE('',*,*,#5866,.F.);
#5866 = EDGE_CURVE('',#5848,#5858,#5867,.T.);
#5867 = LINE('',#5868,#5869);
#5868 = CARTESIAN_POINT('',(-3.25,6.425,2.1));
#5869 = VECTOR('',#5870,1.);
#5870 = DIRECTION('',(-1.075528555106E-16,-8.326672684689E-17,-1.));
#5871 = PLANE('',#5872);
#5872 = AXIS2_PLACEMENT_3D('',#5873,#5874,#5875);
#5873 = CARTESIAN_POINT('',(-3.25,6.425,2.750000004497));
#5874 = DIRECTION('',(-1.,2.642297700216E-17,1.075528555106E-16));
#5875 = DIRECTION('',(2.642297700216E-17,1.,0.));
#5876 = ADVANCED_FACE('',(#5877),#5896,.F.);
#5877 = FACE_BOUND('',#5878,.F.);
#5878 = EDGE_LOOP('',(#5879,#5880,#5881,#5890));
#5879 = ORIENTED_EDGE('',*,*,#5847,.T.);
#5880 = ORIENTED_EDGE('',*,*,#4410,.F.);
#5881 = ORIENTED_EDGE('',*,*,#5882,.T.);
#5882 = EDGE_CURVE('',#595,#5883,#5885,.T.);
#5883 = VERTEX_POINT('',#5884);
#5884 = CARTESIAN_POINT('',(-2.712132034356,6.424999998962,
    2.249999997759));
#5885 = CIRCLE('',#5886,0.500000006739);
#5886 = AXIS2_PLACEMENT_3D('',#5887,#5888,#5889);
#5887 = CARTESIAN_POINT('',(-2.712132034356,6.425,2.750000004497));
#5888 = DIRECTION('',(-1.,2.642297700216E-17,0.));
#5889 = DIRECTION('',(0.,0.,1.));
#5890 = ORIENTED_EDGE('',*,*,#5891,.T.);
#5891 = EDGE_CURVE('',#5883,#5848,#5892,.T.);
#5892 = LINE('',#5893,#5894);
#5893 = CARTESIAN_POINT('',(9.,6.425,2.25));
#5894 = VECTOR('',#5895,1.);
#5895 = DIRECTION('',(-1.,-1.663240758842E-16,1.075528555106E-16));
#5896 = CYLINDRICAL_SURFACE('',#5897,0.500000004497);
#5897 = AXIS2_PLACEMENT_3D('',#5898,#5899,#5900);
#5898 = CARTESIAN_POINT('',(-4.257351555261,6.425,2.75));
#5899 = DIRECTION('',(1.,0.,-1.075528555106E-16));
#5900 = DIRECTION('',(0.,-1.,0.));
#5901 = ADVANCED_FACE('',(#5902),#5923,.F.);
#5902 = FACE_BOUND('',#5903,.F.);
#5903 = EDGE_LOOP('',(#5904,#5905,#5914,#5921,#5922));
#5904 = ORIENTED_EDGE('',*,*,#4433,.T.);
#5905 = ORIENTED_EDGE('',*,*,#5906,.T.);
#5906 = EDGE_CURVE('',#4426,#5907,#5909,.T.);
#5907 = VERTEX_POINT('',#5908);
#5908 = CARTESIAN_POINT('',(-2.287867965644,6.424999998962,
    2.249999997759));
#5909 = CIRCLE('',#5910,0.500000006739);
#5910 = AXIS2_PLACEMENT_3D('',#5911,#5912,#5913);
#5911 = CARTESIAN_POINT('',(-2.287867965644,6.425,2.750000004497));
#5912 = DIRECTION('',(-1.,2.642297700216E-17,0.));
#5913 = DIRECTION('',(0.,0.,1.));
#5914 = ORIENTED_EDGE('',*,*,#5915,.F.);
#5915 = EDGE_CURVE('',#5883,#5907,#5916,.T.);
#5916 = CIRCLE('',#5917,0.225);
#5917 = AXIS2_PLACEMENT_3D('',#5918,#5919,#5920);
#5918 = CARTESIAN_POINT('',(-2.5,6.424999998443,2.324999997759));
#5919 = DIRECTION('',(0.,-1.,-6.919165662812E-09));
#5920 = DIRECTION('',(-1.,-0.,0.));
#5921 = ORIENTED_EDGE('',*,*,#5882,.F.);
#5922 = ORIENTED_EDGE('',*,*,#623,.T.);
#5923 = TOROIDAL_SURFACE('',#5924,0.425000006739,0.225);
#5924 = AXIS2_PLACEMENT_3D('',#5925,#5926,#5927);
#5925 = CARTESIAN_POINT('',(-2.5,6.425,2.750000004497));
#5926 = DIRECTION('',(-1.,2.642297700216E-17,1.075528555106E-16));
#5927 = DIRECTION('',(1.075528555106E-16,-2.841866627672E-33,1.));
#5928 = ADVANCED_FACE('',(#5929),#5948,.F.);
#5929 = FACE_BOUND('',#5930,.F.);
#5930 = EDGE_LOOP('',(#5931,#5940,#5946,#5947));
#5931 = ORIENTED_EDGE('',*,*,#5932,.T.);
#5932 = EDGE_CURVE('',#4453,#5933,#5935,.T.);
#5933 = VERTEX_POINT('',#5934);
#5934 = CARTESIAN_POINT('',(-1.75,6.425,2.25));
#5935 = CIRCLE('',#5936,0.500000004497);
#5936 = AXIS2_PLACEMENT_3D('',#5937,#5938,#5939);
#5937 = CARTESIAN_POINT('',(-1.75,6.425,2.75));
#5938 = DIRECTION('',(-1.,0.,1.075528555106E-16));
#5939 = DIRECTION('',(0.,-1.,0.));
#5940 = ORIENTED_EDGE('',*,*,#5941,.T.);
#5941 = EDGE_CURVE('',#5933,#5907,#5942,.T.);
#5942 = LINE('',#5943,#5944);
#5943 = CARTESIAN_POINT('',(9.,6.425,2.25));
#5944 = VECTOR('',#5945,1.);
#5945 = DIRECTION('',(-1.,-1.663240758842E-16,1.075528555106E-16));
#5946 = ORIENTED_EDGE('',*,*,#5906,.F.);
#5947 = ORIENTED_EDGE('',*,*,#4452,.F.);
#5948 = CYLINDRICAL_SURFACE('',#5949,0.500000004497);
#5949 = AXIS2_PLACEMENT_3D('',#5950,#5951,#5952);
#5950 = CARTESIAN_POINT('',(-4.257351555261,6.425,2.75));
#5951 = DIRECTION('',(1.,0.,-1.075528555106E-16));
#5952 = DIRECTION('',(0.,-1.,0.));
#5953 = ADVANCED_FACE('',(#5954),#5973,.T.);
#5954 = FACE_BOUND('',#5955,.T.);
#5955 = EDGE_LOOP('',(#5956,#5957,#5958,#5966));
#5956 = ORIENTED_EDGE('',*,*,#4476,.F.);
#5957 = ORIENTED_EDGE('',*,*,#5932,.T.);
#5958 = ORIENTED_EDGE('',*,*,#5959,.T.);
#5959 = EDGE_CURVE('',#5933,#5960,#5962,.T.);
#5960 = VERTEX_POINT('',#5961);
#5961 = CARTESIAN_POINT('',(-1.75,6.425,2.1));
#5962 = LINE('',#5963,#5964);
#5963 = CARTESIAN_POINT('',(-1.75,6.425,70.364192663504));
#5964 = VECTOR('',#5965,1.);
#5965 = DIRECTION('',(-1.075528555106E-16,-8.326672684689E-17,-1.));
#5966 = ORIENTED_EDGE('',*,*,#5967,.F.);
#5967 = EDGE_CURVE('',#4477,#5960,#5968,.T.);
#5968 = CIRCLE('',#5969,0.650000006746);
#5969 = AXIS2_PLACEMENT_3D('',#5970,#5971,#5972);
#5970 = CARTESIAN_POINT('',(-1.75,6.425,2.750000004497));
#5971 = DIRECTION('',(-1.,-3.336006649947E-16,1.3380779732E-16));
#5972 = DIRECTION('',(-3.336006649947E-16,1.,3.284293275761E-47));
#5973 = PLANE('',#5974);
#5974 = AXIS2_PLACEMENT_3D('',#5975,#5976,#5977);
#5975 = CARTESIAN_POINT('',(-1.75,6.425,2.750000004497));
#5976 = DIRECTION('',(1.,3.07177688965E-16,-1.3380779732E-16));
#5977 = DIRECTION('',(-3.07177688965E-16,1.,0.));
#5978 = ADVANCED_FACE('',(#5979),#5998,.T.);
#5979 = FACE_BOUND('',#5980,.T.);
#5980 = EDGE_LOOP('',(#5981,#5990,#5991,#5992));
#5981 = ORIENTED_EDGE('',*,*,#5982,.F.);
#5982 = EDGE_CURVE('',#542,#5983,#5985,.T.);
#5983 = VERTEX_POINT('',#5984);
#5984 = CARTESIAN_POINT('',(-2.2,6.425,2.099999997751));
#5985 = CIRCLE('',#5986,0.650000006746);
#5986 = AXIS2_PLACEMENT_3D('',#5987,#5988,#5989);
#5987 = CARTESIAN_POINT('',(-2.2,6.425,2.750000004497));
#5988 = DIRECTION('',(-1.,2.642297700216E-17,0.));
#5989 = DIRECTION('',(0.,0.,1.));
#5990 = ORIENTED_EDGE('',*,*,#4503,.F.);
#5991 = ORIENTED_EDGE('',*,*,#5967,.T.);
#5992 = ORIENTED_EDGE('',*,*,#5993,.T.);
#5993 = EDGE_CURVE('',#5960,#5983,#5994,.T.);
#5994 = LINE('',#5995,#5996);
#5995 = CARTESIAN_POINT('',(9.,6.425,2.1));
#5996 = VECTOR('',#5997,1.);
#5997 = DIRECTION('',(-1.,-1.663240758842E-16,1.075528555106E-16));
#5998 = CYLINDRICAL_SURFACE('',#5999,0.650000004497);
#5999 = AXIS2_PLACEMENT_3D('',#6000,#6001,#6002);
#6000 = CARTESIAN_POINT('',(-4.257351555261,6.425,2.75));
#6001 = DIRECTION('',(1.,0.,-1.075528555106E-16));
#6002 = DIRECTION('',(0.,-1.,0.));
#6003 = ADVANCED_FACE('',(#6004),#6025,.T.);
#6004 = FACE_BOUND('',#6005,.T.);
#6005 = EDGE_LOOP('',(#6006,#6007,#6008,#6009,#6018));
#6006 = ORIENTED_EDGE('',*,*,#4519,.T.);
#6007 = ORIENTED_EDGE('',*,*,#539,.T.);
#6008 = ORIENTED_EDGE('',*,*,#5982,.T.);
#6009 = ORIENTED_EDGE('',*,*,#6010,.F.);
#6010 = EDGE_CURVE('',#6011,#5983,#6013,.T.);
#6011 = VERTEX_POINT('',#6012);
#6012 = CARTESIAN_POINT('',(-2.8,6.425,2.099999997751));
#6013 = CIRCLE('',#6014,0.375);
#6014 = AXIS2_PLACEMENT_3D('',#6015,#6016,#6017);
#6015 = CARTESIAN_POINT('',(-2.5,6.424999998443,2.324999997751));
#6016 = DIRECTION('',(0.,-1.,-6.919165662812E-09));
#6017 = DIRECTION('',(1.,0.,0.));
#6018 = ORIENTED_EDGE('',*,*,#6019,.F.);
#6019 = EDGE_CURVE('',#4520,#6011,#6020,.T.);
#6020 = CIRCLE('',#6021,0.650000006746);
#6021 = AXIS2_PLACEMENT_3D('',#6022,#6023,#6024);
#6022 = CARTESIAN_POINT('',(-2.8,6.425,2.750000004497));
#6023 = DIRECTION('',(-1.,2.642297700216E-17,0.));
#6024 = DIRECTION('',(0.,0.,1.));
#6025 = TOROIDAL_SURFACE('',#6026,0.425000006746,0.375);
#6026 = AXIS2_PLACEMENT_3D('',#6027,#6028,#6029);
#6027 = CARTESIAN_POINT('',(-2.5,6.425,2.750000004497));
#6028 = DIRECTION('',(-1.,2.642297700216E-17,1.075528555106E-16));
#6029 = DIRECTION('',(1.075528555106E-16,-2.841866627672E-33,1.));
#6030 = ADVANCED_FACE('',(#6031),#6042,.T.);
#6031 = FACE_BOUND('',#6032,.T.);
#6032 = EDGE_LOOP('',(#6033,#6034,#6040,#6041));
#6033 = ORIENTED_EDGE('',*,*,#6019,.T.);
#6034 = ORIENTED_EDGE('',*,*,#6035,.T.);
#6035 = EDGE_CURVE('',#6011,#5858,#6036,.T.);
#6036 = LINE('',#6037,#6038);
#6037 = CARTESIAN_POINT('',(9.,6.425,2.1));
#6038 = VECTOR('',#6039,1.);
#6039 = DIRECTION('',(-1.,-1.663240758842E-16,1.075528555106E-16));
#6040 = ORIENTED_EDGE('',*,*,#5857,.T.);
#6041 = ORIENTED_EDGE('',*,*,#4546,.F.);
#6042 = CYLINDRICAL_SURFACE('',#6043,0.650000004497);
#6043 = AXIS2_PLACEMENT_3D('',#6044,#6045,#6046);
#6044 = CARTESIAN_POINT('',(-4.257351555261,6.425,2.75));
#6045 = DIRECTION('',(1.,0.,-1.075528555106E-16));
#6046 = DIRECTION('',(0.,-1.,0.));
#6047 = ADVANCED_FACE('',(#6048),#6075,.T.);
#6048 = FACE_BOUND('',#6049,.T.);
#6049 = EDGE_LOOP('',(#6050,#6059,#6060,#6069));
#6050 = ORIENTED_EDGE('',*,*,#6051,.T.);
#6051 = EDGE_CURVE('',#6052,#4572,#6054,.T.);
#6052 = VERTEX_POINT('',#6053);
#6053 = CARTESIAN_POINT('',(1.75,6.425,2.25));
#6054 = CIRCLE('',#6055,0.500000004497);
#6055 = AXIS2_PLACEMENT_3D('',#6056,#6057,#6058);
#6056 = CARTESIAN_POINT('',(1.75,6.425,2.75));
#6057 = DIRECTION('',(1.,0.,-1.075528555106E-16));
#6058 = DIRECTION('',(0.,-1.,0.));
#6059 = ORIENTED_EDGE('',*,*,#4571,.F.);
#6060 = ORIENTED_EDGE('',*,*,#6061,.F.);
#6061 = EDGE_CURVE('',#6062,#4564,#6064,.T.);
#6062 = VERTEX_POINT('',#6063);
#6063 = CARTESIAN_POINT('',(1.75,6.425,2.099999995503));
#6064 = CIRCLE('',#6065,0.650000006746);
#6065 = AXIS2_PLACEMENT_3D('',#6066,#6067,#6068);
#6066 = CARTESIAN_POINT('',(1.75,6.425,2.750000004497));
#6067 = DIRECTION('',(1.,-2.642297700216E-17,0.));
#6068 = DIRECTION('',(0.,0.,-1.));
#6069 = ORIENTED_EDGE('',*,*,#6070,.T.);
#6070 = EDGE_CURVE('',#6062,#6052,#6071,.T.);
#6071 = LINE('',#6072,#6073);
#6072 = CARTESIAN_POINT('',(1.75,6.425,70.364192663504));
#6073 = VECTOR('',#6074,1.);
#6074 = DIRECTION('',(1.075528555106E-16,8.326672684689E-17,1.));
#6075 = PLANE('',#6076);
#6076 = AXIS2_PLACEMENT_3D('',#6077,#6078,#6079);
#6077 = CARTESIAN_POINT('',(1.75,6.425,2.750000004497));
#6078 = DIRECTION('',(-1.,2.642297700216E-17,1.075528555106E-16));
#6079 = DIRECTION('',(2.642297700216E-17,1.,0.));
#6080 = ADVANCED_FACE('',(#6081),#6100,.F.);
#6081 = FACE_BOUND('',#6082,.F.);
#6082 = EDGE_LOOP('',(#6083,#6091,#6092,#6093));
#6083 = ORIENTED_EDGE('',*,*,#6084,.T.);
#6084 = EDGE_CURVE('',#6085,#6052,#6087,.T.);
#6085 = VERTEX_POINT('',#6086);
#6086 = CARTESIAN_POINT('',(2.287867965644,6.424999998962,2.249999997759
    ));
#6087 = LINE('',#6088,#6089);
#6088 = CARTESIAN_POINT('',(9.,6.425,2.25));
#6089 = VECTOR('',#6090,1.);
#6090 = DIRECTION('',(-1.,-1.663240758842E-16,1.075528555106E-16));
#6091 = ORIENTED_EDGE('',*,*,#6051,.T.);
#6092 = ORIENTED_EDGE('',*,*,#4599,.F.);
#6093 = ORIENTED_EDGE('',*,*,#6094,.T.);
#6094 = EDGE_CURVE('',#483,#6085,#6095,.T.);
#6095 = CIRCLE('',#6096,0.500000006739);
#6096 = AXIS2_PLACEMENT_3D('',#6097,#6098,#6099);
#6097 = CARTESIAN_POINT('',(2.287867965644,6.425,2.750000004497));
#6098 = DIRECTION('',(-1.,2.642297700216E-17,0.));
#6099 = DIRECTION('',(0.,0.,1.));
#6100 = CYLINDRICAL_SURFACE('',#6101,0.500000004497);
#6101 = AXIS2_PLACEMENT_3D('',#6102,#6103,#6104);
#6102 = CARTESIAN_POINT('',(0.742648444739,6.425,2.75));
#6103 = DIRECTION('',(1.,2.168404325466E-16,-1.075528555106E-16));
#6104 = DIRECTION('',(2.168404325466E-16,-1.,-1.368455531567E-47));
#6105 = ADVANCED_FACE('',(#6106),#6127,.F.);
#6106 = FACE_BOUND('',#6107,.F.);
#6107 = EDGE_LOOP('',(#6108,#6117,#6124,#6125,#6126));
#6108 = ORIENTED_EDGE('',*,*,#6109,.T.);
#6109 = EDGE_CURVE('',#4615,#6110,#6112,.T.);
#6110 = VERTEX_POINT('',#6111);
#6111 = CARTESIAN_POINT('',(2.712132035148,6.425,2.25));
#6112 = CIRCLE('',#6113,0.500000006739);
#6113 = AXIS2_PLACEMENT_3D('',#6114,#6115,#6116);
#6114 = CARTESIAN_POINT('',(2.712132034356,6.425,2.750000004497));
#6115 = DIRECTION('',(-1.,2.642297700216E-17,0.));
#6116 = DIRECTION('',(0.,0.,1.));
#6117 = ORIENTED_EDGE('',*,*,#6118,.T.);
#6118 = EDGE_CURVE('',#6110,#6085,#6119,.T.);
#6119 = CIRCLE('',#6120,0.225);
#6120 = AXIS2_PLACEMENT_3D('',#6121,#6122,#6123);
#6121 = CARTESIAN_POINT('',(2.5,6.424999998443,2.324999997759));
#6122 = DIRECTION('',(0.,1.,6.919165662812E-09));
#6123 = DIRECTION('',(1.,0.,-0.));
#6124 = ORIENTED_EDGE('',*,*,#6094,.F.);
#6125 = ORIENTED_EDGE('',*,*,#524,.F.);
#6126 = ORIENTED_EDGE('',*,*,#4622,.F.);
#6127 = TOROIDAL_SURFACE('',#6128,0.425000006739,0.225);
#6128 = AXIS2_PLACEMENT_3D('',#6129,#6130,#6131);
#6129 = CARTESIAN_POINT('',(2.5,6.425,2.750000004497));
#6130 = DIRECTION('',(-1.,2.642297700216E-17,1.075528555106E-16));
#6131 = DIRECTION('',(1.075528555106E-16,-2.841866627672E-33,1.));
#6132 = ADVANCED_FACE('',(#6133),#6152,.F.);
#6133 = FACE_BOUND('',#6134,.F.);
#6134 = EDGE_LOOP('',(#6135,#6136,#6145,#6151));
#6135 = ORIENTED_EDGE('',*,*,#4641,.F.);
#6136 = ORIENTED_EDGE('',*,*,#6137,.T.);
#6137 = EDGE_CURVE('',#4642,#6138,#6140,.T.);
#6138 = VERTEX_POINT('',#6139);
#6139 = CARTESIAN_POINT('',(3.25,6.425,2.25));
#6140 = CIRCLE('',#6141,0.500000004497);
#6141 = AXIS2_PLACEMENT_3D('',#6142,#6143,#6144);
#6142 = CARTESIAN_POINT('',(3.25,6.425,2.75));
#6143 = DIRECTION('',(-1.,0.,1.075528555106E-16));
#6144 = DIRECTION('',(0.,-1.,0.));
#6145 = ORIENTED_EDGE('',*,*,#6146,.T.);
#6146 = EDGE_CURVE('',#6138,#6110,#6147,.T.);
#6147 = LINE('',#6148,#6149);
#6148 = CARTESIAN_POINT('',(9.,6.425,2.25));
#6149 = VECTOR('',#6150,1.);
#6150 = DIRECTION('',(-1.,-1.663240758842E-16,1.075528555106E-16));
#6151 = ORIENTED_EDGE('',*,*,#6109,.F.);
#6152 = CYLINDRICAL_SURFACE('',#6153,0.500000004497);
#6153 = AXIS2_PLACEMENT_3D('',#6154,#6155,#6156);
#6154 = CARTESIAN_POINT('',(0.742648444739,6.425,2.75));
#6155 = DIRECTION('',(1.,2.168404325466E-16,-1.075528555106E-16));
#6156 = DIRECTION('',(2.168404325466E-16,-1.,-1.368455531567E-47));
#6157 = ADVANCED_FACE('',(#6158),#6177,.T.);
#6158 = FACE_BOUND('',#6159,.T.);
#6159 = EDGE_LOOP('',(#6160,#6161,#6162,#6170));
#6160 = ORIENTED_EDGE('',*,*,#4664,.T.);
#6161 = ORIENTED_EDGE('',*,*,#6137,.T.);
#6162 = ORIENTED_EDGE('',*,*,#6163,.F.);
#6163 = EDGE_CURVE('',#6164,#6138,#6166,.T.);
#6164 = VERTEX_POINT('',#6165);
#6165 = CARTESIAN_POINT('',(3.25,6.425,2.1));
#6166 = LINE('',#6167,#6168);
#6167 = CARTESIAN_POINT('',(3.25,6.425,2.1));
#6168 = VECTOR('',#6169,1.);
#6169 = DIRECTION('',(1.075528555106E-16,8.326672684689E-17,1.));
#6170 = ORIENTED_EDGE('',*,*,#6171,.F.);
#6171 = EDGE_CURVE('',#4665,#6164,#6172,.T.);
#6172 = CIRCLE('',#6173,0.650000006746);
#6173 = AXIS2_PLACEMENT_3D('',#6174,#6175,#6176);
#6174 = CARTESIAN_POINT('',(3.25,6.425,2.750000004497));
#6175 = DIRECTION('',(-1.,2.642297700216E-17,0.));
#6176 = DIRECTION('',(0.,0.,1.));
#6177 = PLANE('',#6178);
#6178 = AXIS2_PLACEMENT_3D('',#6179,#6180,#6181);
#6179 = CARTESIAN_POINT('',(3.25,6.425,2.750000004497));
#6180 = DIRECTION('',(1.,-2.642297700216E-17,-1.075528555106E-16));
#6181 = DIRECTION('',(-1.075528555106E-16,0.,-1.));
#6182 = ADVANCED_FACE('',(#6183),#6202,.T.);
#6183 = FACE_BOUND('',#6184,.T.);
#6184 = EDGE_LOOP('',(#6185,#6193,#6200,#6201));
#6185 = ORIENTED_EDGE('',*,*,#6186,.T.);
#6186 = EDGE_CURVE('',#6164,#6187,#6189,.T.);
#6187 = VERTEX_POINT('',#6188);
#6188 = CARTESIAN_POINT('',(2.8,6.425,2.099999997751));
#6189 = LINE('',#6190,#6191);
#6190 = CARTESIAN_POINT('',(9.,6.425,2.1));
#6191 = VECTOR('',#6192,1.);
#6192 = DIRECTION('',(-1.,-1.663240758842E-16,1.075528555106E-16));
#6193 = ORIENTED_EDGE('',*,*,#6194,.F.);
#6194 = EDGE_CURVE('',#424,#6187,#6195,.T.);
#6195 = CIRCLE('',#6196,0.650000006746);
#6196 = AXIS2_PLACEMENT_3D('',#6197,#6198,#6199);
#6197 = CARTESIAN_POINT('',(2.8,6.425,2.750000004497));
#6198 = DIRECTION('',(-1.,2.642297700216E-17,0.));
#6199 = DIRECTION('',(0.,0.,1.));
#6200 = ORIENTED_EDGE('',*,*,#4692,.F.);
#6201 = ORIENTED_EDGE('',*,*,#6171,.T.);
#6202 = CYLINDRICAL_SURFACE('',#6203,0.650000004497);
#6203 = AXIS2_PLACEMENT_3D('',#6204,#6205,#6206);
#6204 = CARTESIAN_POINT('',(0.742648444739,6.425,2.75));
#6205 = DIRECTION('',(1.,1.668003330744E-16,-1.075528555106E-16));
#6206 = DIRECTION('',(1.668003330744E-16,-1.,2.736911063134E-47));
#6207 = ADVANCED_FACE('',(#6208),#6229,.T.);
#6208 = FACE_BOUND('',#6209,.T.);
#6209 = EDGE_LOOP('',(#6210,#6211,#6212,#6221,#6228));
#6210 = ORIENTED_EDGE('',*,*,#423,.F.);
#6211 = ORIENTED_EDGE('',*,*,#6194,.T.);
#6212 = ORIENTED_EDGE('',*,*,#6213,.T.);
#6213 = EDGE_CURVE('',#6187,#6214,#6216,.T.);
#6214 = VERTEX_POINT('',#6215);
#6215 = CARTESIAN_POINT('',(2.2,6.425,2.099999997751));
#6216 = CIRCLE('',#6217,0.375);
#6217 = AXIS2_PLACEMENT_3D('',#6218,#6219,#6220);
#6218 = CARTESIAN_POINT('',(2.5,6.424999998443,2.324999997751));
#6219 = DIRECTION('',(0.,1.,6.919165662812E-09));
#6220 = DIRECTION('',(-1.,0.,0.));
#6221 = ORIENTED_EDGE('',*,*,#6222,.F.);
#6222 = EDGE_CURVE('',#4709,#6214,#6223,.T.);
#6223 = CIRCLE('',#6224,0.650000006746);
#6224 = AXIS2_PLACEMENT_3D('',#6225,#6226,#6227);
#6225 = CARTESIAN_POINT('',(2.2,6.425,2.750000004497));
#6226 = DIRECTION('',(-1.,2.642297700216E-17,0.));
#6227 = DIRECTION('',(0.,0.,1.));
#6228 = ORIENTED_EDGE('',*,*,#4708,.F.);
#6229 = TOROIDAL_SURFACE('',#6230,0.425000006746,0.375);
#6230 = AXIS2_PLACEMENT_3D('',#6231,#6232,#6233);
#6231 = CARTESIAN_POINT('',(2.5,6.425,2.750000004497));
#6232 = DIRECTION('',(-1.,2.642297700216E-17,1.075528555106E-16));
#6233 = DIRECTION('',(1.075528555106E-16,-2.841866627672E-33,1.));
#6234 = ADVANCED_FACE('',(#6235),#6246,.T.);
#6235 = FACE_BOUND('',#6236,.T.);
#6236 = EDGE_LOOP('',(#6237,#6238,#6239,#6245));
#6237 = ORIENTED_EDGE('',*,*,#4735,.F.);
#6238 = ORIENTED_EDGE('',*,*,#6222,.T.);
#6239 = ORIENTED_EDGE('',*,*,#6240,.T.);
#6240 = EDGE_CURVE('',#6214,#6062,#6241,.T.);
#6241 = LINE('',#6242,#6243);
#6242 = CARTESIAN_POINT('',(9.,6.425,2.1));
#6243 = VECTOR('',#6244,1.);
#6244 = DIRECTION('',(-1.,-1.663240758842E-16,1.075528555106E-16));
#6245 = ORIENTED_EDGE('',*,*,#6061,.T.);
#6246 = CYLINDRICAL_SURFACE('',#6247,0.650000004497);
#6247 = AXIS2_PLACEMENT_3D('',#6248,#6249,#6250);
#6248 = CARTESIAN_POINT('',(0.742648444739,6.425,2.75));
#6249 = DIRECTION('',(1.,1.668003330744E-16,-1.075528555106E-16));
#6250 = DIRECTION('',(1.668003330744E-16,-1.,2.736911063134E-47));
#6251 = ADVANCED_FACE('',(#6252),#6277,.T.);
#6252 = FACE_BOUND('',#6253,.T.);
#6253 = EDGE_LOOP('',(#6254,#6261,#6269,#6276));
#6254 = ORIENTED_EDGE('',*,*,#6255,.T.);
#6255 = EDGE_CURVE('',#4754,#256,#6256,.T.);
#6256 = CIRCLE('',#6257,0.65);
#6257 = AXIS2_PLACEMENT_3D('',#6258,#6259,#6260);
#6258 = CARTESIAN_POINT('',(-2.2,-6.925,2.750000004847));
#6259 = DIRECTION('',(1.,-2.642297700216E-17,0.));
#6260 = DIRECTION('',(0.,0.,-1.));
#6261 = ORIENTED_EDGE('',*,*,#6262,.T.);
#6262 = EDGE_CURVE('',#256,#6263,#6265,.T.);
#6263 = VERTEX_POINT('',#6264);
#6264 = CARTESIAN_POINT('',(-1.75,-6.925,2.099999995153));
#6265 = LINE('',#6266,#6267);
#6266 = CARTESIAN_POINT('',(9.,-6.925,2.1));
#6267 = VECTOR('',#6268,1.);
#6268 = DIRECTION('',(1.,-2.642297700216E-17,-1.075528555106E-16));
#6269 = ORIENTED_EDGE('',*,*,#6270,.T.);
#6270 = EDGE_CURVE('',#6263,#4762,#6271,.T.);
#6271 = CIRCLE('',#6272,0.650000007271);
#6272 = AXIS2_PLACEMENT_3D('',#6273,#6274,#6275);
#6273 = CARTESIAN_POINT('',(-1.75,-6.925,2.750000004847));
#6274 = DIRECTION('',(-1.,2.642297700216E-17,0.));
#6275 = DIRECTION('',(0.,0.,1.));
#6276 = ORIENTED_EDGE('',*,*,#4761,.F.);
#6277 = CYLINDRICAL_SURFACE('',#6278,0.650000004847);
#6278 = AXIS2_PLACEMENT_3D('',#6279,#6280,#6281);
#6279 = CARTESIAN_POINT('',(-0.742648444739,-6.925,2.75));
#6280 = DIRECTION('',(-1.,2.642297700216E-17,1.668003329846E-16));
#6281 = DIRECTION('',(1.668003329846E-16,-6.842277657836E-49,1.));
#6282 = ADVANCED_FACE('',(#6283),#6302,.T.);
#6283 = FACE_BOUND('',#6284,.T.);
#6284 = EDGE_LOOP('',(#6285,#6294,#6295,#6296));
#6285 = ORIENTED_EDGE('',*,*,#6286,.T.);
#6286 = EDGE_CURVE('',#6287,#4786,#6289,.T.);
#6287 = VERTEX_POINT('',#6288);
#6288 = CARTESIAN_POINT('',(-1.75,-6.925,2.25));
#6289 = CIRCLE('',#6290,0.500000004847);
#6290 = AXIS2_PLACEMENT_3D('',#6291,#6292,#6293);
#6291 = CARTESIAN_POINT('',(-1.75,-6.925,2.75));
#6292 = DIRECTION('',(-1.,2.642297700216E-17,0.));
#6293 = DIRECTION('',(0.,0.,1.));
#6294 = ORIENTED_EDGE('',*,*,#4785,.T.);
#6295 = ORIENTED_EDGE('',*,*,#6270,.F.);
#6296 = ORIENTED_EDGE('',*,*,#6297,.F.);
#6297 = EDGE_CURVE('',#6287,#6263,#6298,.T.);
#6298 = LINE('',#6299,#6300);
#6299 = CARTESIAN_POINT('',(-1.75,-6.925,2.1));
#6300 = VECTOR('',#6301,1.);
#6301 = DIRECTION('',(-1.075528555106E-16,-8.326672684689E-17,-1.));
#6302 = PLANE('',#6303);
#6303 = AXIS2_PLACEMENT_3D('',#6304,#6305,#6306);
#6304 = CARTESIAN_POINT('',(-1.75,-6.925,2.750000004847));
#6305 = DIRECTION('',(1.,-2.642297700216E-17,-1.075528555106E-16));
#6306 = DIRECTION('',(-1.075528555106E-16,0.,-1.));
#6307 = ADVANCED_FACE('',(#6308),#6327,.F.);
#6308 = FACE_BOUND('',#6309,.F.);
#6309 = EDGE_LOOP('',(#6310,#6311,#6312,#6321));
#6310 = ORIENTED_EDGE('',*,*,#6286,.T.);
#6311 = ORIENTED_EDGE('',*,*,#4821,.F.);
#6312 = ORIENTED_EDGE('',*,*,#6313,.T.);
#6313 = EDGE_CURVE('',#4810,#6314,#6316,.T.);
#6314 = VERTEX_POINT('',#6315);
#6315 = CARTESIAN_POINT('',(-2.287867965644,-6.925,2.25));
#6316 = CIRCLE('',#6317,0.5);
#6317 = AXIS2_PLACEMENT_3D('',#6318,#6319,#6320);
#6318 = CARTESIAN_POINT('',(-2.287867965644,-6.925,2.75));
#6319 = DIRECTION('',(1.,-2.642297700216E-17,0.));
#6320 = DIRECTION('',(0.,0.,-1.));
#6321 = ORIENTED_EDGE('',*,*,#6322,.T.);
#6322 = EDGE_CURVE('',#6314,#6287,#6323,.T.);
#6323 = LINE('',#6324,#6325);
#6324 = CARTESIAN_POINT('',(9.,-6.925,2.25));
#6325 = VECTOR('',#6326,1.);
#6326 = DIRECTION('',(1.,-2.642297700216E-17,-1.075528555106E-16));
#6327 = CYLINDRICAL_SURFACE('',#6328,0.500000004847);
#6328 = AXIS2_PLACEMENT_3D('',#6329,#6330,#6331);
#6329 = CARTESIAN_POINT('',(-0.742648444739,-6.925,2.75));
#6330 = DIRECTION('',(-1.,2.642297700216E-17,0.));
#6331 = DIRECTION('',(0.,0.,1.));
#6332 = ADVANCED_FACE('',(#6333),#6352,.F.);
#6333 = FACE_BOUND('',#6334,.F.);
#6334 = EDGE_LOOP('',(#6335,#6342,#6343,#6350,#6351));
#6335 = ORIENTED_EDGE('',*,*,#6336,.T.);
#6336 = EDGE_CURVE('',#4836,#298,#6337,.T.);
#6337 = CIRCLE('',#6338,0.5);
#6338 = AXIS2_PLACEMENT_3D('',#6339,#6340,#6341);
#6339 = CARTESIAN_POINT('',(-2.712132034356,-6.925,2.75));
#6340 = DIRECTION('',(1.,-2.642297700216E-17,0.));
#6341 = DIRECTION('',(0.,0.,-1.));
#6342 = ORIENTED_EDGE('',*,*,#324,.F.);
#6343 = ORIENTED_EDGE('',*,*,#6344,.F.);
#6344 = EDGE_CURVE('',#6314,#317,#6345,.T.);
#6345 = CIRCLE('',#6346,0.225);
#6346 = AXIS2_PLACEMENT_3D('',#6347,#6348,#6349);
#6347 = CARTESIAN_POINT('',(-2.5,-6.925,2.325));
#6348 = DIRECTION('',(0.,1.,1.739702674454E-14));
#6349 = DIRECTION('',(-1.,0.,0.));
#6350 = ORIENTED_EDGE('',*,*,#6313,.F.);
#6351 = ORIENTED_EDGE('',*,*,#4843,.T.);
#6352 = TOROIDAL_SURFACE('',#6353,0.425,0.225);
#6353 = AXIS2_PLACEMENT_3D('',#6354,#6355,#6356);
#6354 = CARTESIAN_POINT('',(-2.5,-6.925,2.75));
#6355 = DIRECTION('',(1.,-2.642297700216E-17,-1.075528555106E-16));
#6356 = DIRECTION('',(-1.075528555106E-16,2.841866627672E-33,-1.));
#6357 = ADVANCED_FACE('',(#6358),#6369,.F.);
#6358 = FACE_BOUND('',#6359,.F.);
#6359 = EDGE_LOOP('',(#6360,#6361,#6367,#6368));
#6360 = ORIENTED_EDGE('',*,*,#4880,.T.);
#6361 = ORIENTED_EDGE('',*,*,#6362,.T.);
#6362 = EDGE_CURVE('',#4881,#298,#6363,.T.);
#6363 = LINE('',#6364,#6365);
#6364 = CARTESIAN_POINT('',(9.,-6.925,2.25));
#6365 = VECTOR('',#6366,1.);
#6366 = DIRECTION('',(1.,-2.642297700216E-17,-1.075528555106E-16));
#6367 = ORIENTED_EDGE('',*,*,#6336,.F.);
#6368 = ORIENTED_EDGE('',*,*,#4863,.F.);
#6369 = CYLINDRICAL_SURFACE('',#6370,0.500000004847);
#6370 = AXIS2_PLACEMENT_3D('',#6371,#6372,#6373);
#6371 = CARTESIAN_POINT('',(-0.742648444739,-6.925,2.75));
#6372 = DIRECTION('',(-1.,2.642297700216E-17,0.));
#6373 = DIRECTION('',(0.,0.,1.));
#6374 = ADVANCED_FACE('',(#6375),#6409,.F.);
#6375 = FACE_BOUND('',#6376,.T.);
#6376 = EDGE_LOOP('',(#6377,#6387,#6395,#6403));
#6377 = ORIENTED_EDGE('',*,*,#6378,.T.);
#6378 = EDGE_CURVE('',#6379,#6381,#6383,.T.);
#6379 = VERTEX_POINT('',#6380);
#6380 = CARTESIAN_POINT('',(-4.6,-6.6,2.25));
#6381 = VERTEX_POINT('',#6382);
#6382 = CARTESIAN_POINT('',(-4.6,-6.6,2.1));
#6383 = LINE('',#6384,#6385);
#6384 = CARTESIAN_POINT('',(-4.6,-6.6,9.921792112093));
#6385 = VECTOR('',#6386,1.);
#6386 = DIRECTION('',(-1.075528555106E-16,-8.326672684689E-17,-1.));
#6387 = ORIENTED_EDGE('',*,*,#6388,.T.);
#6388 = EDGE_CURVE('',#6381,#6389,#6391,.T.);
#6389 = VERTEX_POINT('',#6390);
#6390 = CARTESIAN_POINT('',(-3.992423461417,-6.6,2.1));
#6391 = LINE('',#6392,#6393);
#6392 = CARTESIAN_POINT('',(-4.6,-6.6,2.1));
#6393 = VECTOR('',#6394,1.);
#6394 = DIRECTION('',(1.,-2.642297700216E-17,-1.075528555106E-16));
#6395 = ORIENTED_EDGE('',*,*,#6396,.F.);
#6396 = EDGE_CURVE('',#6397,#6389,#6399,.T.);
#6397 = VERTEX_POINT('',#6398);
#6398 = CARTESIAN_POINT('',(-3.992423461417,-6.6,2.25));
#6399 = LINE('',#6400,#6401);
#6400 = CARTESIAN_POINT('',(-3.992423461417,-6.6,9.921792112093));
#6401 = VECTOR('',#6402,1.);
#6402 = DIRECTION('',(-1.075528555106E-16,-8.326672684689E-17,-1.));
#6403 = ORIENTED_EDGE('',*,*,#6404,.F.);
#6404 = EDGE_CURVE('',#6379,#6397,#6405,.T.);
#6405 = LINE('',#6406,#6407);
#6406 = CARTESIAN_POINT('',(9.,-6.6,2.25));
#6407 = VECTOR('',#6408,1.);
#6408 = DIRECTION('',(1.,-2.642297700216E-17,-1.075528555106E-16));
#6409 = PLANE('',#6410);
#6410 = AXIS2_PLACEMENT_3D('',#6411,#6412,#6413);
#6411 = CARTESIAN_POINT('',(-4.6,-6.6,9.921792112093));
#6412 = DIRECTION('',(2.642297700216E-17,1.,-8.326672684689E-17));
#6413 = DIRECTION('',(0.,-8.326672684689E-17,-1.));
#6414 = ADVANCED_FACE('',(#6415),#6442,.F.);
#6415 = FACE_BOUND('',#6416,.F.);
#6416 = EDGE_LOOP('',(#6417,#6427,#6434,#6435));
#6417 = ORIENTED_EDGE('',*,*,#6418,.F.);
#6418 = EDGE_CURVE('',#6419,#6421,#6423,.T.);
#6419 = VERTEX_POINT('',#6420);
#6420 = CARTESIAN_POINT('',(-3.25,-6.675,2.1));
#6421 = VERTEX_POINT('',#6422);
#6422 = CARTESIAN_POINT('',(-3.25,-6.675,2.25));
#6423 = LINE('',#6424,#6425);
#6424 = CARTESIAN_POINT('',(-3.25,-6.675,2.1));
#6425 = VECTOR('',#6426,1.);
#6426 = DIRECTION('',(1.075528555106E-16,8.326672684689E-17,1.));
#6427 = ORIENTED_EDGE('',*,*,#6428,.T.);
#6428 = EDGE_CURVE('',#6419,#6389,#6429,.T.);
#6429 = CIRCLE('',#6430,0.375);
#6430 = AXIS2_PLACEMENT_3D('',#6431,#6432,#6433);
#6431 = CARTESIAN_POINT('',(-3.625,-6.675,2.1));
#6432 = DIRECTION('',(0.,8.326672684689E-17,1.));
#6433 = DIRECTION('',(1.,0.,-0.));
#6434 = ORIENTED_EDGE('',*,*,#6396,.F.);
#6435 = ORIENTED_EDGE('',*,*,#6436,.F.);
#6436 = EDGE_CURVE('',#6421,#6397,#6437,.T.);
#6437 = CIRCLE('',#6438,0.375);
#6438 = AXIS2_PLACEMENT_3D('',#6439,#6440,#6441);
#6439 = CARTESIAN_POINT('',(-3.625,-6.675,2.25));
#6440 = DIRECTION('',(0.,8.326672684689E-17,1.));
#6441 = DIRECTION('',(1.,0.,-0.));
#6442 = CYLINDRICAL_SURFACE('',#6443,0.375);
#6443 = AXIS2_PLACEMENT_3D('',#6444,#6445,#6446);
#6444 = CARTESIAN_POINT('',(-3.625,-6.675,2.1));
#6445 = DIRECTION('',(0.,8.326672684689E-17,1.));
#6446 = DIRECTION('',(1.,0.,-0.));
#6447 = ADVANCED_FACE('',(#6448),#6464,.F.);
#6448 = FACE_BOUND('',#6449,.T.);
#6449 = EDGE_LOOP('',(#6450,#6456,#6457,#6463));
#6450 = ORIENTED_EDGE('',*,*,#6451,.F.);
#6451 = EDGE_CURVE('',#4890,#6419,#6452,.T.);
#6452 = LINE('',#6453,#6454);
#6453 = CARTESIAN_POINT('',(-3.25,-8.35,2.1));
#6454 = VECTOR('',#6455,1.);
#6455 = DIRECTION('',(-2.562716539381E-15,1.,-8.326672684689E-17));
#6456 = ORIENTED_EDGE('',*,*,#4889,.T.);
#6457 = ORIENTED_EDGE('',*,*,#6458,.T.);
#6458 = EDGE_CURVE('',#4881,#6421,#6459,.T.);
#6459 = LINE('',#6460,#6461);
#6460 = CARTESIAN_POINT('',(-3.25,-8.35,2.25));
#6461 = VECTOR('',#6462,1.);
#6462 = DIRECTION('',(-2.562716539381E-15,1.,-8.326672684689E-17));
#6463 = ORIENTED_EDGE('',*,*,#6418,.F.);
#6464 = PLANE('',#6465);
#6465 = AXIS2_PLACEMENT_3D('',#6466,#6467,#6468);
#6466 = CARTESIAN_POINT('',(-3.25,-8.35,2.1));
#6467 = DIRECTION('',(1.,2.562716539381E-15,-1.075528555106E-16));
#6468 = DIRECTION('',(-2.562716539381E-15,1.,0.));
#6469 = ADVANCED_FACE('',(#6470),#6489,.T.);
#6470 = FACE_BOUND('',#6471,.T.);
#6471 = EDGE_LOOP('',(#6472,#6481,#6482,#6483));
#6472 = ORIENTED_EDGE('',*,*,#6473,.F.);
#6473 = EDGE_CURVE('',#4917,#6474,#6476,.T.);
#6474 = VERTEX_POINT('',#6475);
#6475 = CARTESIAN_POINT('',(-2.8,-6.925,2.100000004847));
#6476 = CIRCLE('',#6477,0.65);
#6477 = AXIS2_PLACEMENT_3D('',#6478,#6479,#6480);
#6478 = CARTESIAN_POINT('',(-2.8,-6.925,2.750000004847));
#6479 = DIRECTION('',(1.,-2.642297700216E-17,0.));
#6480 = DIRECTION('',(0.,0.,-1.));
#6481 = ORIENTED_EDGE('',*,*,#4916,.F.);
#6482 = ORIENTED_EDGE('',*,*,#4897,.T.);
#6483 = ORIENTED_EDGE('',*,*,#6484,.T.);
#6484 = EDGE_CURVE('',#4890,#6474,#6485,.T.);
#6485 = LINE('',#6486,#6487);
#6486 = CARTESIAN_POINT('',(9.,-6.925,2.1));
#6487 = VECTOR('',#6488,1.);
#6488 = DIRECTION('',(1.,-2.642297700216E-17,-1.075528555106E-16));
#6489 = CYLINDRICAL_SURFACE('',#6490,0.650000004847);
#6490 = AXIS2_PLACEMENT_3D('',#6491,#6492,#6493);
#6491 = CARTESIAN_POINT('',(-0.742648444739,-6.925,2.75));
#6492 = DIRECTION('',(-1.,2.642297700216E-17,1.668003329846E-16));
#6493 = DIRECTION('',(1.668003329846E-16,-6.842277657836E-49,1.));
#6494 = ADVANCED_FACE('',(#6495),#6508,.T.);
#6495 = FACE_BOUND('',#6496,.T.);
#6496 = EDGE_LOOP('',(#6497,#6498,#6499,#6506,#6507));
#6497 = ORIENTED_EDGE('',*,*,#4941,.T.);
#6498 = ORIENTED_EDGE('',*,*,#6473,.T.);
#6499 = ORIENTED_EDGE('',*,*,#6500,.F.);
#6500 = EDGE_CURVE('',#258,#6474,#6501,.T.);
#6501 = CIRCLE('',#6502,0.375);
#6502 = AXIS2_PLACEMENT_3D('',#6503,#6504,#6505);
#6503 = CARTESIAN_POINT('',(-2.5,-6.924999998322,2.325000004847));
#6504 = DIRECTION('',(0.,1.,-7.457604234319E-09));
#6505 = DIRECTION('',(-1.,0.,0.));
#6506 = ORIENTED_EDGE('',*,*,#255,.F.);
#6507 = ORIENTED_EDGE('',*,*,#6255,.F.);
#6508 = TOROIDAL_SURFACE('',#6509,0.425,0.375);
#6509 = AXIS2_PLACEMENT_3D('',#6510,#6511,#6512);
#6510 = CARTESIAN_POINT('',(-2.5,-6.925,2.750000004847));
#6511 = DIRECTION('',(1.,-2.642297700216E-17,-1.075528555106E-16));
#6512 = DIRECTION('',(-1.075528555106E-16,2.841866627672E-33,-1.));
#6513 = ADVANCED_FACE('',(#6514),#6533,.F.);
#6514 = FACE_BOUND('',#6515,.F.);
#6515 = EDGE_LOOP('',(#6516,#6524,#6525,#6526));
#6516 = ORIENTED_EDGE('',*,*,#6517,.T.);
#6517 = EDGE_CURVE('',#6518,#5132,#6520,.T.);
#6518 = VERTEX_POINT('',#6519);
#6519 = CARTESIAN_POINT('',(2.712132034356,-6.925,2.25));
#6520 = LINE('',#6521,#6522);
#6521 = CARTESIAN_POINT('',(9.,-6.925,2.25));
#6522 = VECTOR('',#6523,1.);
#6523 = DIRECTION('',(1.,-2.642297700216E-17,-1.075528555106E-16));
#6524 = ORIENTED_EDGE('',*,*,#5131,.T.);
#6525 = ORIENTED_EDGE('',*,*,#4970,.F.);
#6526 = ORIENTED_EDGE('',*,*,#6527,.T.);
#6527 = EDGE_CURVE('',#4959,#6518,#6528,.T.);
#6528 = CIRCLE('',#6529,0.5);
#6529 = AXIS2_PLACEMENT_3D('',#6530,#6531,#6532);
#6530 = CARTESIAN_POINT('',(2.712132034356,-6.925,2.75));
#6531 = DIRECTION('',(1.,-2.642297700216E-17,0.));
#6532 = DIRECTION('',(0.,0.,-1.));
#6533 = CYLINDRICAL_SURFACE('',#6534,0.500000004847);
#6534 = AXIS2_PLACEMENT_3D('',#6535,#6536,#6537);
#6535 = CARTESIAN_POINT('',(4.257351555261,-6.925,2.75));
#6536 = DIRECTION('',(-1.,2.642297700216E-17,0.));
#6537 = DIRECTION('',(0.,0.,1.));
#6538 = ADVANCED_FACE('',(#6539),#6558,.F.);
#6539 = FACE_BOUND('',#6540,.F.);
#6540 = EDGE_LOOP('',(#6541,#6548,#6549,#6556,#6557));
#6541 = ORIENTED_EDGE('',*,*,#6542,.T.);
#6542 = EDGE_CURVE('',#4985,#214,#6543,.T.);
#6543 = CIRCLE('',#6544,0.5);
#6544 = AXIS2_PLACEMENT_3D('',#6545,#6546,#6547);
#6545 = CARTESIAN_POINT('',(2.287867965644,-6.925,2.75));
#6546 = DIRECTION('',(1.,-2.642297700216E-17,0.));
#6547 = DIRECTION('',(0.,0.,-1.));
#6548 = ORIENTED_EDGE('',*,*,#240,.T.);
#6549 = ORIENTED_EDGE('',*,*,#6550,.T.);
#6550 = EDGE_CURVE('',#233,#6518,#6551,.T.);
#6551 = CIRCLE('',#6552,0.225);
#6552 = AXIS2_PLACEMENT_3D('',#6553,#6554,#6555);
#6553 = CARTESIAN_POINT('',(2.5,-6.925,2.325));
#6554 = DIRECTION('',(0.,-1.,-1.739702674454E-14));
#6555 = DIRECTION('',(1.,0.,0.));
#6556 = ORIENTED_EDGE('',*,*,#6527,.F.);
#6557 = ORIENTED_EDGE('',*,*,#4984,.F.);
#6558 = TOROIDAL_SURFACE('',#6559,0.425,0.225);
#6559 = AXIS2_PLACEMENT_3D('',#6560,#6561,#6562);
#6560 = CARTESIAN_POINT('',(2.5,-6.925,2.75));
#6561 = DIRECTION('',(1.,-2.642297700216E-17,-1.075528555106E-16));
#6562 = DIRECTION('',(-1.075528555106E-16,2.841866627672E-33,-1.));
#6563 = ADVANCED_FACE('',(#6564),#6583,.F.);
#6564 = FACE_BOUND('',#6565,.F.);
#6565 = EDGE_LOOP('',(#6566,#6567,#6576,#6582));
#6566 = ORIENTED_EDGE('',*,*,#5012,.F.);
#6567 = ORIENTED_EDGE('',*,*,#6568,.T.);
#6568 = EDGE_CURVE('',#5013,#6569,#6571,.T.);
#6569 = VERTEX_POINT('',#6570);
#6570 = CARTESIAN_POINT('',(1.75,-6.925,2.25));
#6571 = CIRCLE('',#6572,0.500000004847);
#6572 = AXIS2_PLACEMENT_3D('',#6573,#6574,#6575);
#6573 = CARTESIAN_POINT('',(1.75,-6.925,2.75));
#6574 = DIRECTION('',(1.,-2.642297700216E-17,4.583655806646E-32));
#6575 = DIRECTION('',(2.736911063134E-47,1.734723459159E-15,1.));
#6576 = ORIENTED_EDGE('',*,*,#6577,.T.);
#6577 = EDGE_CURVE('',#6569,#214,#6578,.T.);
#6578 = LINE('',#6579,#6580);
#6579 = CARTESIAN_POINT('',(9.,-6.925,2.25));
#6580 = VECTOR('',#6581,1.);
#6581 = DIRECTION('',(1.,-2.642297700216E-17,-1.075528555106E-16));
#6582 = ORIENTED_EDGE('',*,*,#6542,.F.);
#6583 = CYLINDRICAL_SURFACE('',#6584,0.500000004847);
#6584 = AXIS2_PLACEMENT_3D('',#6585,#6586,#6587);
#6585 = CARTESIAN_POINT('',(4.257351555261,-6.925,2.75));
#6586 = DIRECTION('',(-1.,2.642297700216E-17,0.));
#6587 = DIRECTION('',(0.,0.,1.));
#6588 = ADVANCED_FACE('',(#6589),#6608,.T.);
#6589 = FACE_BOUND('',#6590,.T.);
#6590 = EDGE_LOOP('',(#6591,#6592,#6593,#6601));
#6591 = ORIENTED_EDGE('',*,*,#5035,.T.);
#6592 = ORIENTED_EDGE('',*,*,#6568,.T.);
#6593 = ORIENTED_EDGE('',*,*,#6594,.F.);
#6594 = EDGE_CURVE('',#6595,#6569,#6597,.T.);
#6595 = VERTEX_POINT('',#6596);
#6596 = CARTESIAN_POINT('',(1.75,-6.925,2.1));
#6597 = LINE('',#6598,#6599);
#6598 = CARTESIAN_POINT('',(1.75,-6.925,2.1));
#6599 = VECTOR('',#6600,1.);
#6600 = DIRECTION('',(1.075528555106E-16,8.326672684689E-17,1.));
#6601 = ORIENTED_EDGE('',*,*,#6602,.F.);
#6602 = EDGE_CURVE('',#5036,#6595,#6603,.T.);
#6603 = CIRCLE('',#6604,0.650000007271);
#6604 = AXIS2_PLACEMENT_3D('',#6605,#6606,#6607);
#6605 = CARTESIAN_POINT('',(1.75,-6.925,2.750000004847));
#6606 = DIRECTION('',(1.,-2.642297700216E-17,0.));
#6607 = DIRECTION('',(0.,0.,-1.));
#6608 = PLANE('',#6609);
#6609 = AXIS2_PLACEMENT_3D('',#6610,#6611,#6612);
#6610 = CARTESIAN_POINT('',(1.75,-6.925,2.750000004847));
#6611 = DIRECTION('',(-1.,2.642297700216E-17,1.075528555106E-16));
#6612 = DIRECTION('',(2.642297700216E-17,1.,0.));
#6613 = ADVANCED_FACE('',(#6614),#6633,.T.);
#6614 = FACE_BOUND('',#6615,.T.);
#6615 = EDGE_LOOP('',(#6616,#6624,#6631,#6632));
#6616 = ORIENTED_EDGE('',*,*,#6617,.T.);
#6617 = EDGE_CURVE('',#6595,#6618,#6620,.T.);
#6618 = VERTEX_POINT('',#6619);
#6619 = CARTESIAN_POINT('',(2.2,-6.925,2.100000004847));
#6620 = LINE('',#6621,#6622);
#6621 = CARTESIAN_POINT('',(9.,-6.925,2.1));
#6622 = VECTOR('',#6623,1.);
#6623 = DIRECTION('',(1.,-2.642297700216E-17,-1.075528555106E-16));
#6624 = ORIENTED_EDGE('',*,*,#6625,.F.);
#6625 = EDGE_CURVE('',#5064,#6618,#6626,.T.);
#6626 = CIRCLE('',#6627,0.65);
#6627 = AXIS2_PLACEMENT_3D('',#6628,#6629,#6630);
#6628 = CARTESIAN_POINT('',(2.2,-6.925,2.750000004847));
#6629 = DIRECTION('',(1.,-2.642297700216E-17,0.));
#6630 = DIRECTION('',(0.,0.,-1.));
#6631 = ORIENTED_EDGE('',*,*,#5063,.F.);
#6632 = ORIENTED_EDGE('',*,*,#6602,.T.);
#6633 = CYLINDRICAL_SURFACE('',#6634,0.650000004847);
#6634 = AXIS2_PLACEMENT_3D('',#6635,#6636,#6637);
#6635 = CARTESIAN_POINT('',(4.257351555261,-6.925,2.75));
#6636 = DIRECTION('',(-1.,2.642297700216E-17,0.));
#6637 = DIRECTION('',(0.,0.,1.));
#6638 = ADVANCED_FACE('',(#6639),#6658,.T.);
#6639 = FACE_BOUND('',#6640,.T.);
#6640 = EDGE_LOOP('',(#6641,#6642,#6643,#6650,#6651));
#6641 = ORIENTED_EDGE('',*,*,#5089,.F.);
#6642 = ORIENTED_EDGE('',*,*,#6625,.T.);
#6643 = ORIENTED_EDGE('',*,*,#6644,.T.);
#6644 = EDGE_CURVE('',#6618,#172,#6645,.T.);
#6645 = CIRCLE('',#6646,0.375);
#6646 = AXIS2_PLACEMENT_3D('',#6647,#6648,#6649);
#6647 = CARTESIAN_POINT('',(2.5,-6.924999998322,2.325000004847));
#6648 = DIRECTION('',(0.,-1.,7.457604234319E-09));
#6649 = DIRECTION('',(1.,0.,0.));
#6650 = ORIENTED_EDGE('',*,*,#171,.T.);
#6651 = ORIENTED_EDGE('',*,*,#6652,.F.);
#6652 = EDGE_CURVE('',#5090,#174,#6653,.T.);
#6653 = CIRCLE('',#6654,0.65);
#6654 = AXIS2_PLACEMENT_3D('',#6655,#6656,#6657);
#6655 = CARTESIAN_POINT('',(2.8,-6.925,2.750000004847));
#6656 = DIRECTION('',(1.,-2.642297700216E-17,0.));
#6657 = DIRECTION('',(0.,0.,-1.));
#6658 = TOROIDAL_SURFACE('',#6659,0.425,0.375);
#6659 = AXIS2_PLACEMENT_3D('',#6660,#6661,#6662);
#6660 = CARTESIAN_POINT('',(2.5,-6.925,2.750000004847));
#6661 = DIRECTION('',(1.,-2.642297700216E-17,-1.075528555106E-16));
#6662 = DIRECTION('',(-1.075528555106E-16,2.841866627672E-33,-1.));
#6663 = ADVANCED_FACE('',(#6664),#6675,.T.);
#6664 = FACE_BOUND('',#6665,.T.);
#6665 = EDGE_LOOP('',(#6666,#6667,#6668,#6674));
#6666 = ORIENTED_EDGE('',*,*,#5114,.F.);
#6667 = ORIENTED_EDGE('',*,*,#6652,.T.);
#6668 = ORIENTED_EDGE('',*,*,#6669,.T.);
#6669 = EDGE_CURVE('',#174,#5142,#6670,.T.);
#6670 = LINE('',#6671,#6672);
#6671 = CARTESIAN_POINT('',(9.,-6.925,2.1));
#6672 = VECTOR('',#6673,1.);
#6673 = DIRECTION('',(1.,-2.642297700216E-17,-1.075528555106E-16));
#6674 = ORIENTED_EDGE('',*,*,#5141,.T.);
#6675 = CYLINDRICAL_SURFACE('',#6676,0.650000004847);
#6676 = AXIS2_PLACEMENT_3D('',#6677,#6678,#6679);
#6677 = CARTESIAN_POINT('',(4.257351555261,-6.925,2.75));
#6678 = DIRECTION('',(-1.,2.642297700216E-17,0.));
#6679 = DIRECTION('',(0.,0.,1.));
#6680 = ADVANCED_FACE('',(#6681),#6706,.F.);
#6681 = FACE_BOUND('',#6682,.T.);
#6682 = EDGE_LOOP('',(#6683,#6691,#6692,#6700));
#6683 = ORIENTED_EDGE('',*,*,#6684,.T.);
#6684 = EDGE_CURVE('',#6685,#5132,#6687,.T.);
#6685 = VERTEX_POINT('',#6686);
#6686 = CARTESIAN_POINT('',(3.25,-6.675,2.25));
#6687 = LINE('',#6688,#6689);
#6688 = CARTESIAN_POINT('',(3.25,-6.675,2.25));
#6689 = VECTOR('',#6690,1.);
#6690 = DIRECTION('',(-1.83882063847E-15,-1.,8.326672684689E-17));
#6691 = ORIENTED_EDGE('',*,*,#5150,.T.);
#6692 = ORIENTED_EDGE('',*,*,#6693,.F.);
#6693 = EDGE_CURVE('',#6694,#5142,#6696,.T.);
#6694 = VERTEX_POINT('',#6695);
#6695 = CARTESIAN_POINT('',(3.25,-6.675,2.1));
#6696 = LINE('',#6697,#6698);
#6697 = CARTESIAN_POINT('',(3.25,-6.675,2.1));
#6698 = VECTOR('',#6699,1.);
#6699 = DIRECTION('',(-1.83882063847E-15,-1.,8.326672684689E-17));
#6700 = ORIENTED_EDGE('',*,*,#6701,.T.);
#6701 = EDGE_CURVE('',#6694,#6685,#6702,.T.);
#6702 = LINE('',#6703,#6704);
#6703 = CARTESIAN_POINT('',(3.25,-6.675,2.1));
#6704 = VECTOR('',#6705,1.);
#6705 = DIRECTION('',(1.075528555106E-16,8.326672684689E-17,1.));
#6706 = PLANE('',#6707);
#6707 = AXIS2_PLACEMENT_3D('',#6708,#6709,#6710);
#6708 = CARTESIAN_POINT('',(3.25,-6.675,2.1));
#6709 = DIRECTION('',(-1.,1.83882063847E-15,1.075528555106E-16));
#6710 = DIRECTION('',(1.075528555106E-16,0.,1.));
#6711 = ADVANCED_FACE('',(#6712),#6739,.F.);
#6712 = FACE_BOUND('',#6713,.F.);
#6713 = EDGE_LOOP('',(#6714,#6715,#6724,#6732));
#6714 = ORIENTED_EDGE('',*,*,#6701,.T.);
#6715 = ORIENTED_EDGE('',*,*,#6716,.F.);
#6716 = EDGE_CURVE('',#6717,#6685,#6719,.T.);
#6717 = VERTEX_POINT('',#6718);
#6718 = CARTESIAN_POINT('',(3.992423461417,-6.6,2.25));
#6719 = CIRCLE('',#6720,0.375);
#6720 = AXIS2_PLACEMENT_3D('',#6721,#6722,#6723);
#6721 = CARTESIAN_POINT('',(3.625,-6.675,2.25));
#6722 = DIRECTION('',(0.,8.326672684689E-17,1.));
#6723 = DIRECTION('',(-1.,0.,0.));
#6724 = ORIENTED_EDGE('',*,*,#6725,.T.);
#6725 = EDGE_CURVE('',#6717,#6726,#6728,.T.);
#6726 = VERTEX_POINT('',#6727);
#6727 = CARTESIAN_POINT('',(3.992423461417,-6.6,2.1));
#6728 = LINE('',#6729,#6730);
#6729 = CARTESIAN_POINT('',(3.992423461417,-6.6,9.921792112093));
#6730 = VECTOR('',#6731,1.);
#6731 = DIRECTION('',(-1.075528555106E-16,-8.326672684689E-17,-1.));
#6732 = ORIENTED_EDGE('',*,*,#6733,.T.);
#6733 = EDGE_CURVE('',#6726,#6694,#6734,.T.);
#6734 = CIRCLE('',#6735,0.375);
#6735 = AXIS2_PLACEMENT_3D('',#6736,#6737,#6738);
#6736 = CARTESIAN_POINT('',(3.625,-6.675,2.1));
#6737 = DIRECTION('',(0.,8.326672684689E-17,1.));
#6738 = DIRECTION('',(-1.,0.,0.));
#6739 = CYLINDRICAL_SURFACE('',#6740,0.375);
#6740 = AXIS2_PLACEMENT_3D('',#6741,#6742,#6743);
#6741 = CARTESIAN_POINT('',(3.625,-6.675,2.1));
#6742 = DIRECTION('',(0.,8.326672684689E-17,1.));
#6743 = DIRECTION('',(1.,0.,-0.));
#6744 = ADVANCED_FACE('',(#6745),#6770,.F.);
#6745 = FACE_BOUND('',#6746,.T.);
#6746 = EDGE_LOOP('',(#6747,#6748,#6756,#6764));
#6747 = ORIENTED_EDGE('',*,*,#6725,.T.);
#6748 = ORIENTED_EDGE('',*,*,#6749,.T.);
#6749 = EDGE_CURVE('',#6726,#6750,#6752,.T.);
#6750 = VERTEX_POINT('',#6751);
#6751 = CARTESIAN_POINT('',(4.6,-6.6,2.1));
#6752 = LINE('',#6753,#6754);
#6753 = CARTESIAN_POINT('',(3.992423461417,-6.6,2.1));
#6754 = VECTOR('',#6755,1.);
#6755 = DIRECTION('',(1.,-2.642297700216E-17,-1.075528555106E-16));
#6756 = ORIENTED_EDGE('',*,*,#6757,.F.);
#6757 = EDGE_CURVE('',#6758,#6750,#6760,.T.);
#6758 = VERTEX_POINT('',#6759);
#6759 = CARTESIAN_POINT('',(4.6,-6.6,2.25));
#6760 = LINE('',#6761,#6762);
#6761 = CARTESIAN_POINT('',(4.6,-6.6,9.921792112093));
#6762 = VECTOR('',#6763,1.);
#6763 = DIRECTION('',(-1.075528555106E-16,-8.326672684689E-17,-1.));
#6764 = ORIENTED_EDGE('',*,*,#6765,.F.);
#6765 = EDGE_CURVE('',#6717,#6758,#6766,.T.);
#6766 = LINE('',#6767,#6768);
#6767 = CARTESIAN_POINT('',(9.,-6.6,2.25));
#6768 = VECTOR('',#6769,1.);
#6769 = DIRECTION('',(1.,-2.642297700216E-17,-1.075528555106E-16));
#6770 = PLANE('',#6771);
#6771 = AXIS2_PLACEMENT_3D('',#6772,#6773,#6774);
#6772 = CARTESIAN_POINT('',(3.992423461417,-6.6,9.921792112093));
#6773 = DIRECTION('',(2.642297700216E-17,1.,-8.326672684689E-17));
#6774 = DIRECTION('',(0.,-8.326672684689E-17,-1.));
#6775 = ADVANCED_FACE('',(#6776,#6810),#6822,.T.);
#6776 = FACE_BOUND('',#6777,.T.);
#6777 = EDGE_LOOP('',(#6778,#6788,#6796,#6804));
#6778 = ORIENTED_EDGE('',*,*,#6779,.T.);
#6779 = EDGE_CURVE('',#6780,#6782,#6784,.T.);
#6780 = VERTEX_POINT('',#6781);
#6781 = CARTESIAN_POINT('',(-1.25,-6.3,2.55));
#6782 = VERTEX_POINT('',#6783);
#6783 = CARTESIAN_POINT('',(-1.25,-6.3,1.3));
#6784 = LINE('',#6785,#6786);
#6785 = CARTESIAN_POINT('',(-1.25,-6.3,2.55));
#6786 = VECTOR('',#6787,1.);
#6787 = DIRECTION('',(-1.075528555106E-16,-8.326672684689E-17,-1.));
#6788 = ORIENTED_EDGE('',*,*,#6789,.F.);
#6789 = EDGE_CURVE('',#6790,#6782,#6792,.T.);
#6790 = VERTEX_POINT('',#6791);
#6791 = CARTESIAN_POINT('',(1.25,-6.3,1.3));
#6792 = LINE('',#6793,#6794);
#6793 = CARTESIAN_POINT('',(1.25,-6.3,1.3));
#6794 = VECTOR('',#6795,1.);
#6795 = DIRECTION('',(-1.,2.642297700216E-17,1.075528555105E-16));
#6796 = ORIENTED_EDGE('',*,*,#6797,.F.);
#6797 = EDGE_CURVE('',#6798,#6790,#6800,.T.);
#6798 = VERTEX_POINT('',#6799);
#6799 = CARTESIAN_POINT('',(1.25,-6.3,2.55));
#6800 = LINE('',#6801,#6802);
#6801 = CARTESIAN_POINT('',(1.25,-6.3,2.55));
#6802 = VECTOR('',#6803,1.);
#6803 = DIRECTION('',(-1.075528555106E-16,-8.326672684689E-17,-1.));
#6804 = ORIENTED_EDGE('',*,*,#6805,.T.);
#6805 = EDGE_CURVE('',#6798,#6780,#6806,.T.);
#6806 = LINE('',#6807,#6808);
#6807 = CARTESIAN_POINT('',(1.25,-6.3,2.55));
#6808 = VECTOR('',#6809,1.);
#6809 = DIRECTION('',(-1.,2.642297700216E-17,1.075528555105E-16));
#6810 = FACE_BOUND('',#6811,.T.);
#6811 = EDGE_LOOP('',(#6812,#6813,#6814,#6815,#6816,#6817,#6818,#6819,
    #6820,#6821));
#6812 = ORIENTED_EDGE('',*,*,#5329,.F.);
#6813 = ORIENTED_EDGE('',*,*,#5302,.F.);
#6814 = ORIENTED_EDGE('',*,*,#5279,.T.);
#6815 = ORIENTED_EDGE('',*,*,#5255,.T.);
#6816 = ORIENTED_EDGE('',*,*,#391,.T.);
#6817 = ORIENTED_EDGE('',*,*,#5236,.T.);
#6818 = ORIENTED_EDGE('',*,*,#5213,.T.);
#6819 = ORIENTED_EDGE('',*,*,#5189,.T.);
#6820 = ORIENTED_EDGE('',*,*,#5164,.F.);
#6821 = ORIENTED_EDGE('',*,*,#358,.F.);
#6822 = PLANE('',#6823);
#6823 = AXIS2_PLACEMENT_3D('',#6824,#6825,#6826);
#6824 = CARTESIAN_POINT('',(1.25,-6.3,2.55));
#6825 = DIRECTION('',(-2.642297700216E-17,-1.,8.326672684689E-17));
#6826 = DIRECTION('',(-1.,2.642297700216E-17,0.));
#6827 = ADVANCED_FACE('',(#6828),#6839,.T.);
#6828 = FACE_BOUND('',#6829,.T.);
#6829 = EDGE_LOOP('',(#6830,#6831,#6832,#6838));
#6830 = ORIENTED_EDGE('',*,*,#5349,.F.);
#6831 = ORIENTED_EDGE('',*,*,#5373,.F.);
#6832 = ORIENTED_EDGE('',*,*,#6833,.T.);
#6833 = EDGE_CURVE('',#5366,#5390,#6834,.T.);
#6834 = LINE('',#6835,#6836);
#6835 = CARTESIAN_POINT('',(-6.374264068712,4.398412298286,
    4.757106781187));
#6836 = VECTOR('',#6837,1.);
#6837 = DIRECTION('',(8.381647117973E-31,-1.,2.230244969721E-16));
#6838 = ORIENTED_EDGE('',*,*,#5399,.F.);
#6839 = CYLINDRICAL_SURFACE('',#6840,0.6);
#6840 = AXIS2_PLACEMENT_3D('',#6841,#6842,#6843);
#6841 = CARTESIAN_POINT('',(-5.95,21.348833833418,5.181370849898));
#6842 = DIRECTION('',(0.,-1.,0.));
#6843 = DIRECTION('',(0.,0.,-1.));
#6844 = ADVANCED_FACE('',(#6845),#6863,.T.);
#6845 = FACE_BOUND('',#6846,.T.);
#6846 = EDGE_LOOP('',(#6847,#6848,#6849,#6857));
#6847 = ORIENTED_EDGE('',*,*,#5365,.T.);
#6848 = ORIENTED_EDGE('',*,*,#5414,.T.);
#6849 = ORIENTED_EDGE('',*,*,#6850,.F.);
#6850 = EDGE_CURVE('',#6851,#5415,#6853,.T.);
#6851 = VERTEX_POINT('',#6852);
#6852 = CARTESIAN_POINT('',(-5.908578643763,1.25,4.291421356237));
#6853 = LINE('',#6854,#6855);
#6854 = CARTESIAN_POINT('',(-9.281888507432,1.25,0.918111492568));
#6855 = VECTOR('',#6856,1.);
#6856 = DIRECTION('',(0.707106781187,1.577021341797E-16,0.707106781187)
  );
#6857 = ORIENTED_EDGE('',*,*,#6858,.T.);
#6858 = EDGE_CURVE('',#6851,#5366,#6859,.T.);
#6859 = LINE('',#6860,#6861);
#6860 = CARTESIAN_POINT('',(-5.908578643763,1.25,4.291421356237));
#6861 = VECTOR('',#6862,1.);
#6862 = DIRECTION('',(-0.707106781187,4.618988569365E-17,0.707106781187)
  );
#6863 = PLANE('',#6864);
#6864 = AXIS2_PLACEMENT_3D('',#6865,#6866,#6867);
#6865 = CARTESIAN_POINT('',(-9.281888507432,1.25,0.918111492568));
#6866 = DIRECTION('',(-7.885106708986E-17,1.,-1.441734298823E-16));
#6867 = DIRECTION('',(0.,-1.441734298823E-16,-1.));
#6868 = ADVANCED_FACE('',(#6869),#6887,.F.);
#6869 = FACE_BOUND('',#6870,.T.);
#6870 = EDGE_LOOP('',(#6871,#6872,#6873,#6881));
#6871 = ORIENTED_EDGE('',*,*,#5423,.F.);
#6872 = ORIENTED_EDGE('',*,*,#5389,.F.);
#6873 = ORIENTED_EDGE('',*,*,#6874,.F.);
#6874 = EDGE_CURVE('',#6875,#5390,#6877,.T.);
#6875 = VERTEX_POINT('',#6876);
#6876 = CARTESIAN_POINT('',(-5.908578643763,-1.25,4.291421356237));
#6877 = LINE('',#6878,#6879);
#6878 = CARTESIAN_POINT('',(-5.908578643763,-1.25,4.291421356237));
#6879 = VECTOR('',#6880,1.);
#6880 = DIRECTION('',(-0.707106781187,-3.918939476445E-16,0.707106781187
    ));
#6881 = ORIENTED_EDGE('',*,*,#6882,.T.);
#6882 = EDGE_CURVE('',#6875,#5424,#6883,.T.);
#6883 = LINE('',#6884,#6885);
#6884 = CARTESIAN_POINT('',(-9.281888507432,-1.25,0.918111492568));
#6885 = VECTOR('',#6886,1.);
#6886 = DIRECTION('',(0.707106781187,1.577021341797E-16,0.707106781187)
  );
#6887 = PLANE('',#6888);
#6888 = AXIS2_PLACEMENT_3D('',#6889,#6890,#6891);
#6889 = CARTESIAN_POINT('',(-9.281888507432,-1.25,0.918111492568));
#6890 = DIRECTION('',(-3.886231163714E-16,1.,1.655986193993E-16));
#6891 = DIRECTION('',(1.,3.886231163714E-16,0.));
#6892 = ADVANCED_FACE('',(#6893),#6920,.T.);
#6893 = FACE_BOUND('',#6894,.T.);
#6894 = EDGE_LOOP('',(#6895,#6904,#6905,#6914));
#6895 = ORIENTED_EDGE('',*,*,#6896,.F.);
#6896 = EDGE_CURVE('',#5415,#6897,#6899,.T.);
#6897 = VERTEX_POINT('',#6898);
#6898 = CARTESIAN_POINT('',(-5.45,1.25,4.15));
#6899 = CIRCLE('',#6900,0.6);
#6900 = AXIS2_PLACEMENT_3D('',#6901,#6902,#6903);
#6901 = CARTESIAN_POINT('',(-6.05,1.25,4.15));
#6902 = DIRECTION('',(0.,1.,0.));
#6903 = DIRECTION('',(0.,-0.,1.));
#6904 = ORIENTED_EDGE('',*,*,#5431,.T.);
#6905 = ORIENTED_EDGE('',*,*,#6906,.F.);
#6906 = EDGE_CURVE('',#6907,#5424,#6909,.T.);
#6907 = VERTEX_POINT('',#6908);
#6908 = CARTESIAN_POINT('',(-5.45,-1.25,4.15));
#6909 = CIRCLE('',#6910,0.6);
#6910 = AXIS2_PLACEMENT_3D('',#6911,#6912,#6913);
#6911 = CARTESIAN_POINT('',(-6.05,-1.25,4.15));
#6912 = DIRECTION('',(0.,-1.,0.));
#6913 = DIRECTION('',(1.445602896647E-15,0.,1.));
#6914 = ORIENTED_EDGE('',*,*,#6915,.F.);
#6915 = EDGE_CURVE('',#6897,#6907,#6916,.T.);
#6916 = LINE('',#6917,#6918);
#6917 = CARTESIAN_POINT('',(-5.45,2.562440474841,4.15));
#6918 = VECTOR('',#6919,1.);
#6919 = DIRECTION('',(1.577021341797E-16,-1.,1.577021341797E-16));
#6920 = CYLINDRICAL_SURFACE('',#6921,0.6);
#6921 = AXIS2_PLACEMENT_3D('',#6922,#6923,#6924);
#6922 = CARTESIAN_POINT('',(-6.05,-19.94846566631,4.15));
#6923 = DIRECTION('',(0.,1.,0.));
#6924 = DIRECTION('',(0.,-0.,1.));
#6925 = ADVANCED_FACE('',(#6926),#6960,.F.);
#6926 = FACE_BOUND('',#6927,.T.);
#6927 = EDGE_LOOP('',(#6928,#6938,#6946,#6954));
#6928 = ORIENTED_EDGE('',*,*,#6929,.F.);
#6929 = EDGE_CURVE('',#6930,#6932,#6934,.T.);
#6930 = VERTEX_POINT('',#6931);
#6931 = CARTESIAN_POINT('',(-3.421238897991,-4.074999999958,
    2.912791301723));
#6932 = VERTEX_POINT('',#6933);
#6933 = CARTESIAN_POINT('',(-3.421238898038,-4.075,3.3));
#6934 = LINE('',#6935,#6936);
#6935 = CARTESIAN_POINT('',(-3.421238898039,-4.075,-18.32192262732));
#6936 = VECTOR('',#6937,1.);
#6937 = DIRECTION('',(3.491483361109E-15,-3.459511681412E-16,1.));
#6938 = ORIENTED_EDGE('',*,*,#6939,.T.);
#6939 = EDGE_CURVE('',#6930,#6940,#6942,.T.);
#6940 = VERTEX_POINT('',#6941);
#6941 = CARTESIAN_POINT('',(-3.421238898038,-3.874999999994,
    2.912791301725));
#6942 = LINE('',#6943,#6944);
#6943 = CARTESIAN_POINT('',(-3.42123889829,5.E+05,2.912791301689));
#6944 = VECTOR('',#6945,1.);
#6945 = DIRECTION('',(-5.036533023209E-16,1.,-7.249241019787E-17));
#6946 = ORIENTED_EDGE('',*,*,#6947,.T.);
#6947 = EDGE_CURVE('',#6940,#6948,#6950,.T.);
#6948 = VERTEX_POINT('',#6949);
#6949 = CARTESIAN_POINT('',(-3.421238898038,-3.875,3.3));
#6950 = LINE('',#6951,#6952);
#6951 = CARTESIAN_POINT('',(-3.421238898039,-3.875,-18.32192262732));
#6952 = VECTOR('',#6953,1.);
#6953 = DIRECTION('',(3.491483361109E-15,-3.459511681412E-16,1.));
#6954 = ORIENTED_EDGE('',*,*,#6955,.T.);
#6955 = EDGE_CURVE('',#6948,#6932,#6956,.T.);
#6956 = LINE('',#6957,#6958);
#6957 = CARTESIAN_POINT('',(-3.421238898038,-4.075,3.3));
#6958 = VECTOR('',#6959,1.);
#6959 = DIRECTION('',(5.036533023209E-16,-1.,-5.036533023209E-16));
#6960 = PLANE('',#6961);
#6961 = AXIS2_PLACEMENT_3D('',#6962,#6963,#6964);
#6962 = CARTESIAN_POINT('',(-3.421238898039,-4.075,-18.32192262732));
#6963 = DIRECTION('',(-1.,-5.036533023209E-16,3.491483361109E-15));
#6964 = DIRECTION('',(-5.036533023209E-16,1.,0.));
#6965 = ADVANCED_FACE('',(#6966),#6992,.T.);
#6966 = FACE_BOUND('',#6967,.T.);
#6967 = EDGE_LOOP('',(#6968,#6979,#6985,#6986));
#6968 = ORIENTED_EDGE('',*,*,#6969,.F.);
#6969 = EDGE_CURVE('',#6970,#6972,#6974,.T.);
#6970 = VERTEX_POINT('',#6971);
#6971 = CARTESIAN_POINT('',(3.7,-2.190890230021,3.05));
#6972 = VERTEX_POINT('',#6973);
#6973 = CARTESIAN_POINT('',(-3.7,-2.190890230021,3.05));
#6974 = CIRCLE('',#6975,4.3);
#6975 = AXIS2_PLACEMENT_3D('',#6976,#6977,#6978);
#6976 = CARTESIAN_POINT('',(0.,0.,3.05));
#6977 = DIRECTION('',(-2.398113334135E-63,-5.854827030937E-32,-1.));
#6978 = DIRECTION('',(1.,-4.095959319487E-32,1.349401336734E-78));
#6979 = ORIENTED_EDGE('',*,*,#6980,.F.);
#6980 = EDGE_CURVE('',#5599,#6970,#6981,.T.);
#6981 = LINE('',#6982,#6983);
#6982 = CARTESIAN_POINT('',(3.7,-2.190890230021,3.45));
#6983 = VECTOR('',#6984,1.);
#6984 = DIRECTION('',(0.,-5.854827030937E-32,-1.));
#6985 = ORIENTED_EDGE('',*,*,#5598,.F.);
#6986 = ORIENTED_EDGE('',*,*,#6987,.T.);
#6987 = EDGE_CURVE('',#5591,#6972,#6988,.T.);
#6988 = LINE('',#6989,#6990);
#6989 = CARTESIAN_POINT('',(-3.7,-2.190890230021,3.45));
#6990 = VECTOR('',#6991,1.);
#6991 = DIRECTION('',(0.,-5.854827030937E-32,-1.));
#6992 = CYLINDRICAL_SURFACE('',#6993,4.3);
#6993 = AXIS2_PLACEMENT_3D('',#6994,#6995,#6996);
#6994 = CARTESIAN_POINT('',(0.,0.,3.45));
#6995 = DIRECTION('',(-2.398113334135E-63,-5.854827030937E-32,-1.));
#6996 = DIRECTION('',(-1.,4.095959319487E-32,-1.349401336734E-78));
#6997 = ADVANCED_FACE('',(#6998),#7020,.F.);
#6998 = FACE_BOUND('',#6999,.T.);
#6999 = EDGE_LOOP('',(#7000,#7001,#7002,#7003,#7004,#7005,#7006,#7014));
#7000 = ORIENTED_EDGE('',*,*,#5556,.F.);
#7001 = ORIENTED_EDGE('',*,*,#5510,.F.);
#7002 = ORIENTED_EDGE('',*,*,#5478,.F.);
#7003 = ORIENTED_EDGE('',*,*,#5453,.T.);
#7004 = ORIENTED_EDGE('',*,*,#5607,.F.);
#7005 = ORIENTED_EDGE('',*,*,#6980,.T.);
#7006 = ORIENTED_EDGE('',*,*,#7007,.F.);
#7007 = EDGE_CURVE('',#7008,#6970,#7010,.T.);
#7008 = VERTEX_POINT('',#7009);
#7009 = CARTESIAN_POINT('',(3.7,2.190890230021,3.05));
#7010 = LINE('',#7011,#7012);
#7011 = CARTESIAN_POINT('',(3.7,-5.,3.05));
#7012 = VECTOR('',#7013,1.);
#7013 = DIRECTION('',(3.958946578443E-16,-1.,-5.854827030937E-32));
#7014 = ORIENTED_EDGE('',*,*,#7015,.F.);
#7015 = EDGE_CURVE('',#5557,#7008,#7016,.T.);
#7016 = LINE('',#7017,#7018);
#7017 = CARTESIAN_POINT('',(3.7,2.190890230021,3.45));
#7018 = VECTOR('',#7019,1.);
#7019 = DIRECTION('',(0.,-5.854827030937E-32,-1.));
#7020 = PLANE('',#7021);
#7021 = AXIS2_PLACEMENT_3D('',#7022,#7023,#7024);
#7022 = CARTESIAN_POINT('',(3.7,-2.190890230021,3.45));
#7023 = DIRECTION('',(-1.,-3.958946578443E-16,0.));
#7024 = DIRECTION('',(-3.958946578443E-16,1.,0.));
#7025 = ADVANCED_FACE('',(#7026),#7045,.T.);
#7026 = FACE_BOUND('',#7027,.T.);
#7027 = EDGE_LOOP('',(#7028,#7037,#7043,#7044));
#7028 = ORIENTED_EDGE('',*,*,#7029,.F.);
#7029 = EDGE_CURVE('',#7030,#7008,#7032,.T.);
#7030 = VERTEX_POINT('',#7031);
#7031 = CARTESIAN_POINT('',(-3.7,2.190890230021,3.05));
#7032 = CIRCLE('',#7033,4.3);
#7033 = AXIS2_PLACEMENT_3D('',#7034,#7035,#7036);
#7034 = CARTESIAN_POINT('',(0.,0.,3.05));
#7035 = DIRECTION('',(-2.398113334135E-63,-5.854827030937E-32,-1.));
#7036 = DIRECTION('',(1.,-4.095959319487E-32,1.349401336734E-78));
#7037 = ORIENTED_EDGE('',*,*,#7038,.F.);
#7038 = EDGE_CURVE('',#5565,#7030,#7039,.T.);
#7039 = LINE('',#7040,#7041);
#7040 = CARTESIAN_POINT('',(-3.7,2.190890230021,3.45));
#7041 = VECTOR('',#7042,1.);
#7042 = DIRECTION('',(0.,-5.854827030937E-32,-1.));
#7043 = ORIENTED_EDGE('',*,*,#5564,.F.);
#7044 = ORIENTED_EDGE('',*,*,#7015,.T.);
#7045 = CYLINDRICAL_SURFACE('',#7046,4.3);
#7046 = AXIS2_PLACEMENT_3D('',#7047,#7048,#7049);
#7047 = CARTESIAN_POINT('',(0.,0.,3.45));
#7048 = DIRECTION('',(-2.398113334135E-63,-5.854827030937E-32,-1.));
#7049 = DIRECTION('',(-1.,4.095959319487E-32,-1.349401336734E-78));
#7050 = ADVANCED_FACE('',(#7051),#7066,.F.);
#7051 = FACE_BOUND('',#7052,.T.);
#7052 = EDGE_LOOP('',(#7053,#7054,#7055,#7056,#7057,#7063,#7064,#7065));
#7053 = ORIENTED_EDGE('',*,*,#5651,.F.);
#7054 = ORIENTED_EDGE('',*,*,#5628,.T.);
#7055 = ORIENTED_EDGE('',*,*,#5573,.F.);
#7056 = ORIENTED_EDGE('',*,*,#7038,.T.);
#7057 = ORIENTED_EDGE('',*,*,#7058,.F.);
#7058 = EDGE_CURVE('',#6972,#7030,#7059,.T.);
#7059 = LINE('',#7060,#7061);
#7060 = CARTESIAN_POINT('',(-3.7,-5.,3.05));
#7061 = VECTOR('',#7062,1.);
#7062 = DIRECTION('',(-4.095959319487E-32,1.,5.854827030937E-32));
#7063 = ORIENTED_EDGE('',*,*,#6987,.F.);
#7064 = ORIENTED_EDGE('',*,*,#5590,.F.);
#7065 = ORIENTED_EDGE('',*,*,#5541,.F.);
#7066 = PLANE('',#7067);
#7067 = AXIS2_PLACEMENT_3D('',#7068,#7069,#7070);
#7068 = CARTESIAN_POINT('',(-3.7,2.190890230021,3.45));
#7069 = DIRECTION('',(1.,-4.095959319487E-32,2.398113334135E-63));
#7070 = DIRECTION('',(-4.095959319487E-32,-1.,0.));
#7071 = ADVANCED_FACE('',(#7072),#7108,.F.);
#7072 = FACE_BOUND('',#7073,.F.);
#7073 = EDGE_LOOP('',(#7074,#7084,#7093,#7101));
#7074 = ORIENTED_EDGE('',*,*,#7075,.F.);
#7075 = EDGE_CURVE('',#7076,#7078,#7080,.T.);
#7076 = VERTEX_POINT('',#7077);
#7077 = CARTESIAN_POINT('',(-1.4,-5.,2.8));
#7078 = VERTEX_POINT('',#7079);
#7079 = CARTESIAN_POINT('',(-1.4,-5.,3.05));
#7080 = LINE('',#7081,#7082);
#7081 = CARTESIAN_POINT('',(-1.4,-5.,2.8));
#7082 = VECTOR('',#7083,1.);
#7083 = DIRECTION('',(0.,5.854827030937E-32,1.));
#7084 = ORIENTED_EDGE('',*,*,#7085,.T.);
#7085 = EDGE_CURVE('',#7076,#7086,#7088,.T.);
#7086 = VERTEX_POINT('',#7087);
#7087 = CARTESIAN_POINT('',(-2.8,-5.,2.8));
#7088 = CIRCLE('',#7089,0.7);
#7089 = AXIS2_PLACEMENT_3D('',#7090,#7091,#7092);
#7090 = CARTESIAN_POINT('',(-2.1,-5.,2.8));
#7091 = DIRECTION('',(0.,5.854827030937E-32,1.));
#7092 = DIRECTION('',(-1.,0.,0.));
#7093 = ORIENTED_EDGE('',*,*,#7094,.T.);
#7094 = EDGE_CURVE('',#7086,#7095,#7097,.T.);
#7095 = VERTEX_POINT('',#7096);
#7096 = CARTESIAN_POINT('',(-2.8,-5.,3.05));
#7097 = LINE('',#7098,#7099);
#7098 = CARTESIAN_POINT('',(-2.8,-5.,2.8));
#7099 = VECTOR('',#7100,1.);
#7100 = DIRECTION('',(0.,5.854827030937E-32,1.));
#7101 = ORIENTED_EDGE('',*,*,#7102,.F.);
#7102 = EDGE_CURVE('',#7078,#7095,#7103,.T.);
#7103 = CIRCLE('',#7104,0.7);
#7104 = AXIS2_PLACEMENT_3D('',#7105,#7106,#7107);
#7105 = CARTESIAN_POINT('',(-2.1,-5.,3.05));
#7106 = DIRECTION('',(0.,5.854827030937E-32,1.));
#7107 = DIRECTION('',(-1.,0.,0.));
#7108 = CYLINDRICAL_SURFACE('',#7109,0.7);
#7109 = AXIS2_PLACEMENT_3D('',#7110,#7111,#7112);
#7110 = CARTESIAN_POINT('',(-2.1,-5.,2.8));
#7111 = DIRECTION('',(0.,5.854827030937E-32,1.));
#7112 = DIRECTION('',(1.,0.,-0.));
#7113 = ADVANCED_FACE('',(#7114),#7148,.F.);
#7114 = FACE_BOUND('',#7115,.T.);
#7115 = EDGE_LOOP('',(#7116,#7126,#7134,#7142));
#7116 = ORIENTED_EDGE('',*,*,#7117,.T.);
#7117 = EDGE_CURVE('',#7118,#7120,#7122,.T.);
#7118 = VERTEX_POINT('',#7119);
#7119 = CARTESIAN_POINT('',(-3.65,-2.8,2.923579401439));
#7120 = VERTEX_POINT('',#7121);
#7121 = CARTESIAN_POINT('',(-3.15,-3.3,2.9));
#7122 = LINE('',#7123,#7124);
#7123 = CARTESIAN_POINT('',(-2.497271128607E+05,2.497206628607E+05,
    1.177958313833E+04));
#7124 = VECTOR('',#7125,1.);
#7125 = DIRECTION('',(0.70671396575,-0.70671396575,-3.332778460158E-02)
  );
#7126 = ORIENTED_EDGE('',*,*,#7127,.T.);
#7127 = EDGE_CURVE('',#7120,#7128,#7130,.T.);
#7128 = VERTEX_POINT('',#7129);
#7129 = CARTESIAN_POINT('',(-3.15,-3.3,3.05));
#7130 = LINE('',#7131,#7132);
#7131 = CARTESIAN_POINT('',(-3.15,-3.3,2.85));
#7132 = VECTOR('',#7133,1.);
#7133 = DIRECTION('',(0.,5.854827030937E-32,1.));
#7134 = ORIENTED_EDGE('',*,*,#7135,.T.);
#7135 = EDGE_CURVE('',#7128,#7136,#7138,.T.);
#7136 = VERTEX_POINT('',#7137);
#7137 = CARTESIAN_POINT('',(-3.65,-2.8,3.05));
#7138 = LINE('',#7139,#7140);
#7139 = CARTESIAN_POINT('',(-3.15,-3.3,3.05));
#7140 = VECTOR('',#7141,1.);
#7141 = DIRECTION('',(-0.707106781187,0.707106781187,0.));
#7142 = ORIENTED_EDGE('',*,*,#7143,.F.);
#7143 = EDGE_CURVE('',#7118,#7136,#7144,.T.);
#7144 = LINE('',#7145,#7146);
#7145 = CARTESIAN_POINT('',(-3.65,-2.8,2.85));
#7146 = VECTOR('',#7147,1.);
#7147 = DIRECTION('',(0.,5.854827030937E-32,1.));
#7148 = PLANE('',#7149);
#7149 = AXIS2_PLACEMENT_3D('',#7150,#7151,#7152);
#7150 = CARTESIAN_POINT('',(-3.15,-3.3,2.85));
#7151 = DIRECTION('',(0.707106781187,0.707106781187,0.));
#7152 = DIRECTION('',(0.,0.,-1.));
#7153 = ADVANCED_FACE('',(#7154),#7187,.F.);
#7154 = FACE_BOUND('',#7155,.T.);
#7155 = EDGE_LOOP('',(#7156,#7166,#7172,#7173,#7181));
#7156 = ORIENTED_EDGE('',*,*,#7157,.T.);
#7157 = EDGE_CURVE('',#7158,#7160,#7162,.T.);
#7158 = VERTEX_POINT('',#7159);
#7159 = CARTESIAN_POINT('',(-5.425,-2.8,2.850212456115));
#7160 = VERTEX_POINT('',#7161);
#7161 = CARTESIAN_POINT('',(-5.275,-2.8,3.000212456115));
#7162 = LINE('',#7163,#7164);
#7163 = CARTESIAN_POINT('',(-5.275000000388,-2.799999999979,
    3.000212455727));
#7164 = VECTOR('',#7165,1.);
#7165 = DIRECTION('',(0.707106781187,3.455309108019E-16,0.707106781187)
  );
#7166 = ORIENTED_EDGE('',*,*,#7167,.T.);
#7167 = EDGE_CURVE('',#7160,#7118,#7168,.T.);
#7168 = LINE('',#7169,#7170);
#7169 = CARTESIAN_POINT('',(-3.150000000774,-2.799999999979,
    2.900000000037));
#7170 = VECTOR('',#7171,1.);
#7171 = DIRECTION('',(0.998889874962,4.881120326795E-16,
    -4.710645070964E-02));
#7172 = ORIENTED_EDGE('',*,*,#7143,.T.);
#7173 = ORIENTED_EDGE('',*,*,#7174,.T.);
#7174 = EDGE_CURVE('',#7136,#7175,#7177,.T.);
#7175 = VERTEX_POINT('',#7176);
#7176 = CARTESIAN_POINT('',(-5.425,-2.8,3.05));
#7177 = LINE('',#7178,#7179);
#7178 = CARTESIAN_POINT('',(-3.65,-2.8,3.05));
#7179 = VECTOR('',#7180,1.);
#7180 = DIRECTION('',(-1.,-4.886545002752E-16,0.));
#7181 = ORIENTED_EDGE('',*,*,#7182,.F.);
#7182 = EDGE_CURVE('',#7158,#7175,#7183,.T.);
#7183 = LINE('',#7184,#7185);
#7184 = CARTESIAN_POINT('',(-5.425,-2.8,2.85));
#7185 = VECTOR('',#7186,1.);
#7186 = DIRECTION('',(0.,5.854827030937E-32,1.));
#7187 = PLANE('',#7188);
#7188 = AXIS2_PLACEMENT_3D('',#7189,#7190,#7191);
#7189 = CARTESIAN_POINT('',(-3.65,-2.8,2.85));
#7190 = DIRECTION('',(-4.886545002752E-16,1.,5.854827030937E-32));
#7191 = DIRECTION('',(1.,4.886545002752E-16,0.));
#7192 = ADVANCED_FACE('',(#7193),#7227,.F.);
#7193 = FACE_BOUND('',#7194,.T.);
#7194 = EDGE_LOOP('',(#7195,#7205,#7213,#7221));
#7195 = ORIENTED_EDGE('',*,*,#7196,.T.);
#7196 = EDGE_CURVE('',#7197,#7199,#7201,.T.);
#7197 = VERTEX_POINT('',#7198);
#7198 = CARTESIAN_POINT('',(-4.95,-1.5,2.55));
#7199 = VERTEX_POINT('',#7200);
#7200 = CARTESIAN_POINT('',(-5.425,-1.5,2.55));
#7201 = LINE('',#7202,#7203);
#7202 = CARTESIAN_POINT('',(-4.95,-1.5,2.55));
#7203 = VECTOR('',#7204,1.);
#7204 = DIRECTION('',(-1.,4.565061778886E-16,0.));
#7205 = ORIENTED_EDGE('',*,*,#7206,.F.);
#7206 = EDGE_CURVE('',#7207,#7199,#7209,.T.);
#7207 = VERTEX_POINT('',#7208);
#7208 = CARTESIAN_POINT('',(-5.425,-1.5,3.05));
#7209 = LINE('',#7210,#7211);
#7210 = CARTESIAN_POINT('',(-5.425,-1.5,3.05));
#7211 = VECTOR('',#7212,1.);
#7212 = DIRECTION('',(0.,-5.854827030937E-32,-1.));
#7213 = ORIENTED_EDGE('',*,*,#7214,.F.);
#7214 = EDGE_CURVE('',#7215,#7207,#7217,.T.);
#7215 = VERTEX_POINT('',#7216);
#7216 = CARTESIAN_POINT('',(-4.95,-1.5,3.05));
#7217 = LINE('',#7218,#7219);
#7218 = CARTESIAN_POINT('',(-4.95,-1.5,3.05));
#7219 = VECTOR('',#7220,1.);
#7220 = DIRECTION('',(-1.,4.565061778886E-16,0.));
#7221 = ORIENTED_EDGE('',*,*,#7222,.T.);
#7222 = EDGE_CURVE('',#7215,#7197,#7223,.T.);
#7223 = LINE('',#7224,#7225);
#7224 = CARTESIAN_POINT('',(-4.95,-1.5,3.05));
#7225 = VECTOR('',#7226,1.);
#7226 = DIRECTION('',(0.,-5.854827030937E-32,-1.));
#7227 = PLANE('',#7228);
#7228 = AXIS2_PLACEMENT_3D('',#7229,#7230,#7231);
#7229 = CARTESIAN_POINT('',(-4.95,-1.5,3.05));
#7230 = DIRECTION('',(-4.565061778886E-16,-1.,-5.854827030937E-32));
#7231 = DIRECTION('',(-1.,4.565061778886E-16,0.));
#7232 = ADVANCED_FACE('',(#7233),#7258,.F.);
#7233 = FACE_BOUND('',#7234,.T.);
#7234 = EDGE_LOOP('',(#7235,#7243,#7244,#7252));
#7235 = ORIENTED_EDGE('',*,*,#7236,.T.);
#7236 = EDGE_CURVE('',#7237,#7197,#7239,.T.);
#7237 = VERTEX_POINT('',#7238);
#7238 = CARTESIAN_POINT('',(-4.95,1.5,2.55));
#7239 = LINE('',#7240,#7241);
#7240 = CARTESIAN_POINT('',(-4.95,-1.5,2.55));
#7241 = VECTOR('',#7242,1.);
#7242 = DIRECTION('',(4.095959319487E-32,-1.,-5.854827030937E-32));
#7243 = ORIENTED_EDGE('',*,*,#7222,.F.);
#7244 = ORIENTED_EDGE('',*,*,#7245,.F.);
#7245 = EDGE_CURVE('',#7246,#7215,#7248,.T.);
#7246 = VERTEX_POINT('',#7247);
#7247 = CARTESIAN_POINT('',(-4.95,1.5,3.05));
#7248 = LINE('',#7249,#7250);
#7249 = CARTESIAN_POINT('',(-4.95,-1.5,3.05));
#7250 = VECTOR('',#7251,1.);
#7251 = DIRECTION('',(4.095959319487E-32,-1.,-5.854827030937E-32));
#7252 = ORIENTED_EDGE('',*,*,#7253,.T.);
#7253 = EDGE_CURVE('',#7246,#7237,#7254,.T.);
#7254 = LINE('',#7255,#7256);
#7255 = CARTESIAN_POINT('',(-4.95,1.5,3.05));
#7256 = VECTOR('',#7257,1.);
#7257 = DIRECTION('',(0.,-5.854827030937E-32,-1.));
#7258 = PLANE('',#7259);
#7259 = AXIS2_PLACEMENT_3D('',#7260,#7261,#7262);
#7260 = CARTESIAN_POINT('',(-4.95,-1.5,3.05));
#7261 = DIRECTION('',(1.,-4.095959319487E-32,2.398113334135E-63));
#7262 = DIRECTION('',(-4.095959319487E-32,-1.,0.));
#7263 = ADVANCED_FACE('',(#7264),#7300,.F.);
#7264 = FACE_BOUND('',#7265,.F.);
#7265 = EDGE_LOOP('',(#7266,#7276,#7285,#7293));
#7266 = ORIENTED_EDGE('',*,*,#7267,.F.);
#7267 = EDGE_CURVE('',#7268,#7270,#7272,.T.);
#7268 = VERTEX_POINT('',#7269);
#7269 = CARTESIAN_POINT('',(-2.8,5.,2.8));
#7270 = VERTEX_POINT('',#7271);
#7271 = CARTESIAN_POINT('',(-2.8,5.,3.05));
#7272 = LINE('',#7273,#7274);
#7273 = CARTESIAN_POINT('',(-2.8,5.,2.8));
#7274 = VECTOR('',#7275,1.);
#7275 = DIRECTION('',(0.,5.854827030937E-32,1.));
#7276 = ORIENTED_EDGE('',*,*,#7277,.F.);
#7277 = EDGE_CURVE('',#7278,#7268,#7280,.T.);
#7278 = VERTEX_POINT('',#7279);
#7279 = CARTESIAN_POINT('',(-1.4,5.,2.8));
#7280 = CIRCLE('',#7281,0.7);
#7281 = AXIS2_PLACEMENT_3D('',#7282,#7283,#7284);
#7282 = CARTESIAN_POINT('',(-2.1,5.,2.8));
#7283 = DIRECTION('',(0.,6.195440985631E-16,-1.));
#7284 = DIRECTION('',(0.,1.,6.195440985631E-16));
#7285 = ORIENTED_EDGE('',*,*,#7286,.T.);
#7286 = EDGE_CURVE('',#7278,#7287,#7289,.T.);
#7287 = VERTEX_POINT('',#7288);
#7288 = CARTESIAN_POINT('',(-1.4,5.,3.05));
#7289 = LINE('',#7290,#7291);
#7290 = CARTESIAN_POINT('',(-1.4,5.,2.8));
#7291 = VECTOR('',#7292,1.);
#7292 = DIRECTION('',(0.,5.854827030937E-32,1.));
#7293 = ORIENTED_EDGE('',*,*,#7294,.F.);
#7294 = EDGE_CURVE('',#7270,#7287,#7295,.T.);
#7295 = CIRCLE('',#7296,0.7);
#7296 = AXIS2_PLACEMENT_3D('',#7297,#7298,#7299);
#7297 = CARTESIAN_POINT('',(-2.1,5.,3.05));
#7298 = DIRECTION('',(0.,5.854827030937E-32,1.));
#7299 = DIRECTION('',(-1.,0.,0.));
#7300 = CYLINDRICAL_SURFACE('',#7301,0.7);
#7301 = AXIS2_PLACEMENT_3D('',#7302,#7303,#7304);
#7302 = CARTESIAN_POINT('',(-2.1,5.,2.8));
#7303 = DIRECTION('',(0.,5.854827030937E-32,1.));
#7304 = DIRECTION('',(1.,0.,-0.));
#7305 = ADVANCED_FACE('',(#7306),#7342,.F.);
#7306 = FACE_BOUND('',#7307,.F.);
#7307 = EDGE_LOOP('',(#7308,#7318,#7327,#7335));
#7308 = ORIENTED_EDGE('',*,*,#7309,.F.);
#7309 = EDGE_CURVE('',#7310,#7312,#7314,.T.);
#7310 = VERTEX_POINT('',#7311);
#7311 = CARTESIAN_POINT('',(1.4,5.,2.8));
#7312 = VERTEX_POINT('',#7313);
#7313 = CARTESIAN_POINT('',(1.4,5.,3.05));
#7314 = LINE('',#7315,#7316);
#7315 = CARTESIAN_POINT('',(1.4,5.,2.8));
#7316 = VECTOR('',#7317,1.);
#7317 = DIRECTION('',(0.,5.854827030937E-32,1.));
#7318 = ORIENTED_EDGE('',*,*,#7319,.F.);
#7319 = EDGE_CURVE('',#7320,#7310,#7322,.T.);
#7320 = VERTEX_POINT('',#7321);
#7321 = CARTESIAN_POINT('',(2.8,5.,2.8));
#7322 = CIRCLE('',#7323,0.7);
#7323 = AXIS2_PLACEMENT_3D('',#7324,#7325,#7326);
#7324 = CARTESIAN_POINT('',(2.1,5.,2.8));
#7325 = DIRECTION('',(0.,6.195440985631E-16,-1.));
#7326 = DIRECTION('',(0.,1.,6.195440985631E-16));
#7327 = ORIENTED_EDGE('',*,*,#7328,.T.);
#7328 = EDGE_CURVE('',#7320,#7329,#7331,.T.);
#7329 = VERTEX_POINT('',#7330);
#7330 = CARTESIAN_POINT('',(2.8,5.,3.05));
#7331 = LINE('',#7332,#7333);
#7332 = CARTESIAN_POINT('',(2.8,5.,2.8));
#7333 = VECTOR('',#7334,1.);
#7334 = DIRECTION('',(0.,5.854827030937E-32,1.));
#7335 = ORIENTED_EDGE('',*,*,#7336,.F.);
#7336 = EDGE_CURVE('',#7312,#7329,#7337,.T.);
#7337 = CIRCLE('',#7338,0.7);
#7338 = AXIS2_PLACEMENT_3D('',#7339,#7340,#7341);
#7339 = CARTESIAN_POINT('',(2.1,5.,3.05));
#7340 = DIRECTION('',(0.,5.854827030937E-32,1.));
#7341 = DIRECTION('',(-1.,0.,0.));
#7342 = CYLINDRICAL_SURFACE('',#7343,0.7);
#7343 = AXIS2_PLACEMENT_3D('',#7344,#7345,#7346);
#7344 = CARTESIAN_POINT('',(2.1,5.,2.8));
#7345 = DIRECTION('',(0.,5.854827030937E-32,1.));
#7346 = DIRECTION('',(1.,0.,-0.));
#7347 = ADVANCED_FACE('',(#7348),#7382,.F.);
#7348 = FACE_BOUND('',#7349,.T.);
#7349 = EDGE_LOOP('',(#7350,#7360,#7368,#7376));
#7350 = ORIENTED_EDGE('',*,*,#7351,.T.);
#7351 = EDGE_CURVE('',#7352,#7354,#7356,.T.);
#7352 = VERTEX_POINT('',#7353);
#7353 = CARTESIAN_POINT('',(3.65,2.8,2.923579401439));
#7354 = VERTEX_POINT('',#7355);
#7355 = CARTESIAN_POINT('',(3.15,3.3,2.9));
#7356 = LINE('',#7357,#7358);
#7357 = CARTESIAN_POINT('',(2.497271128607E+05,-2.497206628607E+05,
    1.177958313833E+04));
#7358 = VECTOR('',#7359,1.);
#7359 = DIRECTION('',(-0.70671396575,0.70671396575,-3.332778460158E-02)
  );
#7360 = ORIENTED_EDGE('',*,*,#7361,.T.);
#7361 = EDGE_CURVE('',#7354,#7362,#7364,.T.);
#7362 = VERTEX_POINT('',#7363);
#7363 = CARTESIAN_POINT('',(3.15,3.3,3.05));
#7364 = LINE('',#7365,#7366);
#7365 = CARTESIAN_POINT('',(3.15,3.3,2.85));
#7366 = VECTOR('',#7367,1.);
#7367 = DIRECTION('',(0.,5.854827030937E-32,1.));
#7368 = ORIENTED_EDGE('',*,*,#7369,.T.);
#7369 = EDGE_CURVE('',#7362,#7370,#7372,.T.);
#7370 = VERTEX_POINT('',#7371);
#7371 = CARTESIAN_POINT('',(3.65,2.8,3.05));
#7372 = LINE('',#7373,#7374);
#7373 = CARTESIAN_POINT('',(3.65,2.8,3.05));
#7374 = VECTOR('',#7375,1.);
#7375 = DIRECTION('',(0.707106781187,-0.707106781187,0.));
#7376 = ORIENTED_EDGE('',*,*,#7377,.F.);
#7377 = EDGE_CURVE('',#7352,#7370,#7378,.T.);
#7378 = LINE('',#7379,#7380);
#7379 = CARTESIAN_POINT('',(3.65,2.8,2.85));
#7380 = VECTOR('',#7381,1.);
#7381 = DIRECTION('',(0.,5.854827030937E-32,1.));
#7382 = PLANE('',#7383);
#7383 = AXIS2_PLACEMENT_3D('',#7384,#7385,#7386);
#7384 = CARTESIAN_POINT('',(3.65,2.8,2.85));
#7385 = DIRECTION('',(-0.707106781187,-0.707106781187,0.));
#7386 = DIRECTION('',(-0.707106781187,0.707106781187,0.));
#7387 = ADVANCED_FACE('',(#7388),#7421,.F.);
#7388 = FACE_BOUND('',#7389,.T.);
#7389 = EDGE_LOOP('',(#7390,#7400,#7406,#7407,#7415));
#7390 = ORIENTED_EDGE('',*,*,#7391,.T.);
#7391 = EDGE_CURVE('',#7392,#7394,#7396,.T.);
#7392 = VERTEX_POINT('',#7393);
#7393 = CARTESIAN_POINT('',(5.425,2.8,2.850212456115));
#7394 = VERTEX_POINT('',#7395);
#7395 = CARTESIAN_POINT('',(5.275,2.8,3.000212456115));
#7396 = LINE('',#7397,#7398);
#7397 = CARTESIAN_POINT('',(5.275000000388,2.799999999979,3.000212455727
    ));
#7398 = VECTOR('',#7399,1.);
#7399 = DIRECTION('',(-0.707106781187,-3.455309108019E-16,0.707106781187
    ));
#7400 = ORIENTED_EDGE('',*,*,#7401,.T.);
#7401 = EDGE_CURVE('',#7394,#7352,#7402,.T.);
#7402 = LINE('',#7403,#7404);
#7403 = CARTESIAN_POINT('',(3.150000000774,2.800000000036,2.900000000037
    ));
#7404 = VECTOR('',#7405,1.);
#7405 = DIRECTION('',(-0.998889874962,-4.881120326795E-16,
    -4.710645070964E-02));
#7406 = ORIENTED_EDGE('',*,*,#7377,.T.);
#7407 = ORIENTED_EDGE('',*,*,#7408,.T.);
#7408 = EDGE_CURVE('',#7370,#7409,#7411,.T.);
#7409 = VERTEX_POINT('',#7410);
#7410 = CARTESIAN_POINT('',(5.425,2.8,3.05));
#7411 = LINE('',#7412,#7413);
#7412 = CARTESIAN_POINT('',(5.425,2.8,3.05));
#7413 = VECTOR('',#7414,1.);
#7414 = DIRECTION('',(1.,4.886545002752E-16,0.));
#7415 = ORIENTED_EDGE('',*,*,#7416,.F.);
#7416 = EDGE_CURVE('',#7392,#7409,#7417,.T.);
#7417 = LINE('',#7418,#7419);
#7418 = CARTESIAN_POINT('',(5.425,2.8,2.85));
#7419 = VECTOR('',#7420,1.);
#7420 = DIRECTION('',(0.,5.854827030937E-32,1.));
#7421 = PLANE('',#7422);
#7422 = AXIS2_PLACEMENT_3D('',#7423,#7424,#7425);
#7423 = CARTESIAN_POINT('',(5.425,2.8,2.85));
#7424 = DIRECTION('',(4.886545002752E-16,-1.,-5.854827030937E-32));
#7425 = DIRECTION('',(0.,5.854827030937E-32,-1.));
#7426 = ADVANCED_FACE('',(#7427),#7461,.F.);
#7427 = FACE_BOUND('',#7428,.T.);
#7428 = EDGE_LOOP('',(#7429,#7439,#7447,#7455));
#7429 = ORIENTED_EDGE('',*,*,#7430,.T.);
#7430 = EDGE_CURVE('',#7431,#7433,#7435,.T.);
#7431 = VERTEX_POINT('',#7432);
#7432 = CARTESIAN_POINT('',(4.95,1.5,2.55));
#7433 = VERTEX_POINT('',#7434);
#7434 = CARTESIAN_POINT('',(5.425,1.5,2.55));
#7435 = LINE('',#7436,#7437);
#7436 = CARTESIAN_POINT('',(4.95,1.5,2.55));
#7437 = VECTOR('',#7438,1.);
#7438 = DIRECTION('',(1.,-4.565061778886E-16,0.));
#7439 = ORIENTED_EDGE('',*,*,#7440,.F.);
#7440 = EDGE_CURVE('',#7441,#7433,#7443,.T.);
#7441 = VERTEX_POINT('',#7442);
#7442 = CARTESIAN_POINT('',(5.425,1.5,3.05));
#7443 = LINE('',#7444,#7445);
#7444 = CARTESIAN_POINT('',(5.425,1.5,3.05));
#7445 = VECTOR('',#7446,1.);
#7446 = DIRECTION('',(0.,-5.854827030937E-32,-1.));
#7447 = ORIENTED_EDGE('',*,*,#7448,.F.);
#7448 = EDGE_CURVE('',#7449,#7441,#7451,.T.);
#7449 = VERTEX_POINT('',#7450);
#7450 = CARTESIAN_POINT('',(4.95,1.5,3.05));
#7451 = LINE('',#7452,#7453);
#7452 = CARTESIAN_POINT('',(4.95,1.5,3.05));
#7453 = VECTOR('',#7454,1.);
#7454 = DIRECTION('',(1.,-4.565061778886E-16,0.));
#7455 = ORIENTED_EDGE('',*,*,#7456,.T.);
#7456 = EDGE_CURVE('',#7449,#7431,#7457,.T.);
#7457 = LINE('',#7458,#7459);
#7458 = CARTESIAN_POINT('',(4.95,1.5,3.05));
#7459 = VECTOR('',#7460,1.);
#7460 = DIRECTION('',(0.,-5.854827030937E-32,-1.));
#7461 = PLANE('',#7462);
#7462 = AXIS2_PLACEMENT_3D('',#7463,#7464,#7465);
#7463 = CARTESIAN_POINT('',(4.95,1.5,3.05));
#7464 = DIRECTION('',(4.565061778886E-16,1.,5.854827030937E-32));
#7465 = DIRECTION('',(1.,-4.565061778886E-16,0.));
#7466 = ADVANCED_FACE('',(#7467),#7492,.F.);
#7467 = FACE_BOUND('',#7468,.T.);
#7468 = EDGE_LOOP('',(#7469,#7477,#7478,#7486));
#7469 = ORIENTED_EDGE('',*,*,#7470,.T.);
#7470 = EDGE_CURVE('',#7471,#7431,#7473,.T.);
#7471 = VERTEX_POINT('',#7472);
#7472 = CARTESIAN_POINT('',(4.95,-1.5,2.55));
#7473 = LINE('',#7474,#7475);
#7474 = CARTESIAN_POINT('',(4.95,1.5,2.55));
#7475 = VECTOR('',#7476,1.);
#7476 = DIRECTION('',(-4.095959319487E-32,1.,5.854827030937E-32));
#7477 = ORIENTED_EDGE('',*,*,#7456,.F.);
#7478 = ORIENTED_EDGE('',*,*,#7479,.F.);
#7479 = EDGE_CURVE('',#7480,#7449,#7482,.T.);
#7480 = VERTEX_POINT('',#7481);
#7481 = CARTESIAN_POINT('',(4.95,-1.5,3.05));
#7482 = LINE('',#7483,#7484);
#7483 = CARTESIAN_POINT('',(4.95,1.5,3.05));
#7484 = VECTOR('',#7485,1.);
#7485 = DIRECTION('',(-4.095959319487E-32,1.,5.854827030937E-32));
#7486 = ORIENTED_EDGE('',*,*,#7487,.T.);
#7487 = EDGE_CURVE('',#7480,#7471,#7488,.T.);
#7488 = LINE('',#7489,#7490);
#7489 = CARTESIAN_POINT('',(4.95,-1.5,3.05));
#7490 = VECTOR('',#7491,1.);
#7491 = DIRECTION('',(0.,-5.854827030937E-32,-1.));
#7492 = PLANE('',#7493);
#7493 = AXIS2_PLACEMENT_3D('',#7494,#7495,#7496);
#7494 = CARTESIAN_POINT('',(4.95,1.5,3.05));
#7495 = DIRECTION('',(-1.,4.095959319487E-32,-2.398113334135E-63));
#7496 = DIRECTION('',(-2.398113334135E-63,0.,1.));
#7497 = ADVANCED_FACE('',(#7498),#7523,.F.);
#7498 = FACE_BOUND('',#7499,.T.);
#7499 = EDGE_LOOP('',(#7500,#7508,#7509,#7517));
#7500 = ORIENTED_EDGE('',*,*,#7501,.T.);
#7501 = EDGE_CURVE('',#7502,#7471,#7504,.T.);
#7502 = VERTEX_POINT('',#7503);
#7503 = CARTESIAN_POINT('',(5.425,-1.5,2.55));
#7504 = LINE('',#7505,#7506);
#7505 = CARTESIAN_POINT('',(5.425,-1.5,2.55));
#7506 = VECTOR('',#7507,1.);
#7507 = DIRECTION('',(-1.,-4.565061778886E-16,0.));
#7508 = ORIENTED_EDGE('',*,*,#7487,.F.);
#7509 = ORIENTED_EDGE('',*,*,#7510,.F.);
#7510 = EDGE_CURVE('',#7511,#7480,#7513,.T.);
#7511 = VERTEX_POINT('',#7512);
#7512 = CARTESIAN_POINT('',(5.425,-1.5,3.05));
#7513 = LINE('',#7514,#7515);
#7514 = CARTESIAN_POINT('',(5.425,-1.5,3.05));
#7515 = VECTOR('',#7516,1.);
#7516 = DIRECTION('',(-1.,-4.565061778886E-16,0.));
#7517 = ORIENTED_EDGE('',*,*,#7518,.T.);
#7518 = EDGE_CURVE('',#7511,#7502,#7519,.T.);
#7519 = LINE('',#7520,#7521);
#7520 = CARTESIAN_POINT('',(5.425,-1.5,3.05));
#7521 = VECTOR('',#7522,1.);
#7522 = DIRECTION('',(0.,-5.854827030937E-32,-1.));
#7523 = PLANE('',#7524);
#7524 = AXIS2_PLACEMENT_3D('',#7525,#7526,#7527);
#7525 = CARTESIAN_POINT('',(5.425,-1.5,3.05));
#7526 = DIRECTION('',(4.565061778886E-16,-1.,-5.854827030937E-32));
#7527 = DIRECTION('',(0.,5.854827030937E-32,-1.));
#7528 = ADVANCED_FACE('',(#7529),#7571,.F.);
#7529 = FACE_BOUND('',#7530,.T.);
#7530 = EDGE_LOOP('',(#7531,#7541,#7549,#7557,#7565));
#7531 = ORIENTED_EDGE('',*,*,#7532,.F.);
#7532 = EDGE_CURVE('',#7533,#7535,#7537,.T.);
#7533 = VERTEX_POINT('',#7534);
#7534 = CARTESIAN_POINT('',(5.275,-2.8,3.000212456115));
#7535 = VERTEX_POINT('',#7536);
#7536 = CARTESIAN_POINT('',(3.65,-2.8,2.923579401439));
#7537 = LINE('',#7538,#7539);
#7538 = CARTESIAN_POINT('',(3.150000001018,-2.800000000036,
    2.900000000048));
#7539 = VECTOR('',#7540,1.);
#7540 = DIRECTION('',(-0.998889874962,3.815612171546E-32,
    -4.710645070964E-02));
#7541 = ORIENTED_EDGE('',*,*,#7542,.F.);
#7542 = EDGE_CURVE('',#7543,#7533,#7545,.T.);
#7543 = VERTEX_POINT('',#7544);
#7544 = CARTESIAN_POINT('',(5.425,-2.8,2.850212456115));
#7545 = LINE('',#7546,#7547);
#7546 = CARTESIAN_POINT('',(5.27500000051,-2.799999999979,3.000212455604
    ));
#7547 = VECTOR('',#7548,1.);
#7548 = DIRECTION('',(-0.707106781187,7.036268506524E-32,0.707106781187)
  );
#7549 = ORIENTED_EDGE('',*,*,#7550,.T.);
#7550 = EDGE_CURVE('',#7543,#7551,#7553,.T.);
#7551 = VERTEX_POINT('',#7552);
#7552 = CARTESIAN_POINT('',(5.425,-2.8,3.05));
#7553 = LINE('',#7554,#7555);
#7554 = CARTESIAN_POINT('',(5.425,-2.8,2.85));
#7555 = VECTOR('',#7556,1.);
#7556 = DIRECTION('',(0.,5.854827030937E-32,1.));
#7557 = ORIENTED_EDGE('',*,*,#7558,.T.);
#7558 = EDGE_CURVE('',#7551,#7559,#7561,.T.);
#7559 = VERTEX_POINT('',#7560);
#7560 = CARTESIAN_POINT('',(3.65,-2.8,3.05));
#7561 = LINE('',#7562,#7563);
#7562 = CARTESIAN_POINT('',(5.425,-2.8,3.05));
#7563 = VECTOR('',#7564,1.);
#7564 = DIRECTION('',(-1.,4.095959319487E-32,0.));
#7565 = ORIENTED_EDGE('',*,*,#7566,.F.);
#7566 = EDGE_CURVE('',#7535,#7559,#7567,.T.);
#7567 = LINE('',#7568,#7569);
#7568 = CARTESIAN_POINT('',(3.65,-2.8,2.85));
#7569 = VECTOR('',#7570,1.);
#7570 = DIRECTION('',(0.,5.854827030937E-32,1.));
#7571 = PLANE('',#7572);
#7572 = AXIS2_PLACEMENT_3D('',#7573,#7574,#7575);
#7573 = CARTESIAN_POINT('',(5.425,-2.8,2.85));
#7574 = DIRECTION('',(-4.095959319487E-32,1.,-5.854827030937E-32));
#7575 = DIRECTION('',(0.,-5.854827030937E-32,-1.));
#7576 = ADVANCED_FACE('',(#7577),#7602,.F.);
#7577 = FACE_BOUND('',#7578,.T.);
#7578 = EDGE_LOOP('',(#7579,#7589,#7595,#7596));
#7579 = ORIENTED_EDGE('',*,*,#7580,.F.);
#7580 = EDGE_CURVE('',#7581,#7583,#7585,.T.);
#7581 = VERTEX_POINT('',#7582);
#7582 = CARTESIAN_POINT('',(3.15,-3.3,2.9));
#7583 = VERTEX_POINT('',#7584);
#7584 = CARTESIAN_POINT('',(3.15,-3.3,3.05));
#7585 = LINE('',#7586,#7587);
#7586 = CARTESIAN_POINT('',(3.15,-3.3,2.85));
#7587 = VECTOR('',#7588,1.);
#7588 = DIRECTION('',(0.,5.854827030937E-32,1.));
#7589 = ORIENTED_EDGE('',*,*,#7590,.F.);
#7590 = EDGE_CURVE('',#7535,#7581,#7591,.T.);
#7591 = LINE('',#7592,#7593);
#7592 = CARTESIAN_POINT('',(2.497271128607E+05,2.497206628607E+05,
    1.177958313833E+04));
#7593 = VECTOR('',#7594,1.);
#7594 = DIRECTION('',(-0.70671396575,-0.70671396575,-3.332778460158E-02)
  );
#7595 = ORIENTED_EDGE('',*,*,#7566,.T.);
#7596 = ORIENTED_EDGE('',*,*,#7597,.T.);
#7597 = EDGE_CURVE('',#7559,#7583,#7598,.T.);
#7598 = LINE('',#7599,#7600);
#7599 = CARTESIAN_POINT('',(3.65,-2.8,3.05));
#7600 = VECTOR('',#7601,1.);
#7601 = DIRECTION('',(-0.707106781187,-0.707106781187,0.));
#7602 = PLANE('',#7603);
#7603 = AXIS2_PLACEMENT_3D('',#7604,#7605,#7606);
#7604 = CARTESIAN_POINT('',(3.65,-2.8,2.85));
#7605 = DIRECTION('',(-0.707106781187,0.707106781187,0.));
#7606 = DIRECTION('',(0.,0.,1.));
#7607 = ADVANCED_FACE('',(#7608),#7644,.F.);
#7608 = FACE_BOUND('',#7609,.F.);
#7609 = EDGE_LOOP('',(#7610,#7620,#7629,#7637));
#7610 = ORIENTED_EDGE('',*,*,#7611,.F.);
#7611 = EDGE_CURVE('',#7612,#7614,#7616,.T.);
#7612 = VERTEX_POINT('',#7613);
#7613 = CARTESIAN_POINT('',(2.8,-5.,2.8));
#7614 = VERTEX_POINT('',#7615);
#7615 = CARTESIAN_POINT('',(2.8,-5.,3.05));
#7616 = LINE('',#7617,#7618);
#7617 = CARTESIAN_POINT('',(2.8,-5.,2.8));
#7618 = VECTOR('',#7619,1.);
#7619 = DIRECTION('',(0.,5.854827030937E-32,1.));
#7620 = ORIENTED_EDGE('',*,*,#7621,.T.);
#7621 = EDGE_CURVE('',#7612,#7622,#7624,.T.);
#7622 = VERTEX_POINT('',#7623);
#7623 = CARTESIAN_POINT('',(1.4,-5.,2.8));
#7624 = CIRCLE('',#7625,0.7);
#7625 = AXIS2_PLACEMENT_3D('',#7626,#7627,#7628);
#7626 = CARTESIAN_POINT('',(2.1,-5.,2.8));
#7627 = DIRECTION('',(0.,5.854827030937E-32,1.));
#7628 = DIRECTION('',(-1.,0.,0.));
#7629 = ORIENTED_EDGE('',*,*,#7630,.T.);
#7630 = EDGE_CURVE('',#7622,#7631,#7633,.T.);
#7631 = VERTEX_POINT('',#7632);
#7632 = CARTESIAN_POINT('',(1.4,-5.,3.05));
#7633 = LINE('',#7634,#7635);
#7634 = CARTESIAN_POINT('',(1.4,-5.,2.8));
#7635 = VECTOR('',#7636,1.);
#7636 = DIRECTION('',(0.,5.854827030937E-32,1.));
#7637 = ORIENTED_EDGE('',*,*,#7638,.F.);
#7638 = EDGE_CURVE('',#7614,#7631,#7639,.T.);
#7639 = CIRCLE('',#7640,0.7);
#7640 = AXIS2_PLACEMENT_3D('',#7641,#7642,#7643);
#7641 = CARTESIAN_POINT('',(2.1,-5.,3.05));
#7642 = DIRECTION('',(0.,5.854827030937E-32,1.));
#7643 = DIRECTION('',(-1.,0.,0.));
#7644 = CYLINDRICAL_SURFACE('',#7645,0.7);
#7645 = AXIS2_PLACEMENT_3D('',#7646,#7647,#7648);
#7646 = CARTESIAN_POINT('',(2.1,-5.,2.8));
#7647 = DIRECTION('',(0.,5.854827030937E-32,1.));
#7648 = DIRECTION('',(1.,0.,-0.));
#7649 = ADVANCED_FACE('',(#7650),#7684,.F.);
#7650 = FACE_BOUND('',#7651,.T.);
#7651 = EDGE_LOOP('',(#7652,#7662,#7670,#7678));
#7652 = ORIENTED_EDGE('',*,*,#7653,.F.);
#7653 = EDGE_CURVE('',#7654,#7656,#7658,.T.);
#7654 = VERTEX_POINT('',#7655);
#7655 = CARTESIAN_POINT('',(-3.15,3.3,2.9));
#7656 = VERTEX_POINT('',#7657);
#7657 = CARTESIAN_POINT('',(-3.15,3.3,3.05));
#7658 = LINE('',#7659,#7660);
#7659 = CARTESIAN_POINT('',(-3.15,3.3,2.85));
#7660 = VECTOR('',#7661,1.);
#7661 = DIRECTION('',(0.,5.854827030937E-32,1.));
#7662 = ORIENTED_EDGE('',*,*,#7663,.F.);
#7663 = EDGE_CURVE('',#7664,#7654,#7666,.T.);
#7664 = VERTEX_POINT('',#7665);
#7665 = CARTESIAN_POINT('',(-3.65,2.8,2.923579401439));
#7666 = LINE('',#7667,#7668);
#7667 = CARTESIAN_POINT('',(-2.497271128607E+05,-2.497206628607E+05,
    1.177958313833E+04));
#7668 = VECTOR('',#7669,1.);
#7669 = DIRECTION('',(0.70671396575,0.70671396575,-3.332778460158E-02));
#7670 = ORIENTED_EDGE('',*,*,#7671,.T.);
#7671 = EDGE_CURVE('',#7664,#7672,#7674,.T.);
#7672 = VERTEX_POINT('',#7673);
#7673 = CARTESIAN_POINT('',(-3.65,2.8,3.05));
#7674 = LINE('',#7675,#7676);
#7675 = CARTESIAN_POINT('',(-3.65,2.8,2.85));
#7676 = VECTOR('',#7677,1.);
#7677 = DIRECTION('',(0.,5.854827030937E-32,1.));
#7678 = ORIENTED_EDGE('',*,*,#7679,.T.);
#7679 = EDGE_CURVE('',#7672,#7656,#7680,.T.);
#7680 = LINE('',#7681,#7682);
#7681 = CARTESIAN_POINT('',(-3.15,3.3,3.05));
#7682 = VECTOR('',#7683,1.);
#7683 = DIRECTION('',(0.707106781187,0.707106781187,0.));
#7684 = PLANE('',#7685);
#7685 = AXIS2_PLACEMENT_3D('',#7686,#7687,#7688);
#7686 = CARTESIAN_POINT('',(-3.15,3.3,2.85));
#7687 = DIRECTION('',(0.707106781187,-0.707106781187,0.));
#7688 = DIRECTION('',(0.,0.,-1.));
#7689 = ADVANCED_FACE('',(#7690),#7724,.F.);
#7690 = FACE_BOUND('',#7691,.T.);
#7691 = EDGE_LOOP('',(#7692,#7702,#7710,#7718));
#7692 = ORIENTED_EDGE('',*,*,#7693,.F.);
#7693 = EDGE_CURVE('',#7694,#7696,#7698,.T.);
#7694 = VERTEX_POINT('',#7695);
#7695 = CARTESIAN_POINT('',(-3.421238898038,4.075,2.912791301725));
#7696 = VERTEX_POINT('',#7697);
#7697 = CARTESIAN_POINT('',(-3.421238898047,3.874999999954,
    2.912791301726));
#7698 = LINE('',#7699,#7700);
#7699 = CARTESIAN_POINT('',(-3.421238897787,-5.E+05,2.912791301665));
#7700 = VECTOR('',#7701,1.);
#7701 = DIRECTION('',(5.036533023209E-16,-1.,-1.199957838033E-16));
#7702 = ORIENTED_EDGE('',*,*,#7703,.T.);
#7703 = EDGE_CURVE('',#7694,#7704,#7706,.T.);
#7704 = VERTEX_POINT('',#7705);
#7705 = CARTESIAN_POINT('',(-3.421238898038,4.075,3.3));
#7706 = LINE('',#7707,#7708);
#7707 = CARTESIAN_POINT('',(-3.421238898039,4.075,-18.32192262732));
#7708 = VECTOR('',#7709,1.);
#7709 = DIRECTION('',(3.491483361109E-15,-3.459511681412E-16,1.));
#7710 = ORIENTED_EDGE('',*,*,#7711,.T.);
#7711 = EDGE_CURVE('',#7704,#7712,#7714,.T.);
#7712 = VERTEX_POINT('',#7713);
#7713 = CARTESIAN_POINT('',(-3.421238898038,3.875,3.3));
#7714 = LINE('',#7715,#7716);
#7715 = CARTESIAN_POINT('',(-3.421238898038,3.875,3.3));
#7716 = VECTOR('',#7717,1.);
#7717 = DIRECTION('',(5.036533023209E-16,-1.,-5.036533023209E-16));
#7718 = ORIENTED_EDGE('',*,*,#7719,.F.);
#7719 = EDGE_CURVE('',#7696,#7712,#7720,.T.);
#7720 = LINE('',#7721,#7722);
#7721 = CARTESIAN_POINT('',(-3.421238898039,3.875,-18.32192262732));
#7722 = VECTOR('',#7723,1.);
#7723 = DIRECTION('',(3.491483361109E-15,-3.459511681412E-16,1.));
#7724 = PLANE('',#7725);
#7725 = AXIS2_PLACEMENT_3D('',#7726,#7727,#7728);
#7726 = CARTESIAN_POINT('',(-3.421238898039,3.875,-18.32192262732));
#7727 = DIRECTION('',(-1.,-5.036533023209E-16,3.491483361109E-15));
#7728 = DIRECTION('',(-5.036533023209E-16,1.,0.));
#7729 = ADVANCED_FACE('',(#7730),#7763,.F.);
#7730 = FACE_BOUND('',#7731,.T.);
#7731 = EDGE_LOOP('',(#7732,#7740,#7748,#7756,#7762));
#7732 = ORIENTED_EDGE('',*,*,#7733,.F.);
#7733 = EDGE_CURVE('',#7734,#7664,#7736,.T.);
#7734 = VERTEX_POINT('',#7735);
#7735 = CARTESIAN_POINT('',(-5.275,2.8,3.000212456115));
#7736 = LINE('',#7737,#7738);
#7737 = CARTESIAN_POINT('',(-3.150000000774,2.799999999979,
    2.900000000037));
#7738 = VECTOR('',#7739,1.);
#7739 = DIRECTION('',(0.998889874962,-4.881120326795E-16,
    -4.710645070964E-02));
#7740 = ORIENTED_EDGE('',*,*,#7741,.F.);
#7741 = EDGE_CURVE('',#7742,#7734,#7744,.T.);
#7742 = VERTEX_POINT('',#7743);
#7743 = CARTESIAN_POINT('',(-5.425,2.8,2.850212456115));
#7744 = LINE('',#7745,#7746);
#7745 = CARTESIAN_POINT('',(-5.275000000388,2.799999999979,
    3.000212455727));
#7746 = VECTOR('',#7747,1.);
#7747 = DIRECTION('',(0.707106781187,-3.455309108019E-16,0.707106781187)
  );
#7748 = ORIENTED_EDGE('',*,*,#7749,.T.);
#7749 = EDGE_CURVE('',#7742,#7750,#7752,.T.);
#7750 = VERTEX_POINT('',#7751);
#7751 = CARTESIAN_POINT('',(-5.425,2.8,3.05));
#7752 = LINE('',#7753,#7754);
#7753 = CARTESIAN_POINT('',(-5.425,2.8,2.85));
#7754 = VECTOR('',#7755,1.);
#7755 = DIRECTION('',(0.,5.854827030937E-32,1.));
#7756 = ORIENTED_EDGE('',*,*,#7757,.T.);
#7757 = EDGE_CURVE('',#7750,#7672,#7758,.T.);
#7758 = LINE('',#7759,#7760);
#7759 = CARTESIAN_POINT('',(-3.65,2.8,3.05));
#7760 = VECTOR('',#7761,1.);
#7761 = DIRECTION('',(1.,-4.886545002752E-16,0.));
#7762 = ORIENTED_EDGE('',*,*,#7671,.F.);
#7763 = PLANE('',#7764);
#7764 = AXIS2_PLACEMENT_3D('',#7765,#7766,#7767);
#7765 = CARTESIAN_POINT('',(-3.65,2.8,2.85));
#7766 = DIRECTION('',(-4.886545002752E-16,-1.,-5.854827030937E-32));
#7767 = DIRECTION('',(-1.,4.886545002752E-16,0.));
#7768 = ADVANCED_FACE('',(#7769),#7794,.F.);
#7769 = FACE_BOUND('',#7770,.T.);
#7770 = EDGE_LOOP('',(#7771,#7779,#7780,#7788));
#7771 = ORIENTED_EDGE('',*,*,#7772,.T.);
#7772 = EDGE_CURVE('',#7773,#7237,#7775,.T.);
#7773 = VERTEX_POINT('',#7774);
#7774 = CARTESIAN_POINT('',(-5.425,1.5,2.55));
#7775 = LINE('',#7776,#7777);
#7776 = CARTESIAN_POINT('',(-5.425,1.5,2.55));
#7777 = VECTOR('',#7778,1.);
#7778 = DIRECTION('',(1.,4.565061778886E-16,0.));
#7779 = ORIENTED_EDGE('',*,*,#7253,.F.);
#7780 = ORIENTED_EDGE('',*,*,#7781,.F.);
#7781 = EDGE_CURVE('',#7782,#7246,#7784,.T.);
#7782 = VERTEX_POINT('',#7783);
#7783 = CARTESIAN_POINT('',(-5.425,1.5,3.05));
#7784 = LINE('',#7785,#7786);
#7785 = CARTESIAN_POINT('',(-5.425,1.5,3.05));
#7786 = VECTOR('',#7787,1.);
#7787 = DIRECTION('',(1.,4.565061778886E-16,0.));
#7788 = ORIENTED_EDGE('',*,*,#7789,.T.);
#7789 = EDGE_CURVE('',#7782,#7773,#7790,.T.);
#7790 = LINE('',#7791,#7792);
#7791 = CARTESIAN_POINT('',(-5.425,1.5,3.05));
#7792 = VECTOR('',#7793,1.);
#7793 = DIRECTION('',(0.,-5.854827030937E-32,-1.));
#7794 = PLANE('',#7795);
#7795 = AXIS2_PLACEMENT_3D('',#7796,#7797,#7798);
#7796 = CARTESIAN_POINT('',(-5.425,1.5,3.05));
#7797 = DIRECTION('',(-4.565061778886E-16,1.,5.854827030937E-32));
#7798 = DIRECTION('',(1.,4.565061778886E-16,0.));
#7799 = ADVANCED_FACE('',(#7800),#7825,.F.);
#7800 = FACE_BOUND('',#7801,.T.);
#7801 = EDGE_LOOP('',(#7802,#7812,#7818,#7819));
#7802 = ORIENTED_EDGE('',*,*,#7803,.F.);
#7803 = EDGE_CURVE('',#7804,#7806,#7808,.T.);
#7804 = VERTEX_POINT('',#7805);
#7805 = CARTESIAN_POINT('',(3.15,-4.7,2.9));
#7806 = VERTEX_POINT('',#7807);
#7807 = CARTESIAN_POINT('',(3.15,-4.7,3.05));
#7808 = LINE('',#7809,#7810);
#7809 = CARTESIAN_POINT('',(3.15,-4.7,2.85));
#7810 = VECTOR('',#7811,1.);
#7811 = DIRECTION('',(0.,5.854827030937E-32,1.));
#7812 = ORIENTED_EDGE('',*,*,#7813,.F.);
#7813 = EDGE_CURVE('',#7581,#7804,#7814,.T.);
#7814 = LINE('',#7815,#7816);
#7815 = CARTESIAN_POINT('',(3.15000000102,5.E+05,2.9));
#7816 = VECTOR('',#7817,1.);
#7817 = DIRECTION('',(-2.040851148208E-15,-1.,-5.854827030937E-32));
#7818 = ORIENTED_EDGE('',*,*,#7580,.T.);
#7819 = ORIENTED_EDGE('',*,*,#7820,.T.);
#7820 = EDGE_CURVE('',#7583,#7806,#7821,.T.);
#7821 = LINE('',#7822,#7823);
#7822 = CARTESIAN_POINT('',(3.15,-3.3,3.05));
#7823 = VECTOR('',#7824,1.);
#7824 = DIRECTION('',(-6.195440985631E-16,-1.,-5.854827030937E-32));
#7825 = PLANE('',#7826);
#7826 = AXIS2_PLACEMENT_3D('',#7827,#7828,#7829);
#7827 = CARTESIAN_POINT('',(3.15,-3.3,2.85));
#7828 = DIRECTION('',(-1.,6.195440985631E-16,0.));
#7829 = DIRECTION('',(0.,0.,1.));
#7830 = ADVANCED_FACE('',(#7831),#7865,.F.);
#7831 = FACE_BOUND('',#7832,.T.);
#7832 = EDGE_LOOP('',(#7833,#7843,#7851,#7859));
#7833 = ORIENTED_EDGE('',*,*,#7834,.F.);
#7834 = EDGE_CURVE('',#7835,#7837,#7839,.T.);
#7835 = VERTEX_POINT('',#7836);
#7836 = CARTESIAN_POINT('',(5.425,-4.475,2.55));
#7837 = VERTEX_POINT('',#7838);
#7838 = CARTESIAN_POINT('',(5.425,-4.7,2.55));
#7839 = LINE('',#7840,#7841);
#7840 = CARTESIAN_POINT('',(5.425,-5.,2.55));
#7841 = VECTOR('',#7842,1.);
#7842 = DIRECTION('',(2.710505431214E-16,-1.,0.));
#7843 = ORIENTED_EDGE('',*,*,#7844,.T.);
#7844 = EDGE_CURVE('',#7835,#7845,#7847,.T.);
#7845 = VERTEX_POINT('',#7846);
#7846 = CARTESIAN_POINT('',(5.425,-4.475000000014,2.850212456115));
#7847 = LINE('',#7848,#7849);
#7848 = CARTESIAN_POINT('',(5.425,-4.475,2.70635083269));
#7849 = VECTOR('',#7850,1.);
#7850 = DIRECTION('',(0.,0.,1.));
#7851 = ORIENTED_EDGE('',*,*,#7852,.T.);
#7852 = EDGE_CURVE('',#7845,#7853,#7855,.T.);
#7853 = VERTEX_POINT('',#7854);
#7854 = CARTESIAN_POINT('',(5.425,-4.7,2.850212456115));
#7855 = LINE('',#7856,#7857);
#7856 = CARTESIAN_POINT('',(5.42500000102,5.E+05,2.850212456115));
#7857 = VECTOR('',#7858,1.);
#7858 = DIRECTION('',(-2.040851148208E-15,-1.,-5.854827030937E-32));
#7859 = ORIENTED_EDGE('',*,*,#7860,.T.);
#7860 = EDGE_CURVE('',#7853,#7837,#7861,.T.);
#7861 = LINE('',#7862,#7863);
#7862 = CARTESIAN_POINT('',(5.425,-4.7,3.05));
#7863 = VECTOR('',#7864,1.);
#7864 = DIRECTION('',(0.,-5.854827030937E-32,-1.));
#7865 = PLANE('',#7866);
#7866 = AXIS2_PLACEMENT_3D('',#7867,#7868,#7869);
#7867 = CARTESIAN_POINT('',(5.425,1.5,3.05));
#7868 = DIRECTION('',(-1.,-2.710505431214E-16,0.));
#7869 = DIRECTION('',(-2.710505431214E-16,1.,0.));
#7870 = ADVANCED_FACE('',(#7871),#7896,.T.);
#7871 = FACE_BOUND('',#7872,.T.);
#7872 = EDGE_LOOP('',(#7873,#7881,#7889,#7895));
#7873 = ORIENTED_EDGE('',*,*,#7874,.F.);
#7874 = EDGE_CURVE('',#7875,#7845,#7877,.T.);
#7875 = VERTEX_POINT('',#7876);
#7876 = CARTESIAN_POINT('',(5.275,-4.475000000014,3.000212456115));
#7877 = LINE('',#7878,#7879);
#7878 = CARTESIAN_POINT('',(10.27893026134,-4.475,-2.003717805226));
#7879 = VECTOR('',#7880,1.);
#7880 = DIRECTION('',(0.707106781187,0.,-0.707106781187));
#7881 = ORIENTED_EDGE('',*,*,#7882,.T.);
#7882 = EDGE_CURVE('',#7875,#7883,#7885,.T.);
#7883 = VERTEX_POINT('',#7884);
#7884 = CARTESIAN_POINT('',(5.275,-4.7,3.000212456115));
#7885 = LINE('',#7886,#7887);
#7886 = CARTESIAN_POINT('',(5.27500000102,5.E+05,3.000212456115));
#7887 = VECTOR('',#7888,1.);
#7888 = DIRECTION('',(-2.040851148208E-15,-1.,-5.854827030937E-32));
#7889 = ORIENTED_EDGE('',*,*,#7890,.F.);
#7890 = EDGE_CURVE('',#7853,#7883,#7891,.T.);
#7891 = LINE('',#7892,#7893);
#7892 = CARTESIAN_POINT('',(5.275,-4.7,3.000212456115));
#7893 = VECTOR('',#7894,1.);
#7894 = DIRECTION('',(-0.707106781187,4.088782444489E-15,0.707106781187)
  );
#7895 = ORIENTED_EDGE('',*,*,#7852,.F.);
#7896 = PLANE('',#7897);
#7897 = AXIS2_PLACEMENT_3D('',#7898,#7899,#7900);
#7898 = CARTESIAN_POINT('',(5.27500000102,5.E+05,3.000212456115));
#7899 = DIRECTION('',(0.707106781187,-1.44309968629E-15,0.707106781187)
  );
#7900 = DIRECTION('',(0.,-1.,-2.040851148208E-15));
#7901 = ADVANCED_FACE('',(#7902),#7927,.T.);
#7902 = FACE_BOUND('',#7903,.T.);
#7903 = EDGE_LOOP('',(#7904,#7905,#7913,#7921));
#7904 = ORIENTED_EDGE('',*,*,#5687,.F.);
#7905 = ORIENTED_EDGE('',*,*,#7906,.T.);
#7906 = EDGE_CURVE('',#5680,#7907,#7909,.T.);
#7907 = VERTEX_POINT('',#7908);
#7908 = CARTESIAN_POINT('',(3.821238898041,-4.474999999928,
    2.931654822875));
#7909 = LINE('',#7910,#7911);
#7910 = CARTESIAN_POINT('',(-2.497210644614E+05,2.497204107003E+05,
    -1.177379500352E+04));
#7911 = VECTOR('',#7912,1.);
#7912 = DIRECTION('',(0.70671396575,-0.70671396575,3.332778460158E-02));
#7913 = ORIENTED_EDGE('',*,*,#7914,.T.);
#7914 = EDGE_CURVE('',#7907,#7915,#7917,.T.);
#7915 = VERTEX_POINT('',#7916);
#7916 = CARTESIAN_POINT('',(3.821238898038,-4.475,3.3));
#7917 = LINE('',#7918,#7919);
#7918 = CARTESIAN_POINT('',(3.821238898039,-4.475,-18.32192262732));
#7919 = VECTOR('',#7920,1.);
#7920 = DIRECTION('',(-3.491483361109E-15,1.037853504423E-15,1.));
#7921 = ORIENTED_EDGE('',*,*,#7922,.F.);
#7922 = EDGE_CURVE('',#5688,#7915,#7923,.T.);
#7923 = LINE('',#7924,#7925);
#7924 = CARTESIAN_POINT('',(3.821238898038,-4.475,3.3));
#7925 = VECTOR('',#7926,1.);
#7926 = DIRECTION('',(0.707106781187,-0.707106781187,3.09121256341E-15)
  );
#7927 = PLANE('',#7928);
#7928 = AXIS2_PLACEMENT_3D('',#7929,#7930,#7931);
#7929 = CARTESIAN_POINT('',(3.821238898039,-4.475,-18.32192262732));
#7930 = DIRECTION('',(-0.707106781187,-0.707106781187,
    -1.734978310184E-15));
#7931 = DIRECTION('',(-0.707106781187,0.707106781187,0.));
#7932 = ADVANCED_FACE('',(#7933),#7958,.T.);
#7933 = FACE_BOUND('',#7934,.T.);
#7934 = EDGE_LOOP('',(#7935,#7945,#7951,#7952));
#7935 = ORIENTED_EDGE('',*,*,#7936,.F.);
#7936 = EDGE_CURVE('',#7937,#7939,#7941,.T.);
#7937 = VERTEX_POINT('',#7938);
#7938 = CARTESIAN_POINT('',(4.321238898001,-2.975000000021,
    2.955234224315));
#7939 = VERTEX_POINT('',#7940);
#7940 = CARTESIAN_POINT('',(4.321238898038,-2.975,3.3));
#7941 = LINE('',#7942,#7943);
#7942 = CARTESIAN_POINT('',(4.321238898039,-2.975,-18.32192262732));
#7943 = VECTOR('',#7944,1.);
#7944 = DIRECTION('',(-3.491483361109E-15,1.037853504423E-15,1.));
#7945 = ORIENTED_EDGE('',*,*,#7946,.T.);
#7946 = EDGE_CURVE('',#7937,#5670,#7947,.T.);
#7947 = LINE('',#7948,#7949);
#7948 = CARTESIAN_POINT('',(2.497275355101E+05,2.497202392712E+05,
    1.177960306997E+04));
#7949 = VECTOR('',#7950,1.);
#7950 = DIRECTION('',(-0.70671396575,-0.70671396575,-3.332778460158E-02)
  );
#7951 = ORIENTED_EDGE('',*,*,#5669,.T.);
#7952 = ORIENTED_EDGE('',*,*,#7953,.F.);
#7953 = EDGE_CURVE('',#7939,#5672,#7954,.T.);
#7954 = LINE('',#7955,#7956);
#7955 = CARTESIAN_POINT('',(3.421238898038,-3.875,3.3));
#7956 = VECTOR('',#7957,1.);
#7957 = DIRECTION('',(-0.707106781187,-0.707106781187,-1.84649055867E-15
    ));
#7958 = PLANE('',#7959);
#7959 = AXIS2_PLACEMENT_3D('',#7960,#7961,#7962);
#7960 = CARTESIAN_POINT('',(3.421238898039,-3.875,-18.32192262732));
#7961 = DIRECTION('',(-0.707106781187,0.707106781187,-3.202724811897E-15
    ));
#7962 = DIRECTION('',(-4.529336865533E-15,0.,1.));
#7963 = ADVANCED_FACE('',(#7964),#7999,.T.);
#7964 = FACE_BOUND('',#7965,.T.);
#7965 = EDGE_LOOP('',(#7966,#7974,#7980,#7981,#7982,#7983,#7989,#7990,
    #7996,#7997,#7998));
#7966 = ORIENTED_EDGE('',*,*,#7967,.F.);
#7967 = EDGE_CURVE('',#7968,#7937,#7970,.T.);
#7968 = VERTEX_POINT('',#7969);
#7969 = CARTESIAN_POINT('',(5.275,-2.974999999992,3.000212456115));
#7970 = LINE('',#7971,#7972);
#7971 = CARTESIAN_POINT('',(3.150000002199,-2.974999999992,
    2.900000000104));
#7972 = VECTOR('',#7973,1.);
#7973 = DIRECTION('',(-0.998889874962,-2.364460057336E-15,
    -4.710645070964E-02));
#7974 = ORIENTED_EDGE('',*,*,#7975,.F.);
#7975 = EDGE_CURVE('',#7533,#7968,#7976,.T.);
#7976 = LINE('',#7977,#7978);
#7977 = CARTESIAN_POINT('',(5.27500000102,5.E+05,3.000212456115));
#7978 = VECTOR('',#7979,1.);
#7979 = DIRECTION('',(-2.040851148208E-15,-1.,-5.854827030937E-32));
#7980 = ORIENTED_EDGE('',*,*,#7532,.T.);
#7981 = ORIENTED_EDGE('',*,*,#7590,.T.);
#7982 = ORIENTED_EDGE('',*,*,#7813,.T.);
#7983 = ORIENTED_EDGE('',*,*,#7984,.F.);
#7984 = EDGE_CURVE('',#7883,#7804,#7985,.T.);
#7985 = LINE('',#7986,#7987);
#7986 = CARTESIAN_POINT('',(3.15,-4.7,2.9));
#7987 = VECTOR('',#7988,1.);
#7988 = DIRECTION('',(-0.998889874962,2.038585548249E-15,
    -4.710645070964E-02));
#7989 = ORIENTED_EDGE('',*,*,#7882,.F.);
#7990 = ORIENTED_EDGE('',*,*,#7991,.F.);
#7991 = EDGE_CURVE('',#7907,#7875,#7992,.T.);
#7992 = LINE('',#7993,#7994);
#7993 = CARTESIAN_POINT('',(3.150000000974,-4.475000000014,
    2.900000000046));
#7994 = VECTOR('',#7995,1.);
#7995 = DIRECTION('',(0.998889874962,-8.743520182183E-17,
    4.710645070964E-02));
#7996 = ORIENTED_EDGE('',*,*,#7906,.F.);
#7997 = ORIENTED_EDGE('',*,*,#5679,.F.);
#7998 = ORIENTED_EDGE('',*,*,#7946,.F.);
#7999 = PLANE('',#8000);
#8000 = AXIS2_PLACEMENT_3D('',#8001,#8002,#8003);
#8001 = CARTESIAN_POINT('',(3.15000000102,5.E+05,2.9));
#8002 = DIRECTION('',(-4.710645070964E-02,9.613725401876E-17,
    0.998889874962));
#8003 = DIRECTION('',(2.040851148208E-15,1.,0.));
#8004 = ADVANCED_FACE('',(#8005),#8023,.T.);
#8005 = FACE_BOUND('',#8006,.T.);
#8006 = EDGE_LOOP('',(#8007,#8015,#8021,#8022));
#8007 = ORIENTED_EDGE('',*,*,#8008,.F.);
#8008 = EDGE_CURVE('',#8009,#7968,#8011,.T.);
#8009 = VERTEX_POINT('',#8010);
#8010 = CARTESIAN_POINT('',(5.425,-2.974999999992,2.850212456115));
#8011 = LINE('',#8012,#8013);
#8012 = CARTESIAN_POINT('',(10.532105677685,-2.975,-2.25689322157));
#8013 = VECTOR('',#8014,1.);
#8014 = DIRECTION('',(-0.707106781187,0.,0.707106781187));
#8015 = ORIENTED_EDGE('',*,*,#8016,.F.);
#8016 = EDGE_CURVE('',#7543,#8009,#8017,.T.);
#8017 = LINE('',#8018,#8019);
#8018 = CARTESIAN_POINT('',(5.42500000102,5.E+05,2.850212456115));
#8019 = VECTOR('',#8020,1.);
#8020 = DIRECTION('',(-2.040851148208E-15,-1.,-5.854827030937E-32));
#8021 = ORIENTED_EDGE('',*,*,#7542,.T.);
#8022 = ORIENTED_EDGE('',*,*,#7975,.T.);
#8023 = PLANE('',#8024);
#8024 = AXIS2_PLACEMENT_3D('',#8025,#8026,#8027);
#8025 = CARTESIAN_POINT('',(5.27500000102,5.E+05,3.000212456115));
#8026 = DIRECTION('',(0.707106781187,-1.44309968629E-15,0.707106781187)
  );
#8027 = DIRECTION('',(0.,-1.,-2.040851148208E-15));
#8028 = ADVANCED_FACE('',(#8029),#8056,.T.);
#8029 = FACE_BOUND('',#8030,.T.);
#8030 = EDGE_LOOP('',(#8031,#8041,#8047,#8048,#8049,#8050));
#8031 = ORIENTED_EDGE('',*,*,#8032,.F.);
#8032 = EDGE_CURVE('',#8033,#8035,#8037,.T.);
#8033 = VERTEX_POINT('',#8034);
#8034 = CARTESIAN_POINT('',(5.35,-2.975,3.3));
#8035 = VERTEX_POINT('',#8036);
#8036 = CARTESIAN_POINT('',(5.35,-4.475,3.3));
#8037 = LINE('',#8038,#8039);
#8038 = CARTESIAN_POINT('',(5.35,-5.347364354584,3.30000000231));
#8039 = VECTOR('',#8040,1.);
#8040 = DIRECTION('',(2.465190328816E-32,-1.,1.037853504423E-15));
#8041 = ORIENTED_EDGE('',*,*,#8042,.T.);
#8042 = EDGE_CURVE('',#8033,#7939,#8043,.T.);
#8043 = LINE('',#8044,#8045);
#8044 = CARTESIAN_POINT('',(4.321238898038,-2.975,3.3));
#8045 = VECTOR('',#8046,1.);
#8046 = DIRECTION('',(-1.,-2.318143891962E-15,-3.491483361109E-15));
#8047 = ORIENTED_EDGE('',*,*,#7953,.T.);
#8048 = ORIENTED_EDGE('',*,*,#5695,.T.);
#8049 = ORIENTED_EDGE('',*,*,#7922,.T.);
#8050 = ORIENTED_EDGE('',*,*,#8051,.T.);
#8051 = EDGE_CURVE('',#7915,#8035,#8052,.T.);
#8052 = LINE('',#8053,#8054);
#8053 = CARTESIAN_POINT('',(5.527589730728,-4.475,3.3));
#8054 = VECTOR('',#8055,1.);
#8055 = DIRECTION('',(1.,-1.364763025323E-16,3.491483361109E-15));
#8056 = PLANE('',#8057);
#8057 = AXIS2_PLACEMENT_3D('',#8058,#8059,#8060);
#8058 = CARTESIAN_POINT('',(5.721238898038,-4.525,3.3));
#8059 = DIRECTION('',(-3.491483361109E-15,1.037853504423E-15,1.));
#8060 = DIRECTION('',(1.,0.,3.491483361109E-15));
#8061 = ADVANCED_FACE('',(#8062),#8103,.F.);
#8062 = FACE_BOUND('',#8063,.T.);
#8063 = EDGE_LOOP('',(#8064,#8074,#8082,#8088,#8089,#8095,#8096,#8097));
#8064 = ORIENTED_EDGE('',*,*,#8065,.T.);
#8065 = EDGE_CURVE('',#8066,#8068,#8070,.T.);
#8066 = VERTEX_POINT('',#8067);
#8067 = CARTESIAN_POINT('',(5.425,-2.975,2.2));
#8068 = VERTEX_POINT('',#8069);
#8069 = CARTESIAN_POINT('',(5.425,-1.25,2.2));
#8070 = LINE('',#8071,#8072);
#8071 = CARTESIAN_POINT('',(5.425,-1.25,2.2));
#8072 = VECTOR('',#8073,1.);
#8073 = DIRECTION('',(-2.710505431214E-16,1.,0.));
#8074 = ORIENTED_EDGE('',*,*,#8075,.T.);
#8075 = EDGE_CURVE('',#8068,#8076,#8078,.T.);
#8076 = VERTEX_POINT('',#8077);
#8077 = CARTESIAN_POINT('',(5.425,-1.25,2.55));
#8078 = LINE('',#8079,#8080);
#8079 = CARTESIAN_POINT('',(5.425,-1.25,2.55));
#8080 = VECTOR('',#8081,1.);
#8081 = DIRECTION('',(1.679277644032E-31,-6.195440985632E-16,1.));
#8082 = ORIENTED_EDGE('',*,*,#8083,.T.);
#8083 = EDGE_CURVE('',#8076,#7502,#8084,.T.);
#8084 = LINE('',#8085,#8086);
#8085 = CARTESIAN_POINT('',(5.425,-4.5,2.55));
#8086 = VECTOR('',#8087,1.);
#8087 = DIRECTION('',(-2.642297700216E-17,-1.,8.326672684688E-17));
#8088 = ORIENTED_EDGE('',*,*,#7518,.F.);
#8089 = ORIENTED_EDGE('',*,*,#8090,.F.);
#8090 = EDGE_CURVE('',#7551,#7511,#8091,.T.);
#8091 = LINE('',#8092,#8093);
#8092 = CARTESIAN_POINT('',(5.425,-4.7,3.05));
#8093 = VECTOR('',#8094,1.);
#8094 = DIRECTION('',(-4.095959319487E-32,1.,5.854827030937E-32));
#8095 = ORIENTED_EDGE('',*,*,#7550,.F.);
#8096 = ORIENTED_EDGE('',*,*,#8016,.T.);
#8097 = ORIENTED_EDGE('',*,*,#8098,.T.);
#8098 = EDGE_CURVE('',#8009,#8066,#8099,.T.);
#8099 = LINE('',#8100,#8101);
#8100 = CARTESIAN_POINT('',(5.425,-2.975,2.2));
#8101 = VECTOR('',#8102,1.);
#8102 = DIRECTION('',(0.,0.,-1.));
#8103 = PLANE('',#8104);
#8104 = AXIS2_PLACEMENT_3D('',#8105,#8106,#8107);
#8105 = CARTESIAN_POINT('',(5.425,1.5,3.05));
#8106 = DIRECTION('',(-1.,-2.710505431214E-16,0.));
#8107 = DIRECTION('',(-2.710505431214E-16,1.,0.));
#8108 = ADVANCED_FACE('',(#8109),#8128,.F.);
#8109 = FACE_BOUND('',#8110,.T.);
#8110 = EDGE_LOOP('',(#8111,#8119,#8126,#8127));
#8111 = ORIENTED_EDGE('',*,*,#8112,.T.);
#8112 = EDGE_CURVE('',#5785,#8113,#8115,.T.);
#8113 = VERTEX_POINT('',#8114);
#8114 = CARTESIAN_POINT('',(5.85,-1.25,4.15));
#8115 = LINE('',#8116,#8117);
#8116 = CARTESIAN_POINT('',(-15.77192262732,-1.25,4.15));
#8117 = VECTOR('',#8118,1.);
#8118 = DIRECTION('',(1.,2.465190328816E-32,0.));
#8119 = ORIENTED_EDGE('',*,*,#8120,.F.);
#8120 = EDGE_CURVE('',#5711,#8113,#8121,.T.);
#8121 = CIRCLE('',#8122,0.2);
#8122 = AXIS2_PLACEMENT_3D('',#8123,#8124,#8125);
#8123 = CARTESIAN_POINT('',(6.05,-1.25,4.15));
#8124 = DIRECTION('',(0.,-1.,0.));
#8125 = DIRECTION('',(0.,0.,-1.));
#8126 = ORIENTED_EDGE('',*,*,#5710,.T.);
#8127 = ORIENTED_EDGE('',*,*,#5792,.T.);
#8128 = PLANE('',#8129);
#8129 = AXIS2_PLACEMENT_3D('',#8130,#8131,#8132);
#8130 = CARTESIAN_POINT('',(6.05,-1.25,4.15));
#8131 = DIRECTION('',(4.22626678776E-32,1.,6.902245402482E-16));
#8132 = DIRECTION('',(0.,6.902245402482E-16,-1.));
#8133 = ADVANCED_FACE('',(#8134),#8145,.F.);
#8134 = FACE_BOUND('',#8135,.T.);
#8135 = EDGE_LOOP('',(#8136,#8142,#8143,#8144));
#8136 = ORIENTED_EDGE('',*,*,#8137,.F.);
#8137 = EDGE_CURVE('',#5751,#5711,#8138,.T.);
#8138 = LINE('',#8139,#8140);
#8139 = CARTESIAN_POINT('',(5.908578643763,4.398412298286,4.291421356237
    ));
#8140 = VECTOR('',#8141,1.);
#8141 = DIRECTION('',(-8.135128085092E-31,-1.,2.230244969721E-16));
#8142 = ORIENTED_EDGE('',*,*,#5760,.T.);
#8143 = ORIENTED_EDGE('',*,*,#5736,.T.);
#8144 = ORIENTED_EDGE('',*,*,#5718,.F.);
#8145 = PLANE('',#8146);
#8146 = AXIS2_PLACEMENT_3D('',#8147,#8148,#8149);
#8147 = CARTESIAN_POINT('',(5.908578643763,4.398412298286,4.291421356237
    ));
#8148 = DIRECTION('',(-0.707106781187,1.577021341797E-16,0.707106781187)
  );
#8149 = DIRECTION('',(2.230244969721E-16,1.,0.));
#8150 = ADVANCED_FACE('',(#8151),#8170,.F.);
#8151 = FACE_BOUND('',#8152,.T.);
#8152 = EDGE_LOOP('',(#8153,#8162,#8168,#8169));
#8153 = ORIENTED_EDGE('',*,*,#8154,.F.);
#8154 = EDGE_CURVE('',#8155,#5751,#8157,.T.);
#8155 = VERTEX_POINT('',#8156);
#8156 = CARTESIAN_POINT('',(5.85,1.25,4.15));
#8157 = CIRCLE('',#8158,0.2);
#8158 = AXIS2_PLACEMENT_3D('',#8159,#8160,#8161);
#8159 = CARTESIAN_POINT('',(6.05,1.25,4.15));
#8160 = DIRECTION('',(0.,1.,0.));
#8161 = DIRECTION('',(0.,0.,-1.));
#8162 = ORIENTED_EDGE('',*,*,#8163,.F.);
#8163 = EDGE_CURVE('',#5776,#8155,#8164,.T.);
#8164 = LINE('',#8165,#8166);
#8165 = CARTESIAN_POINT('',(-15.77192262732,1.25,4.15));
#8166 = VECTOR('',#8167,1.);
#8167 = DIRECTION('',(1.,2.465190328816E-32,0.));
#8168 = ORIENTED_EDGE('',*,*,#5775,.T.);
#8169 = ORIENTED_EDGE('',*,*,#5750,.F.);
#8170 = PLANE('',#8171);
#8171 = AXIS2_PLACEMENT_3D('',#8172,#8173,#8174);
#8172 = CARTESIAN_POINT('',(6.05,1.25,4.15));
#8173 = DIRECTION('',(-4.22626678776E-32,-1.,-6.902245402482E-16));
#8174 = DIRECTION('',(0.,6.902245402482E-16,-1.));
#8175 = ADVANCED_FACE('',(#8176),#8201,.F.);
#8176 = FACE_BOUND('',#8177,.T.);
#8177 = EDGE_LOOP('',(#8178,#8186,#8194,#8200));
#8178 = ORIENTED_EDGE('',*,*,#8179,.F.);
#8179 = EDGE_CURVE('',#8180,#5776,#8182,.T.);
#8180 = VERTEX_POINT('',#8181);
#8181 = CARTESIAN_POINT('',(5.45,1.25,2.55));
#8182 = LINE('',#8183,#8184);
#8183 = CARTESIAN_POINT('',(5.45,1.25,2.9));
#8184 = VECTOR('',#8185,1.);
#8185 = DIRECTION('',(0.,1.577021341797E-16,1.));
#8186 = ORIENTED_EDGE('',*,*,#8187,.T.);
#8187 = EDGE_CURVE('',#8180,#8188,#8190,.T.);
#8188 = VERTEX_POINT('',#8189);
#8189 = CARTESIAN_POINT('',(5.45,-1.25,2.55));
#8190 = LINE('',#8191,#8192);
#8191 = CARTESIAN_POINT('',(5.45,1.25,2.55));
#8192 = VECTOR('',#8193,1.);
#8193 = DIRECTION('',(2.465190328816E-32,-1.,-1.734723475977E-16));
#8194 = ORIENTED_EDGE('',*,*,#8195,.F.);
#8195 = EDGE_CURVE('',#5785,#8188,#8196,.T.);
#8196 = LINE('',#8197,#8198);
#8197 = CARTESIAN_POINT('',(5.45,-1.25,2.2));
#8198 = VECTOR('',#8199,1.);
#8199 = DIRECTION('',(9.860761315263E-32,4.618419643834E-16,-1.));
#8200 = ORIENTED_EDGE('',*,*,#5784,.F.);
#8201 = PLANE('',#8202);
#8202 = AXIS2_PLACEMENT_3D('',#8203,#8204,#8205);
#8203 = CARTESIAN_POINT('',(5.45,-4.525,2.9));
#8204 = DIRECTION('',(1.,9.656151776391E-33,2.364862017034E-48));
#8205 = DIRECTION('',(-9.656151776391E-33,1.,0.));
#8206 = ADVANCED_FACE('',(#8207),#8234,.F.);
#8207 = FACE_BOUND('',#8208,.T.);
#8208 = EDGE_LOOP('',(#8209,#8217,#8223,#8224,#8225,#8226,#8227,#8233));
#8209 = ORIENTED_EDGE('',*,*,#8210,.T.);
#8210 = EDGE_CURVE('',#8180,#8211,#8213,.T.);
#8211 = VERTEX_POINT('',#8212);
#8212 = CARTESIAN_POINT('',(5.425,1.25,2.55));
#8213 = LINE('',#8214,#8215);
#8214 = CARTESIAN_POINT('',(14.988998899256,1.25,2.55));
#8215 = VECTOR('',#8216,1.);
#8216 = DIRECTION('',(-1.,0.,0.));
#8217 = ORIENTED_EDGE('',*,*,#8218,.F.);
#8218 = EDGE_CURVE('',#7433,#8211,#8219,.T.);
#8219 = LINE('',#8220,#8221);
#8220 = CARTESIAN_POINT('',(5.425,-4.5,2.55));
#8221 = VECTOR('',#8222,1.);
#8222 = DIRECTION('',(-2.642297700216E-17,-1.,8.326672684688E-17));
#8223 = ORIENTED_EDGE('',*,*,#7430,.F.);
#8224 = ORIENTED_EDGE('',*,*,#7470,.F.);
#8225 = ORIENTED_EDGE('',*,*,#7501,.F.);
#8226 = ORIENTED_EDGE('',*,*,#8083,.F.);
#8227 = ORIENTED_EDGE('',*,*,#8228,.F.);
#8228 = EDGE_CURVE('',#8188,#8076,#8229,.T.);
#8229 = LINE('',#8230,#8231);
#8230 = CARTESIAN_POINT('',(14.988998899256,-1.25,2.55));
#8231 = VECTOR('',#8232,1.);
#8232 = DIRECTION('',(-1.,0.,0.));
#8233 = ORIENTED_EDGE('',*,*,#8187,.F.);
#8234 = PLANE('',#8235);
#8235 = AXIS2_PLACEMENT_3D('',#8236,#8237,#8238);
#8236 = CARTESIAN_POINT('',(14.988998899256,1.25,2.55));
#8237 = DIRECTION('',(0.,1.734723475977E-16,-1.));
#8238 = DIRECTION('',(-1.,0.,0.));
#8239 = ADVANCED_FACE('',(#8240),#8281,.F.);
#8240 = FACE_BOUND('',#8241,.T.);
#8241 = EDGE_LOOP('',(#8242,#8252,#8260,#8266,#8267,#8273,#8274,#8275));
#8242 = ORIENTED_EDGE('',*,*,#8243,.T.);
#8243 = EDGE_CURVE('',#8244,#8246,#8248,.T.);
#8244 = VERTEX_POINT('',#8245);
#8245 = CARTESIAN_POINT('',(5.425,1.25,2.2));
#8246 = VERTEX_POINT('',#8247);
#8247 = CARTESIAN_POINT('',(5.425,2.975,2.2));
#8248 = LINE('',#8249,#8250);
#8249 = CARTESIAN_POINT('',(5.425,2.975,2.2));
#8250 = VECTOR('',#8251,1.);
#8251 = DIRECTION('',(-2.710505431214E-16,1.,0.));
#8252 = ORIENTED_EDGE('',*,*,#8253,.T.);
#8253 = EDGE_CURVE('',#8246,#8254,#8256,.T.);
#8254 = VERTEX_POINT('',#8255);
#8255 = CARTESIAN_POINT('',(5.425,2.974999999992,2.850212456115));
#8256 = LINE('',#8257,#8258);
#8257 = CARTESIAN_POINT('',(5.425,2.975,3.30102500231));
#8258 = VECTOR('',#8259,1.);
#8259 = DIRECTION('',(0.,0.,1.));
#8260 = ORIENTED_EDGE('',*,*,#8261,.F.);
#8261 = EDGE_CURVE('',#7392,#8254,#8262,.T.);
#8262 = LINE('',#8263,#8264);
#8263 = CARTESIAN_POINT('',(5.42500000102,-5.E+05,2.850212456115));
#8264 = VECTOR('',#8265,1.);
#8265 = DIRECTION('',(-2.040851148208E-15,1.,5.854827030937E-32));
#8266 = ORIENTED_EDGE('',*,*,#7416,.T.);
#8267 = ORIENTED_EDGE('',*,*,#8268,.F.);
#8268 = EDGE_CURVE('',#7441,#7409,#8269,.T.);
#8269 = LINE('',#8270,#8271);
#8270 = CARTESIAN_POINT('',(5.425,1.5,3.05));
#8271 = VECTOR('',#8272,1.);
#8272 = DIRECTION('',(-2.710505431214E-16,1.,5.854827030937E-32));
#8273 = ORIENTED_EDGE('',*,*,#7440,.T.);
#8274 = ORIENTED_EDGE('',*,*,#8218,.T.);
#8275 = ORIENTED_EDGE('',*,*,#8276,.T.);
#8276 = EDGE_CURVE('',#8211,#8244,#8277,.T.);
#8277 = LINE('',#8278,#8279);
#8278 = CARTESIAN_POINT('',(5.425,1.25,2.2));
#8279 = VECTOR('',#8280,1.);
#8280 = DIRECTION('',(0.,0.,-1.));
#8281 = PLANE('',#8282);
#8282 = AXIS2_PLACEMENT_3D('',#8283,#8284,#8285);
#8283 = CARTESIAN_POINT('',(5.425,1.5,3.05));
#8284 = DIRECTION('',(-1.,-2.710505431214E-16,0.));
#8285 = DIRECTION('',(-2.710505431214E-16,1.,0.));
#8286 = ADVANCED_FACE('',(#8287),#8305,.F.);
#8287 = FACE_BOUND('',#8288,.T.);
#8288 = EDGE_LOOP('',(#8289,#8290,#8298,#8304));
#8289 = ORIENTED_EDGE('',*,*,#8261,.T.);
#8290 = ORIENTED_EDGE('',*,*,#8291,.T.);
#8291 = EDGE_CURVE('',#8254,#8292,#8294,.T.);
#8292 = VERTEX_POINT('',#8293);
#8293 = CARTESIAN_POINT('',(5.275,2.974999999992,3.000212456115));
#8294 = LINE('',#8295,#8296);
#8295 = CARTESIAN_POINT('',(5.162093726902,2.975,3.113118729212));
#8296 = VECTOR('',#8297,1.);
#8297 = DIRECTION('',(-0.707106781187,0.,0.707106781187));
#8298 = ORIENTED_EDGE('',*,*,#8299,.F.);
#8299 = EDGE_CURVE('',#7394,#8292,#8300,.T.);
#8300 = LINE('',#8301,#8302);
#8301 = CARTESIAN_POINT('',(5.27500000102,-5.E+05,3.000212456115));
#8302 = VECTOR('',#8303,1.);
#8303 = DIRECTION('',(-2.040851148208E-15,1.,5.854827030937E-32));
#8304 = ORIENTED_EDGE('',*,*,#7391,.F.);
#8305 = PLANE('',#8306);
#8306 = AXIS2_PLACEMENT_3D('',#8307,#8308,#8309);
#8307 = CARTESIAN_POINT('',(5.27500000102,-5.E+05,3.000212456115));
#8308 = DIRECTION('',(-0.707106781187,-1.44309968629E-15,-0.707106781187
    ));
#8309 = DIRECTION('',(-0.707106781187,0.,0.707106781187));
#8310 = ADVANCED_FACE('',(#8311),#8336,.T.);
#8311 = FACE_BOUND('',#8312,.T.);
#8312 = EDGE_LOOP('',(#8313,#8321,#8329,#8335));
#8313 = ORIENTED_EDGE('',*,*,#8314,.F.);
#8314 = EDGE_CURVE('',#8315,#5808,#8317,.T.);
#8315 = VERTEX_POINT('',#8316);
#8316 = CARTESIAN_POINT('',(4.321238898034,2.974999999925,2.955234224315
    ));
#8317 = LINE('',#8318,#8319);
#8318 = CARTESIAN_POINT('',(2.497275355101E+05,-2.497202392712E+05,
    1.177960306997E+04));
#8319 = VECTOR('',#8320,1.);
#8320 = DIRECTION('',(-0.70671396575,0.70671396575,-3.332778460158E-02)
  );
#8321 = ORIENTED_EDGE('',*,*,#8322,.T.);
#8322 = EDGE_CURVE('',#8315,#8323,#8325,.T.);
#8323 = VERTEX_POINT('',#8324);
#8324 = CARTESIAN_POINT('',(4.321238898038,2.975,3.3));
#8325 = LINE('',#8326,#8327);
#8326 = CARTESIAN_POINT('',(4.321238898039,2.975,-18.32192262732));
#8327 = VECTOR('',#8328,1.);
#8328 = DIRECTION('',(-3.491483361109E-15,1.037853504423E-15,1.));
#8329 = ORIENTED_EDGE('',*,*,#8330,.F.);
#8330 = EDGE_CURVE('',#5818,#8323,#8331,.T.);
#8331 = LINE('',#8332,#8333);
#8332 = CARTESIAN_POINT('',(4.321238898038,2.975,3.3));
#8333 = VECTOR('',#8334,1.);
#8334 = DIRECTION('',(0.707106781187,-0.707106781187,3.09121256341E-15)
  );
#8335 = ORIENTED_EDGE('',*,*,#5817,.F.);
#8336 = PLANE('',#8337);
#8337 = AXIS2_PLACEMENT_3D('',#8338,#8339,#8340);
#8338 = CARTESIAN_POINT('',(4.321238898039,2.975,-18.32192262732));
#8339 = DIRECTION('',(-0.707106781187,-0.707106781187,
    -1.734978310184E-15));
#8340 = DIRECTION('',(-0.707106781187,0.707106781187,0.));
#8341 = ADVANCED_FACE('',(#8342),#8376,.T.);
#8342 = FACE_BOUND('',#8343,.T.);
#8343 = EDGE_LOOP('',(#8344,#8354,#8362,#8368,#8369,#8370));
#8344 = ORIENTED_EDGE('',*,*,#8345,.T.);
#8345 = EDGE_CURVE('',#8346,#8348,#8350,.T.);
#8346 = VERTEX_POINT('',#8347);
#8347 = CARTESIAN_POINT('',(5.35,2.975,3.3));
#8348 = VERTEX_POINT('',#8349);
#8349 = CARTESIAN_POINT('',(5.35,4.475,3.3));
#8350 = LINE('',#8351,#8352);
#8351 = CARTESIAN_POINT('',(5.35,-5.347364354584,3.30000000231));
#8352 = VECTOR('',#8353,1.);
#8353 = DIRECTION('',(-2.465190328816E-32,1.,-1.037853504423E-15));
#8354 = ORIENTED_EDGE('',*,*,#8355,.T.);
#8355 = EDGE_CURVE('',#8348,#8356,#8358,.T.);
#8356 = VERTEX_POINT('',#8357);
#8357 = CARTESIAN_POINT('',(3.821238898038,4.475,3.3));
#8358 = LINE('',#8359,#8360);
#8359 = CARTESIAN_POINT('',(3.821238898038,4.475,3.3));
#8360 = VECTOR('',#8361,1.);
#8361 = DIRECTION('',(-1.,-1.89677904302E-15,-3.491483361109E-15));
#8362 = ORIENTED_EDGE('',*,*,#8363,.T.);
#8363 = EDGE_CURVE('',#8356,#5826,#8364,.T.);
#8364 = LINE('',#8365,#8366);
#8365 = CARTESIAN_POINT('',(3.421238898038,4.075,3.3));
#8366 = VECTOR('',#8367,1.);
#8367 = DIRECTION('',(-0.707106781187,-0.707106781187,-1.84649055867E-15
    ));
#8368 = ORIENTED_EDGE('',*,*,#5825,.T.);
#8369 = ORIENTED_EDGE('',*,*,#8330,.T.);
#8370 = ORIENTED_EDGE('',*,*,#8371,.T.);
#8371 = EDGE_CURVE('',#8323,#8346,#8372,.T.);
#8372 = LINE('',#8373,#8374);
#8373 = CARTESIAN_POINT('',(5.527589730728,2.975,3.3));
#8374 = VECTOR('',#8375,1.);
#8375 = DIRECTION('',(1.,1.611551093844E-16,3.491483361109E-15));
#8376 = PLANE('',#8377);
#8377 = AXIS2_PLACEMENT_3D('',#8378,#8379,#8380);
#8378 = CARTESIAN_POINT('',(5.721238898038,-4.525,3.3));
#8379 = DIRECTION('',(-3.491483361109E-15,1.037853504423E-15,1.));
#8380 = DIRECTION('',(1.,0.,3.491483361109E-15));
#8381 = ADVANCED_FACE('',(#8382),#8400,.T.);
#8382 = FACE_BOUND('',#8383,.T.);
#8383 = EDGE_LOOP('',(#8384,#8392,#8393,#8394));
#8384 = ORIENTED_EDGE('',*,*,#8385,.F.);
#8385 = EDGE_CURVE('',#5810,#8386,#8388,.T.);
#8386 = VERTEX_POINT('',#8387);
#8387 = CARTESIAN_POINT('',(3.821238897956,4.474999999985,2.931654822873
    ));
#8388 = LINE('',#8389,#8390);
#8389 = CARTESIAN_POINT('',(-2.497210644614E+05,-2.497204107003E+05,
    -1.177379500352E+04));
#8390 = VECTOR('',#8391,1.);
#8391 = DIRECTION('',(0.70671396575,0.70671396575,3.332778460158E-02));
#8392 = ORIENTED_EDGE('',*,*,#5833,.T.);
#8393 = ORIENTED_EDGE('',*,*,#8363,.F.);
#8394 = ORIENTED_EDGE('',*,*,#8395,.F.);
#8395 = EDGE_CURVE('',#8386,#8356,#8396,.T.);
#8396 = LINE('',#8397,#8398);
#8397 = CARTESIAN_POINT('',(3.821238898039,4.475,-18.32192262732));
#8398 = VECTOR('',#8399,1.);
#8399 = DIRECTION('',(-3.491483361109E-15,1.037853504423E-15,1.));
#8400 = PLANE('',#8401);
#8401 = AXIS2_PLACEMENT_3D('',#8402,#8403,#8404);
#8402 = CARTESIAN_POINT('',(3.421238898039,4.075,-18.32192262732));
#8403 = DIRECTION('',(-0.707106781187,0.707106781187,-3.202724811897E-15
    ));
#8404 = DIRECTION('',(-4.529336865533E-15,0.,1.));
#8405 = ADVANCED_FACE('',(#8406),#8431,.F.);
#8406 = FACE_BOUND('',#8407,.T.);
#8407 = EDGE_LOOP('',(#8408,#8416,#8424,#8430));
#8408 = ORIENTED_EDGE('',*,*,#8409,.T.);
#8409 = EDGE_CURVE('',#7354,#8410,#8412,.T.);
#8410 = VERTEX_POINT('',#8411);
#8411 = CARTESIAN_POINT('',(3.15,4.7,2.9));
#8412 = LINE('',#8413,#8414);
#8413 = CARTESIAN_POINT('',(3.15000000102,-5.E+05,2.9));
#8414 = VECTOR('',#8415,1.);
#8415 = DIRECTION('',(-2.040851148208E-15,1.,5.854827030937E-32));
#8416 = ORIENTED_EDGE('',*,*,#8417,.T.);
#8417 = EDGE_CURVE('',#8410,#8418,#8420,.T.);
#8418 = VERTEX_POINT('',#8419);
#8419 = CARTESIAN_POINT('',(3.15,4.7,3.05));
#8420 = LINE('',#8421,#8422);
#8421 = CARTESIAN_POINT('',(3.15,4.7,2.85));
#8422 = VECTOR('',#8423,1.);
#8423 = DIRECTION('',(0.,5.854827030937E-32,1.));
#8424 = ORIENTED_EDGE('',*,*,#8425,.T.);
#8425 = EDGE_CURVE('',#8418,#7362,#8426,.T.);
#8426 = LINE('',#8427,#8428);
#8427 = CARTESIAN_POINT('',(3.15,3.3,3.05));
#8428 = VECTOR('',#8429,1.);
#8429 = DIRECTION('',(-6.195440985631E-16,-1.,-5.854827030937E-32));
#8430 = ORIENTED_EDGE('',*,*,#7361,.F.);
#8431 = PLANE('',#8432);
#8432 = AXIS2_PLACEMENT_3D('',#8433,#8434,#8435);
#8433 = CARTESIAN_POINT('',(3.15,3.3,2.85));
#8434 = DIRECTION('',(-1.,6.195440985631E-16,0.));
#8435 = DIRECTION('',(0.,0.,1.));
#8436 = ADVANCED_FACE('',(#8437),#8471,.F.);
#8437 = FACE_BOUND('',#8438,.T.);
#8438 = EDGE_LOOP('',(#8439,#8449,#8457,#8465));
#8439 = ORIENTED_EDGE('',*,*,#8440,.F.);
#8440 = EDGE_CURVE('',#8441,#8443,#8445,.T.);
#8441 = VERTEX_POINT('',#8442);
#8442 = CARTESIAN_POINT('',(5.425,4.475000000014,2.850212456115));
#8443 = VERTEX_POINT('',#8444);
#8444 = CARTESIAN_POINT('',(5.425,4.7,2.850212456115));
#8445 = LINE('',#8446,#8447);
#8446 = CARTESIAN_POINT('',(5.42500000102,-5.E+05,2.850212456115));
#8447 = VECTOR('',#8448,1.);
#8448 = DIRECTION('',(-2.040851148208E-15,1.,5.854827030937E-32));
#8449 = ORIENTED_EDGE('',*,*,#8450,.T.);
#8450 = EDGE_CURVE('',#8441,#8451,#8453,.T.);
#8451 = VERTEX_POINT('',#8452);
#8452 = CARTESIAN_POINT('',(5.425,4.475,2.55));
#8453 = LINE('',#8454,#8455);
#8454 = CARTESIAN_POINT('',(5.425,4.475,3.30102500231));
#8455 = VECTOR('',#8456,1.);
#8456 = DIRECTION('',(0.,0.,-1.));
#8457 = ORIENTED_EDGE('',*,*,#8458,.F.);
#8458 = EDGE_CURVE('',#8459,#8451,#8461,.T.);
#8459 = VERTEX_POINT('',#8460);
#8460 = CARTESIAN_POINT('',(5.425,4.7,2.55));
#8461 = LINE('',#8462,#8463);
#8462 = CARTESIAN_POINT('',(5.425,4.475,2.55));
#8463 = VECTOR('',#8464,1.);
#8464 = DIRECTION('',(2.710505431214E-16,-1.,0.));
#8465 = ORIENTED_EDGE('',*,*,#8466,.F.);
#8466 = EDGE_CURVE('',#8443,#8459,#8467,.T.);
#8467 = LINE('',#8468,#8469);
#8468 = CARTESIAN_POINT('',(5.425,4.7,3.05));
#8469 = VECTOR('',#8470,1.);
#8470 = DIRECTION('',(0.,-5.854827030937E-32,-1.));
#8471 = PLANE('',#8472);
#8472 = AXIS2_PLACEMENT_3D('',#8473,#8474,#8475);
#8473 = CARTESIAN_POINT('',(5.425,1.5,3.05));
#8474 = DIRECTION('',(-1.,-2.710505431214E-16,0.));
#8475 = DIRECTION('',(-2.710505431214E-16,1.,0.));
#8476 = ADVANCED_FACE('',(#8477),#8502,.F.);
#8477 = FACE_BOUND('',#8478,.T.);
#8478 = EDGE_LOOP('',(#8479,#8487,#8488,#8496));
#8479 = ORIENTED_EDGE('',*,*,#8480,.T.);
#8480 = EDGE_CURVE('',#8481,#8441,#8483,.T.);
#8481 = VERTEX_POINT('',#8482);
#8482 = CARTESIAN_POINT('',(5.275,4.475000000014,3.000212456115));
#8483 = LINE('',#8484,#8485);
#8484 = CARTESIAN_POINT('',(5.27500000051,4.475000000014,3.000212455604)
  );
#8485 = VECTOR('',#8486,1.);
#8486 = DIRECTION('',(0.707106781187,0.,-0.707106781187));
#8487 = ORIENTED_EDGE('',*,*,#8440,.T.);
#8488 = ORIENTED_EDGE('',*,*,#8489,.T.);
#8489 = EDGE_CURVE('',#8443,#8490,#8492,.T.);
#8490 = VERTEX_POINT('',#8491);
#8491 = CARTESIAN_POINT('',(5.275,4.7,3.000212456115));
#8492 = LINE('',#8493,#8494);
#8493 = CARTESIAN_POINT('',(5.275,4.7,3.000212456115));
#8494 = VECTOR('',#8495,1.);
#8495 = DIRECTION('',(-0.707106781187,-4.088782444489E-15,0.707106781187
    ));
#8496 = ORIENTED_EDGE('',*,*,#8497,.F.);
#8497 = EDGE_CURVE('',#8481,#8490,#8498,.T.);
#8498 = LINE('',#8499,#8500);
#8499 = CARTESIAN_POINT('',(5.27500000102,-5.E+05,3.000212456115));
#8500 = VECTOR('',#8501,1.);
#8501 = DIRECTION('',(-2.040851148208E-15,1.,5.854827030937E-32));
#8502 = PLANE('',#8503);
#8503 = AXIS2_PLACEMENT_3D('',#8504,#8505,#8506);
#8504 = CARTESIAN_POINT('',(5.27500000102,-5.E+05,3.000212456115));
#8505 = DIRECTION('',(-0.707106781187,-1.44309968629E-15,-0.707106781187
    ));
#8506 = DIRECTION('',(-0.707106781187,0.,0.707106781187));
#8507 = ADVANCED_FACE('',(#8508),#8536,.F.);
#8508 = FACE_BOUND('',#8509,.T.);
#8509 = EDGE_LOOP('',(#8510,#8511,#8517,#8518,#8524,#8525,#8526,#8527,
    #8528,#8534,#8535));
#8510 = ORIENTED_EDGE('',*,*,#8385,.T.);
#8511 = ORIENTED_EDGE('',*,*,#8512,.T.);
#8512 = EDGE_CURVE('',#8386,#8481,#8513,.T.);
#8513 = LINE('',#8514,#8515);
#8514 = CARTESIAN_POINT('',(3.150000000047,4.475000000014,2.900000000002
    ));
#8515 = VECTOR('',#8516,1.);
#8516 = DIRECTION('',(0.998889874962,1.943562976063E-15,
    4.710645070964E-02));
#8517 = ORIENTED_EDGE('',*,*,#8497,.T.);
#8518 = ORIENTED_EDGE('',*,*,#8519,.T.);
#8519 = EDGE_CURVE('',#8490,#8410,#8520,.T.);
#8520 = LINE('',#8521,#8522);
#8521 = CARTESIAN_POINT('',(3.15,4.7,2.9));
#8522 = VECTOR('',#8523,1.);
#8523 = DIRECTION('',(-0.998889874962,-2.038585548249E-15,
    -4.710645070964E-02));
#8524 = ORIENTED_EDGE('',*,*,#8409,.F.);
#8525 = ORIENTED_EDGE('',*,*,#7351,.F.);
#8526 = ORIENTED_EDGE('',*,*,#7401,.F.);
#8527 = ORIENTED_EDGE('',*,*,#8299,.T.);
#8528 = ORIENTED_EDGE('',*,*,#8529,.T.);
#8529 = EDGE_CURVE('',#8292,#8315,#8530,.T.);
#8530 = LINE('',#8531,#8532);
#8531 = CARTESIAN_POINT('',(3.150000000913,2.974999999992,2.900000000043
    ));
#8532 = VECTOR('',#8533,1.);
#8533 = DIRECTION('',(-0.998889874962,-2.098658020124E-16,
    -4.710645070964E-02));
#8534 = ORIENTED_EDGE('',*,*,#8314,.T.);
#8535 = ORIENTED_EDGE('',*,*,#5807,.T.);
#8536 = PLANE('',#8537);
#8537 = AXIS2_PLACEMENT_3D('',#8538,#8539,#8540);
#8538 = CARTESIAN_POINT('',(3.15000000102,-5.E+05,2.9));
#8539 = DIRECTION('',(4.710645070964E-02,9.613725401876E-17,
    -0.998889874962));
#8540 = DIRECTION('',(7.703719777549E-34,-1.,-9.624409700061E-17));
#8541 = ADVANCED_FACE('',(#8542),#8567,.F.);
#8542 = FACE_BOUND('',#8543,.T.);
#8543 = EDGE_LOOP('',(#8544,#8552,#8560,#8566));
#8544 = ORIENTED_EDGE('',*,*,#8545,.F.);
#8545 = EDGE_CURVE('',#8546,#5858,#8548,.T.);
#8546 = VERTEX_POINT('',#8547);
#8547 = CARTESIAN_POINT('',(-3.25,6.,2.1));
#8548 = LINE('',#8549,#8550);
#8549 = CARTESIAN_POINT('',(-3.25,3.9,2.1));
#8550 = VECTOR('',#8551,1.);
#8551 = DIRECTION('',(2.642297700216E-17,1.,-8.326672684689E-17));
#8552 = ORIENTED_EDGE('',*,*,#8553,.F.);
#8553 = EDGE_CURVE('',#8554,#8546,#8556,.T.);
#8554 = VERTEX_POINT('',#8555);
#8555 = CARTESIAN_POINT('',(-3.25,6.,2.25));
#8556 = LINE('',#8557,#8558);
#8557 = CARTESIAN_POINT('',(-3.25,6.,2.55));
#8558 = VECTOR('',#8559,1.);
#8559 = DIRECTION('',(-1.075528555106E-16,-8.326672684689E-17,-1.));
#8560 = ORIENTED_EDGE('',*,*,#8561,.T.);
#8561 = EDGE_CURVE('',#8554,#5848,#8562,.T.);
#8562 = LINE('',#8563,#8564);
#8563 = CARTESIAN_POINT('',(-3.25,3.9,2.25));
#8564 = VECTOR('',#8565,1.);
#8565 = DIRECTION('',(2.642297700216E-17,1.,-8.326672684689E-17));
#8566 = ORIENTED_EDGE('',*,*,#5866,.T.);
#8567 = PLANE('',#8568);
#8568 = AXIS2_PLACEMENT_3D('',#8569,#8570,#8571);
#8569 = CARTESIAN_POINT('',(-3.25,3.9,2.1));
#8570 = DIRECTION('',(1.,-2.642297700216E-17,-1.075528555106E-16));
#8571 = DIRECTION('',(-1.075528555106E-16,0.,-1.));
#8572 = ADVANCED_FACE('',(#8573),#8591,.F.);
#8573 = FACE_BOUND('',#8574,.T.);
#8574 = EDGE_LOOP('',(#8575,#8576,#8584,#8590));
#8575 = ORIENTED_EDGE('',*,*,#8561,.F.);
#8576 = ORIENTED_EDGE('',*,*,#8577,.F.);
#8577 = EDGE_CURVE('',#8578,#8554,#8580,.T.);
#8578 = VERTEX_POINT('',#8579);
#8579 = CARTESIAN_POINT('',(-2.712132034374,6.,2.249999998567));
#8580 = LINE('',#8581,#8582);
#8581 = CARTESIAN_POINT('',(4.85,6.,2.25));
#8582 = VECTOR('',#8583,1.);
#8583 = DIRECTION('',(-1.,2.052604487523E-16,1.075528555105E-16));
#8584 = ORIENTED_EDGE('',*,*,#8585,.F.);
#8585 = EDGE_CURVE('',#5883,#8578,#8586,.T.);
#8586 = LINE('',#8587,#8588);
#8587 = CARTESIAN_POINT('',(-2.712132034356,6.424999998962,
    2.249999997759));
#8588 = VECTOR('',#8589,1.);
#8589 = DIRECTION('',(-2.642297681059E-17,-1.,1.781170545349E-09));
#8590 = ORIENTED_EDGE('',*,*,#5891,.T.);
#8591 = PLANE('',#8592);
#8592 = AXIS2_PLACEMENT_3D('',#8593,#8594,#8595);
#8593 = CARTESIAN_POINT('',(9.,-14.5,2.25));
#8594 = DIRECTION('',(-1.075528555106E-16,-8.326672684689E-17,-1.));
#8595 = DIRECTION('',(-1.,0.,1.075528555106E-16));
#8596 = ADVANCED_FACE('',(#8597),#8616,.F.);
#8597 = FACE_BOUND('',#8598,.F.);
#8598 = EDGE_LOOP('',(#8599,#8600,#8608,#8615));
#8599 = ORIENTED_EDGE('',*,*,#5915,.T.);
#8600 = ORIENTED_EDGE('',*,*,#8601,.T.);
#8601 = EDGE_CURVE('',#5907,#8602,#8604,.T.);
#8602 = VERTEX_POINT('',#8603);
#8603 = CARTESIAN_POINT('',(-2.287867965644,6.000000000039,
    2.249999998516));
#8604 = LINE('',#8605,#8606);
#8605 = CARTESIAN_POINT('',(-2.287867965644,6.424999998962,
    2.249999997759));
#8606 = VECTOR('',#8607,1.);
#8607 = DIRECTION('',(-2.642297681059E-17,-1.,1.781170545349E-09));
#8608 = ORIENTED_EDGE('',*,*,#8609,.T.);
#8609 = EDGE_CURVE('',#8602,#8578,#8610,.T.);
#8610 = CIRCLE('',#8611,0.225);
#8611 = AXIS2_PLACEMENT_3D('',#8612,#8613,#8614);
#8612 = CARTESIAN_POINT('',(-2.5,6.,2.324999998516));
#8613 = DIRECTION('',(0.,1.,-8.326672684688E-17));
#8614 = DIRECTION('',(1.,0.,0.));
#8615 = ORIENTED_EDGE('',*,*,#8585,.F.);
#8616 = CYLINDRICAL_SURFACE('',#8617,0.225);
#8617 = AXIS2_PLACEMENT_3D('',#8618,#8619,#8620);
#8618 = CARTESIAN_POINT('',(-2.5,6.424999998443,2.324999997759));
#8619 = DIRECTION('',(-2.642297681059E-17,-1.,1.781171660781E-09));
#8620 = DIRECTION('',(-1.147943701975E-41,1.781171660781E-09,1.));
#8621 = ADVANCED_FACE('',(#8622),#8640,.F.);
#8622 = FACE_BOUND('',#8623,.T.);
#8623 = EDGE_LOOP('',(#8624,#8625,#8633,#8639));
#8624 = ORIENTED_EDGE('',*,*,#8601,.T.);
#8625 = ORIENTED_EDGE('',*,*,#8626,.F.);
#8626 = EDGE_CURVE('',#8627,#8602,#8629,.T.);
#8627 = VERTEX_POINT('',#8628);
#8628 = CARTESIAN_POINT('',(-1.75,6.,2.25));
#8629 = LINE('',#8630,#8631);
#8630 = CARTESIAN_POINT('',(4.85,6.,2.25));
#8631 = VECTOR('',#8632,1.);
#8632 = DIRECTION('',(-1.,2.052604487523E-16,1.075528555105E-16));
#8633 = ORIENTED_EDGE('',*,*,#8634,.F.);
#8634 = EDGE_CURVE('',#5933,#8627,#8635,.T.);
#8635 = LINE('',#8636,#8637);
#8636 = CARTESIAN_POINT('',(-1.75,5.5,2.25));
#8637 = VECTOR('',#8638,1.);
#8638 = DIRECTION('',(-2.642297700216E-17,-1.,8.326672684689E-17));
#8639 = ORIENTED_EDGE('',*,*,#5941,.T.);
#8640 = PLANE('',#8641);
#8641 = AXIS2_PLACEMENT_3D('',#8642,#8643,#8644);
#8642 = CARTESIAN_POINT('',(9.,-14.5,2.25));
#8643 = DIRECTION('',(-1.075528555106E-16,-8.326672684689E-17,-1.));
#8644 = DIRECTION('',(-1.,0.,1.075528555106E-16));
#8645 = ADVANCED_FACE('',(#8646),#8664,.T.);
#8646 = FACE_BOUND('',#8647,.T.);
#8647 = EDGE_LOOP('',(#8648,#8656,#8662,#8663));
#8648 = ORIENTED_EDGE('',*,*,#8649,.T.);
#8649 = EDGE_CURVE('',#8627,#8650,#8652,.T.);
#8650 = VERTEX_POINT('',#8651);
#8651 = CARTESIAN_POINT('',(-1.75,6.,2.1));
#8652 = LINE('',#8653,#8654);
#8653 = CARTESIAN_POINT('',(-1.75,6.,2.55));
#8654 = VECTOR('',#8655,1.);
#8655 = DIRECTION('',(-1.075528555106E-16,-8.326672684689E-17,-1.));
#8656 = ORIENTED_EDGE('',*,*,#8657,.F.);
#8657 = EDGE_CURVE('',#5960,#8650,#8658,.T.);
#8658 = LINE('',#8659,#8660);
#8659 = CARTESIAN_POINT('',(-1.75,5.5,2.1));
#8660 = VECTOR('',#8661,1.);
#8661 = DIRECTION('',(-2.642297700216E-17,-1.,8.326672684689E-17));
#8662 = ORIENTED_EDGE('',*,*,#5959,.F.);
#8663 = ORIENTED_EDGE('',*,*,#8634,.T.);
#8664 = PLANE('',#8665);
#8665 = AXIS2_PLACEMENT_3D('',#8666,#8667,#8668);
#8666 = CARTESIAN_POINT('',(-1.75,5.5,70.364192663504));
#8667 = DIRECTION('',(1.,-2.642297700216E-17,-1.075528555106E-16));
#8668 = DIRECTION('',(-1.075528555106E-16,0.,-1.));
#8669 = ADVANCED_FACE('',(#8670),#8688,.T.);
#8670 = FACE_BOUND('',#8671,.T.);
#8671 = EDGE_LOOP('',(#8672,#8680,#8686,#8687));
#8672 = ORIENTED_EDGE('',*,*,#8673,.T.);
#8673 = EDGE_CURVE('',#8650,#8674,#8676,.T.);
#8674 = VERTEX_POINT('',#8675);
#8675 = CARTESIAN_POINT('',(-2.2,6.,2.099999998508));
#8676 = LINE('',#8677,#8678);
#8677 = CARTESIAN_POINT('',(4.85,6.,2.1));
#8678 = VECTOR('',#8679,1.);
#8679 = DIRECTION('',(-1.,2.052604487523E-16,1.075528555105E-16));
#8680 = ORIENTED_EDGE('',*,*,#8681,.F.);
#8681 = EDGE_CURVE('',#5983,#8674,#8682,.T.);
#8682 = LINE('',#8683,#8684);
#8683 = CARTESIAN_POINT('',(-2.2,6.425,2.099999997751));
#8684 = VECTOR('',#8685,1.);
#8685 = DIRECTION('',(-2.642297681059E-17,-1.,1.781170545891E-09));
#8686 = ORIENTED_EDGE('',*,*,#5993,.F.);
#8687 = ORIENTED_EDGE('',*,*,#8657,.T.);
#8688 = PLANE('',#8689);
#8689 = AXIS2_PLACEMENT_3D('',#8690,#8691,#8692);
#8690 = CARTESIAN_POINT('',(9.,-14.5,2.1));
#8691 = DIRECTION('',(-1.075528555106E-16,-8.326672684689E-17,-1.));
#8692 = DIRECTION('',(-1.,0.,1.075528555106E-16));
#8693 = ADVANCED_FACE('',(#8694),#8713,.T.);
#8694 = FACE_BOUND('',#8695,.T.);
#8695 = EDGE_LOOP('',(#8696,#8705,#8711,#8712));
#8696 = ORIENTED_EDGE('',*,*,#8697,.T.);
#8697 = EDGE_CURVE('',#8674,#8698,#8700,.T.);
#8698 = VERTEX_POINT('',#8699);
#8699 = CARTESIAN_POINT('',(-2.8,6.,2.099999998508));
#8700 = CIRCLE('',#8701,0.375);
#8701 = AXIS2_PLACEMENT_3D('',#8702,#8703,#8704);
#8702 = CARTESIAN_POINT('',(-2.5,6.,2.324999998508));
#8703 = DIRECTION('',(0.,1.,-8.326672684688E-17));
#8704 = DIRECTION('',(1.,0.,0.));
#8705 = ORIENTED_EDGE('',*,*,#8706,.F.);
#8706 = EDGE_CURVE('',#6011,#8698,#8707,.T.);
#8707 = LINE('',#8708,#8709);
#8708 = CARTESIAN_POINT('',(-2.8,6.425,2.099999997751));
#8709 = VECTOR('',#8710,1.);
#8710 = DIRECTION('',(-2.642297681059E-17,-1.,1.781170545891E-09));
#8711 = ORIENTED_EDGE('',*,*,#6010,.T.);
#8712 = ORIENTED_EDGE('',*,*,#8681,.T.);
#8713 = CYLINDRICAL_SURFACE('',#8714,0.375);
#8714 = AXIS2_PLACEMENT_3D('',#8715,#8716,#8717);
#8715 = CARTESIAN_POINT('',(-2.5,6.424999998443,2.324999997751));
#8716 = DIRECTION('',(-2.642297681059E-17,-1.,1.781170118805E-09));
#8717 = DIRECTION('',(-8.035605913824E-41,1.781170118805E-09,1.));
#8718 = ADVANCED_FACE('',(#8719),#8730,.T.);
#8719 = FACE_BOUND('',#8720,.T.);
#8720 = EDGE_LOOP('',(#8721,#8727,#8728,#8729));
#8721 = ORIENTED_EDGE('',*,*,#8722,.T.);
#8722 = EDGE_CURVE('',#8698,#8546,#8723,.T.);
#8723 = LINE('',#8724,#8725);
#8724 = CARTESIAN_POINT('',(4.85,6.,2.1));
#8725 = VECTOR('',#8726,1.);
#8726 = DIRECTION('',(-1.,2.052604487523E-16,1.075528555105E-16));
#8727 = ORIENTED_EDGE('',*,*,#8545,.T.);
#8728 = ORIENTED_EDGE('',*,*,#6035,.F.);
#8729 = ORIENTED_EDGE('',*,*,#8706,.T.);
#8730 = PLANE('',#8731);
#8731 = AXIS2_PLACEMENT_3D('',#8732,#8733,#8734);
#8732 = CARTESIAN_POINT('',(9.,-14.5,2.1));
#8733 = DIRECTION('',(-1.075528555106E-16,-8.326672684689E-17,-1.));
#8734 = DIRECTION('',(-1.,0.,1.075528555106E-16));
#8735 = ADVANCED_FACE('',(#8736),#8761,.T.);
#8736 = FACE_BOUND('',#8737,.T.);
#8737 = EDGE_LOOP('',(#8738,#8748,#8754,#8755));
#8738 = ORIENTED_EDGE('',*,*,#8739,.T.);
#8739 = EDGE_CURVE('',#8740,#8742,#8744,.T.);
#8740 = VERTEX_POINT('',#8741);
#8741 = CARTESIAN_POINT('',(1.75,6.,2.1));
#8742 = VERTEX_POINT('',#8743);
#8743 = CARTESIAN_POINT('',(1.75,6.,2.25));
#8744 = LINE('',#8745,#8746);
#8745 = CARTESIAN_POINT('',(1.75,6.,2.55));
#8746 = VECTOR('',#8747,1.);
#8747 = DIRECTION('',(1.075528555106E-16,8.326672684689E-17,1.));
#8748 = ORIENTED_EDGE('',*,*,#8749,.T.);
#8749 = EDGE_CURVE('',#8742,#6052,#8750,.T.);
#8750 = LINE('',#8751,#8752);
#8751 = CARTESIAN_POINT('',(1.75,5.5,2.25));
#8752 = VECTOR('',#8753,1.);
#8753 = DIRECTION('',(2.642297700216E-17,1.,-8.326672684689E-17));
#8754 = ORIENTED_EDGE('',*,*,#6070,.F.);
#8755 = ORIENTED_EDGE('',*,*,#8756,.F.);
#8756 = EDGE_CURVE('',#8740,#6062,#8757,.T.);
#8757 = LINE('',#8758,#8759);
#8758 = CARTESIAN_POINT('',(1.75,5.5,2.1));
#8759 = VECTOR('',#8760,1.);
#8760 = DIRECTION('',(2.642297700216E-17,1.,-8.326672684689E-17));
#8761 = PLANE('',#8762);
#8762 = AXIS2_PLACEMENT_3D('',#8763,#8764,#8765);
#8763 = CARTESIAN_POINT('',(1.75,5.5,70.364192663504));
#8764 = DIRECTION('',(-1.,2.642297700216E-17,1.075528555106E-16));
#8765 = DIRECTION('',(2.642297700216E-17,1.,0.));
#8766 = ADVANCED_FACE('',(#8767),#8785,.F.);
#8767 = FACE_BOUND('',#8768,.T.);
#8768 = EDGE_LOOP('',(#8769,#8770,#8778,#8784));
#8769 = ORIENTED_EDGE('',*,*,#8749,.F.);
#8770 = ORIENTED_EDGE('',*,*,#8771,.F.);
#8771 = EDGE_CURVE('',#8772,#8742,#8774,.T.);
#8772 = VERTEX_POINT('',#8773);
#8773 = CARTESIAN_POINT('',(2.287867965626,6.,2.249999998567));
#8774 = LINE('',#8775,#8776);
#8775 = CARTESIAN_POINT('',(4.85,6.,2.25));
#8776 = VECTOR('',#8777,1.);
#8777 = DIRECTION('',(-1.,2.052604487523E-16,1.075528555105E-16));
#8778 = ORIENTED_EDGE('',*,*,#8779,.F.);
#8779 = EDGE_CURVE('',#6085,#8772,#8780,.T.);
#8780 = LINE('',#8781,#8782);
#8781 = CARTESIAN_POINT('',(2.287867965644,6.424999998962,2.249999997759
    ));
#8782 = VECTOR('',#8783,1.);
#8783 = DIRECTION('',(-2.642297681059E-17,-1.,1.781170545349E-09));
#8784 = ORIENTED_EDGE('',*,*,#6084,.T.);
#8785 = PLANE('',#8786);
#8786 = AXIS2_PLACEMENT_3D('',#8787,#8788,#8789);
#8787 = CARTESIAN_POINT('',(9.,-14.5,2.25));
#8788 = DIRECTION('',(-1.075528555106E-16,-8.326672684689E-17,-1.));
#8789 = DIRECTION('',(-1.,0.,1.075528555106E-16));
#8790 = ADVANCED_FACE('',(#8791),#8810,.F.);
#8791 = FACE_BOUND('',#8792,.F.);
#8792 = EDGE_LOOP('',(#8793,#8794,#8795,#8803));
#8793 = ORIENTED_EDGE('',*,*,#8779,.F.);
#8794 = ORIENTED_EDGE('',*,*,#6118,.F.);
#8795 = ORIENTED_EDGE('',*,*,#8796,.T.);
#8796 = EDGE_CURVE('',#6110,#8797,#8799,.T.);
#8797 = VERTEX_POINT('',#8798);
#8798 = CARTESIAN_POINT('',(2.712132034356,6.000000000085,2.249999998516
    ));
#8799 = LINE('',#8800,#8801);
#8800 = CARTESIAN_POINT('',(2.712132034356,6.424999998962,2.249999997759
    ));
#8801 = VECTOR('',#8802,1.);
#8802 = DIRECTION('',(-2.642297681059E-17,-1.,1.781170545349E-09));
#8803 = ORIENTED_EDGE('',*,*,#8804,.F.);
#8804 = EDGE_CURVE('',#8772,#8797,#8805,.T.);
#8805 = CIRCLE('',#8806,0.225);
#8806 = AXIS2_PLACEMENT_3D('',#8807,#8808,#8809);
#8807 = CARTESIAN_POINT('',(2.5,6.,2.324999998516));
#8808 = DIRECTION('',(-1.604941620323E-31,-1.,8.326672684688E-17));
#8809 = DIRECTION('',(1.,-1.532670195355E-46,1.927470528863E-15));
#8810 = CYLINDRICAL_SURFACE('',#8811,0.225);
#8811 = AXIS2_PLACEMENT_3D('',#8812,#8813,#8814);
#8812 = CARTESIAN_POINT('',(2.5,6.424999998443,2.324999997759));
#8813 = DIRECTION('',(-2.642297681059E-17,-1.,1.781171660781E-09));
#8814 = DIRECTION('',(-1.147943701975E-41,1.781171660781E-09,1.));
#8815 = ADVANCED_FACE('',(#8816),#8834,.F.);
#8816 = FACE_BOUND('',#8817,.T.);
#8817 = EDGE_LOOP('',(#8818,#8819,#8827,#8833));
#8818 = ORIENTED_EDGE('',*,*,#8796,.T.);
#8819 = ORIENTED_EDGE('',*,*,#8820,.F.);
#8820 = EDGE_CURVE('',#8821,#8797,#8823,.T.);
#8821 = VERTEX_POINT('',#8822);
#8822 = CARTESIAN_POINT('',(3.25,6.,2.25));
#8823 = LINE('',#8824,#8825);
#8824 = CARTESIAN_POINT('',(4.85,6.,2.25));
#8825 = VECTOR('',#8826,1.);
#8826 = DIRECTION('',(-1.,2.052604487523E-16,1.075528555105E-16));
#8827 = ORIENTED_EDGE('',*,*,#8828,.F.);
#8828 = EDGE_CURVE('',#6138,#8821,#8829,.T.);
#8829 = LINE('',#8830,#8831);
#8830 = CARTESIAN_POINT('',(3.25,3.9,2.25));
#8831 = VECTOR('',#8832,1.);
#8832 = DIRECTION('',(-2.642297700216E-17,-1.,8.326672684689E-17));
#8833 = ORIENTED_EDGE('',*,*,#6146,.T.);
#8834 = PLANE('',#8835);
#8835 = AXIS2_PLACEMENT_3D('',#8836,#8837,#8838);
#8836 = CARTESIAN_POINT('',(9.,-14.5,2.25));
#8837 = DIRECTION('',(-1.075528555106E-16,-8.326672684689E-17,-1.));
#8838 = DIRECTION('',(-1.,0.,1.075528555106E-16));
#8839 = ADVANCED_FACE('',(#8840),#8858,.F.);
#8840 = FACE_BOUND('',#8841,.T.);
#8841 = EDGE_LOOP('',(#8842,#8843,#8851,#8857));
#8842 = ORIENTED_EDGE('',*,*,#8828,.T.);
#8843 = ORIENTED_EDGE('',*,*,#8844,.F.);
#8844 = EDGE_CURVE('',#8845,#8821,#8847,.T.);
#8845 = VERTEX_POINT('',#8846);
#8846 = CARTESIAN_POINT('',(3.25,6.,2.1));
#8847 = LINE('',#8848,#8849);
#8848 = CARTESIAN_POINT('',(3.25,6.,2.55));
#8849 = VECTOR('',#8850,1.);
#8850 = DIRECTION('',(1.075528555106E-16,8.326672684689E-17,1.));
#8851 = ORIENTED_EDGE('',*,*,#8852,.F.);
#8852 = EDGE_CURVE('',#6164,#8845,#8853,.T.);
#8853 = LINE('',#8854,#8855);
#8854 = CARTESIAN_POINT('',(3.25,3.9,2.1));
#8855 = VECTOR('',#8856,1.);
#8856 = DIRECTION('',(-2.642297700216E-17,-1.,8.326672684689E-17));
#8857 = ORIENTED_EDGE('',*,*,#6163,.T.);
#8858 = PLANE('',#8859);
#8859 = AXIS2_PLACEMENT_3D('',#8860,#8861,#8862);
#8860 = CARTESIAN_POINT('',(3.25,3.9,2.1));
#8861 = DIRECTION('',(-1.,2.642297700216E-17,1.075528555106E-16));
#8862 = DIRECTION('',(2.642297700216E-17,1.,0.));
#8863 = ADVANCED_FACE('',(#8864),#8882,.T.);
#8864 = FACE_BOUND('',#8865,.T.);
#8865 = EDGE_LOOP('',(#8866,#8874,#8880,#8881));
#8866 = ORIENTED_EDGE('',*,*,#8867,.T.);
#8867 = EDGE_CURVE('',#8845,#8868,#8870,.T.);
#8868 = VERTEX_POINT('',#8869);
#8869 = CARTESIAN_POINT('',(2.8,6.,2.099999998508));
#8870 = LINE('',#8871,#8872);
#8871 = CARTESIAN_POINT('',(4.85,6.,2.1));
#8872 = VECTOR('',#8873,1.);
#8873 = DIRECTION('',(-1.,2.052604487523E-16,1.075528555105E-16));
#8874 = ORIENTED_EDGE('',*,*,#8875,.F.);
#8875 = EDGE_CURVE('',#6187,#8868,#8876,.T.);
#8876 = LINE('',#8877,#8878);
#8877 = CARTESIAN_POINT('',(2.8,6.425,2.099999997751));
#8878 = VECTOR('',#8879,1.);
#8879 = DIRECTION('',(-2.642297681059E-17,-1.,1.781170545891E-09));
#8880 = ORIENTED_EDGE('',*,*,#6186,.F.);
#8881 = ORIENTED_EDGE('',*,*,#8852,.T.);
#8882 = PLANE('',#8883);
#8883 = AXIS2_PLACEMENT_3D('',#8884,#8885,#8886);
#8884 = CARTESIAN_POINT('',(9.,-14.5,2.1));
#8885 = DIRECTION('',(-1.075528555106E-16,-8.326672684689E-17,-1.));
#8886 = DIRECTION('',(-1.,0.,1.075528555106E-16));
#8887 = ADVANCED_FACE('',(#8888),#8907,.T.);
#8888 = FACE_BOUND('',#8889,.T.);
#8889 = EDGE_LOOP('',(#8890,#8891,#8900,#8906));
#8890 = ORIENTED_EDGE('',*,*,#8875,.T.);
#8891 = ORIENTED_EDGE('',*,*,#8892,.F.);
#8892 = EDGE_CURVE('',#8893,#8868,#8895,.T.);
#8893 = VERTEX_POINT('',#8894);
#8894 = CARTESIAN_POINT('',(2.2,6.000000000006,2.099999998508));
#8895 = CIRCLE('',#8896,0.375);
#8896 = AXIS2_PLACEMENT_3D('',#8897,#8898,#8899);
#8897 = CARTESIAN_POINT('',(2.5,6.,2.324999998508));
#8898 = DIRECTION('',(0.,-1.,8.326672684688E-17));
#8899 = DIRECTION('',(1.,0.,0.));
#8900 = ORIENTED_EDGE('',*,*,#8901,.F.);
#8901 = EDGE_CURVE('',#6214,#8893,#8902,.T.);
#8902 = LINE('',#8903,#8904);
#8903 = CARTESIAN_POINT('',(2.2,6.425,2.099999997751));
#8904 = VECTOR('',#8905,1.);
#8905 = DIRECTION('',(-2.642297681059E-17,-1.,1.781170545891E-09));
#8906 = ORIENTED_EDGE('',*,*,#6213,.F.);
#8907 = CYLINDRICAL_SURFACE('',#8908,0.375);
#8908 = AXIS2_PLACEMENT_3D('',#8909,#8910,#8911);
#8909 = CARTESIAN_POINT('',(2.5,6.424999998443,2.324999997751));
#8910 = DIRECTION('',(-2.642297681059E-17,-1.,1.781170118805E-09));
#8911 = DIRECTION('',(-8.035605913824E-41,1.781170118805E-09,1.));
#8912 = ADVANCED_FACE('',(#8913),#8924,.T.);
#8913 = FACE_BOUND('',#8914,.T.);
#8914 = EDGE_LOOP('',(#8915,#8921,#8922,#8923));
#8915 = ORIENTED_EDGE('',*,*,#8916,.T.);
#8916 = EDGE_CURVE('',#8893,#8740,#8917,.T.);
#8917 = LINE('',#8918,#8919);
#8918 = CARTESIAN_POINT('',(4.85,6.,2.1));
#8919 = VECTOR('',#8920,1.);
#8920 = DIRECTION('',(-1.,2.052604487523E-16,1.075528555105E-16));
#8921 = ORIENTED_EDGE('',*,*,#8756,.T.);
#8922 = ORIENTED_EDGE('',*,*,#6240,.F.);
#8923 = ORIENTED_EDGE('',*,*,#8901,.T.);
#8924 = PLANE('',#8925);
#8925 = AXIS2_PLACEMENT_3D('',#8926,#8927,#8928);
#8926 = CARTESIAN_POINT('',(9.,-14.5,2.1));
#8927 = DIRECTION('',(-1.075528555106E-16,-8.326672684689E-17,-1.));
#8928 = DIRECTION('',(-1.,0.,1.075528555106E-16));
#8929 = ADVANCED_FACE('',(#8930),#8964,.F.);
#8930 = FACE_BOUND('',#8931,.T.);
#8931 = EDGE_LOOP('',(#8932,#8942,#8950,#8958));
#8932 = ORIENTED_EDGE('',*,*,#8933,.T.);
#8933 = EDGE_CURVE('',#8934,#8936,#8938,.T.);
#8934 = VERTEX_POINT('',#8935);
#8935 = CARTESIAN_POINT('',(3.85,6.,3.6));
#8936 = VERTEX_POINT('',#8937);
#8937 = CARTESIAN_POINT('',(3.85,6.,3.45));
#8938 = LINE('',#8939,#8940);
#8939 = CARTESIAN_POINT('',(3.85,6.,3.6));
#8940 = VECTOR('',#8941,1.);
#8941 = DIRECTION('',(0.,-5.854827030937E-32,-1.));
#8942 = ORIENTED_EDGE('',*,*,#8943,.F.);
#8943 = EDGE_CURVE('',#8944,#8936,#8946,.T.);
#8944 = VERTEX_POINT('',#8945);
#8945 = CARTESIAN_POINT('',(3.85,4.7,3.45));
#8946 = LINE('',#8947,#8948);
#8947 = CARTESIAN_POINT('',(3.85,6.,3.45));
#8948 = VECTOR('',#8949,1.);
#8949 = DIRECTION('',(-6.672013369142E-16,1.,5.854827030937E-32));
#8950 = ORIENTED_EDGE('',*,*,#8951,.F.);
#8951 = EDGE_CURVE('',#8952,#8944,#8954,.T.);
#8952 = VERTEX_POINT('',#8953);
#8953 = CARTESIAN_POINT('',(3.85,4.7,3.6));
#8954 = LINE('',#8955,#8956);
#8955 = CARTESIAN_POINT('',(3.85,4.7,3.6));
#8956 = VECTOR('',#8957,1.);
#8957 = DIRECTION('',(0.,-5.854827030937E-32,-1.));
#8958 = ORIENTED_EDGE('',*,*,#8959,.F.);
#8959 = EDGE_CURVE('',#8934,#8952,#8960,.T.);
#8960 = LINE('',#8961,#8962);
#8961 = CARTESIAN_POINT('',(3.85,6.,3.6));
#8962 = VECTOR('',#8963,1.);
#8963 = DIRECTION('',(3.336006684571E-16,-1.,-5.854827030937E-32));
#8964 = PLANE('',#8965);
#8965 = AXIS2_PLACEMENT_3D('',#8966,#8967,#8968);
#8966 = CARTESIAN_POINT('',(3.85,6.,3.6));
#8967 = DIRECTION('',(1.,3.336006684571E-16,0.));
#8968 = DIRECTION('',(-3.336006684571E-16,1.,0.));
#8969 = ADVANCED_FACE('',(#8970),#8995,.F.);
#8970 = FACE_BOUND('',#8971,.T.);
#8971 = EDGE_LOOP('',(#8972,#8980,#8988,#8994));
#8972 = ORIENTED_EDGE('',*,*,#8973,.T.);
#8973 = EDGE_CURVE('',#8936,#8974,#8976,.T.);
#8974 = VERTEX_POINT('',#8975);
#8975 = CARTESIAN_POINT('',(3.35,6.,3.45));
#8976 = LINE('',#8977,#8978);
#8977 = CARTESIAN_POINT('',(3.35,6.,3.45));
#8978 = VECTOR('',#8979,1.);
#8979 = DIRECTION('',(-1.,4.095959319487E-32,0.));
#8980 = ORIENTED_EDGE('',*,*,#8981,.T.);
#8981 = EDGE_CURVE('',#8974,#8982,#8984,.T.);
#8982 = VERTEX_POINT('',#8983);
#8983 = CARTESIAN_POINT('',(3.35,4.7,3.45));
#8984 = LINE('',#8985,#8986);
#8985 = CARTESIAN_POINT('',(3.35,4.7,3.45));
#8986 = VECTOR('',#8987,1.);
#8987 = DIRECTION('',(1.000802005371E-15,-1.,-5.854827030937E-32));
#8988 = ORIENTED_EDGE('',*,*,#8989,.T.);
#8989 = EDGE_CURVE('',#8982,#8944,#8990,.T.);
#8990 = LINE('',#8991,#8992);
#8991 = CARTESIAN_POINT('',(3.85,4.7,3.45));
#8992 = VECTOR('',#8993,1.);
#8993 = DIRECTION('',(1.,-4.095959319487E-32,0.));
#8994 = ORIENTED_EDGE('',*,*,#8943,.T.);
#8995 = PLANE('',#8996);
#8996 = AXIS2_PLACEMENT_3D('',#8997,#8998,#8999);
#8997 = CARTESIAN_POINT('',(3.85,6.,3.45));
#8998 = DIRECTION('',(-2.398113334135E-63,-5.854827030937E-32,-1.));
#8999 = DIRECTION('',(0.,-1.,5.854827030937E-32));
#9000 = ADVANCED_FACE('',(#9001),#9026,.F.);
#9001 = FACE_BOUND('',#9002,.T.);
#9002 = EDGE_LOOP('',(#9003,#9013,#9019,#9020));
#9003 = ORIENTED_EDGE('',*,*,#9004,.F.);
#9004 = EDGE_CURVE('',#9005,#9007,#9009,.T.);
#9005 = VERTEX_POINT('',#9006);
#9006 = CARTESIAN_POINT('',(3.35,4.7,3.05));
#9007 = VERTEX_POINT('',#9008);
#9008 = CARTESIAN_POINT('',(3.35,6.,3.05));
#9009 = LINE('',#9010,#9011);
#9010 = CARTESIAN_POINT('',(3.35,-5.,3.05));
#9011 = VECTOR('',#9012,1.);
#9012 = DIRECTION('',(-1.000802005371E-15,1.,5.854827030937E-32));
#9013 = ORIENTED_EDGE('',*,*,#9014,.F.);
#9014 = EDGE_CURVE('',#8982,#9005,#9015,.T.);
#9015 = LINE('',#9016,#9017);
#9016 = CARTESIAN_POINT('',(3.35,4.7,3.45));
#9017 = VECTOR('',#9018,1.);
#9018 = DIRECTION('',(0.,-5.854827030937E-32,-1.));
#9019 = ORIENTED_EDGE('',*,*,#8981,.F.);
#9020 = ORIENTED_EDGE('',*,*,#9021,.T.);
#9021 = EDGE_CURVE('',#8974,#9007,#9022,.T.);
#9022 = LINE('',#9023,#9024);
#9023 = CARTESIAN_POINT('',(3.35,6.,3.45));
#9024 = VECTOR('',#9025,1.);
#9025 = DIRECTION('',(0.,-5.854827030937E-32,-1.));
#9026 = PLANE('',#9027);
#9027 = AXIS2_PLACEMENT_3D('',#9028,#9029,#9030);
#9028 = CARTESIAN_POINT('',(3.35,4.7,3.45));
#9029 = DIRECTION('',(1.,1.000802005371E-15,0.));
#9030 = DIRECTION('',(-1.000802005371E-15,1.,0.));
#9031 = ADVANCED_FACE('',(#9032),#9057,.F.);
#9032 = FACE_BOUND('',#9033,.T.);
#9033 = EDGE_LOOP('',(#9034,#9042,#9050,#9056));
#9034 = ORIENTED_EDGE('',*,*,#9035,.T.);
#9035 = EDGE_CURVE('',#7329,#9036,#9038,.T.);
#9036 = VERTEX_POINT('',#9037);
#9037 = CARTESIAN_POINT('',(2.8,6.,3.05));
#9038 = LINE('',#9039,#9040);
#9039 = CARTESIAN_POINT('',(2.8,6.,3.05));
#9040 = VECTOR('',#9041,1.);
#9041 = DIRECTION('',(-1.734723475977E-15,1.,5.854827030937E-32));
#9042 = ORIENTED_EDGE('',*,*,#9043,.F.);
#9043 = EDGE_CURVE('',#9044,#9036,#9046,.T.);
#9044 = VERTEX_POINT('',#9045);
#9045 = CARTESIAN_POINT('',(2.8,6.,2.8));
#9046 = LINE('',#9047,#9048);
#9047 = CARTESIAN_POINT('',(2.8,6.,2.8));
#9048 = VECTOR('',#9049,1.);
#9049 = DIRECTION('',(0.,5.854827030937E-32,1.));
#9050 = ORIENTED_EDGE('',*,*,#9051,.F.);
#9051 = EDGE_CURVE('',#7320,#9044,#9052,.T.);
#9052 = LINE('',#9053,#9054);
#9053 = CARTESIAN_POINT('',(2.8,6.,2.8));
#9054 = VECTOR('',#9055,1.);
#9055 = DIRECTION('',(-1.734723475977E-15,1.,5.854827030937E-32));
#9056 = ORIENTED_EDGE('',*,*,#7328,.T.);
#9057 = PLANE('',#9058);
#9058 = AXIS2_PLACEMENT_3D('',#9059,#9060,#9061);
#9059 = CARTESIAN_POINT('',(2.8,6.,2.8));
#9060 = DIRECTION('',(1.,1.734723475977E-15,0.));
#9061 = DIRECTION('',(-1.734723475977E-15,1.,0.));
#9062 = ADVANCED_FACE('',(#9063),#9081,.F.);
#9063 = FACE_BOUND('',#9064,.T.);
#9064 = EDGE_LOOP('',(#9065,#9066,#9067,#9075));
#9065 = ORIENTED_EDGE('',*,*,#7319,.F.);
#9066 = ORIENTED_EDGE('',*,*,#9051,.T.);
#9067 = ORIENTED_EDGE('',*,*,#9068,.T.);
#9068 = EDGE_CURVE('',#9044,#9069,#9071,.T.);
#9069 = VERTEX_POINT('',#9070);
#9070 = CARTESIAN_POINT('',(1.4,6.,2.8));
#9071 = LINE('',#9072,#9073);
#9072 = CARTESIAN_POINT('',(2.8,6.,2.8));
#9073 = VECTOR('',#9074,1.);
#9074 = DIRECTION('',(-1.,-6.195440985631E-16,0.));
#9075 = ORIENTED_EDGE('',*,*,#9076,.T.);
#9076 = EDGE_CURVE('',#9069,#7310,#9077,.T.);
#9077 = LINE('',#9078,#9079);
#9078 = CARTESIAN_POINT('',(1.4,6.,2.8));
#9079 = VECTOR('',#9080,1.);
#9080 = DIRECTION('',(-1.51788304148E-15,-1.,-5.854827030937E-32));
#9081 = PLANE('',#9082);
#9082 = AXIS2_PLACEMENT_3D('',#9083,#9084,#9085);
#9083 = CARTESIAN_POINT('',(14.988998899256,4.351794919243,2.8));
#9084 = DIRECTION('',(0.,3.459511681412E-16,-1.));
#9085 = DIRECTION('',(-1.,0.,0.));
#9086 = ADVANCED_FACE('',(#9087),#9105,.F.);
#9087 = FACE_BOUND('',#9088,.T.);
#9088 = EDGE_LOOP('',(#9089,#9097,#9098,#9099));
#9089 = ORIENTED_EDGE('',*,*,#9090,.T.);
#9090 = EDGE_CURVE('',#9091,#7312,#9093,.T.);
#9091 = VERTEX_POINT('',#9092);
#9092 = CARTESIAN_POINT('',(1.4,6.,3.05));
#9093 = LINE('',#9094,#9095);
#9094 = CARTESIAN_POINT('',(1.4,6.,3.05));
#9095 = VECTOR('',#9096,1.);
#9096 = DIRECTION('',(-1.51788304148E-15,-1.,-5.854827030937E-32));
#9097 = ORIENTED_EDGE('',*,*,#7309,.F.);
#9098 = ORIENTED_EDGE('',*,*,#9076,.F.);
#9099 = ORIENTED_EDGE('',*,*,#9100,.T.);
#9100 = EDGE_CURVE('',#9069,#9091,#9101,.T.);
#9101 = LINE('',#9102,#9103);
#9102 = CARTESIAN_POINT('',(1.4,6.,2.8));
#9103 = VECTOR('',#9104,1.);
#9104 = DIRECTION('',(0.,5.854827030937E-32,1.));
#9105 = PLANE('',#9106);
#9106 = AXIS2_PLACEMENT_3D('',#9107,#9108,#9109);
#9107 = CARTESIAN_POINT('',(1.4,6.,2.8));
#9108 = DIRECTION('',(-1.,1.51788304148E-15,0.));
#9109 = DIRECTION('',(0.,0.,1.));
#9110 = ADVANCED_FACE('',(#9111),#9136,.F.);
#9111 = FACE_BOUND('',#9112,.T.);
#9112 = EDGE_LOOP('',(#9113,#9121,#9129,#9135));
#9113 = ORIENTED_EDGE('',*,*,#9114,.T.);
#9114 = EDGE_CURVE('',#7287,#9115,#9117,.T.);
#9115 = VERTEX_POINT('',#9116);
#9116 = CARTESIAN_POINT('',(-1.4,6.,3.05));
#9117 = LINE('',#9118,#9119);
#9118 = CARTESIAN_POINT('',(-1.4,6.,3.05));
#9119 = VECTOR('',#9120,1.);
#9120 = DIRECTION('',(-2.168404344971E-15,1.,5.854827030937E-32));
#9121 = ORIENTED_EDGE('',*,*,#9122,.F.);
#9122 = EDGE_CURVE('',#9123,#9115,#9125,.T.);
#9123 = VERTEX_POINT('',#9124);
#9124 = CARTESIAN_POINT('',(-1.4,6.,2.8));
#9125 = LINE('',#9126,#9127);
#9126 = CARTESIAN_POINT('',(-1.4,6.,2.8));
#9127 = VECTOR('',#9128,1.);
#9128 = DIRECTION('',(0.,5.854827030937E-32,1.));
#9129 = ORIENTED_EDGE('',*,*,#9130,.F.);
#9130 = EDGE_CURVE('',#7278,#9123,#9131,.T.);
#9131 = LINE('',#9132,#9133);
#9132 = CARTESIAN_POINT('',(-1.4,6.,2.8));
#9133 = VECTOR('',#9134,1.);
#9134 = DIRECTION('',(-2.168404344971E-15,1.,5.854827030937E-32));
#9135 = ORIENTED_EDGE('',*,*,#7286,.T.);
#9136 = PLANE('',#9137);
#9137 = AXIS2_PLACEMENT_3D('',#9138,#9139,#9140);
#9138 = CARTESIAN_POINT('',(-1.4,6.,2.8));
#9139 = DIRECTION('',(1.,2.168404344971E-15,0.));
#9140 = DIRECTION('',(-2.168404344971E-15,1.,0.));
#9141 = ADVANCED_FACE('',(#9142),#9160,.F.);
#9142 = FACE_BOUND('',#9143,.T.);
#9143 = EDGE_LOOP('',(#9144,#9145,#9146,#9154));
#9144 = ORIENTED_EDGE('',*,*,#7277,.F.);
#9145 = ORIENTED_EDGE('',*,*,#9130,.T.);
#9146 = ORIENTED_EDGE('',*,*,#9147,.T.);
#9147 = EDGE_CURVE('',#9123,#9148,#9150,.T.);
#9148 = VERTEX_POINT('',#9149);
#9149 = CARTESIAN_POINT('',(-2.8,6.,2.8));
#9150 = LINE('',#9151,#9152);
#9151 = CARTESIAN_POINT('',(-1.4,6.,2.8));
#9152 = VECTOR('',#9153,1.);
#9153 = DIRECTION('',(-1.,-6.195440985631E-16,0.));
#9154 = ORIENTED_EDGE('',*,*,#9155,.T.);
#9155 = EDGE_CURVE('',#9148,#7268,#9156,.T.);
#9156 = LINE('',#9157,#9158);
#9157 = CARTESIAN_POINT('',(-2.8,6.,2.8));
#9158 = VECTOR('',#9159,1.);
#9159 = DIRECTION('',(-2.168404344971E-15,-1.,-5.854827030937E-32));
#9160 = PLANE('',#9161);
#9161 = AXIS2_PLACEMENT_3D('',#9162,#9163,#9164);
#9162 = CARTESIAN_POINT('',(14.988998899256,4.351794919243,2.8));
#9163 = DIRECTION('',(0.,3.459511681412E-16,-1.));
#9164 = DIRECTION('',(-1.,0.,0.));
#9165 = ADVANCED_FACE('',(#9166),#9184,.F.);
#9166 = FACE_BOUND('',#9167,.T.);
#9167 = EDGE_LOOP('',(#9168,#9176,#9177,#9178));
#9168 = ORIENTED_EDGE('',*,*,#9169,.T.);
#9169 = EDGE_CURVE('',#9170,#7270,#9172,.T.);
#9170 = VERTEX_POINT('',#9171);
#9171 = CARTESIAN_POINT('',(-2.8,6.,3.05));
#9172 = LINE('',#9173,#9174);
#9173 = CARTESIAN_POINT('',(-2.8,6.,3.05));
#9174 = VECTOR('',#9175,1.);
#9175 = DIRECTION('',(-2.168404344971E-15,-1.,-5.854827030937E-32));
#9176 = ORIENTED_EDGE('',*,*,#7267,.F.);
#9177 = ORIENTED_EDGE('',*,*,#9155,.F.);
#9178 = ORIENTED_EDGE('',*,*,#9179,.T.);
#9179 = EDGE_CURVE('',#9148,#9170,#9180,.T.);
#9180 = LINE('',#9181,#9182);
#9181 = CARTESIAN_POINT('',(-2.8,6.,2.8));
#9182 = VECTOR('',#9183,1.);
#9183 = DIRECTION('',(0.,5.854827030937E-32,1.));
#9184 = PLANE('',#9185);
#9185 = AXIS2_PLACEMENT_3D('',#9186,#9187,#9188);
#9186 = CARTESIAN_POINT('',(-2.8,6.,2.8));
#9187 = DIRECTION('',(-1.,2.168404344971E-15,0.));
#9188 = DIRECTION('',(0.,0.,1.));
#9189 = ADVANCED_FACE('',(#9190),#9215,.F.);
#9190 = FACE_BOUND('',#9191,.T.);
#9191 = EDGE_LOOP('',(#9192,#9200,#9208,#9214));
#9192 = ORIENTED_EDGE('',*,*,#9193,.T.);
#9193 = EDGE_CURVE('',#1474,#9194,#9196,.T.);
#9194 = VERTEX_POINT('',#9195);
#9195 = CARTESIAN_POINT('',(-3.65,5.8,-0.5));
#9196 = LINE('',#9197,#9198);
#9197 = CARTESIAN_POINT('',(-3.65,5.8,-0.5));
#9198 = VECTOR('',#9199,1.);
#9199 = DIRECTION('',(0.,-1.,0.));
#9200 = ORIENTED_EDGE('',*,*,#9201,.T.);
#9201 = EDGE_CURVE('',#9194,#9202,#9204,.T.);
#9202 = VERTEX_POINT('',#9203);
#9203 = CARTESIAN_POINT('',(-4.25,5.8,-0.5));
#9204 = LINE('',#9205,#9206);
#9205 = CARTESIAN_POINT('',(-3.65,5.8,-0.5));
#9206 = VECTOR('',#9207,1.);
#9207 = DIRECTION('',(-1.,0.,0.));
#9208 = ORIENTED_EDGE('',*,*,#9209,.T.);
#9209 = EDGE_CURVE('',#9202,#1482,#9210,.T.);
#9210 = LINE('',#9211,#9212);
#9211 = CARTESIAN_POINT('',(-4.25,6.,-0.5));
#9212 = VECTOR('',#9213,1.);
#9213 = DIRECTION('',(-4.336808689942E-15,1.,0.));
#9214 = ORIENTED_EDGE('',*,*,#1481,.F.);
#9215 = PLANE('',#9216);
#9216 = AXIS2_PLACEMENT_3D('',#9217,#9218,#9219);
#9217 = CARTESIAN_POINT('',(14.988998899256,1.45,-0.5));
#9218 = DIRECTION('',(0.,0.,1.));
#9219 = DIRECTION('',(1.,0.,-0.));
#9220 = ADVANCED_FACE('',(#9221),#9246,.F.);
#9221 = FACE_BOUND('',#9222,.T.);
#9222 = EDGE_LOOP('',(#9223,#9231,#9239,#9245));
#9223 = ORIENTED_EDGE('',*,*,#9224,.T.);
#9224 = EDGE_CURVE('',#1442,#9225,#9227,.T.);
#9225 = VERTEX_POINT('',#9226);
#9226 = CARTESIAN_POINT('',(-2.25,5.8,-0.5));
#9227 = LINE('',#9228,#9229);
#9228 = CARTESIAN_POINT('',(-2.25,6.,-0.5));
#9229 = VECTOR('',#9230,1.);
#9230 = DIRECTION('',(0.,-1.,0.));
#9231 = ORIENTED_EDGE('',*,*,#9232,.T.);
#9232 = EDGE_CURVE('',#9225,#9233,#9235,.T.);
#9233 = VERTEX_POINT('',#9234);
#9234 = CARTESIAN_POINT('',(-2.85,5.8,-0.5));
#9235 = LINE('',#9236,#9237);
#9236 = CARTESIAN_POINT('',(-2.25,5.8,-0.5));
#9237 = VECTOR('',#9238,1.);
#9238 = DIRECTION('',(-1.,0.,0.));
#9239 = ORIENTED_EDGE('',*,*,#9240,.T.);
#9240 = EDGE_CURVE('',#9233,#1450,#9241,.T.);
#9241 = LINE('',#9242,#9243);
#9242 = CARTESIAN_POINT('',(-2.85,5.8,-0.5));
#9243 = VECTOR('',#9244,1.);
#9244 = DIRECTION('',(0.,1.,0.));
#9245 = ORIENTED_EDGE('',*,*,#1449,.F.);
#9246 = PLANE('',#9247);
#9247 = AXIS2_PLACEMENT_3D('',#9248,#9249,#9250);
#9248 = CARTESIAN_POINT('',(14.988998899256,1.45,-0.5));
#9249 = DIRECTION('',(0.,0.,1.));
#9250 = DIRECTION('',(1.,0.,-0.));
#9251 = ADVANCED_FACE('',(#9252),#9277,.F.);
#9252 = FACE_BOUND('',#9253,.T.);
#9253 = EDGE_LOOP('',(#9254,#9262,#9270,#9276));
#9254 = ORIENTED_EDGE('',*,*,#9255,.T.);
#9255 = EDGE_CURVE('',#1410,#9256,#9258,.T.);
#9256 = VERTEX_POINT('',#9257);
#9257 = CARTESIAN_POINT('',(2.85,5.8,-0.5));
#9258 = LINE('',#9259,#9260);
#9259 = CARTESIAN_POINT('',(2.85,6.,-0.5));
#9260 = VECTOR('',#9261,1.);
#9261 = DIRECTION('',(0.,-1.,0.));
#9262 = ORIENTED_EDGE('',*,*,#9263,.T.);
#9263 = EDGE_CURVE('',#9256,#9264,#9266,.T.);
#9264 = VERTEX_POINT('',#9265);
#9265 = CARTESIAN_POINT('',(2.25,5.8,-0.5));
#9266 = LINE('',#9267,#9268);
#9267 = CARTESIAN_POINT('',(2.85,5.8,-0.5));
#9268 = VECTOR('',#9269,1.);
#9269 = DIRECTION('',(-1.,0.,0.));
#9270 = ORIENTED_EDGE('',*,*,#9271,.T.);
#9271 = EDGE_CURVE('',#9264,#1418,#9272,.T.);
#9272 = LINE('',#9273,#9274);
#9273 = CARTESIAN_POINT('',(2.25,5.8,-0.5));
#9274 = VECTOR('',#9275,1.);
#9275 = DIRECTION('',(0.,1.,0.));
#9276 = ORIENTED_EDGE('',*,*,#1417,.F.);
#9277 = PLANE('',#9278);
#9278 = AXIS2_PLACEMENT_3D('',#9279,#9280,#9281);
#9279 = CARTESIAN_POINT('',(14.988998899256,1.45,-0.5));
#9280 = DIRECTION('',(0.,0.,1.));
#9281 = DIRECTION('',(1.,0.,-0.));
#9282 = ADVANCED_FACE('',(#9283),#9308,.F.);
#9283 = FACE_BOUND('',#9284,.T.);
#9284 = EDGE_LOOP('',(#9285,#9293,#9301,#9307));
#9285 = ORIENTED_EDGE('',*,*,#9286,.T.);
#9286 = EDGE_CURVE('',#1378,#9287,#9289,.T.);
#9287 = VERTEX_POINT('',#9288);
#9288 = CARTESIAN_POINT('',(4.25,5.8,-0.5));
#9289 = LINE('',#9290,#9291);
#9290 = CARTESIAN_POINT('',(4.25,6.,-0.5));
#9291 = VECTOR('',#9292,1.);
#9292 = DIRECTION('',(-4.336808689942E-15,-1.,0.));
#9293 = ORIENTED_EDGE('',*,*,#9294,.T.);
#9294 = EDGE_CURVE('',#9287,#9295,#9297,.T.);
#9295 = VERTEX_POINT('',#9296);
#9296 = CARTESIAN_POINT('',(3.65,5.8,-0.5));
#9297 = LINE('',#9298,#9299);
#9298 = CARTESIAN_POINT('',(4.25,5.8,-0.5));
#9299 = VECTOR('',#9300,1.);
#9300 = DIRECTION('',(-1.,0.,0.));
#9301 = ORIENTED_EDGE('',*,*,#9302,.T.);
#9302 = EDGE_CURVE('',#9295,#1386,#9303,.T.);
#9303 = LINE('',#9304,#9305);
#9304 = CARTESIAN_POINT('',(3.65,5.8,-0.5));
#9305 = VECTOR('',#9306,1.);
#9306 = DIRECTION('',(0.,1.,0.));
#9307 = ORIENTED_EDGE('',*,*,#1385,.F.);
#9308 = PLANE('',#9309);
#9309 = AXIS2_PLACEMENT_3D('',#9310,#9311,#9312);
#9310 = CARTESIAN_POINT('',(14.988998899256,1.45,-0.5));
#9311 = DIRECTION('',(0.,0.,1.));
#9312 = DIRECTION('',(1.,0.,-0.));
#9313 = ADVANCED_FACE('',(#9314),#9325,.T.);
#9314 = FACE_BOUND('',#9315,.T.);
#9315 = EDGE_LOOP('',(#9316,#9317,#9318));
#9316 = ORIENTED_EDGE('',*,*,#1353,.T.);
#9317 = ORIENTED_EDGE('',*,*,#1321,.F.);
#9318 = ORIENTED_EDGE('',*,*,#9319,.T.);
#9319 = EDGE_CURVE('',#1313,#1354,#9320,.T.);
#9320 = CIRCLE('',#9321,0.5);
#9321 = AXIS2_PLACEMENT_3D('',#9322,#9323,#9324);
#9322 = CARTESIAN_POINT('',(4.95,5.5,-0.5));
#9323 = DIRECTION('',(0.,0.,1.));
#9324 = DIRECTION('',(-1.,0.,0.));
#9325 = PLANE('',#9326);
#9326 = AXIS2_PLACEMENT_3D('',#9327,#9328,#9329);
#9327 = CARTESIAN_POINT('',(-4.95,5.5,-0.5));
#9328 = DIRECTION('',(0.,0.,1.));
#9329 = DIRECTION('',(1.,0.,-0.));
#9330 = ADVANCED_FACE('',(#9331),#9349,.T.);
#9331 = FACE_BOUND('',#9332,.T.);
#9332 = EDGE_LOOP('',(#9333,#9341,#9347,#9348));
#9333 = ORIENTED_EDGE('',*,*,#9334,.T.);
#9334 = EDGE_CURVE('',#275,#9335,#9337,.T.);
#9335 = VERTEX_POINT('',#9336);
#9336 = CARTESIAN_POINT('',(-1.75,-6.,2.1));
#9337 = LINE('',#9338,#9339);
#9338 = CARTESIAN_POINT('',(4.85,-6.,2.1));
#9339 = VECTOR('',#9340,1.);
#9340 = DIRECTION('',(1.,-2.642297700216E-17,-1.075528555105E-16));
#9341 = ORIENTED_EDGE('',*,*,#9342,.T.);
#9342 = EDGE_CURVE('',#9335,#6263,#9343,.T.);
#9343 = LINE('',#9344,#9345);
#9344 = CARTESIAN_POINT('',(-1.75,-8.35,2.1));
#9345 = VECTOR('',#9346,1.);
#9346 = DIRECTION('',(-9.394353327794E-16,-1.,8.326672684689E-17));
#9347 = ORIENTED_EDGE('',*,*,#6262,.F.);
#9348 = ORIENTED_EDGE('',*,*,#283,.T.);
#9349 = PLANE('',#9350);
#9350 = AXIS2_PLACEMENT_3D('',#9351,#9352,#9353);
#9351 = CARTESIAN_POINT('',(9.,-14.5,2.1));
#9352 = DIRECTION('',(-1.075528555106E-16,-8.326672684689E-17,-1.));
#9353 = DIRECTION('',(-1.,0.,1.075528555106E-16));
#9354 = ADVANCED_FACE('',(#9355),#9373,.F.);
#9355 = FACE_BOUND('',#9356,.T.);
#9356 = EDGE_LOOP('',(#9357,#9358,#9366,#9372));
#9357 = ORIENTED_EDGE('',*,*,#9342,.F.);
#9358 = ORIENTED_EDGE('',*,*,#9359,.F.);
#9359 = EDGE_CURVE('',#9360,#9335,#9362,.T.);
#9360 = VERTEX_POINT('',#9361);
#9361 = CARTESIAN_POINT('',(-1.75,-6.,2.25));
#9362 = LINE('',#9363,#9364);
#9363 = CARTESIAN_POINT('',(-1.75,-6.,2.55));
#9364 = VECTOR('',#9365,1.);
#9365 = DIRECTION('',(-1.075528555106E-16,-8.326672684689E-17,-1.));
#9366 = ORIENTED_EDGE('',*,*,#9367,.T.);
#9367 = EDGE_CURVE('',#9360,#6287,#9368,.T.);
#9368 = LINE('',#9369,#9370);
#9369 = CARTESIAN_POINT('',(-1.75,-8.35,2.25));
#9370 = VECTOR('',#9371,1.);
#9371 = DIRECTION('',(-9.394353327794E-16,-1.,8.326672684689E-17));
#9372 = ORIENTED_EDGE('',*,*,#6297,.T.);
#9373 = PLANE('',#9374);
#9374 = AXIS2_PLACEMENT_3D('',#9375,#9376,#9377);
#9375 = CARTESIAN_POINT('',(-1.75,-8.35,2.1));
#9376 = DIRECTION('',(-1.,9.394353327794E-16,1.075528555106E-16));
#9377 = DIRECTION('',(1.075528555106E-16,0.,1.));
#9378 = ADVANCED_FACE('',(#9379),#9397,.F.);
#9379 = FACE_BOUND('',#9380,.T.);
#9380 = EDGE_LOOP('',(#9381,#9382,#9390,#9396));
#9381 = ORIENTED_EDGE('',*,*,#9367,.F.);
#9382 = ORIENTED_EDGE('',*,*,#9383,.F.);
#9383 = EDGE_CURVE('',#9384,#9360,#9386,.T.);
#9384 = VERTEX_POINT('',#9385);
#9385 = CARTESIAN_POINT('',(-2.287867965644,-6.,2.25));
#9386 = LINE('',#9387,#9388);
#9387 = CARTESIAN_POINT('',(4.85,-6.,2.25));
#9388 = VECTOR('',#9389,1.);
#9389 = DIRECTION('',(1.,-2.642297700216E-17,-1.075528555105E-16));
#9390 = ORIENTED_EDGE('',*,*,#9391,.F.);
#9391 = EDGE_CURVE('',#6314,#9384,#9392,.T.);
#9392 = LINE('',#9393,#9394);
#9393 = CARTESIAN_POINT('',(-2.287867965644,-6.925,2.25));
#9394 = VECTOR('',#9395,1.);
#9395 = DIRECTION('',(2.642297700216E-17,1.,-8.326672684689E-17));
#9396 = ORIENTED_EDGE('',*,*,#6322,.T.);
#9397 = PLANE('',#9398);
#9398 = AXIS2_PLACEMENT_3D('',#9399,#9400,#9401);
#9399 = CARTESIAN_POINT('',(9.,-14.5,2.25));
#9400 = DIRECTION('',(-1.075528555106E-16,-8.326672684689E-17,-1.));
#9401 = DIRECTION('',(-1.,0.,1.075528555106E-16));
#9402 = ADVANCED_FACE('',(#9403),#9415,.F.);
#9403 = FACE_BOUND('',#9404,.F.);
#9404 = EDGE_LOOP('',(#9405,#9412,#9413,#9414));
#9405 = ORIENTED_EDGE('',*,*,#9406,.T.);
#9406 = EDGE_CURVE('',#308,#9384,#9407,.T.);
#9407 = CIRCLE('',#9408,0.225);
#9408 = AXIS2_PLACEMENT_3D('',#9409,#9410,#9411);
#9409 = CARTESIAN_POINT('',(-2.5,-6.,2.325));
#9410 = DIRECTION('',(-2.642297700216E-17,-1.,0.));
#9411 = DIRECTION('',(0.,0.,1.));
#9412 = ORIENTED_EDGE('',*,*,#9391,.F.);
#9413 = ORIENTED_EDGE('',*,*,#6344,.T.);
#9414 = ORIENTED_EDGE('',*,*,#316,.T.);
#9415 = CYLINDRICAL_SURFACE('',#9416,0.225);
#9416 = AXIS2_PLACEMENT_3D('',#9417,#9418,#9419);
#9417 = CARTESIAN_POINT('',(-2.5,-6.925,2.325));
#9418 = DIRECTION('',(2.642297700216E-17,1.,0.));
#9419 = DIRECTION('',(0.,0.,-1.));
#9420 = ADVANCED_FACE('',(#9421),#9442,.F.);
#9421 = FACE_BOUND('',#9422,.T.);
#9422 = EDGE_LOOP('',(#9423,#9424,#9432,#9438,#9439,#9440,#9441));
#9423 = ORIENTED_EDGE('',*,*,#297,.T.);
#9424 = ORIENTED_EDGE('',*,*,#9425,.F.);
#9425 = EDGE_CURVE('',#9426,#300,#9428,.T.);
#9426 = VERTEX_POINT('',#9427);
#9427 = CARTESIAN_POINT('',(-4.6,-6.,2.25));
#9428 = LINE('',#9429,#9430);
#9429 = CARTESIAN_POINT('',(4.85,-6.,2.25));
#9430 = VECTOR('',#9431,1.);
#9431 = DIRECTION('',(1.,-2.642297700216E-17,-1.075528555105E-16));
#9432 = ORIENTED_EDGE('',*,*,#9433,.F.);
#9433 = EDGE_CURVE('',#6379,#9426,#9434,.T.);
#9434 = LINE('',#9435,#9436);
#9435 = CARTESIAN_POINT('',(-4.6,-5.5,2.25));
#9436 = VECTOR('',#9437,1.);
#9437 = DIRECTION('',(1.503317967148E-16,1.,-8.326672684689E-17));
#9438 = ORIENTED_EDGE('',*,*,#6404,.T.);
#9439 = ORIENTED_EDGE('',*,*,#6436,.F.);
#9440 = ORIENTED_EDGE('',*,*,#6458,.F.);
#9441 = ORIENTED_EDGE('',*,*,#6362,.T.);
#9442 = PLANE('',#9443);
#9443 = AXIS2_PLACEMENT_3D('',#9444,#9445,#9446);
#9444 = CARTESIAN_POINT('',(9.,-14.5,2.25));
#9445 = DIRECTION('',(-1.075528555106E-16,-8.326672684689E-17,-1.));
#9446 = DIRECTION('',(-1.,0.,1.075528555106E-16));
#9447 = ADVANCED_FACE('',(#9448),#9466,.F.);
#9448 = FACE_BOUND('',#9449,.T.);
#9449 = EDGE_LOOP('',(#9450,#9451,#9459,#9465));
#9450 = ORIENTED_EDGE('',*,*,#9433,.T.);
#9451 = ORIENTED_EDGE('',*,*,#9452,.F.);
#9452 = EDGE_CURVE('',#9453,#9426,#9455,.T.);
#9453 = VERTEX_POINT('',#9454);
#9454 = CARTESIAN_POINT('',(-4.6,-6.,2.1));
#9455 = LINE('',#9456,#9457);
#9456 = CARTESIAN_POINT('',(-4.6,-6.,2.55));
#9457 = VECTOR('',#9458,1.);
#9458 = DIRECTION('',(1.075528555106E-16,8.326672684689E-17,1.));
#9459 = ORIENTED_EDGE('',*,*,#9460,.F.);
#9460 = EDGE_CURVE('',#6381,#9453,#9461,.T.);
#9461 = LINE('',#9462,#9463);
#9462 = CARTESIAN_POINT('',(-4.6,-5.5,2.1));
#9463 = VECTOR('',#9464,1.);
#9464 = DIRECTION('',(1.503317967148E-16,1.,-8.326672684689E-17));
#9465 = ORIENTED_EDGE('',*,*,#6378,.F.);
#9466 = PLANE('',#9467);
#9467 = AXIS2_PLACEMENT_3D('',#9468,#9469,#9470);
#9468 = CARTESIAN_POINT('',(-4.6,-5.5,2.1));
#9469 = DIRECTION('',(1.,-1.503317967148E-16,-1.075528555106E-16));
#9470 = DIRECTION('',(-1.503317967148E-16,-1.,0.));
#9471 = ADVANCED_FACE('',(#9472),#9493,.T.);
#9472 = FACE_BOUND('',#9473,.T.);
#9473 = EDGE_LOOP('',(#9474,#9482,#9488,#9489,#9490,#9491,#9492));
#9474 = ORIENTED_EDGE('',*,*,#9475,.T.);
#9475 = EDGE_CURVE('',#9453,#9476,#9478,.T.);
#9476 = VERTEX_POINT('',#9477);
#9477 = CARTESIAN_POINT('',(-2.8,-6.,2.100000003274));
#9478 = LINE('',#9479,#9480);
#9479 = CARTESIAN_POINT('',(4.85,-6.,2.1));
#9480 = VECTOR('',#9481,1.);
#9481 = DIRECTION('',(1.,-2.642297700216E-17,-1.075528555105E-16));
#9482 = ORIENTED_EDGE('',*,*,#9483,.F.);
#9483 = EDGE_CURVE('',#6474,#9476,#9484,.T.);
#9484 = LINE('',#9485,#9486);
#9485 = CARTESIAN_POINT('',(-2.8,-6.925,2.100000004847));
#9486 = VECTOR('',#9487,1.);
#9487 = DIRECTION('',(2.642297681923E-17,1.,-1.700862993363E-09));
#9488 = ORIENTED_EDGE('',*,*,#6484,.F.);
#9489 = ORIENTED_EDGE('',*,*,#6451,.T.);
#9490 = ORIENTED_EDGE('',*,*,#6428,.T.);
#9491 = ORIENTED_EDGE('',*,*,#6388,.F.);
#9492 = ORIENTED_EDGE('',*,*,#9460,.T.);
#9493 = PLANE('',#9494);
#9494 = AXIS2_PLACEMENT_3D('',#9495,#9496,#9497);
#9495 = CARTESIAN_POINT('',(9.,-14.5,2.1));
#9496 = DIRECTION('',(-1.075528555106E-16,-8.326672684689E-17,-1.));
#9497 = DIRECTION('',(-1.,0.,1.075528555106E-16));
#9498 = ADVANCED_FACE('',(#9499),#9511,.T.);
#9499 = FACE_BOUND('',#9500,.T.);
#9500 = EDGE_LOOP('',(#9501,#9502,#9503,#9504));
#9501 = ORIENTED_EDGE('',*,*,#266,.F.);
#9502 = ORIENTED_EDGE('',*,*,#6500,.T.);
#9503 = ORIENTED_EDGE('',*,*,#9483,.T.);
#9504 = ORIENTED_EDGE('',*,*,#9505,.T.);
#9505 = EDGE_CURVE('',#9476,#267,#9506,.T.);
#9506 = CIRCLE('',#9507,0.375);
#9507 = AXIS2_PLACEMENT_3D('',#9508,#9509,#9510);
#9508 = CARTESIAN_POINT('',(-2.5,-6.,2.325000003274));
#9509 = DIRECTION('',(-2.642297700216E-17,-1.,0.));
#9510 = DIRECTION('',(0.,0.,1.));
#9511 = CYLINDRICAL_SURFACE('',#9512,0.375);
#9512 = AXIS2_PLACEMENT_3D('',#9513,#9514,#9515);
#9513 = CARTESIAN_POINT('',(-2.5,-6.924999998322,2.325000004847));
#9514 = DIRECTION('',(2.642297681923E-17,1.,-1.70086398669E-09));
#9515 = DIRECTION('',(2.29588740395E-41,-1.70086398669E-09,-1.));
#9516 = ADVANCED_FACE('',(#9517),#9542,.F.);
#9517 = FACE_BOUND('',#9518,.T.);
#9518 = EDGE_LOOP('',(#9519,#9527,#9535,#9541));
#9519 = ORIENTED_EDGE('',*,*,#9520,.F.);
#9520 = EDGE_CURVE('',#9521,#6750,#9523,.T.);
#9521 = VERTEX_POINT('',#9522);
#9522 = CARTESIAN_POINT('',(4.6,-6.,2.1));
#9523 = LINE('',#9524,#9525);
#9524 = CARTESIAN_POINT('',(4.6,-5.5,2.1));
#9525 = VECTOR('',#9526,1.);
#9526 = DIRECTION('',(-1.503317967148E-16,-1.,8.326672684689E-17));
#9527 = ORIENTED_EDGE('',*,*,#9528,.F.);
#9528 = EDGE_CURVE('',#9529,#9521,#9531,.T.);
#9529 = VERTEX_POINT('',#9530);
#9530 = CARTESIAN_POINT('',(4.6,-6.,2.25));
#9531 = LINE('',#9532,#9533);
#9532 = CARTESIAN_POINT('',(4.6,-6.,2.55));
#9533 = VECTOR('',#9534,1.);
#9534 = DIRECTION('',(-1.075528555106E-16,-8.326672684689E-17,-1.));
#9535 = ORIENTED_EDGE('',*,*,#9536,.T.);
#9536 = EDGE_CURVE('',#9529,#6758,#9537,.T.);
#9537 = LINE('',#9538,#9539);
#9538 = CARTESIAN_POINT('',(4.6,-5.5,2.25));
#9539 = VECTOR('',#9540,1.);
#9540 = DIRECTION('',(-1.503317967148E-16,-1.,8.326672684689E-17));
#9541 = ORIENTED_EDGE('',*,*,#6757,.T.);
#9542 = PLANE('',#9543);
#9543 = AXIS2_PLACEMENT_3D('',#9544,#9545,#9546);
#9544 = CARTESIAN_POINT('',(4.6,-5.5,2.1));
#9545 = DIRECTION('',(-1.,1.503317967148E-16,1.075528555106E-16));
#9546 = DIRECTION('',(1.075528555106E-16,0.,1.));
#9547 = ADVANCED_FACE('',(#9548),#9569,.F.);
#9548 = FACE_BOUND('',#9549,.T.);
#9549 = EDGE_LOOP('',(#9550,#9551,#9559,#9565,#9566,#9567,#9568));
#9550 = ORIENTED_EDGE('',*,*,#9536,.F.);
#9551 = ORIENTED_EDGE('',*,*,#9552,.F.);
#9552 = EDGE_CURVE('',#9553,#9529,#9555,.T.);
#9553 = VERTEX_POINT('',#9554);
#9554 = CARTESIAN_POINT('',(2.712132034356,-6.,2.25));
#9555 = LINE('',#9556,#9557);
#9556 = CARTESIAN_POINT('',(4.85,-6.,2.25));
#9557 = VECTOR('',#9558,1.);
#9558 = DIRECTION('',(1.,-2.642297700216E-17,-1.075528555105E-16));
#9559 = ORIENTED_EDGE('',*,*,#9560,.F.);
#9560 = EDGE_CURVE('',#6518,#9553,#9561,.T.);
#9561 = LINE('',#9562,#9563);
#9562 = CARTESIAN_POINT('',(2.712132034356,-6.925,2.25));
#9563 = VECTOR('',#9564,1.);
#9564 = DIRECTION('',(2.642297700216E-17,1.,-8.326672684689E-17));
#9565 = ORIENTED_EDGE('',*,*,#6517,.T.);
#9566 = ORIENTED_EDGE('',*,*,#6684,.F.);
#9567 = ORIENTED_EDGE('',*,*,#6716,.F.);
#9568 = ORIENTED_EDGE('',*,*,#6765,.T.);
#9569 = PLANE('',#9570);
#9570 = AXIS2_PLACEMENT_3D('',#9571,#9572,#9573);
#9571 = CARTESIAN_POINT('',(9.,-14.5,2.25));
#9572 = DIRECTION('',(-1.075528555106E-16,-8.326672684689E-17,-1.));
#9573 = DIRECTION('',(-1.,0.,1.075528555106E-16));
#9574 = ADVANCED_FACE('',(#9575),#9587,.F.);
#9575 = FACE_BOUND('',#9576,.F.);
#9576 = EDGE_LOOP('',(#9577,#9584,#9585,#9586));
#9577 = ORIENTED_EDGE('',*,*,#9578,.F.);
#9578 = EDGE_CURVE('',#9553,#224,#9579,.T.);
#9579 = CIRCLE('',#9580,0.225);
#9580 = AXIS2_PLACEMENT_3D('',#9581,#9582,#9583);
#9581 = CARTESIAN_POINT('',(2.5,-6.,2.325));
#9582 = DIRECTION('',(2.642297700216E-17,1.,-1.01859018913E-31));
#9583 = DIRECTION('',(3.854941057726E-15,-1.313717310305E-46,1.));
#9584 = ORIENTED_EDGE('',*,*,#9560,.F.);
#9585 = ORIENTED_EDGE('',*,*,#6550,.F.);
#9586 = ORIENTED_EDGE('',*,*,#232,.T.);
#9587 = CYLINDRICAL_SURFACE('',#9588,0.225);
#9588 = AXIS2_PLACEMENT_3D('',#9589,#9590,#9591);
#9589 = CARTESIAN_POINT('',(2.5,-6.925,2.325));
#9590 = DIRECTION('',(2.642297700216E-17,1.,0.));
#9591 = DIRECTION('',(0.,0.,-1.));
#9592 = ADVANCED_FACE('',(#9593),#9611,.F.);
#9593 = FACE_BOUND('',#9594,.T.);
#9594 = EDGE_LOOP('',(#9595,#9596,#9604,#9610));
#9595 = ORIENTED_EDGE('',*,*,#213,.T.);
#9596 = ORIENTED_EDGE('',*,*,#9597,.F.);
#9597 = EDGE_CURVE('',#9598,#216,#9600,.T.);
#9598 = VERTEX_POINT('',#9599);
#9599 = CARTESIAN_POINT('',(1.75,-6.,2.25));
#9600 = LINE('',#9601,#9602);
#9601 = CARTESIAN_POINT('',(4.85,-6.,2.25));
#9602 = VECTOR('',#9603,1.);
#9603 = DIRECTION('',(1.,-2.642297700216E-17,-1.075528555105E-16));
#9604 = ORIENTED_EDGE('',*,*,#9605,.F.);
#9605 = EDGE_CURVE('',#6569,#9598,#9606,.T.);
#9606 = LINE('',#9607,#9608);
#9607 = CARTESIAN_POINT('',(1.75,-8.35,2.25));
#9608 = VECTOR('',#9609,1.);
#9609 = DIRECTION('',(2.642297700216E-17,1.,-8.326672684689E-17));
#9610 = ORIENTED_EDGE('',*,*,#6577,.T.);
#9611 = PLANE('',#9612);
#9612 = AXIS2_PLACEMENT_3D('',#9613,#9614,#9615);
#9613 = CARTESIAN_POINT('',(9.,-14.5,2.25));
#9614 = DIRECTION('',(-1.075528555106E-16,-8.326672684689E-17,-1.));
#9615 = DIRECTION('',(-1.,0.,1.075528555106E-16));
#9616 = ADVANCED_FACE('',(#9617),#9635,.F.);
#9617 = FACE_BOUND('',#9618,.T.);
#9618 = EDGE_LOOP('',(#9619,#9620,#9628,#9634));
#9619 = ORIENTED_EDGE('',*,*,#9605,.T.);
#9620 = ORIENTED_EDGE('',*,*,#9621,.F.);
#9621 = EDGE_CURVE('',#9622,#9598,#9624,.T.);
#9622 = VERTEX_POINT('',#9623);
#9623 = CARTESIAN_POINT('',(1.75,-6.,2.1));
#9624 = LINE('',#9625,#9626);
#9625 = CARTESIAN_POINT('',(1.75,-6.,2.55));
#9626 = VECTOR('',#9627,1.);
#9627 = DIRECTION('',(1.075528555106E-16,8.326672684689E-17,1.));
#9628 = ORIENTED_EDGE('',*,*,#9629,.F.);
#9629 = EDGE_CURVE('',#6595,#9622,#9630,.T.);
#9630 = LINE('',#9631,#9632);
#9631 = CARTESIAN_POINT('',(1.75,-8.35,2.1));
#9632 = VECTOR('',#9633,1.);
#9633 = DIRECTION('',(2.642297700216E-17,1.,-8.326672684689E-17));
#9634 = ORIENTED_EDGE('',*,*,#6594,.T.);
#9635 = PLANE('',#9636);
#9636 = AXIS2_PLACEMENT_3D('',#9637,#9638,#9639);
#9637 = CARTESIAN_POINT('',(1.75,-8.35,2.1));
#9638 = DIRECTION('',(1.,-2.642297700216E-17,-1.075528555106E-16));
#9639 = DIRECTION('',(-1.075528555106E-16,0.,-1.));
#9640 = ADVANCED_FACE('',(#9641),#9659,.T.);
#9641 = FACE_BOUND('',#9642,.T.);
#9642 = EDGE_LOOP('',(#9643,#9651,#9657,#9658));
#9643 = ORIENTED_EDGE('',*,*,#9644,.T.);
#9644 = EDGE_CURVE('',#9622,#9645,#9647,.T.);
#9645 = VERTEX_POINT('',#9646);
#9646 = CARTESIAN_POINT('',(2.2,-6.,2.100000003274));
#9647 = LINE('',#9648,#9649);
#9648 = CARTESIAN_POINT('',(4.85,-6.,2.1));
#9649 = VECTOR('',#9650,1.);
#9650 = DIRECTION('',(1.,-2.642297700216E-17,-1.075528555105E-16));
#9651 = ORIENTED_EDGE('',*,*,#9652,.F.);
#9652 = EDGE_CURVE('',#6618,#9645,#9653,.T.);
#9653 = LINE('',#9654,#9655);
#9654 = CARTESIAN_POINT('',(2.2,-6.925,2.100000004847));
#9655 = VECTOR('',#9656,1.);
#9656 = DIRECTION('',(2.642297681923E-17,1.,-1.700862993363E-09));
#9657 = ORIENTED_EDGE('',*,*,#6617,.F.);
#9658 = ORIENTED_EDGE('',*,*,#9629,.T.);
#9659 = PLANE('',#9660);
#9660 = AXIS2_PLACEMENT_3D('',#9661,#9662,#9663);
#9661 = CARTESIAN_POINT('',(9.,-14.5,2.1));
#9662 = DIRECTION('',(-1.075528555106E-16,-8.326672684689E-17,-1.));
#9663 = DIRECTION('',(-1.,0.,1.075528555106E-16));
#9664 = ADVANCED_FACE('',(#9665),#9677,.T.);
#9665 = FACE_BOUND('',#9666,.T.);
#9666 = EDGE_LOOP('',(#9667,#9668,#9669,#9670));
#9667 = ORIENTED_EDGE('',*,*,#182,.F.);
#9668 = ORIENTED_EDGE('',*,*,#6644,.F.);
#9669 = ORIENTED_EDGE('',*,*,#9652,.T.);
#9670 = ORIENTED_EDGE('',*,*,#9671,.F.);
#9671 = EDGE_CURVE('',#183,#9645,#9672,.T.);
#9672 = CIRCLE('',#9673,0.375);
#9673 = AXIS2_PLACEMENT_3D('',#9674,#9675,#9676);
#9674 = CARTESIAN_POINT('',(2.5,-6.,2.325000003274));
#9675 = DIRECTION('',(2.642297700216E-17,1.,-6.111541134778E-32));
#9676 = DIRECTION('',(2.312964634636E-15,4.379057701015E-47,1.));
#9677 = CYLINDRICAL_SURFACE('',#9678,0.375);
#9678 = AXIS2_PLACEMENT_3D('',#9679,#9680,#9681);
#9679 = CARTESIAN_POINT('',(2.5,-6.924999998322,2.325000004847));
#9680 = DIRECTION('',(2.642297681923E-17,1.,-1.70086398669E-09));
#9681 = DIRECTION('',(2.29588740395E-41,-1.70086398669E-09,-1.));
#9682 = ADVANCED_FACE('',(#9683),#9697,.T.);
#9683 = FACE_BOUND('',#9684,.T.);
#9684 = EDGE_LOOP('',(#9685,#9691,#9692,#9693,#9694,#9695,#9696));
#9685 = ORIENTED_EDGE('',*,*,#9686,.T.);
#9686 = EDGE_CURVE('',#191,#9521,#9687,.T.);
#9687 = LINE('',#9688,#9689);
#9688 = CARTESIAN_POINT('',(4.85,-6.,2.1));
#9689 = VECTOR('',#9690,1.);
#9690 = DIRECTION('',(1.,-2.642297700216E-17,-1.075528555105E-16));
#9691 = ORIENTED_EDGE('',*,*,#9520,.T.);
#9692 = ORIENTED_EDGE('',*,*,#6749,.F.);
#9693 = ORIENTED_EDGE('',*,*,#6733,.T.);
#9694 = ORIENTED_EDGE('',*,*,#6693,.T.);
#9695 = ORIENTED_EDGE('',*,*,#6669,.F.);
#9696 = ORIENTED_EDGE('',*,*,#199,.T.);
#9697 = PLANE('',#9698);
#9698 = AXIS2_PLACEMENT_3D('',#9699,#9700,#9701);
#9699 = CARTESIAN_POINT('',(9.,-14.5,2.1));
#9700 = DIRECTION('',(-1.075528555106E-16,-8.326672684689E-17,-1.));
#9701 = DIRECTION('',(-1.,0.,1.075528555106E-16));
#9702 = ADVANCED_FACE('',(#9703),#9728,.T.);
#9703 = FACE_BOUND('',#9704,.T.);
#9704 = EDGE_LOOP('',(#9705,#9706,#9714,#9722));
#9705 = ORIENTED_EDGE('',*,*,#6797,.T.);
#9706 = ORIENTED_EDGE('',*,*,#9707,.F.);
#9707 = EDGE_CURVE('',#9708,#6790,#9710,.T.);
#9708 = VERTEX_POINT('',#9709);
#9709 = CARTESIAN_POINT('',(1.25,-6.,1.3));
#9710 = LINE('',#9711,#9712);
#9711 = CARTESIAN_POINT('',(1.25,-6.,1.3));
#9712 = VECTOR('',#9713,1.);
#9713 = DIRECTION('',(6.963784713215E-16,-1.,8.326672684688E-17));
#9714 = ORIENTED_EDGE('',*,*,#9715,.F.);
#9715 = EDGE_CURVE('',#9716,#9708,#9718,.T.);
#9716 = VERTEX_POINT('',#9717);
#9717 = CARTESIAN_POINT('',(1.25,-6.,2.55));
#9718 = LINE('',#9719,#9720);
#9719 = CARTESIAN_POINT('',(1.25,-6.,2.55));
#9720 = VECTOR('',#9721,1.);
#9721 = DIRECTION('',(-1.075528555106E-16,-8.326672684689E-17,-1.));
#9722 = ORIENTED_EDGE('',*,*,#9723,.T.);
#9723 = EDGE_CURVE('',#9716,#6798,#9724,.T.);
#9724 = LINE('',#9725,#9726);
#9725 = CARTESIAN_POINT('',(1.25,-6.,2.55));
#9726 = VECTOR('',#9727,1.);
#9727 = DIRECTION('',(6.963784713215E-16,-1.,8.326672684688E-17));
#9728 = PLANE('',#9729);
#9729 = AXIS2_PLACEMENT_3D('',#9730,#9731,#9732);
#9730 = CARTESIAN_POINT('',(1.25,-6.,2.55));
#9731 = DIRECTION('',(1.,6.963784713215E-16,-1.075528555105E-16));
#9732 = DIRECTION('',(-6.963784713215E-16,1.,0.));
#9733 = ADVANCED_FACE('',(#9734),#9752,.F.);
#9734 = FACE_BOUND('',#9735,.T.);
#9735 = EDGE_LOOP('',(#9736,#9737,#9745,#9751));
#9736 = ORIENTED_EDGE('',*,*,#9723,.F.);
#9737 = ORIENTED_EDGE('',*,*,#9738,.T.);
#9738 = EDGE_CURVE('',#9716,#9739,#9741,.T.);
#9739 = VERTEX_POINT('',#9740);
#9740 = CARTESIAN_POINT('',(-1.25,-6.,2.55));
#9741 = LINE('',#9742,#9743);
#9742 = CARTESIAN_POINT('',(-4.85,-6.,2.55));
#9743 = VECTOR('',#9744,1.);
#9744 = DIRECTION('',(-1.,-1.788374717502E-16,1.075528555106E-16));
#9745 = ORIENTED_EDGE('',*,*,#9746,.F.);
#9746 = EDGE_CURVE('',#6780,#9739,#9747,.T.);
#9747 = LINE('',#9748,#9749);
#9748 = CARTESIAN_POINT('',(-1.25,-6.3,2.55));
#9749 = VECTOR('',#9750,1.);
#9750 = DIRECTION('',(7.492244253258E-16,1.,-8.326672684688E-17));
#9751 = ORIENTED_EDGE('',*,*,#6805,.F.);
#9752 = PLANE('',#9753);
#9753 = AXIS2_PLACEMENT_3D('',#9754,#9755,#9756);
#9754 = CARTESIAN_POINT('',(4.85,-5.,2.55));
#9755 = DIRECTION('',(-1.075528555105E-16,-8.326672684689E-17,-1.));
#9756 = DIRECTION('',(-1.,0.,1.075528555105E-16));
#9757 = ADVANCED_FACE('',(#9758),#9776,.T.);
#9758 = FACE_BOUND('',#9759,.T.);
#9759 = EDGE_LOOP('',(#9760,#9768,#9774,#9775));
#9760 = ORIENTED_EDGE('',*,*,#9761,.T.);
#9761 = EDGE_CURVE('',#9739,#9762,#9764,.T.);
#9762 = VERTEX_POINT('',#9763);
#9763 = CARTESIAN_POINT('',(-1.25,-6.,1.3));
#9764 = LINE('',#9765,#9766);
#9765 = CARTESIAN_POINT('',(-1.25,-6.,2.55));
#9766 = VECTOR('',#9767,1.);
#9767 = DIRECTION('',(-1.075528555106E-16,-8.326672684689E-17,-1.));
#9768 = ORIENTED_EDGE('',*,*,#9769,.F.);
#9769 = EDGE_CURVE('',#6782,#9762,#9770,.T.);
#9770 = LINE('',#9771,#9772);
#9771 = CARTESIAN_POINT('',(-1.25,-6.3,1.3));
#9772 = VECTOR('',#9773,1.);
#9773 = DIRECTION('',(7.492244253258E-16,1.,-8.326672684688E-17));
#9774 = ORIENTED_EDGE('',*,*,#6779,.F.);
#9775 = ORIENTED_EDGE('',*,*,#9746,.T.);
#9776 = PLANE('',#9777);
#9777 = AXIS2_PLACEMENT_3D('',#9778,#9779,#9780);
#9778 = CARTESIAN_POINT('',(-1.25,-6.3,2.55));
#9779 = DIRECTION('',(-1.,7.492244253258E-16,1.075528555105E-16));
#9780 = DIRECTION('',(1.075528555105E-16,0.,1.));
#9781 = ADVANCED_FACE('',(#9782),#9793,.T.);
#9782 = FACE_BOUND('',#9783,.T.);
#9783 = EDGE_LOOP('',(#9784,#9785,#9786,#9787));
#9784 = ORIENTED_EDGE('',*,*,#9707,.T.);
#9785 = ORIENTED_EDGE('',*,*,#6789,.T.);
#9786 = ORIENTED_EDGE('',*,*,#9769,.T.);
#9787 = ORIENTED_EDGE('',*,*,#9788,.T.);
#9788 = EDGE_CURVE('',#9762,#9708,#9789,.T.);
#9789 = LINE('',#9790,#9791);
#9790 = CARTESIAN_POINT('',(-1.25,-6.,1.3));
#9791 = VECTOR('',#9792,1.);
#9792 = DIRECTION('',(1.,-2.642297700216E-17,-1.075528555105E-16));
#9793 = PLANE('',#9794);
#9794 = AXIS2_PLACEMENT_3D('',#9795,#9796,#9797);
#9795 = CARTESIAN_POINT('',(1.25,-6.3,1.3));
#9796 = DIRECTION('',(-1.075528555105E-16,-8.326672684689E-17,-1.));
#9797 = DIRECTION('',(-1.,0.,1.075528555105E-16));
#9798 = ADVANCED_FACE('',(#9799),#9824,.F.);
#9799 = FACE_BOUND('',#9800,.T.);
#9800 = EDGE_LOOP('',(#9801,#9809,#9817,#9823));
#9801 = ORIENTED_EDGE('',*,*,#9802,.T.);
#9802 = EDGE_CURVE('',#7095,#9803,#9805,.T.);
#9803 = VERTEX_POINT('',#9804);
#9804 = CARTESIAN_POINT('',(-2.8,-6.,3.05));
#9805 = LINE('',#9806,#9807);
#9806 = CARTESIAN_POINT('',(-2.8,-6.,3.05));
#9807 = VECTOR('',#9808,1.);
#9808 = DIRECTION('',(8.673617379884E-16,-1.,-5.854827030937E-32));
#9809 = ORIENTED_EDGE('',*,*,#9810,.F.);
#9810 = EDGE_CURVE('',#9811,#9803,#9813,.T.);
#9811 = VERTEX_POINT('',#9812);
#9812 = CARTESIAN_POINT('',(-2.8,-6.,2.8));
#9813 = LINE('',#9814,#9815);
#9814 = CARTESIAN_POINT('',(-2.8,-6.,2.8));
#9815 = VECTOR('',#9816,1.);
#9816 = DIRECTION('',(0.,5.854827030937E-32,1.));
#9817 = ORIENTED_EDGE('',*,*,#9818,.F.);
#9818 = EDGE_CURVE('',#7086,#9811,#9819,.T.);
#9819 = LINE('',#9820,#9821);
#9820 = CARTESIAN_POINT('',(-2.8,-6.,2.8));
#9821 = VECTOR('',#9822,1.);
#9822 = DIRECTION('',(8.673617379884E-16,-1.,-5.854827030937E-32));
#9823 = ORIENTED_EDGE('',*,*,#7094,.T.);
#9824 = PLANE('',#9825);
#9825 = AXIS2_PLACEMENT_3D('',#9826,#9827,#9828);
#9826 = CARTESIAN_POINT('',(-2.8,-6.,2.8));
#9827 = DIRECTION('',(-1.,-8.673617379884E-16,0.));
#9828 = DIRECTION('',(-8.673617379884E-16,1.,0.));
#9829 = ADVANCED_FACE('',(#9830),#9848,.F.);
#9830 = FACE_BOUND('',#9831,.T.);
#9831 = EDGE_LOOP('',(#9832,#9833,#9834,#9842));
#9832 = ORIENTED_EDGE('',*,*,#7085,.T.);
#9833 = ORIENTED_EDGE('',*,*,#9818,.T.);
#9834 = ORIENTED_EDGE('',*,*,#9835,.T.);
#9835 = EDGE_CURVE('',#9811,#9836,#9838,.T.);
#9836 = VERTEX_POINT('',#9837);
#9837 = CARTESIAN_POINT('',(-1.4,-6.,2.8));
#9838 = LINE('',#9839,#9840);
#9839 = CARTESIAN_POINT('',(-2.8,-6.,2.8));
#9840 = VECTOR('',#9841,1.);
#9841 = DIRECTION('',(1.,-4.095959319487E-32,0.));
#9842 = ORIENTED_EDGE('',*,*,#9843,.T.);
#9843 = EDGE_CURVE('',#9836,#7076,#9844,.T.);
#9844 = LINE('',#9845,#9846);
#9845 = CARTESIAN_POINT('',(-1.4,-6.,2.8));
#9846 = VECTOR('',#9847,1.);
#9847 = DIRECTION('',(3.035766082959E-15,1.,5.854827030937E-32));
#9848 = PLANE('',#9849);
#9849 = AXIS2_PLACEMENT_3D('',#9850,#9851,#9852);
#9850 = CARTESIAN_POINT('',(14.988998899256,-3.098205080757,2.8));
#9851 = DIRECTION('',(0.,-3.459511681412E-16,-1.));
#9852 = DIRECTION('',(0.,-1.,3.459511681412E-16));
#9853 = ADVANCED_FACE('',(#9854),#9872,.F.);
#9854 = FACE_BOUND('',#9855,.T.);
#9855 = EDGE_LOOP('',(#9856,#9864,#9865,#9866));
#9856 = ORIENTED_EDGE('',*,*,#9857,.T.);
#9857 = EDGE_CURVE('',#9858,#7078,#9860,.T.);
#9858 = VERTEX_POINT('',#9859);
#9859 = CARTESIAN_POINT('',(-1.4,-6.,3.05));
#9860 = LINE('',#9861,#9862);
#9861 = CARTESIAN_POINT('',(-1.4,-6.,3.05));
#9862 = VECTOR('',#9863,1.);
#9863 = DIRECTION('',(3.035766082959E-15,1.,5.854827030937E-32));
#9864 = ORIENTED_EDGE('',*,*,#7075,.F.);
#9865 = ORIENTED_EDGE('',*,*,#9843,.F.);
#9866 = ORIENTED_EDGE('',*,*,#9867,.T.);
#9867 = EDGE_CURVE('',#9836,#9858,#9868,.T.);
#9868 = LINE('',#9869,#9870);
#9869 = CARTESIAN_POINT('',(-1.4,-6.,2.8));
#9870 = VECTOR('',#9871,1.);
#9871 = DIRECTION('',(0.,5.854827030937E-32,1.));
#9872 = PLANE('',#9873);
#9873 = AXIS2_PLACEMENT_3D('',#9874,#9875,#9876);
#9874 = CARTESIAN_POINT('',(-1.4,-6.,2.8));
#9875 = DIRECTION('',(1.,-3.035766082959E-15,0.));
#9876 = DIRECTION('',(-3.035766082959E-15,-1.,0.));
#9877 = ADVANCED_FACE('',(#9878),#9903,.F.);
#9878 = FACE_BOUND('',#9879,.T.);
#9879 = EDGE_LOOP('',(#9880,#9888,#9896,#9902));
#9880 = ORIENTED_EDGE('',*,*,#9881,.T.);
#9881 = EDGE_CURVE('',#7631,#9882,#9884,.T.);
#9882 = VERTEX_POINT('',#9883);
#9883 = CARTESIAN_POINT('',(1.4,-6.,3.05));
#9884 = LINE('',#9885,#9886);
#9885 = CARTESIAN_POINT('',(1.4,-6.,3.05));
#9886 = VECTOR('',#9887,1.);
#9887 = DIRECTION('',(4.095959319487E-32,-1.,-5.854827030937E-32));
#9888 = ORIENTED_EDGE('',*,*,#9889,.F.);
#9889 = EDGE_CURVE('',#9890,#9882,#9892,.T.);
#9890 = VERTEX_POINT('',#9891);
#9891 = CARTESIAN_POINT('',(1.4,-6.,2.8));
#9892 = LINE('',#9893,#9894);
#9893 = CARTESIAN_POINT('',(1.4,-6.,2.8));
#9894 = VECTOR('',#9895,1.);
#9895 = DIRECTION('',(0.,5.854827030937E-32,1.));
#9896 = ORIENTED_EDGE('',*,*,#9897,.F.);
#9897 = EDGE_CURVE('',#7622,#9890,#9898,.T.);
#9898 = LINE('',#9899,#9900);
#9899 = CARTESIAN_POINT('',(1.4,-6.,2.8));
#9900 = VECTOR('',#9901,1.);
#9901 = DIRECTION('',(4.095959319487E-32,-1.,-5.854827030937E-32));
#9902 = ORIENTED_EDGE('',*,*,#7630,.T.);
#9903 = PLANE('',#9904);
#9904 = AXIS2_PLACEMENT_3D('',#9905,#9906,#9907);
#9905 = CARTESIAN_POINT('',(1.4,-6.,2.8));
#9906 = DIRECTION('',(-1.,4.095959319487E-32,-2.398113334135E-63));
#9907 = DIRECTION('',(-2.398113334135E-63,0.,1.));
#9908 = ADVANCED_FACE('',(#9909),#9927,.F.);
#9909 = FACE_BOUND('',#9910,.T.);
#9910 = EDGE_LOOP('',(#9911,#9912,#9913,#9921));
#9911 = ORIENTED_EDGE('',*,*,#7621,.T.);
#9912 = ORIENTED_EDGE('',*,*,#9897,.T.);
#9913 = ORIENTED_EDGE('',*,*,#9914,.T.);
#9914 = EDGE_CURVE('',#9890,#9915,#9917,.T.);
#9915 = VERTEX_POINT('',#9916);
#9916 = CARTESIAN_POINT('',(2.8,-6.,2.8));
#9917 = LINE('',#9918,#9919);
#9918 = CARTESIAN_POINT('',(1.4,-6.,2.8));
#9919 = VECTOR('',#9920,1.);
#9920 = DIRECTION('',(1.,-4.095959319487E-32,0.));
#9921 = ORIENTED_EDGE('',*,*,#9922,.T.);
#9922 = EDGE_CURVE('',#9915,#7612,#9923,.T.);
#9923 = LINE('',#9924,#9925);
#9924 = CARTESIAN_POINT('',(2.8,-6.,2.8));
#9925 = VECTOR('',#9926,1.);
#9926 = DIRECTION('',(3.035766082959E-15,1.,5.854827030937E-32));
#9927 = PLANE('',#9928);
#9928 = AXIS2_PLACEMENT_3D('',#9929,#9930,#9931);
#9929 = CARTESIAN_POINT('',(14.988998899256,-3.098205080757,2.8));
#9930 = DIRECTION('',(0.,-3.459511681412E-16,-1.));
#9931 = DIRECTION('',(0.,-1.,3.459511681412E-16));
#9932 = ADVANCED_FACE('',(#9933),#9951,.F.);
#9933 = FACE_BOUND('',#9934,.T.);
#9934 = EDGE_LOOP('',(#9935,#9943,#9944,#9945));
#9935 = ORIENTED_EDGE('',*,*,#9936,.T.);
#9936 = EDGE_CURVE('',#9937,#7614,#9939,.T.);
#9937 = VERTEX_POINT('',#9938);
#9938 = CARTESIAN_POINT('',(2.8,-6.,3.05));
#9939 = LINE('',#9940,#9941);
#9940 = CARTESIAN_POINT('',(2.8,-6.,3.05));
#9941 = VECTOR('',#9942,1.);
#9942 = DIRECTION('',(3.035766082959E-15,1.,5.854827030937E-32));
#9943 = ORIENTED_EDGE('',*,*,#7611,.F.);
#9944 = ORIENTED_EDGE('',*,*,#9922,.F.);
#9945 = ORIENTED_EDGE('',*,*,#9946,.T.);
#9946 = EDGE_CURVE('',#9915,#9937,#9947,.T.);
#9947 = LINE('',#9948,#9949);
#9948 = CARTESIAN_POINT('',(2.8,-6.,2.8));
#9949 = VECTOR('',#9950,1.);
#9950 = DIRECTION('',(0.,5.854827030937E-32,1.));
#9951 = PLANE('',#9952);
#9952 = AXIS2_PLACEMENT_3D('',#9953,#9954,#9955);
#9953 = CARTESIAN_POINT('',(2.8,-6.,2.8));
#9954 = DIRECTION('',(1.,-3.035766082959E-15,0.));
#9955 = DIRECTION('',(-3.035766082959E-15,-1.,0.));
#9956 = ADVANCED_FACE('',(#9957),#9991,.F.);
#9957 = FACE_BOUND('',#9958,.T.);
#9958 = EDGE_LOOP('',(#9959,#9969,#9977,#9985));
#9959 = ORIENTED_EDGE('',*,*,#9960,.F.);
#9960 = EDGE_CURVE('',#9961,#9963,#9965,.T.);
#9961 = VERTEX_POINT('',#9962);
#9962 = CARTESIAN_POINT('',(3.35,-6.,3.05));
#9963 = VERTEX_POINT('',#9964);
#9964 = CARTESIAN_POINT('',(3.35,-4.7,3.05));
#9965 = LINE('',#9966,#9967);
#9966 = CARTESIAN_POINT('',(3.35,-5.,3.05));
#9967 = VECTOR('',#9968,1.);
#9968 = DIRECTION('',(-3.336006684571E-16,1.,5.854827030937E-32));
#9969 = ORIENTED_EDGE('',*,*,#9970,.F.);
#9970 = EDGE_CURVE('',#9971,#9961,#9973,.T.);
#9971 = VERTEX_POINT('',#9972);
#9972 = CARTESIAN_POINT('',(3.35,-6.,3.45));
#9973 = LINE('',#9974,#9975);
#9974 = CARTESIAN_POINT('',(3.35,-6.,3.45));
#9975 = VECTOR('',#9976,1.);
#9976 = DIRECTION('',(0.,-5.854827030937E-32,-1.));
#9977 = ORIENTED_EDGE('',*,*,#9978,.F.);
#9978 = EDGE_CURVE('',#9979,#9971,#9981,.T.);
#9979 = VERTEX_POINT('',#9980);
#9980 = CARTESIAN_POINT('',(3.35,-4.7,3.45));
#9981 = LINE('',#9982,#9983);
#9982 = CARTESIAN_POINT('',(3.35,-4.7,3.45));
#9983 = VECTOR('',#9984,1.);
#9984 = DIRECTION('',(3.336006684571E-16,-1.,-5.854827030937E-32));
#9985 = ORIENTED_EDGE('',*,*,#9986,.T.);
#9986 = EDGE_CURVE('',#9979,#9963,#9987,.T.);
#9987 = LINE('',#9988,#9989);
#9988 = CARTESIAN_POINT('',(3.35,-4.7,3.45));
#9989 = VECTOR('',#9990,1.);
#9990 = DIRECTION('',(0.,-5.854827030937E-32,-1.));
#9991 = PLANE('',#9992);
#9992 = AXIS2_PLACEMENT_3D('',#9993,#9994,#9995);
#9993 = CARTESIAN_POINT('',(3.35,-4.7,3.45));
#9994 = DIRECTION('',(1.,3.336006684571E-16,0.));
#9995 = DIRECTION('',(-3.336006684571E-16,1.,0.));
#9996 = ADVANCED_FACE('',(#9997),#10022,.F.);
#9997 = FACE_BOUND('',#9998,.T.);
#9998 = EDGE_LOOP('',(#9999,#10007,#10008,#10016));
#9999 = ORIENTED_EDGE('',*,*,#10000,.T.);
#10000 = EDGE_CURVE('',#10001,#9979,#10003,.T.);
#10001 = VERTEX_POINT('',#10002);
#10002 = CARTESIAN_POINT('',(3.85,-4.7,3.45));
#10003 = LINE('',#10004,#10005);
#10004 = CARTESIAN_POINT('',(3.35,-4.7,3.45));
#10005 = VECTOR('',#10006,1.);
#10006 = DIRECTION('',(-1.,4.095959319487E-32,0.));
#10007 = ORIENTED_EDGE('',*,*,#9978,.T.);
#10008 = ORIENTED_EDGE('',*,*,#10009,.T.);
#10009 = EDGE_CURVE('',#9971,#10010,#10012,.T.);
#10010 = VERTEX_POINT('',#10011);
#10011 = CARTESIAN_POINT('',(3.85,-6.,3.45));
#10012 = LINE('',#10013,#10014);
#10013 = CARTESIAN_POINT('',(3.85,-6.,3.45));
#10014 = VECTOR('',#10015,1.);
#10015 = DIRECTION('',(1.,-4.095959319487E-32,0.));
#10016 = ORIENTED_EDGE('',*,*,#10017,.T.);
#10017 = EDGE_CURVE('',#10010,#10001,#10018,.T.);
#10018 = LINE('',#10019,#10020);
#10019 = CARTESIAN_POINT('',(3.85,-4.7,3.45));
#10020 = VECTOR('',#10021,1.);
#10021 = DIRECTION('',(-1.000802005371E-15,1.,5.854827030937E-32));
#10022 = PLANE('',#10023);
#10023 = AXIS2_PLACEMENT_3D('',#10024,#10025,#10026);
#10024 = CARTESIAN_POINT('',(3.35,-4.7,3.45));
#10025 = DIRECTION('',(-2.398113334135E-63,-5.854827030937E-32,-1.));
#10026 = DIRECTION('',(0.,-1.,5.854827030937E-32));
#10027 = ADVANCED_FACE('',(#10028),#10053,.F.);
#10028 = FACE_BOUND('',#10029,.T.);
#10029 = EDGE_LOOP('',(#10030,#10038,#10039,#10047));
#10030 = ORIENTED_EDGE('',*,*,#10031,.T.);
#10031 = EDGE_CURVE('',#10032,#10001,#10034,.T.);
#10032 = VERTEX_POINT('',#10033);
#10033 = CARTESIAN_POINT('',(3.85,-4.7,3.6));
#10034 = LINE('',#10035,#10036);
#10035 = CARTESIAN_POINT('',(3.85,-4.7,3.6));
#10036 = VECTOR('',#10037,1.);
#10037 = DIRECTION('',(0.,-5.854827030937E-32,-1.));
#10038 = ORIENTED_EDGE('',*,*,#10017,.F.);
#10039 = ORIENTED_EDGE('',*,*,#10040,.F.);
#10040 = EDGE_CURVE('',#10041,#10010,#10043,.T.);
#10041 = VERTEX_POINT('',#10042);
#10042 = CARTESIAN_POINT('',(3.85,-6.,3.6));
#10043 = LINE('',#10044,#10045);
#10044 = CARTESIAN_POINT('',(3.85,-6.,3.6));
#10045 = VECTOR('',#10046,1.);
#10046 = DIRECTION('',(0.,-5.854827030937E-32,-1.));
#10047 = ORIENTED_EDGE('',*,*,#10048,.F.);
#10048 = EDGE_CURVE('',#10032,#10041,#10049,.T.);
#10049 = LINE('',#10050,#10051);
#10050 = CARTESIAN_POINT('',(3.85,-4.7,3.6));
#10051 = VECTOR('',#10052,1.);
#10052 = DIRECTION('',(1.668003342285E-15,-1.,-5.854827030937E-32));
#10053 = PLANE('',#10054);
#10054 = AXIS2_PLACEMENT_3D('',#10055,#10056,#10057);
#10055 = CARTESIAN_POINT('',(3.85,-4.7,3.6));
#10056 = DIRECTION('',(1.,1.668003342285E-15,0.));
#10057 = DIRECTION('',(-1.668003342285E-15,1.,0.));
#10058 = ADVANCED_FACE('',(#10059),#10084,.F.);
#10059 = FACE_BOUND('',#10060,.T.);
#10060 = EDGE_LOOP('',(#10061,#10069,#10077,#10083));
#10061 = ORIENTED_EDGE('',*,*,#10062,.T.);
#10062 = EDGE_CURVE('',#1747,#10063,#10065,.T.);
#10063 = VERTEX_POINT('',#10064);
#10064 = CARTESIAN_POINT('',(3.65,-5.8,-0.5));
#10065 = LINE('',#10066,#10067);
#10066 = CARTESIAN_POINT('',(3.65,-6.,-0.5));
#10067 = VECTOR('',#10068,1.);
#10068 = DIRECTION('',(0.,1.,0.));
#10069 = ORIENTED_EDGE('',*,*,#10070,.T.);
#10070 = EDGE_CURVE('',#10063,#10071,#10073,.T.);
#10071 = VERTEX_POINT('',#10072);
#10072 = CARTESIAN_POINT('',(4.25,-5.8,-0.5));
#10073 = LINE('',#10074,#10075);
#10074 = CARTESIAN_POINT('',(3.65,-5.8,-0.5));
#10075 = VECTOR('',#10076,1.);
#10076 = DIRECTION('',(1.,0.,0.));
#10077 = ORIENTED_EDGE('',*,*,#10078,.T.);
#10078 = EDGE_CURVE('',#10071,#1755,#10079,.T.);
#10079 = LINE('',#10080,#10081);
#10080 = CARTESIAN_POINT('',(4.25,-5.8,-0.5));
#10081 = VECTOR('',#10082,1.);
#10082 = DIRECTION('',(4.336808689942E-15,-1.,0.));
#10083 = ORIENTED_EDGE('',*,*,#1754,.F.);
#10084 = PLANE('',#10085);
#10085 = AXIS2_PLACEMENT_3D('',#10086,#10087,#10088);
#10086 = CARTESIAN_POINT('',(14.988998899256,-4.475,-0.5));
#10087 = DIRECTION('',(0.,0.,1.));
#10088 = DIRECTION('',(1.,0.,-0.));
#10089 = ADVANCED_FACE('',(#10090),#10115,.F.);
#10090 = FACE_BOUND('',#10091,.T.);
#10091 = EDGE_LOOP('',(#10092,#10100,#10108,#10114));
#10092 = ORIENTED_EDGE('',*,*,#10093,.T.);
#10093 = EDGE_CURVE('',#1715,#10094,#10096,.T.);
#10094 = VERTEX_POINT('',#10095);
#10095 = CARTESIAN_POINT('',(2.25,-5.8,-0.5));
#10096 = LINE('',#10097,#10098);
#10097 = CARTESIAN_POINT('',(2.25,-6.,-0.5));
#10098 = VECTOR('',#10099,1.);
#10099 = DIRECTION('',(0.,1.,0.));
#10100 = ORIENTED_EDGE('',*,*,#10101,.T.);
#10101 = EDGE_CURVE('',#10094,#10102,#10104,.T.);
#10102 = VERTEX_POINT('',#10103);
#10103 = CARTESIAN_POINT('',(2.85,-5.8,-0.5));
#10104 = LINE('',#10105,#10106);
#10105 = CARTESIAN_POINT('',(2.25,-5.8,-0.5));
#10106 = VECTOR('',#10107,1.);
#10107 = DIRECTION('',(1.,0.,0.));
#10108 = ORIENTED_EDGE('',*,*,#10109,.T.);
#10109 = EDGE_CURVE('',#10102,#1723,#10110,.T.);
#10110 = LINE('',#10111,#10112);
#10111 = CARTESIAN_POINT('',(2.85,-5.8,-0.5));
#10112 = VECTOR('',#10113,1.);
#10113 = DIRECTION('',(0.,-1.,0.));
#10114 = ORIENTED_EDGE('',*,*,#1722,.F.);
#10115 = PLANE('',#10116);
#10116 = AXIS2_PLACEMENT_3D('',#10117,#10118,#10119);
#10117 = CARTESIAN_POINT('',(14.988998899256,-4.475,-0.5));
#10118 = DIRECTION('',(0.,0.,1.));
#10119 = DIRECTION('',(1.,0.,-0.));
#10120 = ADVANCED_FACE('',(#10121),#10146,.F.);
#10121 = FACE_BOUND('',#10122,.T.);
#10122 = EDGE_LOOP('',(#10123,#10131,#10139,#10145));
#10123 = ORIENTED_EDGE('',*,*,#10124,.T.);
#10124 = EDGE_CURVE('',#1683,#10125,#10127,.T.);
#10125 = VERTEX_POINT('',#10126);
#10126 = CARTESIAN_POINT('',(-2.85,-5.8,-0.5));
#10127 = LINE('',#10128,#10129);
#10128 = CARTESIAN_POINT('',(-2.85,-6.,-0.5));
#10129 = VECTOR('',#10130,1.);
#10130 = DIRECTION('',(0.,1.,0.));
#10131 = ORIENTED_EDGE('',*,*,#10132,.T.);
#10132 = EDGE_CURVE('',#10125,#10133,#10135,.T.);
#10133 = VERTEX_POINT('',#10134);
#10134 = CARTESIAN_POINT('',(-2.25,-5.8,-0.5));
#10135 = LINE('',#10136,#10137);
#10136 = CARTESIAN_POINT('',(-2.85,-5.8,-0.5));
#10137 = VECTOR('',#10138,1.);
#10138 = DIRECTION('',(1.,0.,0.));
#10139 = ORIENTED_EDGE('',*,*,#10140,.T.);
#10140 = EDGE_CURVE('',#10133,#1691,#10141,.T.);
#10141 = LINE('',#10142,#10143);
#10142 = CARTESIAN_POINT('',(-2.25,-5.8,-0.5));
#10143 = VECTOR('',#10144,1.);
#10144 = DIRECTION('',(0.,-1.,0.));
#10145 = ORIENTED_EDGE('',*,*,#1690,.F.);
#10146 = PLANE('',#10147);
#10147 = AXIS2_PLACEMENT_3D('',#10148,#10149,#10150);
#10148 = CARTESIAN_POINT('',(14.988998899256,-4.475,-0.5));
#10149 = DIRECTION('',(0.,0.,1.));
#10150 = DIRECTION('',(1.,0.,-0.));
#10151 = ADVANCED_FACE('',(#10152),#10177,.F.);
#10152 = FACE_BOUND('',#10153,.T.);
#10153 = EDGE_LOOP('',(#10154,#10162,#10170,#10176));
#10154 = ORIENTED_EDGE('',*,*,#10155,.T.);
#10155 = EDGE_CURVE('',#1651,#10156,#10158,.T.);
#10156 = VERTEX_POINT('',#10157);
#10157 = CARTESIAN_POINT('',(-4.25,-5.8,-0.5));
#10158 = LINE('',#10159,#10160);
#10159 = CARTESIAN_POINT('',(-4.25,-5.8,-0.5));
#10160 = VECTOR('',#10161,1.);
#10161 = DIRECTION('',(4.336808689942E-15,1.,0.));
#10162 = ORIENTED_EDGE('',*,*,#10163,.T.);
#10163 = EDGE_CURVE('',#10156,#10164,#10166,.T.);
#10164 = VERTEX_POINT('',#10165);
#10165 = CARTESIAN_POINT('',(-3.65,-5.8,-0.5));
#10166 = LINE('',#10167,#10168);
#10167 = CARTESIAN_POINT('',(-4.25,-5.8,-0.5));
#10168 = VECTOR('',#10169,1.);
#10169 = DIRECTION('',(1.,0.,0.));
#10170 = ORIENTED_EDGE('',*,*,#10171,.T.);
#10171 = EDGE_CURVE('',#10164,#1659,#10172,.T.);
#10172 = LINE('',#10173,#10174);
#10173 = CARTESIAN_POINT('',(-3.65,-6.,-0.5));
#10174 = VECTOR('',#10175,1.);
#10175 = DIRECTION('',(0.,-1.,0.));
#10176 = ORIENTED_EDGE('',*,*,#1658,.F.);
#10177 = PLANE('',#10178);
#10178 = AXIS2_PLACEMENT_3D('',#10179,#10180,#10181);
#10179 = CARTESIAN_POINT('',(14.988998899256,-4.475,-0.5));
#10180 = DIRECTION('',(0.,0.,1.));
#10181 = DIRECTION('',(1.,0.,-0.));
#10182 = ADVANCED_FACE('',(#10183),#10194,.T.);
#10183 = FACE_BOUND('',#10184,.T.);
#10184 = EDGE_LOOP('',(#10185,#10192,#10193));
#10185 = ORIENTED_EDGE('',*,*,#10186,.T.);
#10186 = EDGE_CURVE('',#1779,#1586,#10187,.T.);
#10187 = CIRCLE('',#10188,0.5);
#10188 = AXIS2_PLACEMENT_3D('',#10189,#10190,#10191);
#10189 = CARTESIAN_POINT('',(4.95,-5.5,-0.5));
#10190 = DIRECTION('',(0.,0.,1.));
#10191 = DIRECTION('',(1.,0.,-0.));
#10192 = ORIENTED_EDGE('',*,*,#1585,.F.);
#10193 = ORIENTED_EDGE('',*,*,#1786,.T.);
#10194 = PLANE('',#10195);
#10195 = AXIS2_PLACEMENT_3D('',#10196,#10197,#10198);
#10196 = CARTESIAN_POINT('',(-4.95,5.5,-0.5));
#10197 = DIRECTION('',(0.,0.,1.));
#10198 = DIRECTION('',(1.,0.,-0.));
#10199 = ADVANCED_FACE('',(#10200),#10211,.T.);
#10200 = FACE_BOUND('',#10201,.T.);
#10201 = EDGE_LOOP('',(#10202,#10203,#10209,#10210));
#10202 = ORIENTED_EDGE('',*,*,#6858,.F.);
#10203 = ORIENTED_EDGE('',*,*,#10204,.T.);
#10204 = EDGE_CURVE('',#6851,#6875,#10205,.T.);
#10205 = LINE('',#10206,#10207);
#10206 = CARTESIAN_POINT('',(-5.908578643763,4.398412298286,
    4.291421356237));
#10207 = VECTOR('',#10208,1.);
#10208 = DIRECTION('',(8.381647117973E-31,-1.,2.230244969721E-16));
#10209 = ORIENTED_EDGE('',*,*,#6874,.T.);
#10210 = ORIENTED_EDGE('',*,*,#6833,.F.);
#10211 = PLANE('',#10212);
#10212 = AXIS2_PLACEMENT_3D('',#10213,#10214,#10215);
#10213 = CARTESIAN_POINT('',(-5.908578643763,4.398412298286,
    4.291421356237));
#10214 = DIRECTION('',(-0.707106781187,-1.577021341797E-16,
    -0.707106781187));
#10215 = DIRECTION('',(-0.707106781187,0.,0.707106781187));
#10216 = ADVANCED_FACE('',(#10217),#10236,.F.);
#10217 = FACE_BOUND('',#10218,.T.);
#10218 = EDGE_LOOP('',(#10219,#10227,#10234,#10235));
#10219 = ORIENTED_EDGE('',*,*,#10220,.T.);
#10220 = EDGE_CURVE('',#6897,#10221,#10223,.T.);
#10221 = VERTEX_POINT('',#10222);
#10222 = CARTESIAN_POINT('',(-5.85,1.25,4.15));
#10223 = LINE('',#10224,#10225);
#10224 = CARTESIAN_POINT('',(15.771922627321,1.25,4.15));
#10225 = VECTOR('',#10226,1.);
#10226 = DIRECTION('',(-1.,2.465190328816E-32,0.));
#10227 = ORIENTED_EDGE('',*,*,#10228,.F.);
#10228 = EDGE_CURVE('',#6851,#10221,#10229,.T.);
#10229 = CIRCLE('',#10230,0.2);
#10230 = AXIS2_PLACEMENT_3D('',#10231,#10232,#10233);
#10231 = CARTESIAN_POINT('',(-6.05,1.25,4.15));
#10232 = DIRECTION('',(0.,1.,0.));
#10233 = DIRECTION('',(0.,-0.,1.));
#10234 = ORIENTED_EDGE('',*,*,#6850,.T.);
#10235 = ORIENTED_EDGE('',*,*,#6896,.T.);
#10236 = PLANE('',#10237);
#10237 = AXIS2_PLACEMENT_3D('',#10238,#10239,#10240);
#10238 = CARTESIAN_POINT('',(-6.05,1.25,4.15));
#10239 = DIRECTION('',(4.22626678776E-32,-1.,-6.902245402482E-16));
#10240 = DIRECTION('',(0.,6.902245402482E-16,-1.));
#10241 = ADVANCED_FACE('',(#10242),#10261,.F.);
#10242 = FACE_BOUND('',#10243,.T.);
#10243 = EDGE_LOOP('',(#10244,#10245,#10254,#10260));
#10244 = ORIENTED_EDGE('',*,*,#6882,.F.);
#10245 = ORIENTED_EDGE('',*,*,#10246,.F.);
#10246 = EDGE_CURVE('',#10247,#6875,#10249,.T.);
#10247 = VERTEX_POINT('',#10248);
#10248 = CARTESIAN_POINT('',(-5.85,-1.25,4.15));
#10249 = CIRCLE('',#10250,0.2);
#10250 = AXIS2_PLACEMENT_3D('',#10251,#10252,#10253);
#10251 = CARTESIAN_POINT('',(-6.05,-1.25,4.15));
#10252 = DIRECTION('',(0.,-1.,0.));
#10253 = DIRECTION('',(-4.336808689942E-15,0.,1.));
#10254 = ORIENTED_EDGE('',*,*,#10255,.F.);
#10255 = EDGE_CURVE('',#6907,#10247,#10256,.T.);
#10256 = LINE('',#10257,#10258);
#10257 = CARTESIAN_POINT('',(15.771922627321,-1.25,4.15));
#10258 = VECTOR('',#10259,1.);
#10259 = DIRECTION('',(-1.,2.465190328816E-32,0.));
#10260 = ORIENTED_EDGE('',*,*,#6906,.T.);
#10261 = PLANE('',#10262);
#10262 = AXIS2_PLACEMENT_3D('',#10263,#10264,#10265);
#10263 = CARTESIAN_POINT('',(-6.05,-1.25,4.15));
#10264 = DIRECTION('',(-0.,1.,0.));
#10265 = DIRECTION('',(1.,0.,0.));
#10266 = ADVANCED_FACE('',(#10267),#10292,.F.);
#10267 = FACE_BOUND('',#10268,.T.);
#10268 = EDGE_LOOP('',(#10269,#10277,#10285,#10291));
#10269 = ORIENTED_EDGE('',*,*,#10270,.T.);
#10270 = EDGE_CURVE('',#6907,#10271,#10273,.T.);
#10271 = VERTEX_POINT('',#10272);
#10272 = CARTESIAN_POINT('',(-5.45,-1.25,2.55));
#10273 = LINE('',#10274,#10275);
#10274 = CARTESIAN_POINT('',(-5.45,-1.25,2.2));
#10275 = VECTOR('',#10276,1.);
#10276 = DIRECTION('',(-9.860761315263E-32,4.618419643834E-16,-1.));
#10277 = ORIENTED_EDGE('',*,*,#10278,.F.);
#10278 = EDGE_CURVE('',#10279,#10271,#10281,.T.);
#10279 = VERTEX_POINT('',#10280);
#10280 = CARTESIAN_POINT('',(-5.45,1.25,2.55));
#10281 = LINE('',#10282,#10283);
#10282 = CARTESIAN_POINT('',(-5.45,1.25,2.55));
#10283 = VECTOR('',#10284,1.);
#10284 = DIRECTION('',(-2.465190328816E-32,-1.,-1.734723475977E-16));
#10285 = ORIENTED_EDGE('',*,*,#10286,.T.);
#10286 = EDGE_CURVE('',#10279,#6897,#10287,.T.);
#10287 = LINE('',#10288,#10289);
#10288 = CARTESIAN_POINT('',(-5.45,1.25,2.9));
#10289 = VECTOR('',#10290,1.);
#10290 = DIRECTION('',(0.,1.577021341797E-16,1.));
#10291 = ORIENTED_EDGE('',*,*,#6915,.T.);
#10292 = PLANE('',#10293);
#10293 = AXIS2_PLACEMENT_3D('',#10294,#10295,#10296);
#10294 = CARTESIAN_POINT('',(-5.45,-4.525,2.9));
#10295 = DIRECTION('',(-1.,9.656151776391E-33,2.364862017034E-48));
#10296 = DIRECTION('',(2.364862017034E-48,0.,1.));
#10297 = ADVANCED_FACE('',(#10298),#10332,.F.);
#10298 = FACE_BOUND('',#10299,.T.);
#10299 = EDGE_LOOP('',(#10300,#10308,#10314,#10315,#10316,#10317,#10325,
    #10331));
#10300 = ORIENTED_EDGE('',*,*,#10301,.F.);
#10301 = EDGE_CURVE('',#10302,#10271,#10304,.T.);
#10302 = VERTEX_POINT('',#10303);
#10303 = CARTESIAN_POINT('',(-5.425,-1.25,2.55));
#10304 = LINE('',#10305,#10306);
#10305 = CARTESIAN_POINT('',(14.988998899256,-1.25,2.55));
#10306 = VECTOR('',#10307,1.);
#10307 = DIRECTION('',(-1.,0.,0.));
#10308 = ORIENTED_EDGE('',*,*,#10309,.F.);
#10309 = EDGE_CURVE('',#7199,#10302,#10310,.T.);
#10310 = LINE('',#10311,#10312);
#10311 = CARTESIAN_POINT('',(-5.425,4.5,2.55));
#10312 = VECTOR('',#10313,1.);
#10313 = DIRECTION('',(2.642297700216E-17,1.,-8.326672684688E-17));
#10314 = ORIENTED_EDGE('',*,*,#7196,.F.);
#10315 = ORIENTED_EDGE('',*,*,#7236,.F.);
#10316 = ORIENTED_EDGE('',*,*,#7772,.F.);
#10317 = ORIENTED_EDGE('',*,*,#10318,.F.);
#10318 = EDGE_CURVE('',#10319,#7773,#10321,.T.);
#10319 = VERTEX_POINT('',#10320);
#10320 = CARTESIAN_POINT('',(-5.425,1.25,2.55));
#10321 = LINE('',#10322,#10323);
#10322 = CARTESIAN_POINT('',(-5.425,4.5,2.55));
#10323 = VECTOR('',#10324,1.);
#10324 = DIRECTION('',(2.642297700216E-17,1.,-8.326672684688E-17));
#10325 = ORIENTED_EDGE('',*,*,#10326,.T.);
#10326 = EDGE_CURVE('',#10319,#10279,#10327,.T.);
#10327 = LINE('',#10328,#10329);
#10328 = CARTESIAN_POINT('',(14.988998899256,1.25,2.55));
#10329 = VECTOR('',#10330,1.);
#10330 = DIRECTION('',(-1.,0.,0.));
#10331 = ORIENTED_EDGE('',*,*,#10278,.T.);
#10332 = PLANE('',#10333);
#10333 = AXIS2_PLACEMENT_3D('',#10334,#10335,#10336);
#10334 = CARTESIAN_POINT('',(14.988998899256,1.25,2.55));
#10335 = DIRECTION('',(0.,1.734723475977E-16,-1.));
#10336 = DIRECTION('',(-1.,0.,0.));
#10337 = ADVANCED_FACE('',(#10338),#10363,.F.);
#10338 = FACE_BOUND('',#10339,.T.);
#10339 = EDGE_LOOP('',(#10340,#10341,#10349,#10357));
#10340 = ORIENTED_EDGE('',*,*,#6947,.F.);
#10341 = ORIENTED_EDGE('',*,*,#10342,.T.);
#10342 = EDGE_CURVE('',#6940,#10343,#10345,.T.);
#10343 = VERTEX_POINT('',#10344);
#10344 = CARTESIAN_POINT('',(-4.321238897859,-2.975000000021,
    2.955234224308));
#10345 = LINE('',#10346,#10347);
#10346 = CARTESIAN_POINT('',(-2.497275355101E+05,2.497202392712E+05,
    1.177960306997E+04));
#10347 = VECTOR('',#10348,1.);
#10348 = DIRECTION('',(-0.70671396575,0.70671396575,3.332778460158E-02)
  );
#10349 = ORIENTED_EDGE('',*,*,#10350,.T.);
#10350 = EDGE_CURVE('',#10343,#10351,#10353,.T.);
#10351 = VERTEX_POINT('',#10352);
#10352 = CARTESIAN_POINT('',(-4.321238898038,-2.975,3.3));
#10353 = LINE('',#10354,#10355);
#10354 = CARTESIAN_POINT('',(-4.321238898039,-2.975,-18.32192262732));
#10355 = VECTOR('',#10356,1.);
#10356 = DIRECTION('',(3.491483361109E-15,-3.459511681412E-16,1.));
#10357 = ORIENTED_EDGE('',*,*,#10358,.T.);
#10358 = EDGE_CURVE('',#10351,#6948,#10359,.T.);
#10359 = LINE('',#10360,#10361);
#10360 = CARTESIAN_POINT('',(-3.421238898038,-3.875,3.3));
#10361 = VECTOR('',#10362,1.);
#10362 = DIRECTION('',(0.707106781187,-0.707106781187,
    -2.824988226479E-15));
#10363 = PLANE('',#10364);
#10364 = AXIS2_PLACEMENT_3D('',#10365,#10366,#10367);
#10365 = CARTESIAN_POINT('',(-3.421238898039,-3.875,-18.32192262732));
#10366 = DIRECTION('',(-0.707106781187,-0.707106781187,
    2.224227144088E-15));
#10367 = DIRECTION('',(-0.707106781187,0.707106781187,0.));
#10368 = ADVANCED_FACE('',(#10369),#10410,.F.);
#10369 = FACE_BOUND('',#10370,.T.);
#10370 = EDGE_LOOP('',(#10371,#10372,#10380,#10388,#10396,#10402,#10403,
    #10409));
#10371 = ORIENTED_EDGE('',*,*,#10309,.T.);
#10372 = ORIENTED_EDGE('',*,*,#10373,.T.);
#10373 = EDGE_CURVE('',#10302,#10374,#10376,.T.);
#10374 = VERTEX_POINT('',#10375);
#10375 = CARTESIAN_POINT('',(-5.425,-1.25,2.2));
#10376 = LINE('',#10377,#10378);
#10377 = CARTESIAN_POINT('',(-5.425,-1.25,2.55));
#10378 = VECTOR('',#10379,1.);
#10379 = DIRECTION('',(-3.358555288064E-31,6.195440985632E-16,-1.));
#10380 = ORIENTED_EDGE('',*,*,#10381,.T.);
#10381 = EDGE_CURVE('',#10374,#10382,#10384,.T.);
#10382 = VERTEX_POINT('',#10383);
#10383 = CARTESIAN_POINT('',(-5.425,-2.975,2.2));
#10384 = LINE('',#10385,#10386);
#10385 = CARTESIAN_POINT('',(-5.425,-1.25,2.2));
#10386 = VECTOR('',#10387,1.);
#10387 = DIRECTION('',(5.421010862428E-16,-1.,0.));
#10388 = ORIENTED_EDGE('',*,*,#10389,.T.);
#10389 = EDGE_CURVE('',#10382,#10390,#10392,.T.);
#10390 = VERTEX_POINT('',#10391);
#10391 = CARTESIAN_POINT('',(-5.425,-2.974999999992,2.850212456115));
#10392 = LINE('',#10393,#10394);
#10393 = CARTESIAN_POINT('',(-5.425,-2.975,2.2));
#10394 = VECTOR('',#10395,1.);
#10395 = DIRECTION('',(0.,0.,1.));
#10396 = ORIENTED_EDGE('',*,*,#10397,.F.);
#10397 = EDGE_CURVE('',#7158,#10390,#10398,.T.);
#10398 = LINE('',#10399,#10400);
#10399 = CARTESIAN_POINT('',(-5.42500000102,5.E+05,2.850212456115));
#10400 = VECTOR('',#10401,1.);
#10401 = DIRECTION('',(2.040851148208E-15,-1.,-5.854827030937E-32));
#10402 = ORIENTED_EDGE('',*,*,#7182,.T.);
#10403 = ORIENTED_EDGE('',*,*,#10404,.F.);
#10404 = EDGE_CURVE('',#7207,#7175,#10405,.T.);
#10405 = LINE('',#10406,#10407);
#10406 = CARTESIAN_POINT('',(-5.425,-1.5,3.05));
#10407 = VECTOR('',#10408,1.);
#10408 = DIRECTION('',(5.421010862428E-16,-1.,-5.854827030937E-32));
#10409 = ORIENTED_EDGE('',*,*,#7206,.T.);
#10410 = PLANE('',#10411);
#10411 = AXIS2_PLACEMENT_3D('',#10412,#10413,#10414);
#10412 = CARTESIAN_POINT('',(-5.425,-1.5,3.05));
#10413 = DIRECTION('',(1.,5.421010862428E-16,0.));
#10414 = DIRECTION('',(-5.421010862428E-16,1.,0.));
#10415 = ADVANCED_FACE('',(#10416),#10434,.F.);
#10416 = FACE_BOUND('',#10417,.T.);
#10417 = EDGE_LOOP('',(#10418,#10419,#10427,#10433));
#10418 = ORIENTED_EDGE('',*,*,#10397,.T.);
#10419 = ORIENTED_EDGE('',*,*,#10420,.T.);
#10420 = EDGE_CURVE('',#10390,#10421,#10423,.T.);
#10421 = VERTEX_POINT('',#10422);
#10422 = CARTESIAN_POINT('',(-5.275,-2.974999999992,3.000212456115));
#10423 = LINE('',#10424,#10425);
#10424 = CARTESIAN_POINT('',(4.45689322157,-2.975,12.732105677685));
#10425 = VECTOR('',#10426,1.);
#10426 = DIRECTION('',(0.707106781187,0.,0.707106781187));
#10427 = ORIENTED_EDGE('',*,*,#10428,.F.);
#10428 = EDGE_CURVE('',#7160,#10421,#10429,.T.);
#10429 = LINE('',#10430,#10431);
#10430 = CARTESIAN_POINT('',(-5.27500000102,5.E+05,3.000212456115));
#10431 = VECTOR('',#10432,1.);
#10432 = DIRECTION('',(2.040851148208E-15,-1.,-5.854827030937E-32));
#10433 = ORIENTED_EDGE('',*,*,#7157,.F.);
#10434 = PLANE('',#10435);
#10435 = AXIS2_PLACEMENT_3D('',#10436,#10437,#10438);
#10436 = CARTESIAN_POINT('',(-5.27500000102,5.E+05,3.000212456115));
#10437 = DIRECTION('',(0.707106781187,1.44309968629E-15,-0.707106781187)
  );
#10438 = DIRECTION('',(0.,-1.,-2.040851148208E-15));
#10439 = ADVANCED_FACE('',(#10440),#10474,.T.);
#10440 = FACE_BOUND('',#10441,.T.);
#10441 = EDGE_LOOP('',(#10442,#10450,#10458,#10466,#10472,#10473));
#10442 = ORIENTED_EDGE('',*,*,#10443,.F.);
#10443 = EDGE_CURVE('',#10444,#10351,#10446,.T.);
#10444 = VERTEX_POINT('',#10445);
#10445 = CARTESIAN_POINT('',(-5.35,-2.975,3.3));
#10446 = LINE('',#10447,#10448);
#10447 = CARTESIAN_POINT('',(-4.321238898038,-2.975,3.3));
#10448 = VECTOR('',#10449,1.);
#10449 = DIRECTION('',(1.,-9.343392193978E-16,-3.491483361109E-15));
#10450 = ORIENTED_EDGE('',*,*,#10451,.T.);
#10451 = EDGE_CURVE('',#10444,#10452,#10454,.T.);
#10452 = VERTEX_POINT('',#10453);
#10453 = CARTESIAN_POINT('',(-5.35,-4.475,3.3));
#10454 = LINE('',#10455,#10456);
#10455 = CARTESIAN_POINT('',(-5.35,5.347364354584,3.30000000231));
#10456 = VECTOR('',#10457,1.);
#10457 = DIRECTION('',(-2.465190328816E-32,-1.,-3.459511681412E-16));
#10458 = ORIENTED_EDGE('',*,*,#10459,.F.);
#10459 = EDGE_CURVE('',#10460,#10452,#10462,.T.);
#10460 = VERTEX_POINT('',#10461);
#10461 = CARTESIAN_POINT('',(-3.821238898038,-4.475,3.3));
#10462 = LINE('',#10463,#10464);
#10463 = CARTESIAN_POINT('',(-5.527589730728,-4.475,3.3));
#10464 = VECTOR('',#10465,1.);
#10465 = DIRECTION('',(-1.,-1.520280975097E-15,3.491483361109E-15));
#10466 = ORIENTED_EDGE('',*,*,#10467,.F.);
#10467 = EDGE_CURVE('',#6932,#10460,#10468,.T.);
#10468 = LINE('',#10469,#10470);
#10469 = CARTESIAN_POINT('',(-3.821238898038,-4.475,3.3));
#10470 = VECTOR('',#10471,1.);
#10471 = DIRECTION('',(-0.707106781187,-0.707106781187,
    2.112714895602E-15));
#10472 = ORIENTED_EDGE('',*,*,#6955,.F.);
#10473 = ORIENTED_EDGE('',*,*,#10358,.F.);
#10474 = PLANE('',#10475);
#10475 = AXIS2_PLACEMENT_3D('',#10476,#10477,#10478);
#10476 = CARTESIAN_POINT('',(-5.721238898038,-4.525,3.3));
#10477 = DIRECTION('',(3.491483361109E-15,-3.459511681412E-16,1.));
#10478 = DIRECTION('',(1.,0.,-3.491483361109E-15));
#10479 = ADVANCED_FACE('',(#10480),#10498,.F.);
#10480 = FACE_BOUND('',#10481,.T.);
#10481 = EDGE_LOOP('',(#10482,#10490,#10496,#10497));
#10482 = ORIENTED_EDGE('',*,*,#10483,.F.);
#10483 = EDGE_CURVE('',#10484,#10460,#10486,.T.);
#10484 = VERTEX_POINT('',#10485);
#10485 = CARTESIAN_POINT('',(-3.821238898041,-4.474999999985,
    2.931654822877));
#10486 = LINE('',#10487,#10488);
#10487 = CARTESIAN_POINT('',(-3.821238898039,-4.475,-18.32192262732));
#10488 = VECTOR('',#10489,1.);
#10489 = DIRECTION('',(3.491483361109E-15,-3.459511681412E-16,1.));
#10490 = ORIENTED_EDGE('',*,*,#10491,.T.);
#10491 = EDGE_CURVE('',#10484,#6930,#10492,.T.);
#10492 = LINE('',#10493,#10494);
#10493 = CARTESIAN_POINT('',(2.497210644614E+05,2.497204107003E+05,
    -1.177379500352E+04));
#10494 = VECTOR('',#10495,1.);
#10495 = DIRECTION('',(0.70671396575,0.70671396575,-3.332778460158E-02)
  );
#10496 = ORIENTED_EDGE('',*,*,#6929,.T.);
#10497 = ORIENTED_EDGE('',*,*,#10467,.T.);
#10498 = PLANE('',#10499);
#10499 = AXIS2_PLACEMENT_3D('',#10500,#10501,#10502);
#10500 = CARTESIAN_POINT('',(-3.821238898039,-4.475,-18.32192262732));
#10501 = DIRECTION('',(-0.707106781187,0.707106781187,2.713475977992E-15
    ));
#10502 = DIRECTION('',(3.837434529251E-15,0.,1.));
#10503 = ADVANCED_FACE('',(#10504),#10529,.F.);
#10504 = FACE_BOUND('',#10505,.T.);
#10505 = EDGE_LOOP('',(#10506,#10514,#10522,#10528));
#10506 = ORIENTED_EDGE('',*,*,#10507,.T.);
#10507 = EDGE_CURVE('',#7120,#10508,#10510,.T.);
#10508 = VERTEX_POINT('',#10509);
#10509 = CARTESIAN_POINT('',(-3.15,-4.7,2.9));
#10510 = LINE('',#10511,#10512);
#10511 = CARTESIAN_POINT('',(-3.15000000102,5.E+05,2.9));
#10512 = VECTOR('',#10513,1.);
#10513 = DIRECTION('',(2.040851148208E-15,-1.,-5.854827030937E-32));
#10514 = ORIENTED_EDGE('',*,*,#10515,.T.);
#10515 = EDGE_CURVE('',#10508,#10516,#10518,.T.);
#10516 = VERTEX_POINT('',#10517);
#10517 = CARTESIAN_POINT('',(-3.15,-4.7,3.05));
#10518 = LINE('',#10519,#10520);
#10519 = CARTESIAN_POINT('',(-3.15,-4.7,2.85));
#10520 = VECTOR('',#10521,1.);
#10521 = DIRECTION('',(0.,5.854827030937E-32,1.));
#10522 = ORIENTED_EDGE('',*,*,#10523,.T.);
#10523 = EDGE_CURVE('',#10516,#7128,#10524,.T.);
#10524 = LINE('',#10525,#10526);
#10525 = CARTESIAN_POINT('',(-3.15,-4.7,3.05));
#10526 = VECTOR('',#10527,1.);
#10527 = DIRECTION('',(-6.195440985631E-16,1.,5.854827030937E-32));
#10528 = ORIENTED_EDGE('',*,*,#7127,.F.);
#10529 = PLANE('',#10530);
#10530 = AXIS2_PLACEMENT_3D('',#10531,#10532,#10533);
#10531 = CARTESIAN_POINT('',(-3.15,-4.7,2.85));
#10532 = DIRECTION('',(1.,6.195440985631E-16,0.));
#10533 = DIRECTION('',(-6.195440985631E-16,1.,0.));
#10534 = ADVANCED_FACE('',(#10535),#10569,.F.);
#10535 = FACE_BOUND('',#10536,.T.);
#10536 = EDGE_LOOP('',(#10537,#10547,#10555,#10563));
#10537 = ORIENTED_EDGE('',*,*,#10538,.F.);
#10538 = EDGE_CURVE('',#10539,#10541,#10543,.T.);
#10539 = VERTEX_POINT('',#10540);
#10540 = CARTESIAN_POINT('',(-3.35,-4.7,3.05));
#10541 = VERTEX_POINT('',#10542);
#10542 = CARTESIAN_POINT('',(-3.35,-6.,3.05));
#10543 = LINE('',#10544,#10545);
#10544 = CARTESIAN_POINT('',(-3.35,-5.,3.05));
#10545 = VECTOR('',#10546,1.);
#10546 = DIRECTION('',(3.336006684571E-16,-1.,-5.854827030937E-32));
#10547 = ORIENTED_EDGE('',*,*,#10548,.F.);
#10548 = EDGE_CURVE('',#10549,#10539,#10551,.T.);
#10549 = VERTEX_POINT('',#10550);
#10550 = CARTESIAN_POINT('',(-3.35,-4.7,3.45));
#10551 = LINE('',#10552,#10553);
#10552 = CARTESIAN_POINT('',(-3.35,-4.7,3.45));
#10553 = VECTOR('',#10554,1.);
#10554 = DIRECTION('',(0.,-5.854827030937E-32,-1.));
#10555 = ORIENTED_EDGE('',*,*,#10556,.F.);
#10556 = EDGE_CURVE('',#10557,#10549,#10559,.T.);
#10557 = VERTEX_POINT('',#10558);
#10558 = CARTESIAN_POINT('',(-3.35,-6.,3.45));
#10559 = LINE('',#10560,#10561);
#10560 = CARTESIAN_POINT('',(-3.35,-4.7,3.45));
#10561 = VECTOR('',#10562,1.);
#10562 = DIRECTION('',(-3.336006684571E-16,1.,5.854827030937E-32));
#10563 = ORIENTED_EDGE('',*,*,#10564,.T.);
#10564 = EDGE_CURVE('',#10557,#10541,#10565,.T.);
#10565 = LINE('',#10566,#10567);
#10566 = CARTESIAN_POINT('',(-3.35,-6.,3.45));
#10567 = VECTOR('',#10568,1.);
#10568 = DIRECTION('',(0.,-5.854827030937E-32,-1.));
#10569 = PLANE('',#10570);
#10570 = AXIS2_PLACEMENT_3D('',#10571,#10572,#10573);
#10571 = CARTESIAN_POINT('',(-3.35,-4.7,3.45));
#10572 = DIRECTION('',(-1.,-3.336006684571E-16,0.));
#10573 = DIRECTION('',(-3.336006684571E-16,1.,0.));
#10574 = ADVANCED_FACE('',(#10575),#10600,.F.);
#10575 = FACE_BOUND('',#10576,.T.);
#10576 = EDGE_LOOP('',(#10577,#10585,#10586,#10594));
#10577 = ORIENTED_EDGE('',*,*,#10578,.T.);
#10578 = EDGE_CURVE('',#10579,#10557,#10581,.T.);
#10579 = VERTEX_POINT('',#10580);
#10580 = CARTESIAN_POINT('',(-3.85,-6.,3.45));
#10581 = LINE('',#10582,#10583);
#10582 = CARTESIAN_POINT('',(-3.35,-6.,3.45));
#10583 = VECTOR('',#10584,1.);
#10584 = DIRECTION('',(1.,-4.095959319487E-32,0.));
#10585 = ORIENTED_EDGE('',*,*,#10556,.T.);
#10586 = ORIENTED_EDGE('',*,*,#10587,.T.);
#10587 = EDGE_CURVE('',#10549,#10588,#10590,.T.);
#10588 = VERTEX_POINT('',#10589);
#10589 = CARTESIAN_POINT('',(-3.85,-4.7,3.45));
#10590 = LINE('',#10591,#10592);
#10591 = CARTESIAN_POINT('',(-3.85,-4.7,3.45));
#10592 = VECTOR('',#10593,1.);
#10593 = DIRECTION('',(-1.,4.095959319487E-32,0.));
#10594 = ORIENTED_EDGE('',*,*,#10595,.T.);
#10595 = EDGE_CURVE('',#10588,#10579,#10596,.T.);
#10596 = LINE('',#10597,#10598);
#10597 = CARTESIAN_POINT('',(-3.85,-6.,3.45));
#10598 = VECTOR('',#10599,1.);
#10599 = DIRECTION('',(-3.336006684571E-16,-1.,-5.854827030937E-32));
#10600 = PLANE('',#10601);
#10601 = AXIS2_PLACEMENT_3D('',#10602,#10603,#10604);
#10602 = CARTESIAN_POINT('',(-3.85,-6.,3.45));
#10603 = DIRECTION('',(-2.398113334135E-63,-5.854827030937E-32,-1.));
#10604 = DIRECTION('',(0.,-1.,5.854827030937E-32));
#10605 = ADVANCED_FACE('',(#10606),#10640,.F.);
#10606 = FACE_BOUND('',#10607,.T.);
#10607 = EDGE_LOOP('',(#10608,#10618,#10626,#10634));
#10608 = ORIENTED_EDGE('',*,*,#10609,.F.);
#10609 = EDGE_CURVE('',#10610,#10612,#10614,.T.);
#10610 = VERTEX_POINT('',#10611);
#10611 = CARTESIAN_POINT('',(-5.425,-4.475000000014,2.850212456115));
#10612 = VERTEX_POINT('',#10613);
#10613 = CARTESIAN_POINT('',(-5.425,-4.7,2.850212456115));
#10614 = LINE('',#10615,#10616);
#10615 = CARTESIAN_POINT('',(-5.42500000102,5.E+05,2.850212456115));
#10616 = VECTOR('',#10617,1.);
#10617 = DIRECTION('',(2.040851148208E-15,-1.,-5.854827030937E-32));
#10618 = ORIENTED_EDGE('',*,*,#10619,.T.);
#10619 = EDGE_CURVE('',#10610,#10620,#10622,.T.);
#10620 = VERTEX_POINT('',#10621);
#10621 = CARTESIAN_POINT('',(-5.425,-4.475,2.55));
#10622 = LINE('',#10623,#10624);
#10623 = CARTESIAN_POINT('',(-5.425,-4.475,2.70635083269));
#10624 = VECTOR('',#10625,1.);
#10625 = DIRECTION('',(0.,0.,-1.));
#10626 = ORIENTED_EDGE('',*,*,#10627,.F.);
#10627 = EDGE_CURVE('',#10628,#10620,#10630,.T.);
#10628 = VERTEX_POINT('',#10629);
#10629 = CARTESIAN_POINT('',(-5.425,-4.7,2.55));
#10630 = LINE('',#10631,#10632);
#10631 = CARTESIAN_POINT('',(-5.425,-5.,2.55));
#10632 = VECTOR('',#10633,1.);
#10633 = DIRECTION('',(-5.421010862428E-16,1.,0.));
#10634 = ORIENTED_EDGE('',*,*,#10635,.F.);
#10635 = EDGE_CURVE('',#10612,#10628,#10636,.T.);
#10636 = LINE('',#10637,#10638);
#10637 = CARTESIAN_POINT('',(-5.425,-4.7,3.05));
#10638 = VECTOR('',#10639,1.);
#10639 = DIRECTION('',(0.,-5.854827030937E-32,-1.));
#10640 = PLANE('',#10641);
#10641 = AXIS2_PLACEMENT_3D('',#10642,#10643,#10644);
#10642 = CARTESIAN_POINT('',(-5.425,-1.5,3.05));
#10643 = DIRECTION('',(1.,5.421010862428E-16,0.));
#10644 = DIRECTION('',(-5.421010862428E-16,1.,0.));
#10645 = ADVANCED_FACE('',(#10646),#10671,.F.);
#10646 = FACE_BOUND('',#10647,.T.);
#10647 = EDGE_LOOP('',(#10648,#10656,#10657,#10665));
#10648 = ORIENTED_EDGE('',*,*,#10649,.T.);
#10649 = EDGE_CURVE('',#10650,#10610,#10652,.T.);
#10650 = VERTEX_POINT('',#10651);
#10651 = CARTESIAN_POINT('',(-5.275,-4.475000000014,3.000212456115));
#10652 = LINE('',#10653,#10654);
#10653 = CARTESIAN_POINT('',(-5.27500000051,-4.475000000014,
    3.000212455604));
#10654 = VECTOR('',#10655,1.);
#10655 = DIRECTION('',(-0.707106781187,0.,-0.707106781187));
#10656 = ORIENTED_EDGE('',*,*,#10609,.T.);
#10657 = ORIENTED_EDGE('',*,*,#10658,.T.);
#10658 = EDGE_CURVE('',#10612,#10659,#10661,.T.);
#10659 = VERTEX_POINT('',#10660);
#10660 = CARTESIAN_POINT('',(-5.275,-4.7,3.000212456115));
#10661 = LINE('',#10662,#10663);
#10662 = CARTESIAN_POINT('',(-5.275,-4.7,3.000212456115));
#10663 = VECTOR('',#10664,1.);
#10664 = DIRECTION('',(0.707106781187,4.088782444489E-15,0.707106781187)
  );
#10665 = ORIENTED_EDGE('',*,*,#10666,.F.);
#10666 = EDGE_CURVE('',#10650,#10659,#10667,.T.);
#10667 = LINE('',#10668,#10669);
#10668 = CARTESIAN_POINT('',(-5.27500000102,5.E+05,3.000212456115));
#10669 = VECTOR('',#10670,1.);
#10670 = DIRECTION('',(2.040851148208E-15,-1.,-5.854827030937E-32));
#10671 = PLANE('',#10672);
#10672 = AXIS2_PLACEMENT_3D('',#10673,#10674,#10675);
#10673 = CARTESIAN_POINT('',(-5.27500000102,5.E+05,3.000212456115));
#10674 = DIRECTION('',(0.707106781187,1.44309968629E-15,-0.707106781187)
  );
#10675 = DIRECTION('',(0.,-1.,-2.040851148208E-15));
#10676 = ADVANCED_FACE('',(#10677),#10705,.F.);
#10677 = FACE_BOUND('',#10678,.T.);
#10678 = EDGE_LOOP('',(#10679,#10685,#10686,#10692,#10693,#10694,#10695,
    #10696,#10702,#10703,#10704));
#10679 = ORIENTED_EDGE('',*,*,#10680,.F.);
#10680 = EDGE_CURVE('',#10650,#10484,#10681,.T.);
#10681 = LINE('',#10682,#10683);
#10682 = CARTESIAN_POINT('',(-3.150000000252,-4.475000000014,
    2.900000000012));
#10683 = VECTOR('',#10684,1.);
#10684 = DIRECTION('',(0.998889874962,1.534889804772E-15,
    -4.710645070964E-02));
#10685 = ORIENTED_EDGE('',*,*,#10666,.T.);
#10686 = ORIENTED_EDGE('',*,*,#10687,.T.);
#10687 = EDGE_CURVE('',#10659,#10508,#10688,.T.);
#10688 = LINE('',#10689,#10690);
#10689 = CARTESIAN_POINT('',(-3.15,-4.7,2.9));
#10690 = VECTOR('',#10691,1.);
#10691 = DIRECTION('',(0.998889874962,2.038585548249E-15,
    -4.710645070964E-02));
#10692 = ORIENTED_EDGE('',*,*,#10507,.F.);
#10693 = ORIENTED_EDGE('',*,*,#7117,.F.);
#10694 = ORIENTED_EDGE('',*,*,#7167,.F.);
#10695 = ORIENTED_EDGE('',*,*,#10428,.T.);
#10696 = ORIENTED_EDGE('',*,*,#10697,.F.);
#10697 = EDGE_CURVE('',#10343,#10421,#10698,.T.);
#10698 = LINE('',#10699,#10700);
#10699 = CARTESIAN_POINT('',(-3.150000001476,-2.974999999992,
    2.90000000007));
#10700 = VECTOR('',#10701,1.);
#10701 = DIRECTION('',(-0.998889874962,9.170054543864E-16,
    4.710645070964E-02));
#10702 = ORIENTED_EDGE('',*,*,#10342,.F.);
#10703 = ORIENTED_EDGE('',*,*,#6939,.F.);
#10704 = ORIENTED_EDGE('',*,*,#10491,.F.);
#10705 = PLANE('',#10706);
#10706 = AXIS2_PLACEMENT_3D('',#10707,#10708,#10709);
#10707 = CARTESIAN_POINT('',(-3.15000000102,5.E+05,2.9));
#10708 = DIRECTION('',(-4.710645070964E-02,-9.613725401876E-17,
    -0.998889874962));
#10709 = DIRECTION('',(-0.998889874962,0.,4.710645070964E-02));
#10710 = ADVANCED_FACE('',(#10711),#10736,.F.);
#10711 = FACE_BOUND('',#10712,.T.);
#10712 = EDGE_LOOP('',(#10713,#10721,#10722,#10730));
#10713 = ORIENTED_EDGE('',*,*,#10714,.T.);
#10714 = EDGE_CURVE('',#10715,#10579,#10717,.T.);
#10715 = VERTEX_POINT('',#10716);
#10716 = CARTESIAN_POINT('',(-3.85,-6.,3.6));
#10717 = LINE('',#10718,#10719);
#10718 = CARTESIAN_POINT('',(-3.85,-6.,3.6));
#10719 = VECTOR('',#10720,1.);
#10720 = DIRECTION('',(0.,-5.854827030937E-32,-1.));
#10721 = ORIENTED_EDGE('',*,*,#10595,.F.);
#10722 = ORIENTED_EDGE('',*,*,#10723,.F.);
#10723 = EDGE_CURVE('',#10724,#10588,#10726,.T.);
#10724 = VERTEX_POINT('',#10725);
#10725 = CARTESIAN_POINT('',(-3.85,-4.7,3.6));
#10726 = LINE('',#10727,#10728);
#10727 = CARTESIAN_POINT('',(-3.85,-4.7,3.6));
#10728 = VECTOR('',#10729,1.);
#10729 = DIRECTION('',(0.,-5.854827030937E-32,-1.));
#10730 = ORIENTED_EDGE('',*,*,#10731,.F.);
#10731 = EDGE_CURVE('',#10715,#10724,#10732,.T.);
#10732 = LINE('',#10733,#10734);
#10733 = CARTESIAN_POINT('',(-3.85,-6.,3.6));
#10734 = VECTOR('',#10735,1.);
#10735 = DIRECTION('',(3.336006684571E-16,1.,5.854827030937E-32));
#10736 = PLANE('',#10737);
#10737 = AXIS2_PLACEMENT_3D('',#10738,#10739,#10740);
#10738 = CARTESIAN_POINT('',(-3.85,-6.,3.6));
#10739 = DIRECTION('',(-1.,3.336006684571E-16,0.));
#10740 = DIRECTION('',(0.,0.,1.));
#10741 = ADVANCED_FACE('',(#10742),#10753,.T.);
#10742 = FACE_BOUND('',#10743,.T.);
#10743 = EDGE_LOOP('',(#10744,#10745,#10746));
#10744 = ORIENTED_EDGE('',*,*,#1626,.T.);
#10745 = ORIENTED_EDGE('',*,*,#1818,.F.);
#10746 = ORIENTED_EDGE('',*,*,#10747,.T.);
#10747 = EDGE_CURVE('',#1810,#1627,#10748,.T.);
#10748 = CIRCLE('',#10749,0.5);
#10749 = AXIS2_PLACEMENT_3D('',#10750,#10751,#10752);
#10750 = CARTESIAN_POINT('',(-4.95,-5.5,-0.5));
#10751 = DIRECTION('',(0.,0.,1.));
#10752 = DIRECTION('',(1.,0.,-0.));
#10753 = PLANE('',#10754);
#10754 = AXIS2_PLACEMENT_3D('',#10755,#10756,#10757);
#10755 = CARTESIAN_POINT('',(-4.95,5.5,-0.5));
#10756 = DIRECTION('',(0.,0.,1.));
#10757 = DIRECTION('',(1.,0.,-0.));
#10758 = ADVANCED_FACE('',(#10759),#10770,.T.);
#10759 = FACE_BOUND('',#10760,.T.);
#10760 = EDGE_LOOP('',(#10761,#10768,#10769));
#10761 = ORIENTED_EDGE('',*,*,#10762,.T.);
#10762 = EDGE_CURVE('',#1506,#1544,#10763,.T.);
#10763 = CIRCLE('',#10764,0.5);
#10764 = AXIS2_PLACEMENT_3D('',#10765,#10766,#10767);
#10765 = CARTESIAN_POINT('',(-4.95,5.5,-0.5));
#10766 = DIRECTION('',(0.,0.,1.));
#10767 = DIRECTION('',(1.,0.,-0.));
#10768 = ORIENTED_EDGE('',*,*,#1543,.F.);
#10769 = ORIENTED_EDGE('',*,*,#1513,.T.);
#10770 = PLANE('',#10771);
#10771 = AXIS2_PLACEMENT_3D('',#10772,#10773,#10774);
#10772 = CARTESIAN_POINT('',(-4.95,5.5,-0.5));
#10773 = DIRECTION('',(0.,0.,1.));
#10774 = DIRECTION('',(1.,0.,-0.));
#10775 = ADVANCED_FACE('',(#10776),#10810,.F.);
#10776 = FACE_BOUND('',#10777,.T.);
#10777 = EDGE_LOOP('',(#10778,#10788,#10796,#10804));
#10778 = ORIENTED_EDGE('',*,*,#10779,.T.);
#10779 = EDGE_CURVE('',#10780,#10782,#10784,.T.);
#10780 = VERTEX_POINT('',#10781);
#10781 = CARTESIAN_POINT('',(-3.85,4.7,3.6));
#10782 = VERTEX_POINT('',#10783);
#10783 = CARTESIAN_POINT('',(-3.85,4.7,3.45));
#10784 = LINE('',#10785,#10786);
#10785 = CARTESIAN_POINT('',(-3.85,4.7,3.6));
#10786 = VECTOR('',#10787,1.);
#10787 = DIRECTION('',(0.,-5.854827030937E-32,-1.));
#10788 = ORIENTED_EDGE('',*,*,#10789,.F.);
#10789 = EDGE_CURVE('',#10790,#10782,#10792,.T.);
#10790 = VERTEX_POINT('',#10791);
#10791 = CARTESIAN_POINT('',(-3.85,6.,3.45));
#10792 = LINE('',#10793,#10794);
#10793 = CARTESIAN_POINT('',(-3.85,4.7,3.45));
#10794 = VECTOR('',#10795,1.);
#10795 = DIRECTION('',(4.095959319487E-32,-1.,-5.854827030937E-32));
#10796 = ORIENTED_EDGE('',*,*,#10797,.F.);
#10797 = EDGE_CURVE('',#10798,#10790,#10800,.T.);
#10798 = VERTEX_POINT('',#10799);
#10799 = CARTESIAN_POINT('',(-3.85,6.,3.6));
#10800 = LINE('',#10801,#10802);
#10801 = CARTESIAN_POINT('',(-3.85,6.,3.6));
#10802 = VECTOR('',#10803,1.);
#10803 = DIRECTION('',(0.,-5.854827030937E-32,-1.));
#10804 = ORIENTED_EDGE('',*,*,#10805,.F.);
#10805 = EDGE_CURVE('',#10780,#10798,#10806,.T.);
#10806 = LINE('',#10807,#10808);
#10807 = CARTESIAN_POINT('',(-3.85,4.7,3.6));
#10808 = VECTOR('',#10809,1.);
#10809 = DIRECTION('',(-4.095959319487E-32,1.,5.854827030937E-32));
#10810 = PLANE('',#10811);
#10811 = AXIS2_PLACEMENT_3D('',#10812,#10813,#10814);
#10812 = CARTESIAN_POINT('',(-3.85,4.7,3.6));
#10813 = DIRECTION('',(-1.,4.095959319487E-32,-2.398113334135E-63));
#10814 = DIRECTION('',(-2.398113334135E-63,0.,1.));
#10815 = ADVANCED_FACE('',(#10816),#10841,.F.);
#10816 = FACE_BOUND('',#10817,.T.);
#10817 = EDGE_LOOP('',(#10818,#10819,#10827,#10835));
#10818 = ORIENTED_EDGE('',*,*,#10789,.T.);
#10819 = ORIENTED_EDGE('',*,*,#10820,.T.);
#10820 = EDGE_CURVE('',#10782,#10821,#10823,.T.);
#10821 = VERTEX_POINT('',#10822);
#10822 = CARTESIAN_POINT('',(-3.35,4.7,3.45));
#10823 = LINE('',#10824,#10825);
#10824 = CARTESIAN_POINT('',(-3.35,4.7,3.45));
#10825 = VECTOR('',#10826,1.);
#10826 = DIRECTION('',(1.,-4.095959319487E-32,0.));
#10827 = ORIENTED_EDGE('',*,*,#10828,.T.);
#10828 = EDGE_CURVE('',#10821,#10829,#10831,.T.);
#10829 = VERTEX_POINT('',#10830);
#10830 = CARTESIAN_POINT('',(-3.35,6.,3.45));
#10831 = LINE('',#10832,#10833);
#10832 = CARTESIAN_POINT('',(-3.35,6.,3.45));
#10833 = VECTOR('',#10834,1.);
#10834 = DIRECTION('',(3.336006684571E-16,1.,5.854827030937E-32));
#10835 = ORIENTED_EDGE('',*,*,#10836,.T.);
#10836 = EDGE_CURVE('',#10829,#10790,#10837,.T.);
#10837 = LINE('',#10838,#10839);
#10838 = CARTESIAN_POINT('',(-3.85,6.,3.45));
#10839 = VECTOR('',#10840,1.);
#10840 = DIRECTION('',(-1.,4.095959319487E-32,0.));
#10841 = PLANE('',#10842);
#10842 = AXIS2_PLACEMENT_3D('',#10843,#10844,#10845);
#10843 = CARTESIAN_POINT('',(-3.85,6.,3.45));
#10844 = DIRECTION('',(-2.398113334135E-63,-5.854827030937E-32,-1.));
#10845 = DIRECTION('',(0.,-1.,5.854827030937E-32));
#10846 = ADVANCED_FACE('',(#10847),#10872,.F.);
#10847 = FACE_BOUND('',#10848,.T.);
#10848 = EDGE_LOOP('',(#10849,#10859,#10865,#10866));
#10849 = ORIENTED_EDGE('',*,*,#10850,.F.);
#10850 = EDGE_CURVE('',#10851,#10853,#10855,.T.);
#10851 = VERTEX_POINT('',#10852);
#10852 = CARTESIAN_POINT('',(-3.35,6.,3.05));
#10853 = VERTEX_POINT('',#10854);
#10854 = CARTESIAN_POINT('',(-3.35,4.7,3.05));
#10855 = LINE('',#10856,#10857);
#10856 = CARTESIAN_POINT('',(-3.35,-5.,3.05));
#10857 = VECTOR('',#10858,1.);
#10858 = DIRECTION('',(-3.336006684571E-16,-1.,-5.854827030937E-32));
#10859 = ORIENTED_EDGE('',*,*,#10860,.F.);
#10860 = EDGE_CURVE('',#10829,#10851,#10861,.T.);
#10861 = LINE('',#10862,#10863);
#10862 = CARTESIAN_POINT('',(-3.35,6.,3.45));
#10863 = VECTOR('',#10864,1.);
#10864 = DIRECTION('',(0.,-5.854827030937E-32,-1.));
#10865 = ORIENTED_EDGE('',*,*,#10828,.F.);
#10866 = ORIENTED_EDGE('',*,*,#10867,.T.);
#10867 = EDGE_CURVE('',#10821,#10853,#10868,.T.);
#10868 = LINE('',#10869,#10870);
#10869 = CARTESIAN_POINT('',(-3.35,4.7,3.45));
#10870 = VECTOR('',#10871,1.);
#10871 = DIRECTION('',(0.,-5.854827030937E-32,-1.));
#10872 = PLANE('',#10873);
#10873 = AXIS2_PLACEMENT_3D('',#10874,#10875,#10876);
#10874 = CARTESIAN_POINT('',(-3.35,6.,3.45));
#10875 = DIRECTION('',(-1.,3.336006684571E-16,0.));
#10876 = DIRECTION('',(0.,0.,1.));
#10877 = ADVANCED_FACE('',(#10878,#10990),#10996,.T.);
#10878 = FACE_BOUND('',#10879,.T.);
#10879 = EDGE_LOOP('',(#10880,#10881,#10882,#10883,#10889,#10890,#10896,
    #10897,#10898,#10899,#10900,#10901,#10902,#10903,#10904,#10905,
    #10906,#10907,#10913,#10914,#10920,#10921,#10922,#10923,#10929,
    #10930,#10931,#10932,#10938,#10939,#10947,#10953,#10954,#10955,
    #10961,#10962,#10963,#10964,#10965,#10966,#10967,#10968,#10974,
    #10975,#10981,#10982,#10983,#10984));
#10880 = ORIENTED_EDGE('',*,*,#9881,.F.);
#10881 = ORIENTED_EDGE('',*,*,#7638,.F.);
#10882 = ORIENTED_EDGE('',*,*,#9936,.F.);
#10883 = ORIENTED_EDGE('',*,*,#10884,.T.);
#10884 = EDGE_CURVE('',#9937,#9961,#10885,.T.);
#10885 = LINE('',#10886,#10887);
#10886 = CARTESIAN_POINT('',(-4.85,-6.,3.05));
#10887 = VECTOR('',#10888,1.);
#10888 = DIRECTION('',(1.,1.788374717502E-16,0.));
#10889 = ORIENTED_EDGE('',*,*,#9960,.T.);
#10890 = ORIENTED_EDGE('',*,*,#10891,.F.);
#10891 = EDGE_CURVE('',#7806,#9963,#10892,.T.);
#10892 = LINE('',#10893,#10894);
#10893 = CARTESIAN_POINT('',(3.15,-4.7,3.05));
#10894 = VECTOR('',#10895,1.);
#10895 = DIRECTION('',(1.,3.812579068081E-16,0.));
#10896 = ORIENTED_EDGE('',*,*,#7820,.F.);
#10897 = ORIENTED_EDGE('',*,*,#7597,.F.);
#10898 = ORIENTED_EDGE('',*,*,#7558,.F.);
#10899 = ORIENTED_EDGE('',*,*,#8090,.T.);
#10900 = ORIENTED_EDGE('',*,*,#7510,.T.);
#10901 = ORIENTED_EDGE('',*,*,#7479,.T.);
#10902 = ORIENTED_EDGE('',*,*,#7448,.T.);
#10903 = ORIENTED_EDGE('',*,*,#8268,.T.);
#10904 = ORIENTED_EDGE('',*,*,#7408,.F.);
#10905 = ORIENTED_EDGE('',*,*,#7369,.F.);
#10906 = ORIENTED_EDGE('',*,*,#8425,.F.);
#10907 = ORIENTED_EDGE('',*,*,#10908,.F.);
#10908 = EDGE_CURVE('',#9005,#8418,#10909,.T.);
#10909 = LINE('',#10910,#10911);
#10910 = CARTESIAN_POINT('',(3.15,4.7,3.05));
#10911 = VECTOR('',#10912,1.);
#10912 = DIRECTION('',(-1.,-3.812579068081E-16,0.));
#10913 = ORIENTED_EDGE('',*,*,#9004,.T.);
#10914 = ORIENTED_EDGE('',*,*,#10915,.T.);
#10915 = EDGE_CURVE('',#9007,#9036,#10916,.T.);
#10916 = LINE('',#10917,#10918);
#10917 = CARTESIAN_POINT('',(-4.85,6.,3.05));
#10918 = VECTOR('',#10919,1.);
#10919 = DIRECTION('',(-1.,-1.788374717502E-16,0.));
#10920 = ORIENTED_EDGE('',*,*,#9035,.F.);
#10921 = ORIENTED_EDGE('',*,*,#7336,.F.);
#10922 = ORIENTED_EDGE('',*,*,#9090,.F.);
#10923 = ORIENTED_EDGE('',*,*,#10924,.T.);
#10924 = EDGE_CURVE('',#9091,#9115,#10925,.T.);
#10925 = LINE('',#10926,#10927);
#10926 = CARTESIAN_POINT('',(-4.85,6.,3.05));
#10927 = VECTOR('',#10928,1.);
#10928 = DIRECTION('',(-1.,-1.788374717502E-16,0.));
#10929 = ORIENTED_EDGE('',*,*,#9114,.F.);
#10930 = ORIENTED_EDGE('',*,*,#7294,.F.);
#10931 = ORIENTED_EDGE('',*,*,#9169,.F.);
#10932 = ORIENTED_EDGE('',*,*,#10933,.T.);
#10933 = EDGE_CURVE('',#9170,#10851,#10934,.T.);
#10934 = LINE('',#10935,#10936);
#10935 = CARTESIAN_POINT('',(-4.85,6.,3.05));
#10936 = VECTOR('',#10937,1.);
#10937 = DIRECTION('',(-1.,-1.788374717502E-16,0.));
#10938 = ORIENTED_EDGE('',*,*,#10850,.T.);
#10939 = ORIENTED_EDGE('',*,*,#10940,.F.);
#10940 = EDGE_CURVE('',#10941,#10853,#10943,.T.);
#10941 = VERTEX_POINT('',#10942);
#10942 = CARTESIAN_POINT('',(-3.15,4.7,3.05));
#10943 = LINE('',#10944,#10945);
#10944 = CARTESIAN_POINT('',(-5.425,4.7,3.05));
#10945 = VECTOR('',#10946,1.);
#10946 = DIRECTION('',(-1.,4.095959319487E-32,0.));
#10947 = ORIENTED_EDGE('',*,*,#10948,.F.);
#10948 = EDGE_CURVE('',#7656,#10941,#10949,.T.);
#10949 = LINE('',#10950,#10951);
#10950 = CARTESIAN_POINT('',(-3.15,4.7,3.05));
#10951 = VECTOR('',#10952,1.);
#10952 = DIRECTION('',(-6.195440985631E-16,1.,5.854827030937E-32));
#10953 = ORIENTED_EDGE('',*,*,#7679,.F.);
#10954 = ORIENTED_EDGE('',*,*,#7757,.F.);
#10955 = ORIENTED_EDGE('',*,*,#10956,.T.);
#10956 = EDGE_CURVE('',#7750,#7782,#10957,.T.);
#10957 = LINE('',#10958,#10959);
#10958 = CARTESIAN_POINT('',(-5.425,4.7,3.05));
#10959 = VECTOR('',#10960,1.);
#10960 = DIRECTION('',(-2.710505431214E-16,-1.,-5.854827030937E-32));
#10961 = ORIENTED_EDGE('',*,*,#7781,.T.);
#10962 = ORIENTED_EDGE('',*,*,#7245,.T.);
#10963 = ORIENTED_EDGE('',*,*,#7214,.T.);
#10964 = ORIENTED_EDGE('',*,*,#10404,.T.);
#10965 = ORIENTED_EDGE('',*,*,#7174,.F.);
#10966 = ORIENTED_EDGE('',*,*,#7135,.F.);
#10967 = ORIENTED_EDGE('',*,*,#10523,.F.);
#10968 = ORIENTED_EDGE('',*,*,#10969,.F.);
#10969 = EDGE_CURVE('',#10539,#10516,#10970,.T.);
#10970 = LINE('',#10971,#10972);
#10971 = CARTESIAN_POINT('',(-5.425,-4.7,3.05));
#10972 = VECTOR('',#10973,1.);
#10973 = DIRECTION('',(1.,-4.095959319487E-32,0.));
#10974 = ORIENTED_EDGE('',*,*,#10538,.T.);
#10975 = ORIENTED_EDGE('',*,*,#10976,.T.);
#10976 = EDGE_CURVE('',#10541,#9803,#10977,.T.);
#10977 = LINE('',#10978,#10979);
#10978 = CARTESIAN_POINT('',(-4.85,-6.,3.05));
#10979 = VECTOR('',#10980,1.);
#10980 = DIRECTION('',(1.,1.788374717502E-16,0.));
#10981 = ORIENTED_EDGE('',*,*,#9802,.F.);
#10982 = ORIENTED_EDGE('',*,*,#7102,.F.);
#10983 = ORIENTED_EDGE('',*,*,#9857,.F.);
#10984 = ORIENTED_EDGE('',*,*,#10985,.T.);
#10985 = EDGE_CURVE('',#9858,#9882,#10986,.T.);
#10986 = LINE('',#10987,#10988);
#10987 = CARTESIAN_POINT('',(-4.85,-6.,3.05));
#10988 = VECTOR('',#10989,1.);
#10989 = DIRECTION('',(1.,1.788374717502E-16,0.));
#10990 = FACE_BOUND('',#10991,.T.);
#10991 = EDGE_LOOP('',(#10992,#10993,#10994,#10995));
#10992 = ORIENTED_EDGE('',*,*,#7058,.T.);
#10993 = ORIENTED_EDGE('',*,*,#7029,.T.);
#10994 = ORIENTED_EDGE('',*,*,#7007,.T.);
#10995 = ORIENTED_EDGE('',*,*,#6969,.T.);
#10996 = PLANE('',#10997);
#10997 = AXIS2_PLACEMENT_3D('',#10998,#10999,#11000);
#10998 = CARTESIAN_POINT('',(-4.85,-5.,3.05));
#10999 = DIRECTION('',(2.398113334135E-63,5.854827030937E-32,1.));
#11000 = DIRECTION('',(0.,-1.,5.854827030937E-32));
#11001 = ADVANCED_FACE('',(#11002),#11020,.F.);
#11002 = FACE_BOUND('',#11003,.T.);
#11003 = EDGE_LOOP('',(#11004,#11012,#11018,#11019));
#11004 = ORIENTED_EDGE('',*,*,#11005,.F.);
#11005 = EDGE_CURVE('',#11006,#10941,#11008,.T.);
#11006 = VERTEX_POINT('',#11007);
#11007 = CARTESIAN_POINT('',(-3.15,4.7,2.9));
#11008 = LINE('',#11009,#11010);
#11009 = CARTESIAN_POINT('',(-3.15,4.7,2.85));
#11010 = VECTOR('',#11011,1.);
#11011 = DIRECTION('',(0.,5.854827030937E-32,1.));
#11012 = ORIENTED_EDGE('',*,*,#11013,.F.);
#11013 = EDGE_CURVE('',#7654,#11006,#11014,.T.);
#11014 = LINE('',#11015,#11016);
#11015 = CARTESIAN_POINT('',(-3.15000000102,-5.E+05,2.9));
#11016 = VECTOR('',#11017,1.);
#11017 = DIRECTION('',(2.040851148208E-15,1.,5.854827030937E-32));
#11018 = ORIENTED_EDGE('',*,*,#7653,.T.);
#11019 = ORIENTED_EDGE('',*,*,#10948,.T.);
#11020 = PLANE('',#11021);
#11021 = AXIS2_PLACEMENT_3D('',#11022,#11023,#11024);
#11022 = CARTESIAN_POINT('',(-3.15,4.7,2.85));
#11023 = DIRECTION('',(1.,6.195440985631E-16,0.));
#11024 = DIRECTION('',(-6.195440985631E-16,1.,0.));
#11025 = ADVANCED_FACE('',(#11026),#11060,.T.);
#11026 = FACE_BOUND('',#11027,.T.);
#11027 = EDGE_LOOP('',(#11028,#11038,#11046,#11054));
#11028 = ORIENTED_EDGE('',*,*,#11029,.F.);
#11029 = EDGE_CURVE('',#11030,#11032,#11034,.T.);
#11030 = VERTEX_POINT('',#11031);
#11031 = CARTESIAN_POINT('',(-5.425,4.475000000014,2.850212456115));
#11032 = VERTEX_POINT('',#11033);
#11033 = CARTESIAN_POINT('',(-5.425,4.7,2.850212456115));
#11034 = LINE('',#11035,#11036);
#11035 = CARTESIAN_POINT('',(-5.42500000102,-5.E+05,2.850212456115));
#11036 = VECTOR('',#11037,1.);
#11037 = DIRECTION('',(2.040851148208E-15,1.,5.854827030937E-32));
#11038 = ORIENTED_EDGE('',*,*,#11039,.T.);
#11039 = EDGE_CURVE('',#11030,#11040,#11042,.T.);
#11040 = VERTEX_POINT('',#11041);
#11041 = CARTESIAN_POINT('',(-5.275,4.475000000014,3.000212456115));
#11042 = LINE('',#11043,#11044);
#11043 = CARTESIAN_POINT('',(-5.275000000295,4.475000000014,
    3.000212455819));
#11044 = VECTOR('',#11045,1.);
#11045 = DIRECTION('',(0.707106781187,-6.073520728758E-16,0.707106781187
    ));
#11046 = ORIENTED_EDGE('',*,*,#11047,.T.);
#11047 = EDGE_CURVE('',#11040,#11048,#11050,.T.);
#11048 = VERTEX_POINT('',#11049);
#11049 = CARTESIAN_POINT('',(-5.275,4.7,3.000212456115));
#11050 = LINE('',#11051,#11052);
#11051 = CARTESIAN_POINT('',(-5.27500000102,-5.E+05,3.000212456115));
#11052 = VECTOR('',#11053,1.);
#11053 = DIRECTION('',(2.040851148208E-15,1.,5.854827030937E-32));
#11054 = ORIENTED_EDGE('',*,*,#11055,.F.);
#11055 = EDGE_CURVE('',#11032,#11048,#11056,.T.);
#11056 = LINE('',#11057,#11058);
#11057 = CARTESIAN_POINT('',(-5.275,4.7,3.000212456115));
#11058 = VECTOR('',#11059,1.);
#11059 = DIRECTION('',(0.707106781187,-4.088782444489E-15,0.707106781187
    ));
#11060 = PLANE('',#11061);
#11061 = AXIS2_PLACEMENT_3D('',#11062,#11063,#11064);
#11062 = CARTESIAN_POINT('',(-5.27500000102,-5.E+05,3.000212456115));
#11063 = DIRECTION('',(-0.707106781187,1.44309968629E-15,0.707106781187)
  );
#11064 = DIRECTION('',(2.040851148208E-15,1.,0.));
#11065 = ADVANCED_FACE('',(#11066),#11091,.F.);
#11066 = FACE_BOUND('',#11067,.T.);
#11067 = EDGE_LOOP('',(#11068,#11076,#11084,#11090));
#11068 = ORIENTED_EDGE('',*,*,#11069,.F.);
#11069 = EDGE_CURVE('',#11070,#7694,#11072,.T.);
#11070 = VERTEX_POINT('',#11071);
#11071 = CARTESIAN_POINT('',(-3.821238898026,4.47499999995,
    2.931654822875));
#11072 = LINE('',#11073,#11074);
#11073 = CARTESIAN_POINT('',(2.497210644614E+05,-2.497204107003E+05,
    -1.177379500352E+04));
#11074 = VECTOR('',#11075,1.);
#11075 = DIRECTION('',(0.70671396575,-0.70671396575,-3.332778460158E-02)
  );
#11076 = ORIENTED_EDGE('',*,*,#11077,.T.);
#11077 = EDGE_CURVE('',#11070,#11078,#11080,.T.);
#11078 = VERTEX_POINT('',#11079);
#11079 = CARTESIAN_POINT('',(-3.821238898038,4.475,3.3));
#11080 = LINE('',#11081,#11082);
#11081 = CARTESIAN_POINT('',(-3.821238898039,4.475,-18.32192262732));
#11082 = VECTOR('',#11083,1.);
#11083 = DIRECTION('',(3.491483361109E-15,-3.459511681412E-16,1.));
#11084 = ORIENTED_EDGE('',*,*,#11085,.T.);
#11085 = EDGE_CURVE('',#11078,#7704,#11086,.T.);
#11086 = LINE('',#11087,#11088);
#11087 = CARTESIAN_POINT('',(-3.421238898038,4.075,3.3));
#11088 = VECTOR('',#11089,1.);
#11089 = DIRECTION('',(0.707106781187,-0.707106781187,
    -2.824988226479E-15));
#11090 = ORIENTED_EDGE('',*,*,#7703,.F.);
#11091 = PLANE('',#11092);
#11092 = AXIS2_PLACEMENT_3D('',#11093,#11094,#11095);
#11093 = CARTESIAN_POINT('',(-3.421238898039,4.075,-18.32192262732));
#11094 = DIRECTION('',(-0.707106781187,-0.707106781187,
    2.224227144088E-15));
#11095 = DIRECTION('',(-0.707106781187,0.707106781187,0.));
#11096 = ADVANCED_FACE('',(#11097),#11122,.F.);
#11097 = FACE_BOUND('',#11098,.T.);
#11098 = EDGE_LOOP('',(#11099,#11107,#11115,#11121));
#11099 = ORIENTED_EDGE('',*,*,#11100,.F.);
#11100 = EDGE_CURVE('',#11101,#11032,#11103,.T.);
#11101 = VERTEX_POINT('',#11102);
#11102 = CARTESIAN_POINT('',(-5.425,4.7,2.549999999985));
#11103 = LINE('',#11104,#11105);
#11104 = CARTESIAN_POINT('',(-5.425,4.7,-5.E+05));
#11105 = VECTOR('',#11106,1.);
#11106 = DIRECTION('',(0.,0.,1.));
#11107 = ORIENTED_EDGE('',*,*,#11108,.T.);
#11108 = EDGE_CURVE('',#11101,#11109,#11111,.T.);
#11109 = VERTEX_POINT('',#11110);
#11110 = CARTESIAN_POINT('',(-5.425,4.475,2.55));
#11111 = LINE('',#11112,#11113);
#11112 = CARTESIAN_POINT('',(-5.425,-4.5,2.55));
#11113 = VECTOR('',#11114,1.);
#11114 = DIRECTION('',(-7.773935973439E-33,-1.,0.));
#11115 = ORIENTED_EDGE('',*,*,#11116,.T.);
#11116 = EDGE_CURVE('',#11109,#11030,#11117,.T.);
#11117 = LINE('',#11118,#11119);
#11118 = CARTESIAN_POINT('',(-5.425,4.475,3.30102500231));
#11119 = VECTOR('',#11120,1.);
#11120 = DIRECTION('',(1.075528555106E-16,0.,1.));
#11121 = ORIENTED_EDGE('',*,*,#11029,.T.);
#11122 = PLANE('',#11123);
#11123 = AXIS2_PLACEMENT_3D('',#11124,#11125,#11126);
#11124 = CARTESIAN_POINT('',(-5.425,-4.5,-17.25977326815));
#11125 = DIRECTION('',(1.,-7.773935973439E-33,-1.075528555106E-16));
#11126 = DIRECTION('',(-1.075528555106E-16,0.,-1.));
#11127 = ADVANCED_FACE('',(#11128),#11153,.F.);
#11128 = FACE_BOUND('',#11129,.T.);
#11129 = EDGE_LOOP('',(#11130,#11138,#11139,#11147));
#11130 = ORIENTED_EDGE('',*,*,#11131,.F.);
#11131 = EDGE_CURVE('',#7696,#11132,#11134,.T.);
#11132 = VERTEX_POINT('',#11133);
#11133 = CARTESIAN_POINT('',(-4.321238897944,2.975000000021,
    2.955234224311));
#11134 = LINE('',#11135,#11136);
#11135 = CARTESIAN_POINT('',(-2.497275355101E+05,-2.497202392712E+05,
    1.177960306997E+04));
#11136 = VECTOR('',#11137,1.);
#11137 = DIRECTION('',(-0.70671396575,-0.70671396575,3.332778460158E-02)
  );
#11138 = ORIENTED_EDGE('',*,*,#7719,.T.);
#11139 = ORIENTED_EDGE('',*,*,#11140,.T.);
#11140 = EDGE_CURVE('',#7712,#11141,#11143,.T.);
#11141 = VERTEX_POINT('',#11142);
#11142 = CARTESIAN_POINT('',(-4.321238898038,2.975,3.3));
#11143 = LINE('',#11144,#11145);
#11144 = CARTESIAN_POINT('',(-4.321238898038,2.975,3.3));
#11145 = VECTOR('',#11146,1.);
#11146 = DIRECTION('',(-0.707106781187,-0.707106781187,
    2.112714895602E-15));
#11147 = ORIENTED_EDGE('',*,*,#11148,.F.);
#11148 = EDGE_CURVE('',#11132,#11141,#11149,.T.);
#11149 = LINE('',#11150,#11151);
#11150 = CARTESIAN_POINT('',(-4.321238898039,2.975,-18.32192262732));
#11151 = VECTOR('',#11152,1.);
#11152 = DIRECTION('',(3.491483361109E-15,-3.459511681412E-16,1.));
#11153 = PLANE('',#11154);
#11154 = AXIS2_PLACEMENT_3D('',#11155,#11156,#11157);
#11155 = CARTESIAN_POINT('',(-4.321238898039,2.975,-18.32192262732));
#11156 = DIRECTION('',(-0.707106781187,0.707106781187,2.713475977992E-15
    ));
#11157 = DIRECTION('',(3.837434529251E-15,0.,1.));
#11158 = ADVANCED_FACE('',(#11159),#11194,.T.);
#11159 = FACE_BOUND('',#11160,.T.);
#11160 = EDGE_LOOP('',(#11161,#11162,#11170,#11176,#11177,#11178,#11179,
    #11185,#11186,#11192,#11193));
#11161 = ORIENTED_EDGE('',*,*,#11131,.T.);
#11162 = ORIENTED_EDGE('',*,*,#11163,.T.);
#11163 = EDGE_CURVE('',#11132,#11164,#11166,.T.);
#11164 = VERTEX_POINT('',#11165);
#11165 = CARTESIAN_POINT('',(-5.275,2.974999999992,3.000212456115));
#11166 = LINE('',#11167,#11168);
#11167 = CARTESIAN_POINT('',(-3.150000001636,2.974999999992,
    2.900000000077));
#11168 = VECTOR('',#11169,1.);
#11169 = DIRECTION('',(-0.998889874962,-1.237588800937E-15,
    4.710645070964E-02));
#11170 = ORIENTED_EDGE('',*,*,#11171,.F.);
#11171 = EDGE_CURVE('',#7734,#11164,#11172,.T.);
#11172 = LINE('',#11173,#11174);
#11173 = CARTESIAN_POINT('',(-5.27500000102,-5.E+05,3.000212456115));
#11174 = VECTOR('',#11175,1.);
#11175 = DIRECTION('',(2.040851148208E-15,1.,5.854827030937E-32));
#11176 = ORIENTED_EDGE('',*,*,#7733,.T.);
#11177 = ORIENTED_EDGE('',*,*,#7663,.T.);
#11178 = ORIENTED_EDGE('',*,*,#11013,.T.);
#11179 = ORIENTED_EDGE('',*,*,#11180,.F.);
#11180 = EDGE_CURVE('',#11048,#11006,#11181,.T.);
#11181 = LINE('',#11182,#11183);
#11182 = CARTESIAN_POINT('',(-3.15,4.7,2.9));
#11183 = VECTOR('',#11184,1.);
#11184 = DIRECTION('',(0.998889874962,-2.038585548249E-15,
    -4.710645070964E-02));
#11185 = ORIENTED_EDGE('',*,*,#11047,.F.);
#11186 = ORIENTED_EDGE('',*,*,#11187,.T.);
#11187 = EDGE_CURVE('',#11040,#11070,#11188,.T.);
#11188 = LINE('',#11189,#11190);
#11189 = CARTESIAN_POINT('',(-3.15000000077,4.475000000014,
    2.900000000036));
#11190 = VECTOR('',#11191,1.);
#11191 = DIRECTION('',(0.998889874962,-4.961083731127E-16,
    -4.710645070964E-02));
#11192 = ORIENTED_EDGE('',*,*,#11069,.T.);
#11193 = ORIENTED_EDGE('',*,*,#7693,.T.);
#11194 = PLANE('',#11195);
#11195 = AXIS2_PLACEMENT_3D('',#11196,#11197,#11198);
#11196 = CARTESIAN_POINT('',(-3.15000000102,-5.E+05,2.9));
#11197 = DIRECTION('',(4.710645070964E-02,-9.613725401876E-17,
    0.998889874962));
#11198 = DIRECTION('',(-2.040851148208E-15,-1.,0.));
#11199 = ADVANCED_FACE('',(#11200),#11218,.T.);
#11200 = FACE_BOUND('',#11201,.T.);
#11201 = EDGE_LOOP('',(#11202,#11210,#11216,#11217));
#11202 = ORIENTED_EDGE('',*,*,#11203,.T.);
#11203 = EDGE_CURVE('',#11164,#11204,#11206,.T.);
#11204 = VERTEX_POINT('',#11205);
#11205 = CARTESIAN_POINT('',(-5.425,2.974999999992,2.850212456115));
#11206 = LINE('',#11207,#11208);
#11207 = CARTESIAN_POINT('',(-5.275000000729,2.974999999992,
    3.000212455385));
#11208 = VECTOR('',#11209,1.);
#11209 = DIRECTION('',(-0.707106781187,-6.199193801875E-16,
    -0.707106781187));
#11210 = ORIENTED_EDGE('',*,*,#11211,.F.);
#11211 = EDGE_CURVE('',#7742,#11204,#11212,.T.);
#11212 = LINE('',#11213,#11214);
#11213 = CARTESIAN_POINT('',(-5.42500000102,-5.E+05,2.850212456115));
#11214 = VECTOR('',#11215,1.);
#11215 = DIRECTION('',(2.040851148208E-15,1.,5.854827030937E-32));
#11216 = ORIENTED_EDGE('',*,*,#7741,.T.);
#11217 = ORIENTED_EDGE('',*,*,#11171,.T.);
#11218 = PLANE('',#11219);
#11219 = AXIS2_PLACEMENT_3D('',#11220,#11221,#11222);
#11220 = CARTESIAN_POINT('',(-5.27500000102,-5.E+05,3.000212456115));
#11221 = DIRECTION('',(-0.707106781187,1.44309968629E-15,0.707106781187)
  );
#11222 = DIRECTION('',(2.040851148208E-15,1.,0.));
#11223 = ADVANCED_FACE('',(#11224),#11251,.T.);
#11224 = FACE_BOUND('',#11225,.T.);
#11225 = EDGE_LOOP('',(#11226,#11234,#11242,#11248,#11249,#11250));
#11226 = ORIENTED_EDGE('',*,*,#11227,.F.);
#11227 = EDGE_CURVE('',#11228,#11078,#11230,.T.);
#11228 = VERTEX_POINT('',#11229);
#11229 = CARTESIAN_POINT('',(-5.35,4.475,3.3));
#11230 = LINE('',#11231,#11232);
#11231 = CARTESIAN_POINT('',(-3.821238898038,4.475,3.3));
#11232 = VECTOR('',#11233,1.);
#11233 = DIRECTION('',(1.,-5.129743704552E-16,-3.491483361109E-15));
#11234 = ORIENTED_EDGE('',*,*,#11235,.F.);
#11235 = EDGE_CURVE('',#11236,#11228,#11238,.T.);
#11236 = VERTEX_POINT('',#11237);
#11237 = CARTESIAN_POINT('',(-5.35,2.975,3.3));
#11238 = LINE('',#11239,#11240);
#11239 = CARTESIAN_POINT('',(-5.35,5.347364354584,3.30000000231));
#11240 = VECTOR('',#11241,1.);
#11241 = DIRECTION('',(2.465190328816E-32,1.,3.459511681412E-16));
#11242 = ORIENTED_EDGE('',*,*,#11243,.F.);
#11243 = EDGE_CURVE('',#11141,#11236,#11244,.T.);
#11244 = LINE('',#11245,#11246);
#11245 = CARTESIAN_POINT('',(-5.527589730728,2.975,3.3));
#11246 = VECTOR('',#11247,1.);
#11247 = DIRECTION('',(-1.,-1.22264956318E-15,3.491483361109E-15));
#11248 = ORIENTED_EDGE('',*,*,#11140,.F.);
#11249 = ORIENTED_EDGE('',*,*,#7711,.F.);
#11250 = ORIENTED_EDGE('',*,*,#11085,.F.);
#11251 = PLANE('',#11252);
#11252 = AXIS2_PLACEMENT_3D('',#11253,#11254,#11255);
#11253 = CARTESIAN_POINT('',(-5.721238898038,-4.525,3.3));
#11254 = DIRECTION('',(3.491483361109E-15,-3.459511681412E-16,1.));
#11255 = DIRECTION('',(1.,0.,-3.491483361109E-15));
#11256 = ADVANCED_FACE('',(#11257),#11286,.F.);
#11257 = FACE_BOUND('',#11258,.T.);
#11258 = EDGE_LOOP('',(#11259,#11260,#11268,#11276,#11282,#11283,#11284,
    #11285));
#11259 = ORIENTED_EDGE('',*,*,#11211,.T.);
#11260 = ORIENTED_EDGE('',*,*,#11261,.T.);
#11261 = EDGE_CURVE('',#11204,#11262,#11264,.T.);
#11262 = VERTEX_POINT('',#11263);
#11263 = CARTESIAN_POINT('',(-5.425,2.975,2.2));
#11264 = LINE('',#11265,#11266);
#11265 = CARTESIAN_POINT('',(-5.425,2.975,3.30102500231));
#11266 = VECTOR('',#11267,1.);
#11267 = DIRECTION('',(0.,0.,-1.));
#11268 = ORIENTED_EDGE('',*,*,#11269,.T.);
#11269 = EDGE_CURVE('',#11262,#11270,#11272,.T.);
#11270 = VERTEX_POINT('',#11271);
#11271 = CARTESIAN_POINT('',(-5.425,1.25,2.2));
#11272 = LINE('',#11273,#11274);
#11273 = CARTESIAN_POINT('',(-5.425,2.975,2.2));
#11274 = VECTOR('',#11275,1.);
#11275 = DIRECTION('',(5.421010862428E-16,-1.,0.));
#11276 = ORIENTED_EDGE('',*,*,#11277,.T.);
#11277 = EDGE_CURVE('',#11270,#10319,#11278,.T.);
#11278 = LINE('',#11279,#11280);
#11279 = CARTESIAN_POINT('',(-5.425,1.25,2.2));
#11280 = VECTOR('',#11281,1.);
#11281 = DIRECTION('',(0.,0.,1.));
#11282 = ORIENTED_EDGE('',*,*,#10318,.T.);
#11283 = ORIENTED_EDGE('',*,*,#7789,.F.);
#11284 = ORIENTED_EDGE('',*,*,#10956,.F.);
#11285 = ORIENTED_EDGE('',*,*,#7749,.F.);
#11286 = PLANE('',#11287);
#11287 = AXIS2_PLACEMENT_3D('',#11288,#11289,#11290);
#11288 = CARTESIAN_POINT('',(-5.425,-1.5,3.05));
#11289 = DIRECTION('',(1.,5.421010862428E-16,0.));
#11290 = DIRECTION('',(-5.421010862428E-16,1.,0.));
#11291 = ADVANCED_FACE('',(#11292),#11319,.F.);
#11292 = FACE_BOUND('',#11293,.T.);
#11293 = EDGE_LOOP('',(#11294,#11304,#11311,#11312,#11313));
#11294 = ORIENTED_EDGE('',*,*,#11295,.T.);
#11295 = EDGE_CURVE('',#11296,#11298,#11300,.T.);
#11296 = VERTEX_POINT('',#11297);
#11297 = CARTESIAN_POINT('',(5.45,4.475,-0.5));
#11298 = VERTEX_POINT('',#11299);
#11299 = CARTESIAN_POINT('',(5.45,5.5,-0.5));
#11300 = LINE('',#11301,#11302);
#11301 = CARTESIAN_POINT('',(5.45,5.5,-0.5));
#11302 = VECTOR('',#11303,1.);
#11303 = DIRECTION('',(-1.577021341797E-16,1.,0.));
#11304 = ORIENTED_EDGE('',*,*,#11305,.T.);
#11305 = EDGE_CURVE('',#11298,#1313,#11306,.T.);
#11306 = CIRCLE('',#11307,0.5);
#11307 = AXIS2_PLACEMENT_3D('',#11308,#11309,#11310);
#11308 = CARTESIAN_POINT('',(4.95,5.5,-0.5));
#11309 = DIRECTION('',(0.,0.,1.));
#11310 = DIRECTION('',(-1.,0.,0.));
#11311 = ORIENTED_EDGE('',*,*,#1312,.F.);
#11312 = ORIENTED_EDGE('',*,*,#1226,.F.);
#11313 = ORIENTED_EDGE('',*,*,#11314,.T.);
#11314 = EDGE_CURVE('',#1219,#11296,#11315,.T.);
#11315 = LINE('',#11316,#11317);
#11316 = CARTESIAN_POINT('',(-5.85,4.475,-0.5));
#11317 = VECTOR('',#11318,1.);
#11318 = DIRECTION('',(-1.,0.,0.));
#11319 = PLANE('',#11320);
#11320 = AXIS2_PLACEMENT_3D('',#11321,#11322,#11323);
#11321 = CARTESIAN_POINT('',(14.988998899256,1.45,-0.5));
#11322 = DIRECTION('',(0.,0.,1.));
#11323 = DIRECTION('',(1.,0.,-0.));
#11324 = ADVANCED_FACE('',(#11325),#11352,.F.);
#11325 = FACE_BOUND('',#11326,.T.);
#11326 = EDGE_LOOP('',(#11327,#11336,#11344,#11350,#11351));
#11327 = ORIENTED_EDGE('',*,*,#11328,.T.);
#11328 = EDGE_CURVE('',#1586,#11329,#11331,.T.);
#11329 = VERTEX_POINT('',#11330);
#11330 = CARTESIAN_POINT('',(5.45,-5.5,-0.5));
#11331 = CIRCLE('',#11332,0.5);
#11332 = AXIS2_PLACEMENT_3D('',#11333,#11334,#11335);
#11333 = CARTESIAN_POINT('',(4.95,-5.5,-0.5));
#11334 = DIRECTION('',(0.,0.,1.));
#11335 = DIRECTION('',(1.,0.,-0.));
#11336 = ORIENTED_EDGE('',*,*,#11337,.T.);
#11337 = EDGE_CURVE('',#11329,#11338,#11340,.T.);
#11338 = VERTEX_POINT('',#11339);
#11339 = CARTESIAN_POINT('',(5.45,-4.475,-0.5));
#11340 = LINE('',#11341,#11342);
#11341 = CARTESIAN_POINT('',(5.45,5.5,-0.5));
#11342 = VECTOR('',#11343,1.);
#11343 = DIRECTION('',(-1.577021341797E-16,1.,0.));
#11344 = ORIENTED_EDGE('',*,*,#11345,.T.);
#11345 = EDGE_CURVE('',#11338,#1179,#11346,.T.);
#11346 = LINE('',#11347,#11348);
#11347 = CARTESIAN_POINT('',(-5.85,-4.475,-0.5));
#11348 = VECTOR('',#11349,1.);
#11349 = DIRECTION('',(1.,0.,0.));
#11350 = ORIENTED_EDGE('',*,*,#1195,.F.);
#11351 = ORIENTED_EDGE('',*,*,#1594,.F.);
#11352 = PLANE('',#11353);
#11353 = AXIS2_PLACEMENT_3D('',#11354,#11355,#11356);
#11354 = CARTESIAN_POINT('',(14.988998899256,-4.475,-0.5));
#11355 = DIRECTION('',(0.,0.,1.));
#11356 = DIRECTION('',(1.,0.,-0.));
#11357 = ADVANCED_FACE('',(#11358),#11377,.T.);
#11358 = FACE_BOUND('',#11359,.T.);
#11359 = EDGE_LOOP('',(#11360,#11368,#11369,#11370));
#11360 = ORIENTED_EDGE('',*,*,#11361,.F.);
#11361 = EDGE_CURVE('',#1569,#11362,#11364,.T.);
#11362 = VERTEX_POINT('',#11363);
#11363 = CARTESIAN_POINT('',(4.85,-6.,3.6));
#11364 = LINE('',#11365,#11366);
#11365 = CARTESIAN_POINT('',(4.85,-6.,-17.25977326815));
#11366 = VECTOR('',#11367,1.);
#11367 = DIRECTION('',(1.075528555106E-16,8.326672684689E-17,1.));
#11368 = ORIENTED_EDGE('',*,*,#1568,.T.);
#11369 = ORIENTED_EDGE('',*,*,#1164,.T.);
#11370 = ORIENTED_EDGE('',*,*,#11371,.F.);
#11371 = EDGE_CURVE('',#11362,#1157,#11372,.T.);
#11372 = CIRCLE('',#11373,1.);
#11373 = AXIS2_PLACEMENT_3D('',#11374,#11375,#11376);
#11374 = CARTESIAN_POINT('',(4.85,-5.,3.6));
#11375 = DIRECTION('',(0.,5.854827030937E-32,1.));
#11376 = DIRECTION('',(1.,0.,-0.));
#11377 = CYLINDRICAL_SURFACE('',#11378,1.);
#11378 = AXIS2_PLACEMENT_3D('',#11379,#11380,#11381);
#11379 = CARTESIAN_POINT('',(4.85,-5.,-17.25977326815));
#11380 = DIRECTION('',(0.,8.326672684689E-17,1.));
#11381 = DIRECTION('',(1.,0.,-0.));
#11382 = ADVANCED_FACE('',(#11383),#11400,.T.);
#11383 = FACE_BOUND('',#11384,.T.);
#11384 = EDGE_LOOP('',(#11385,#11391,#11392,#11398,#11399));
#11385 = ORIENTED_EDGE('',*,*,#11386,.T.);
#11386 = EDGE_CURVE('',#1149,#10032,#11387,.T.);
#11387 = LINE('',#11388,#11389);
#11388 = CARTESIAN_POINT('',(5.85,-4.7,3.6));
#11389 = VECTOR('',#11390,1.);
#11390 = DIRECTION('',(-1.,4.095959319487E-32,0.));
#11391 = ORIENTED_EDGE('',*,*,#10048,.T.);
#11392 = ORIENTED_EDGE('',*,*,#11393,.T.);
#11393 = EDGE_CURVE('',#10041,#11362,#11394,.T.);
#11394 = LINE('',#11395,#11396);
#11395 = CARTESIAN_POINT('',(3.85,-6.,3.6));
#11396 = VECTOR('',#11397,1.);
#11397 = DIRECTION('',(1.,-4.095959319487E-32,0.));
#11398 = ORIENTED_EDGE('',*,*,#11371,.T.);
#11399 = ORIENTED_EDGE('',*,*,#1156,.T.);
#11400 = PLANE('',#11401);
#11401 = AXIS2_PLACEMENT_3D('',#11402,#11403,#11404);
#11402 = CARTESIAN_POINT('',(4.85,-5.,3.6));
#11403 = DIRECTION('',(2.398113334135E-63,5.854827030937E-32,1.));
#11404 = DIRECTION('',(0.,-1.,5.854827030937E-32));
#11405 = ADVANCED_FACE('',(#11406),#11424,.F.);
#11406 = FACE_BOUND('',#11407,.T.);
#11407 = EDGE_LOOP('',(#11408,#11409,#11410,#11411,#11412,#11413,#11414,
    #11415,#11416,#11417,#11418));
#11408 = ORIENTED_EDGE('',*,*,#7860,.F.);
#11409 = ORIENTED_EDGE('',*,*,#7890,.T.);
#11410 = ORIENTED_EDGE('',*,*,#7984,.T.);
#11411 = ORIENTED_EDGE('',*,*,#7803,.T.);
#11412 = ORIENTED_EDGE('',*,*,#10891,.T.);
#11413 = ORIENTED_EDGE('',*,*,#9986,.F.);
#11414 = ORIENTED_EDGE('',*,*,#10000,.F.);
#11415 = ORIENTED_EDGE('',*,*,#10031,.F.);
#11416 = ORIENTED_EDGE('',*,*,#11386,.F.);
#11417 = ORIENTED_EDGE('',*,*,#1148,.T.);
#11418 = ORIENTED_EDGE('',*,*,#11419,.T.);
#11419 = EDGE_CURVE('',#1141,#7837,#11420,.T.);
#11420 = LINE('',#11421,#11422);
#11421 = CARTESIAN_POINT('',(5.85,-4.7,2.55));
#11422 = VECTOR('',#11423,1.);
#11423 = DIRECTION('',(-1.,2.040851148208E-15,0.));
#11424 = PLANE('',#11425);
#11425 = AXIS2_PLACEMENT_3D('',#11426,#11427,#11428);
#11426 = CARTESIAN_POINT('',(5.85,-4.7,3.05));
#11427 = DIRECTION('',(-2.040851148208E-15,-1.,-5.854827030937E-32));
#11428 = DIRECTION('',(-1.,2.040851148208E-15,0.));
#11429 = ADVANCED_FACE('',(#11430),#11441,.T.);
#11430 = FACE_BOUND('',#11431,.T.);
#11431 = EDGE_LOOP('',(#11432,#11433,#11434,#11435));
#11432 = ORIENTED_EDGE('',*,*,#7834,.T.);
#11433 = ORIENTED_EDGE('',*,*,#11419,.F.);
#11434 = ORIENTED_EDGE('',*,*,#1140,.T.);
#11435 = ORIENTED_EDGE('',*,*,#11436,.T.);
#11436 = EDGE_CURVE('',#1133,#7835,#11437,.T.);
#11437 = LINE('',#11438,#11439);
#11438 = CARTESIAN_POINT('',(-5.85,-4.475,2.55));
#11439 = VECTOR('',#11440,1.);
#11440 = DIRECTION('',(-1.,0.,0.));
#11441 = PLANE('',#11442);
#11442 = AXIS2_PLACEMENT_3D('',#11443,#11444,#11445);
#11443 = CARTESIAN_POINT('',(-5.85,-5.,2.55));
#11444 = DIRECTION('',(0.,0.,1.));
#11445 = DIRECTION('',(1.,0.,-0.));
#11446 = ADVANCED_FACE('',(#11447),#11470,.F.);
#11447 = FACE_BOUND('',#11448,.T.);
#11448 = EDGE_LOOP('',(#11449,#11450,#11458,#11465,#11466,#11467,#11468,
    #11469));
#11449 = ORIENTED_EDGE('',*,*,#11436,.F.);
#11450 = ORIENTED_EDGE('',*,*,#11451,.F.);
#11451 = EDGE_CURVE('',#11452,#1133,#11454,.T.);
#11452 = VERTEX_POINT('',#11453);
#11453 = CARTESIAN_POINT('',(5.85000000231,-4.475,2.8));
#11454 = LINE('',#11455,#11456);
#11455 = CARTESIAN_POINT('',(5.85,-4.475,3.30102500231));
#11456 = VECTOR('',#11457,1.);
#11457 = DIRECTION('',(0.,0.,-1.));
#11458 = ORIENTED_EDGE('',*,*,#11459,.F.);
#11459 = EDGE_CURVE('',#8035,#11452,#11460,.T.);
#11460 = CIRCLE('',#11461,0.50000000231);
#11461 = AXIS2_PLACEMENT_3D('',#11462,#11463,#11464);
#11462 = CARTESIAN_POINT('',(5.35,-4.475,2.8));
#11463 = DIRECTION('',(-2.465190328816E-32,1.,-1.734723467962E-15));
#11464 = DIRECTION('',(4.375557617246E-62,1.734723467962E-15,1.));
#11465 = ORIENTED_EDGE('',*,*,#8051,.F.);
#11466 = ORIENTED_EDGE('',*,*,#7914,.F.);
#11467 = ORIENTED_EDGE('',*,*,#7991,.T.);
#11468 = ORIENTED_EDGE('',*,*,#7874,.T.);
#11469 = ORIENTED_EDGE('',*,*,#7844,.F.);
#11470 = PLANE('',#11471);
#11471 = AXIS2_PLACEMENT_3D('',#11472,#11473,#11474);
#11472 = CARTESIAN_POINT('',(14.988998899256,-4.475,2.70635083269));
#11473 = DIRECTION('',(-0.,1.,0.));
#11474 = DIRECTION('',(1.,0.,0.));
#11475 = ADVANCED_FACE('',(#11476),#11495,.T.);
#11476 = FACE_BOUND('',#11477,.T.);
#11477 = EDGE_LOOP('',(#11478,#11486,#11493,#11494));
#11478 = ORIENTED_EDGE('',*,*,#11479,.T.);
#11479 = EDGE_CURVE('',#11452,#11480,#11482,.T.);
#11480 = VERTEX_POINT('',#11481);
#11481 = CARTESIAN_POINT('',(5.85,-2.975,2.8));
#11482 = LINE('',#11483,#11484);
#11483 = CARTESIAN_POINT('',(5.85000000231,-5.347364354584,2.8));
#11484 = VECTOR('',#11485,1.);
#11485 = DIRECTION('',(-2.465190328816E-32,1.,-1.037853504423E-15));
#11486 = ORIENTED_EDGE('',*,*,#11487,.T.);
#11487 = EDGE_CURVE('',#11480,#8033,#11488,.T.);
#11488 = CIRCLE('',#11489,0.50000000231);
#11489 = AXIS2_PLACEMENT_3D('',#11490,#11491,#11492);
#11490 = CARTESIAN_POINT('',(5.35,-2.975,2.8));
#11491 = DIRECTION('',(2.465190328816E-32,-1.,8.673617339812E-16));
#11492 = DIRECTION('',(-2.430865342915E-63,8.673617339812E-16,1.));
#11493 = ORIENTED_EDGE('',*,*,#8032,.T.);
#11494 = ORIENTED_EDGE('',*,*,#11459,.T.);
#11495 = CYLINDRICAL_SURFACE('',#11496,0.50000000231);
#11496 = AXIS2_PLACEMENT_3D('',#11497,#11498,#11499);
#11497 = CARTESIAN_POINT('',(5.35,-5.347364354584,2.8));
#11498 = DIRECTION('',(-2.465190328816E-32,1.,-1.734723467962E-15));
#11499 = DIRECTION('',(4.375557617246E-62,1.734723467962E-15,1.));
#11500 = ADVANCED_FACE('',(#11501),#11523,.F.);
#11501 = FACE_BOUND('',#11502,.T.);
#11502 = EDGE_LOOP('',(#11503,#11504,#11505,#11513,#11519,#11520,#11521,
    #11522));
#11503 = ORIENTED_EDGE('',*,*,#8042,.F.);
#11504 = ORIENTED_EDGE('',*,*,#11487,.F.);
#11505 = ORIENTED_EDGE('',*,*,#11506,.T.);
#11506 = EDGE_CURVE('',#11480,#11507,#11509,.T.);
#11507 = VERTEX_POINT('',#11508);
#11508 = CARTESIAN_POINT('',(5.85,-2.975,2.2));
#11509 = LINE('',#11510,#11511);
#11510 = CARTESIAN_POINT('',(5.85,-2.975,3.30102500231));
#11511 = VECTOR('',#11512,1.);
#11512 = DIRECTION('',(0.,0.,-1.));
#11513 = ORIENTED_EDGE('',*,*,#11514,.T.);
#11514 = EDGE_CURVE('',#11507,#8066,#11515,.T.);
#11515 = LINE('',#11516,#11517);
#11516 = CARTESIAN_POINT('',(14.988998899256,-2.975,2.2));
#11517 = VECTOR('',#11518,1.);
#11518 = DIRECTION('',(-1.,0.,0.));
#11519 = ORIENTED_EDGE('',*,*,#8098,.F.);
#11520 = ORIENTED_EDGE('',*,*,#8008,.T.);
#11521 = ORIENTED_EDGE('',*,*,#7967,.T.);
#11522 = ORIENTED_EDGE('',*,*,#7936,.T.);
#11523 = PLANE('',#11524);
#11524 = AXIS2_PLACEMENT_3D('',#11525,#11526,#11527);
#11525 = CARTESIAN_POINT('',(14.988998899256,-2.975,2.2));
#11526 = DIRECTION('',(0.,-1.,0.));
#11527 = DIRECTION('',(0.,0.,-1.));
#11528 = ADVANCED_FACE('',(#11529),#11547,.F.);
#11529 = FACE_BOUND('',#11530,.T.);
#11530 = EDGE_LOOP('',(#11531,#11532,#11533,#11541));
#11531 = ORIENTED_EDGE('',*,*,#8065,.F.);
#11532 = ORIENTED_EDGE('',*,*,#11514,.F.);
#11533 = ORIENTED_EDGE('',*,*,#11534,.F.);
#11534 = EDGE_CURVE('',#11535,#11507,#11537,.T.);
#11535 = VERTEX_POINT('',#11536);
#11536 = CARTESIAN_POINT('',(5.85,-1.25,2.2));
#11537 = LINE('',#11538,#11539);
#11538 = CARTESIAN_POINT('',(5.85,-2.975,2.2));
#11539 = VECTOR('',#11540,1.);
#11540 = DIRECTION('',(3.451162646541E-16,-1.,4.091113335966E-16));
#11541 = ORIENTED_EDGE('',*,*,#11542,.T.);
#11542 = EDGE_CURVE('',#11535,#8068,#11543,.T.);
#11543 = LINE('',#11544,#11545);
#11544 = CARTESIAN_POINT('',(14.988998899256,-1.25,2.2));
#11545 = VECTOR('',#11546,1.);
#11546 = DIRECTION('',(-1.,0.,0.));
#11547 = PLANE('',#11548);
#11548 = AXIS2_PLACEMENT_3D('',#11549,#11550,#11551);
#11549 = CARTESIAN_POINT('',(14.988998899256,-1.25,2.2));
#11550 = DIRECTION('',(0.,0.,-1.));
#11551 = DIRECTION('',(0.,-1.,0.));
#11552 = ADVANCED_FACE('',(#11553),#11566,.F.);
#11553 = FACE_BOUND('',#11554,.T.);
#11554 = EDGE_LOOP('',(#11555,#11556,#11557,#11563,#11564,#11565));
#11555 = ORIENTED_EDGE('',*,*,#8075,.F.);
#11556 = ORIENTED_EDGE('',*,*,#11542,.F.);
#11557 = ORIENTED_EDGE('',*,*,#11558,.F.);
#11558 = EDGE_CURVE('',#8113,#11535,#11559,.T.);
#11559 = LINE('',#11560,#11561);
#11560 = CARTESIAN_POINT('',(5.85,-1.25,2.2));
#11561 = VECTOR('',#11562,1.);
#11562 = DIRECTION('',(9.860761315263E-32,4.618419643834E-16,-1.));
#11563 = ORIENTED_EDGE('',*,*,#8112,.F.);
#11564 = ORIENTED_EDGE('',*,*,#8195,.T.);
#11565 = ORIENTED_EDGE('',*,*,#8228,.T.);
#11566 = PLANE('',#11567);
#11567 = AXIS2_PLACEMENT_3D('',#11568,#11569,#11570);
#11568 = CARTESIAN_POINT('',(14.988998899256,-1.25,2.55));
#11569 = DIRECTION('',(0.,1.,6.195440985632E-16));
#11570 = DIRECTION('',(0.,6.195440985632E-16,-1.));
#11571 = ADVANCED_FACE('',(#11572),#11583,.F.);
#11572 = FACE_BOUND('',#11573,.F.);
#11573 = EDGE_LOOP('',(#11574,#11575,#11581,#11582));
#11574 = ORIENTED_EDGE('',*,*,#8154,.F.);
#11575 = ORIENTED_EDGE('',*,*,#11576,.T.);
#11576 = EDGE_CURVE('',#8155,#8113,#11577,.T.);
#11577 = LINE('',#11578,#11579);
#11578 = CARTESIAN_POINT('',(5.85,2.562440474841,4.15));
#11579 = VECTOR('',#11580,1.);
#11580 = DIRECTION('',(-1.577021341797E-16,-1.,1.577021341797E-16));
#11581 = ORIENTED_EDGE('',*,*,#8120,.F.);
#11582 = ORIENTED_EDGE('',*,*,#8137,.F.);
#11583 = CYLINDRICAL_SURFACE('',#11584,0.2);
#11584 = AXIS2_PLACEMENT_3D('',#11585,#11586,#11587);
#11585 = CARTESIAN_POINT('',(6.05,20.39425810196,4.15));
#11586 = DIRECTION('',(0.,-1.,0.));
#11587 = DIRECTION('',(0.,0.,-1.));
#11588 = ADVANCED_FACE('',(#11589),#11609,.F.);
#11589 = FACE_BOUND('',#11590,.T.);
#11590 = EDGE_LOOP('',(#11591,#11592,#11593,#11594,#11595,#11603));
#11591 = ORIENTED_EDGE('',*,*,#8276,.F.);
#11592 = ORIENTED_EDGE('',*,*,#8210,.F.);
#11593 = ORIENTED_EDGE('',*,*,#8179,.T.);
#11594 = ORIENTED_EDGE('',*,*,#8163,.T.);
#11595 = ORIENTED_EDGE('',*,*,#11596,.F.);
#11596 = EDGE_CURVE('',#11597,#8155,#11599,.T.);
#11597 = VERTEX_POINT('',#11598);
#11598 = CARTESIAN_POINT('',(5.85,1.25,2.2));
#11599 = LINE('',#11600,#11601);
#11600 = CARTESIAN_POINT('',(5.85,1.25,2.9));
#11601 = VECTOR('',#11602,1.);
#11602 = DIRECTION('',(0.,1.577021341797E-16,1.));
#11603 = ORIENTED_EDGE('',*,*,#11604,.T.);
#11604 = EDGE_CURVE('',#11597,#8244,#11605,.T.);
#11605 = LINE('',#11606,#11607);
#11606 = CARTESIAN_POINT('',(14.988998899256,1.25,2.2));
#11607 = VECTOR('',#11608,1.);
#11608 = DIRECTION('',(-1.,0.,0.));
#11609 = PLANE('',#11610);
#11610 = AXIS2_PLACEMENT_3D('',#11611,#11612,#11613);
#11611 = CARTESIAN_POINT('',(14.988998899256,1.25,2.2));
#11612 = DIRECTION('',(0.,-1.,0.));
#11613 = DIRECTION('',(0.,0.,-1.));
#11614 = ADVANCED_FACE('',(#11615),#11633,.F.);
#11615 = FACE_BOUND('',#11616,.T.);
#11616 = EDGE_LOOP('',(#11617,#11618,#11619,#11627));
#11617 = ORIENTED_EDGE('',*,*,#8243,.F.);
#11618 = ORIENTED_EDGE('',*,*,#11604,.F.);
#11619 = ORIENTED_EDGE('',*,*,#11620,.F.);
#11620 = EDGE_CURVE('',#11621,#11597,#11623,.T.);
#11621 = VERTEX_POINT('',#11622);
#11622 = CARTESIAN_POINT('',(5.85,2.975,2.2));
#11623 = LINE('',#11624,#11625);
#11624 = CARTESIAN_POINT('',(5.85,1.25,2.2));
#11625 = VECTOR('',#11626,1.);
#11626 = DIRECTION('',(3.451162646541E-16,-1.,-3.451162646541E-16));
#11627 = ORIENTED_EDGE('',*,*,#11628,.F.);
#11628 = EDGE_CURVE('',#8246,#11621,#11629,.T.);
#11629 = LINE('',#11630,#11631);
#11630 = CARTESIAN_POINT('',(5.35,2.975,2.2));
#11631 = VECTOR('',#11632,1.);
#11632 = DIRECTION('',(1.,0.,0.));
#11633 = PLANE('',#11634);
#11634 = AXIS2_PLACEMENT_3D('',#11635,#11636,#11637);
#11635 = CARTESIAN_POINT('',(14.988998899256,2.975,2.2));
#11636 = DIRECTION('',(0.,0.,-1.));
#11637 = DIRECTION('',(0.,-1.,0.));
#11638 = ADVANCED_FACE('',(#11639),#11662,.F.);
#11639 = FACE_BOUND('',#11640,.T.);
#11640 = EDGE_LOOP('',(#11641,#11642,#11650,#11657,#11658,#11659,#11660,
    #11661));
#11641 = ORIENTED_EDGE('',*,*,#11628,.T.);
#11642 = ORIENTED_EDGE('',*,*,#11643,.F.);
#11643 = EDGE_CURVE('',#11644,#11621,#11646,.T.);
#11644 = VERTEX_POINT('',#11645);
#11645 = CARTESIAN_POINT('',(5.85000000231,2.975,2.8));
#11646 = LINE('',#11647,#11648);
#11647 = CARTESIAN_POINT('',(5.85,2.975,3.30102500231));
#11648 = VECTOR('',#11649,1.);
#11649 = DIRECTION('',(0.,0.,-1.));
#11650 = ORIENTED_EDGE('',*,*,#11651,.T.);
#11651 = EDGE_CURVE('',#11644,#8346,#11652,.T.);
#11652 = CIRCLE('',#11653,0.50000000231);
#11653 = AXIS2_PLACEMENT_3D('',#11654,#11655,#11656);
#11654 = CARTESIAN_POINT('',(5.35,2.975,2.8));
#11655 = DIRECTION('',(0.,-1.,0.));
#11656 = DIRECTION('',(0.,0.,1.));
#11657 = ORIENTED_EDGE('',*,*,#8371,.F.);
#11658 = ORIENTED_EDGE('',*,*,#8322,.F.);
#11659 = ORIENTED_EDGE('',*,*,#8529,.F.);
#11660 = ORIENTED_EDGE('',*,*,#8291,.F.);
#11661 = ORIENTED_EDGE('',*,*,#8253,.F.);
#11662 = PLANE('',#11663);
#11663 = AXIS2_PLACEMENT_3D('',#11664,#11665,#11666);
#11664 = CARTESIAN_POINT('',(5.35,2.975,3.30102500231));
#11665 = DIRECTION('',(-0.,1.,0.));
#11666 = DIRECTION('',(1.,0.,0.));
#11667 = ADVANCED_FACE('',(#11668),#11687,.T.);
#11668 = FACE_BOUND('',#11669,.T.);
#11669 = EDGE_LOOP('',(#11670,#11671,#11679,#11686));
#11670 = ORIENTED_EDGE('',*,*,#11651,.F.);
#11671 = ORIENTED_EDGE('',*,*,#11672,.F.);
#11672 = EDGE_CURVE('',#11673,#11644,#11675,.T.);
#11673 = VERTEX_POINT('',#11674);
#11674 = CARTESIAN_POINT('',(5.85,4.475,2.8));
#11675 = LINE('',#11676,#11677);
#11676 = CARTESIAN_POINT('',(5.850000001155,-5.347364354584,2.8));
#11677 = VECTOR('',#11678,1.);
#11678 = DIRECTION('',(2.465190328816E-32,-1.,1.037853504423E-15));
#11679 = ORIENTED_EDGE('',*,*,#11680,.F.);
#11680 = EDGE_CURVE('',#8348,#11673,#11681,.T.);
#11681 = CIRCLE('',#11682,0.50000000231);
#11682 = AXIS2_PLACEMENT_3D('',#11683,#11684,#11685);
#11683 = CARTESIAN_POINT('',(5.35,4.475,2.8));
#11684 = DIRECTION('',(0.,1.,0.));
#11685 = DIRECTION('',(0.,0.,-1.));
#11686 = ORIENTED_EDGE('',*,*,#8345,.F.);
#11687 = CYLINDRICAL_SURFACE('',#11688,0.50000000231);
#11688 = AXIS2_PLACEMENT_3D('',#11689,#11690,#11691);
#11689 = CARTESIAN_POINT('',(5.35,-5.347364354584,2.8));
#11690 = DIRECTION('',(-2.465190328816E-32,1.,-1.734723467962E-15));
#11691 = DIRECTION('',(4.375557617246E-62,1.734723467962E-15,1.));
#11692 = ADVANCED_FACE('',(#11693),#11713,.F.);
#11693 = FACE_BOUND('',#11694,.T.);
#11694 = EDGE_LOOP('',(#11695,#11696,#11702,#11708,#11709,#11710,#11711,
    #11712));
#11695 = ORIENTED_EDGE('',*,*,#11680,.T.);
#11696 = ORIENTED_EDGE('',*,*,#11697,.T.);
#11697 = EDGE_CURVE('',#11673,#1101,#11698,.T.);
#11698 = LINE('',#11699,#11700);
#11699 = CARTESIAN_POINT('',(5.85,4.475,3.30102500231));
#11700 = VECTOR('',#11701,1.);
#11701 = DIRECTION('',(0.,0.,-1.));
#11702 = ORIENTED_EDGE('',*,*,#11703,.F.);
#11703 = EDGE_CURVE('',#8451,#1101,#11704,.T.);
#11704 = LINE('',#11705,#11706);
#11705 = CARTESIAN_POINT('',(-5.85,4.475,2.55));
#11706 = VECTOR('',#11707,1.);
#11707 = DIRECTION('',(1.,0.,0.));
#11708 = ORIENTED_EDGE('',*,*,#8450,.F.);
#11709 = ORIENTED_EDGE('',*,*,#8480,.F.);
#11710 = ORIENTED_EDGE('',*,*,#8512,.F.);
#11711 = ORIENTED_EDGE('',*,*,#8395,.T.);
#11712 = ORIENTED_EDGE('',*,*,#8355,.F.);
#11713 = PLANE('',#11714);
#11714 = AXIS2_PLACEMENT_3D('',#11715,#11716,#11717);
#11715 = CARTESIAN_POINT('',(5.35,4.475,3.30102500231));
#11716 = DIRECTION('',(0.,-1.,0.));
#11717 = DIRECTION('',(0.,0.,-1.));
#11718 = ADVANCED_FACE('',(#11719),#11730,.T.);
#11719 = FACE_BOUND('',#11720,.T.);
#11720 = EDGE_LOOP('',(#11721,#11722,#11728,#11729));
#11721 = ORIENTED_EDGE('',*,*,#1100,.T.);
#11722 = ORIENTED_EDGE('',*,*,#11723,.F.);
#11723 = EDGE_CURVE('',#8459,#1093,#11724,.T.);
#11724 = LINE('',#11725,#11726);
#11725 = CARTESIAN_POINT('',(5.425,4.7,2.55));
#11726 = VECTOR('',#11727,1.);
#11727 = DIRECTION('',(1.,2.040851148208E-15,0.));
#11728 = ORIENTED_EDGE('',*,*,#8458,.T.);
#11729 = ORIENTED_EDGE('',*,*,#11703,.T.);
#11730 = PLANE('',#11731);
#11731 = AXIS2_PLACEMENT_3D('',#11732,#11733,#11734);
#11732 = CARTESIAN_POINT('',(-5.85,4.475,2.55));
#11733 = DIRECTION('',(0.,0.,1.));
#11734 = DIRECTION('',(1.,0.,-0.));
#11735 = ADVANCED_FACE('',(#11736),#11754,.F.);
#11736 = FACE_BOUND('',#11737,.T.);
#11737 = EDGE_LOOP('',(#11738,#11739,#11740,#11741,#11742,#11743,#11749,
    #11750,#11751,#11752,#11753));
#11738 = ORIENTED_EDGE('',*,*,#8519,.F.);
#11739 = ORIENTED_EDGE('',*,*,#8489,.F.);
#11740 = ORIENTED_EDGE('',*,*,#8466,.T.);
#11741 = ORIENTED_EDGE('',*,*,#11723,.T.);
#11742 = ORIENTED_EDGE('',*,*,#1092,.F.);
#11743 = ORIENTED_EDGE('',*,*,#11744,.F.);
#11744 = EDGE_CURVE('',#8952,#1085,#11745,.T.);
#11745 = LINE('',#11746,#11747);
#11746 = CARTESIAN_POINT('',(3.85,4.7,3.6));
#11747 = VECTOR('',#11748,1.);
#11748 = DIRECTION('',(1.,8.673617379884E-16,0.));
#11749 = ORIENTED_EDGE('',*,*,#8951,.T.);
#11750 = ORIENTED_EDGE('',*,*,#8989,.F.);
#11751 = ORIENTED_EDGE('',*,*,#9014,.T.);
#11752 = ORIENTED_EDGE('',*,*,#10908,.T.);
#11753 = ORIENTED_EDGE('',*,*,#8417,.F.);
#11754 = PLANE('',#11755);
#11755 = AXIS2_PLACEMENT_3D('',#11756,#11757,#11758);
#11756 = CARTESIAN_POINT('',(5.425,4.7,3.05));
#11757 = DIRECTION('',(-2.040851148208E-15,1.,5.854827030937E-32));
#11758 = DIRECTION('',(1.,2.040851148208E-15,0.));
#11759 = ADVANCED_FACE('',(#11760),#11780,.T.);
#11760 = FACE_BOUND('',#11761,.T.);
#11761 = EDGE_LOOP('',(#11762,#11763,#11772,#11778,#11779));
#11762 = ORIENTED_EDGE('',*,*,#1084,.T.);
#11763 = ORIENTED_EDGE('',*,*,#11764,.T.);
#11764 = EDGE_CURVE('',#1077,#11765,#11767,.T.);
#11765 = VERTEX_POINT('',#11766);
#11766 = CARTESIAN_POINT('',(4.85,6.,3.6));
#11767 = CIRCLE('',#11768,1.);
#11768 = AXIS2_PLACEMENT_3D('',#11769,#11770,#11771);
#11769 = CARTESIAN_POINT('',(4.85,5.,3.6));
#11770 = DIRECTION('',(0.,5.854827030937E-32,1.));
#11771 = DIRECTION('',(1.,0.,-0.));
#11772 = ORIENTED_EDGE('',*,*,#11773,.T.);
#11773 = EDGE_CURVE('',#11765,#8934,#11774,.T.);
#11774 = LINE('',#11775,#11776);
#11775 = CARTESIAN_POINT('',(4.85,6.,3.6));
#11776 = VECTOR('',#11777,1.);
#11777 = DIRECTION('',(-1.,8.673617379884E-16,0.));
#11778 = ORIENTED_EDGE('',*,*,#8959,.T.);
#11779 = ORIENTED_EDGE('',*,*,#11744,.T.);
#11780 = PLANE('',#11781);
#11781 = AXIS2_PLACEMENT_3D('',#11782,#11783,#11784);
#11782 = CARTESIAN_POINT('',(4.85,5.,3.6));
#11783 = DIRECTION('',(2.398113334135E-63,5.854827030937E-32,1.));
#11784 = DIRECTION('',(0.,-1.,5.854827030937E-32));
#11785 = ADVANCED_FACE('',(#11786),#11797,.T.);
#11786 = FACE_BOUND('',#11787,.T.);
#11787 = EDGE_LOOP('',(#11788,#11789,#11790,#11796));
#11788 = ORIENTED_EDGE('',*,*,#1076,.F.);
#11789 = ORIENTED_EDGE('',*,*,#1302,.T.);
#11790 = ORIENTED_EDGE('',*,*,#11791,.T.);
#11791 = EDGE_CURVE('',#1303,#11765,#11792,.T.);
#11792 = LINE('',#11793,#11794);
#11793 = CARTESIAN_POINT('',(4.85,6.,-17.25977326815));
#11794 = VECTOR('',#11795,1.);
#11795 = DIRECTION('',(1.075528555106E-16,8.326672684689E-17,1.));
#11796 = ORIENTED_EDGE('',*,*,#11764,.F.);
#11797 = CYLINDRICAL_SURFACE('',#11798,1.);
#11798 = AXIS2_PLACEMENT_3D('',#11799,#11800,#11801);
#11799 = CARTESIAN_POINT('',(4.85,5.,-17.25977326815));
#11800 = DIRECTION('',(0.,8.326672684689E-17,1.));
#11801 = DIRECTION('',(1.,0.,-0.));
#11802 = ADVANCED_FACE('',(#11803),#11828,.T.);
#11803 = FACE_BOUND('',#11804,.T.);
#11804 = EDGE_LOOP('',(#11805,#11813,#11821));
#11805 = ORIENTED_EDGE('',*,*,#11806,.F.);
#11806 = EDGE_CURVE('',#11807,#1272,#11809,.T.);
#11807 = VERTEX_POINT('',#11808);
#11808 = CARTESIAN_POINT('',(-5.45,4.475,-0.5));
#11809 = LINE('',#11810,#11811);
#11810 = CARTESIAN_POINT('',(-5.85,4.475,-0.5));
#11811 = VECTOR('',#11812,1.);
#11812 = DIRECTION('',(-1.,0.,0.));
#11813 = ORIENTED_EDGE('',*,*,#11814,.T.);
#11814 = EDGE_CURVE('',#11807,#11815,#11817,.T.);
#11815 = VERTEX_POINT('',#11816);
#11816 = CARTESIAN_POINT('',(-5.45,4.475,-0.9));
#11817 = LINE('',#11818,#11819);
#11818 = CARTESIAN_POINT('',(-5.45,4.475,23.12308193272));
#11819 = VECTOR('',#11820,1.);
#11820 = DIRECTION('',(0.,0.,-1.));
#11821 = ORIENTED_EDGE('',*,*,#11822,.F.);
#11822 = EDGE_CURVE('',#1272,#11815,#11823,.T.);
#11823 = CIRCLE('',#11824,0.4);
#11824 = AXIS2_PLACEMENT_3D('',#11825,#11826,#11827);
#11825 = CARTESIAN_POINT('',(-5.45,4.475,-0.5));
#11826 = DIRECTION('',(0.,-1.,0.));
#11827 = DIRECTION('',(0.,0.,1.));
#11828 = PLANE('',#11829);
#11829 = AXIS2_PLACEMENT_3D('',#11830,#11831,#11832);
#11830 = CARTESIAN_POINT('',(-5.45,4.475,-0.5));
#11831 = DIRECTION('',(-0.,1.,0.));
#11832 = DIRECTION('',(1.,0.,0.));
#11833 = ADVANCED_FACE('',(#11834),#11852,.T.);
#11834 = FACE_BOUND('',#11835,.T.);
#11835 = EDGE_LOOP('',(#11836,#11844,#11845));
#11836 = ORIENTED_EDGE('',*,*,#11837,.F.);
#11837 = EDGE_CURVE('',#11296,#11838,#11840,.T.);
#11838 = VERTEX_POINT('',#11839);
#11839 = CARTESIAN_POINT('',(5.45,4.475,-0.9));
#11840 = LINE('',#11841,#11842);
#11841 = CARTESIAN_POINT('',(5.45,4.475,23.12308193272));
#11842 = VECTOR('',#11843,1.);
#11843 = DIRECTION('',(0.,0.,-1.));
#11844 = ORIENTED_EDGE('',*,*,#11314,.F.);
#11845 = ORIENTED_EDGE('',*,*,#11846,.F.);
#11846 = EDGE_CURVE('',#11838,#1219,#11847,.T.);
#11847 = CIRCLE('',#11848,0.4);
#11848 = AXIS2_PLACEMENT_3D('',#11849,#11850,#11851);
#11849 = CARTESIAN_POINT('',(5.45,4.475,-0.5));
#11850 = DIRECTION('',(0.,-1.,0.));
#11851 = DIRECTION('',(0.,0.,1.));
#11852 = PLANE('',#11853);
#11853 = AXIS2_PLACEMENT_3D('',#11854,#11855,#11856);
#11854 = CARTESIAN_POINT('',(5.45,4.475,-0.5));
#11855 = DIRECTION('',(-0.,1.,0.));
#11856 = DIRECTION('',(1.,0.,0.));
#11857 = ADVANCED_FACE('',(#11858),#11878,.T.);
#11858 = FACE_BOUND('',#11859,.T.);
#11859 = EDGE_LOOP('',(#11860,#11868,#11875,#11876,#11877));
#11860 = ORIENTED_EDGE('',*,*,#11861,.T.);
#11861 = EDGE_CURVE('',#11298,#11862,#11864,.T.);
#11862 = VERTEX_POINT('',#11863);
#11863 = CARTESIAN_POINT('',(5.45,5.5,-0.9));
#11864 = LINE('',#11865,#11866);
#11865 = CARTESIAN_POINT('',(5.45,5.5,23.12308193272));
#11866 = VECTOR('',#11867,1.);
#11867 = DIRECTION('',(0.,0.,-1.));
#11868 = ORIENTED_EDGE('',*,*,#11869,.T.);
#11869 = EDGE_CURVE('',#11862,#1362,#11870,.T.);
#11870 = CIRCLE('',#11871,0.5);
#11871 = AXIS2_PLACEMENT_3D('',#11872,#11873,#11874);
#11872 = CARTESIAN_POINT('',(4.95,5.5,-0.9));
#11873 = DIRECTION('',(0.,0.,1.));
#11874 = DIRECTION('',(-1.,0.,0.));
#11875 = ORIENTED_EDGE('',*,*,#1361,.F.);
#11876 = ORIENTED_EDGE('',*,*,#9319,.F.);
#11877 = ORIENTED_EDGE('',*,*,#11305,.F.);
#11878 = CYLINDRICAL_SURFACE('',#11879,0.5);
#11879 = AXIS2_PLACEMENT_3D('',#11880,#11881,#11882);
#11880 = CARTESIAN_POINT('',(4.95,5.5,23.12308193272));
#11881 = DIRECTION('',(0.,0.,-1.));
#11882 = DIRECTION('',(-1.,0.,0.));
#11883 = ADVANCED_FACE('',(#11884),#11902,.F.);
#11884 = FACE_BOUND('',#11885,.T.);
#11885 = EDGE_LOOP('',(#11886,#11887,#11895,#11901));
#11886 = ORIENTED_EDGE('',*,*,#1377,.T.);
#11887 = ORIENTED_EDGE('',*,*,#11888,.T.);
#11888 = EDGE_CURVE('',#1370,#11889,#11891,.T.);
#11889 = VERTEX_POINT('',#11890);
#11890 = CARTESIAN_POINT('',(4.25,5.8,-0.9));
#11891 = LINE('',#11892,#11893);
#11892 = CARTESIAN_POINT('',(4.25,6.,-0.9));
#11893 = VECTOR('',#11894,1.);
#11894 = DIRECTION('',(-4.336808689942E-15,-1.,0.));
#11895 = ORIENTED_EDGE('',*,*,#11896,.F.);
#11896 = EDGE_CURVE('',#9287,#11889,#11897,.T.);
#11897 = LINE('',#11898,#11899);
#11898 = CARTESIAN_POINT('',(4.25,5.8,23.12308193272));
#11899 = VECTOR('',#11900,1.);
#11900 = DIRECTION('',(0.,0.,-1.));
#11901 = ORIENTED_EDGE('',*,*,#9286,.F.);
#11902 = PLANE('',#11903);
#11903 = AXIS2_PLACEMENT_3D('',#11904,#11905,#11906);
#11904 = CARTESIAN_POINT('',(4.25,6.,23.12308193272));
#11905 = DIRECTION('',(1.,-4.336808689942E-15,0.));
#11906 = DIRECTION('',(-4.336808689942E-15,-1.,0.));
#11907 = ADVANCED_FACE('',(#11908),#11926,.F.);
#11908 = FACE_BOUND('',#11909,.T.);
#11909 = EDGE_LOOP('',(#11910,#11911,#11919,#11925));
#11910 = ORIENTED_EDGE('',*,*,#11896,.T.);
#11911 = ORIENTED_EDGE('',*,*,#11912,.T.);
#11912 = EDGE_CURVE('',#11889,#11913,#11915,.T.);
#11913 = VERTEX_POINT('',#11914);
#11914 = CARTESIAN_POINT('',(3.65,5.8,-0.9));
#11915 = LINE('',#11916,#11917);
#11916 = CARTESIAN_POINT('',(4.25,5.8,-0.9));
#11917 = VECTOR('',#11918,1.);
#11918 = DIRECTION('',(-1.,0.,0.));
#11919 = ORIENTED_EDGE('',*,*,#11920,.F.);
#11920 = EDGE_CURVE('',#9295,#11913,#11921,.T.);
#11921 = LINE('',#11922,#11923);
#11922 = CARTESIAN_POINT('',(3.65,5.8,23.12308193272));
#11923 = VECTOR('',#11924,1.);
#11924 = DIRECTION('',(0.,0.,-1.));
#11925 = ORIENTED_EDGE('',*,*,#9294,.F.);
#11926 = PLANE('',#11927);
#11927 = AXIS2_PLACEMENT_3D('',#11928,#11929,#11930);
#11928 = CARTESIAN_POINT('',(4.25,5.8,23.12308193272));
#11929 = DIRECTION('',(0.,-1.,0.));
#11930 = DIRECTION('',(0.,0.,-1.));
#11931 = ADVANCED_FACE('',(#11932),#11943,.F.);
#11932 = FACE_BOUND('',#11933,.T.);
#11933 = EDGE_LOOP('',(#11934,#11935,#11941,#11942));
#11934 = ORIENTED_EDGE('',*,*,#11920,.T.);
#11935 = ORIENTED_EDGE('',*,*,#11936,.T.);
#11936 = EDGE_CURVE('',#11913,#1394,#11937,.T.);
#11937 = LINE('',#11938,#11939);
#11938 = CARTESIAN_POINT('',(3.65,5.8,-0.9));
#11939 = VECTOR('',#11940,1.);
#11940 = DIRECTION('',(0.,1.,0.));
#11941 = ORIENTED_EDGE('',*,*,#1393,.F.);
#11942 = ORIENTED_EDGE('',*,*,#9302,.F.);
#11943 = PLANE('',#11944);
#11944 = AXIS2_PLACEMENT_3D('',#11945,#11946,#11947);
#11945 = CARTESIAN_POINT('',(3.65,5.8,23.12308193272));
#11946 = DIRECTION('',(-1.,0.,0.));
#11947 = DIRECTION('',(0.,0.,1.));
#11948 = ADVANCED_FACE('',(#11949),#11967,.F.);
#11949 = FACE_BOUND('',#11950,.T.);
#11950 = EDGE_LOOP('',(#11951,#11952,#11960,#11966));
#11951 = ORIENTED_EDGE('',*,*,#1409,.T.);
#11952 = ORIENTED_EDGE('',*,*,#11953,.T.);
#11953 = EDGE_CURVE('',#1402,#11954,#11956,.T.);
#11954 = VERTEX_POINT('',#11955);
#11955 = CARTESIAN_POINT('',(2.85,5.8,-0.9));
#11956 = LINE('',#11957,#11958);
#11957 = CARTESIAN_POINT('',(2.85,6.,-0.9));
#11958 = VECTOR('',#11959,1.);
#11959 = DIRECTION('',(0.,-1.,0.));
#11960 = ORIENTED_EDGE('',*,*,#11961,.F.);
#11961 = EDGE_CURVE('',#9256,#11954,#11962,.T.);
#11962 = LINE('',#11963,#11964);
#11963 = CARTESIAN_POINT('',(2.85,5.8,23.12308193272));
#11964 = VECTOR('',#11965,1.);
#11965 = DIRECTION('',(0.,0.,-1.));
#11966 = ORIENTED_EDGE('',*,*,#9255,.F.);
#11967 = PLANE('',#11968);
#11968 = AXIS2_PLACEMENT_3D('',#11969,#11970,#11971);
#11969 = CARTESIAN_POINT('',(2.85,6.,23.12308193272));
#11970 = DIRECTION('',(1.,0.,0.));
#11971 = DIRECTION('',(-0.,1.,0.));
#11972 = ADVANCED_FACE('',(#11973),#11991,.F.);
#11973 = FACE_BOUND('',#11974,.T.);
#11974 = EDGE_LOOP('',(#11975,#11976,#11984,#11990));
#11975 = ORIENTED_EDGE('',*,*,#11961,.T.);
#11976 = ORIENTED_EDGE('',*,*,#11977,.T.);
#11977 = EDGE_CURVE('',#11954,#11978,#11980,.T.);
#11978 = VERTEX_POINT('',#11979);
#11979 = CARTESIAN_POINT('',(2.25,5.8,-0.9));
#11980 = LINE('',#11981,#11982);
#11981 = CARTESIAN_POINT('',(2.85,5.8,-0.9));
#11982 = VECTOR('',#11983,1.);
#11983 = DIRECTION('',(-1.,0.,0.));
#11984 = ORIENTED_EDGE('',*,*,#11985,.F.);
#11985 = EDGE_CURVE('',#9264,#11978,#11986,.T.);
#11986 = LINE('',#11987,#11988);
#11987 = CARTESIAN_POINT('',(2.25,5.8,23.12308193272));
#11988 = VECTOR('',#11989,1.);
#11989 = DIRECTION('',(0.,0.,-1.));
#11990 = ORIENTED_EDGE('',*,*,#9263,.F.);
#11991 = PLANE('',#11992);
#11992 = AXIS2_PLACEMENT_3D('',#11993,#11994,#11995);
#11993 = CARTESIAN_POINT('',(2.85,5.8,23.12308193272));
#11994 = DIRECTION('',(0.,-1.,0.));
#11995 = DIRECTION('',(0.,0.,-1.));
#11996 = ADVANCED_FACE('',(#11997),#12008,.F.);
#11997 = FACE_BOUND('',#11998,.T.);
#11998 = EDGE_LOOP('',(#11999,#12000,#12006,#12007));
#11999 = ORIENTED_EDGE('',*,*,#11985,.T.);
#12000 = ORIENTED_EDGE('',*,*,#12001,.T.);
#12001 = EDGE_CURVE('',#11978,#1426,#12002,.T.);
#12002 = LINE('',#12003,#12004);
#12003 = CARTESIAN_POINT('',(2.25,5.8,-0.9));
#12004 = VECTOR('',#12005,1.);
#12005 = DIRECTION('',(0.,1.,0.));
#12006 = ORIENTED_EDGE('',*,*,#1425,.F.);
#12007 = ORIENTED_EDGE('',*,*,#9271,.F.);
#12008 = PLANE('',#12009);
#12009 = AXIS2_PLACEMENT_3D('',#12010,#12011,#12012);
#12010 = CARTESIAN_POINT('',(2.25,5.8,23.12308193272));
#12011 = DIRECTION('',(-1.,0.,0.));
#12012 = DIRECTION('',(0.,0.,1.));
#12013 = ADVANCED_FACE('',(#12014),#12032,.F.);
#12014 = FACE_BOUND('',#12015,.T.);
#12015 = EDGE_LOOP('',(#12016,#12017,#12025,#12031));
#12016 = ORIENTED_EDGE('',*,*,#1441,.T.);
#12017 = ORIENTED_EDGE('',*,*,#12018,.T.);
#12018 = EDGE_CURVE('',#1434,#12019,#12021,.T.);
#12019 = VERTEX_POINT('',#12020);
#12020 = CARTESIAN_POINT('',(-2.25,5.8,-0.9));
#12021 = LINE('',#12022,#12023);
#12022 = CARTESIAN_POINT('',(-2.25,6.,-0.9));
#12023 = VECTOR('',#12024,1.);
#12024 = DIRECTION('',(0.,-1.,0.));
#12025 = ORIENTED_EDGE('',*,*,#12026,.F.);
#12026 = EDGE_CURVE('',#9225,#12019,#12027,.T.);
#12027 = LINE('',#12028,#12029);
#12028 = CARTESIAN_POINT('',(-2.25,5.8,23.12308193272));
#12029 = VECTOR('',#12030,1.);
#12030 = DIRECTION('',(0.,0.,-1.));
#12031 = ORIENTED_EDGE('',*,*,#9224,.F.);
#12032 = PLANE('',#12033);
#12033 = AXIS2_PLACEMENT_3D('',#12034,#12035,#12036);
#12034 = CARTESIAN_POINT('',(-2.25,6.,23.12308193272));
#12035 = DIRECTION('',(1.,0.,0.));
#12036 = DIRECTION('',(-0.,1.,0.));
#12037 = ADVANCED_FACE('',(#12038),#12056,.F.);
#12038 = FACE_BOUND('',#12039,.T.);
#12039 = EDGE_LOOP('',(#12040,#12041,#12049,#12055));
#12040 = ORIENTED_EDGE('',*,*,#12026,.T.);
#12041 = ORIENTED_EDGE('',*,*,#12042,.T.);
#12042 = EDGE_CURVE('',#12019,#12043,#12045,.T.);
#12043 = VERTEX_POINT('',#12044);
#12044 = CARTESIAN_POINT('',(-2.85,5.8,-0.9));
#12045 = LINE('',#12046,#12047);
#12046 = CARTESIAN_POINT('',(-2.25,5.8,-0.9));
#12047 = VECTOR('',#12048,1.);
#12048 = DIRECTION('',(-1.,0.,0.));
#12049 = ORIENTED_EDGE('',*,*,#12050,.F.);
#12050 = EDGE_CURVE('',#9233,#12043,#12051,.T.);
#12051 = LINE('',#12052,#12053);
#12052 = CARTESIAN_POINT('',(-2.85,5.8,23.12308193272));
#12053 = VECTOR('',#12054,1.);
#12054 = DIRECTION('',(0.,0.,-1.));
#12055 = ORIENTED_EDGE('',*,*,#9232,.F.);
#12056 = PLANE('',#12057);
#12057 = AXIS2_PLACEMENT_3D('',#12058,#12059,#12060);
#12058 = CARTESIAN_POINT('',(-2.25,5.8,23.12308193272));
#12059 = DIRECTION('',(0.,-1.,0.));
#12060 = DIRECTION('',(0.,0.,-1.));
#12061 = ADVANCED_FACE('',(#12062),#12073,.F.);
#12062 = FACE_BOUND('',#12063,.T.);
#12063 = EDGE_LOOP('',(#12064,#12065,#12071,#12072));
#12064 = ORIENTED_EDGE('',*,*,#12050,.T.);
#12065 = ORIENTED_EDGE('',*,*,#12066,.T.);
#12066 = EDGE_CURVE('',#12043,#1458,#12067,.T.);
#12067 = LINE('',#12068,#12069);
#12068 = CARTESIAN_POINT('',(-2.85,5.8,-0.9));
#12069 = VECTOR('',#12070,1.);
#12070 = DIRECTION('',(0.,1.,0.));
#12071 = ORIENTED_EDGE('',*,*,#1457,.F.);
#12072 = ORIENTED_EDGE('',*,*,#9240,.F.);
#12073 = PLANE('',#12074);
#12074 = AXIS2_PLACEMENT_3D('',#12075,#12076,#12077);
#12075 = CARTESIAN_POINT('',(-2.85,5.8,23.12308193272));
#12076 = DIRECTION('',(-1.,0.,0.));
#12077 = DIRECTION('',(0.,0.,1.));
#12078 = ADVANCED_FACE('',(#12079),#12097,.F.);
#12079 = FACE_BOUND('',#12080,.T.);
#12080 = EDGE_LOOP('',(#12081,#12082,#12090,#12096));
#12081 = ORIENTED_EDGE('',*,*,#1473,.T.);
#12082 = ORIENTED_EDGE('',*,*,#12083,.T.);
#12083 = EDGE_CURVE('',#1466,#12084,#12086,.T.);
#12084 = VERTEX_POINT('',#12085);
#12085 = CARTESIAN_POINT('',(-3.65,5.8,-0.9));
#12086 = LINE('',#12087,#12088);
#12087 = CARTESIAN_POINT('',(-3.65,5.8,-0.9));
#12088 = VECTOR('',#12089,1.);
#12089 = DIRECTION('',(0.,-1.,0.));
#12090 = ORIENTED_EDGE('',*,*,#12091,.F.);
#12091 = EDGE_CURVE('',#9194,#12084,#12092,.T.);
#12092 = LINE('',#12093,#12094);
#12093 = CARTESIAN_POINT('',(-3.65,5.8,23.12308193272));
#12094 = VECTOR('',#12095,1.);
#12095 = DIRECTION('',(0.,0.,-1.));
#12096 = ORIENTED_EDGE('',*,*,#9193,.F.);
#12097 = PLANE('',#12098);
#12098 = AXIS2_PLACEMENT_3D('',#12099,#12100,#12101);
#12099 = CARTESIAN_POINT('',(-3.65,5.8,23.12308193272));
#12100 = DIRECTION('',(1.,0.,0.));
#12101 = DIRECTION('',(-0.,1.,0.));
#12102 = ADVANCED_FACE('',(#12103),#12121,.F.);
#12103 = FACE_BOUND('',#12104,.T.);
#12104 = EDGE_LOOP('',(#12105,#12106,#12114,#12120));
#12105 = ORIENTED_EDGE('',*,*,#12091,.T.);
#12106 = ORIENTED_EDGE('',*,*,#12107,.T.);
#12107 = EDGE_CURVE('',#12084,#12108,#12110,.T.);
#12108 = VERTEX_POINT('',#12109);
#12109 = CARTESIAN_POINT('',(-4.25,5.8,-0.9));
#12110 = LINE('',#12111,#12112);
#12111 = CARTESIAN_POINT('',(-3.65,5.8,-0.9));
#12112 = VECTOR('',#12113,1.);
#12113 = DIRECTION('',(-1.,0.,0.));
#12114 = ORIENTED_EDGE('',*,*,#12115,.F.);
#12115 = EDGE_CURVE('',#9202,#12108,#12116,.T.);
#12116 = LINE('',#12117,#12118);
#12117 = CARTESIAN_POINT('',(-4.25,5.8,23.12308193272));
#12118 = VECTOR('',#12119,1.);
#12119 = DIRECTION('',(0.,0.,-1.));
#12120 = ORIENTED_EDGE('',*,*,#9201,.F.);
#12121 = PLANE('',#12122);
#12122 = AXIS2_PLACEMENT_3D('',#12123,#12124,#12125);
#12123 = CARTESIAN_POINT('',(-3.65,5.8,23.12308193272));
#12124 = DIRECTION('',(0.,-1.,0.));
#12125 = DIRECTION('',(0.,0.,-1.));
#12126 = ADVANCED_FACE('',(#12127),#12138,.F.);
#12127 = FACE_BOUND('',#12128,.T.);
#12128 = EDGE_LOOP('',(#12129,#12130,#12136,#12137));
#12129 = ORIENTED_EDGE('',*,*,#12115,.T.);
#12130 = ORIENTED_EDGE('',*,*,#12131,.T.);
#12131 = EDGE_CURVE('',#12108,#1490,#12132,.T.);
#12132 = LINE('',#12133,#12134);
#12133 = CARTESIAN_POINT('',(-4.25,6.,-0.9));
#12134 = VECTOR('',#12135,1.);
#12135 = DIRECTION('',(-4.336808689942E-15,1.,0.));
#12136 = ORIENTED_EDGE('',*,*,#1489,.F.);
#12137 = ORIENTED_EDGE('',*,*,#9209,.F.);
#12138 = PLANE('',#12139);
#12139 = AXIS2_PLACEMENT_3D('',#12140,#12141,#12142);
#12140 = CARTESIAN_POINT('',(-4.25,6.,23.12308193272));
#12141 = DIRECTION('',(-1.,-4.336808689942E-15,0.));
#12142 = DIRECTION('',(-4.336808689942E-15,1.,0.));
#12143 = ADVANCED_FACE('',(#12144,#12178,#12188),#12198,.F.);
#12144 = FACE_BOUND('',#12145,.T.);
#12145 = EDGE_LOOP('',(#12146,#12147,#12148,#12156,#12162,#12163,#12164,
    #12165,#12166,#12167,#12168,#12169,#12170,#12171,#12172,#12173,
    #12174,#12175,#12176,#12177));
#12146 = ORIENTED_EDGE('',*,*,#11791,.F.);
#12147 = ORIENTED_EDGE('',*,*,#1344,.T.);
#12148 = ORIENTED_EDGE('',*,*,#12149,.T.);
#12149 = EDGE_CURVE('',#1345,#12150,#12152,.T.);
#12150 = VERTEX_POINT('',#12151);
#12151 = CARTESIAN_POINT('',(-4.85,6.,3.6));
#12152 = LINE('',#12153,#12154);
#12153 = CARTESIAN_POINT('',(-4.85,6.,-17.25977326815));
#12154 = VECTOR('',#12155,1.);
#12155 = DIRECTION('',(1.075528555106E-16,8.326672684689E-17,1.));
#12156 = ORIENTED_EDGE('',*,*,#12157,.F.);
#12157 = EDGE_CURVE('',#10798,#12150,#12158,.T.);
#12158 = LINE('',#12159,#12160);
#12159 = CARTESIAN_POINT('',(-3.85,6.,3.6));
#12160 = VECTOR('',#12161,1.);
#12161 = DIRECTION('',(-1.,-1.734723475977E-15,0.));
#12162 = ORIENTED_EDGE('',*,*,#10797,.T.);
#12163 = ORIENTED_EDGE('',*,*,#10836,.F.);
#12164 = ORIENTED_EDGE('',*,*,#10860,.T.);
#12165 = ORIENTED_EDGE('',*,*,#10933,.F.);
#12166 = ORIENTED_EDGE('',*,*,#9179,.F.);
#12167 = ORIENTED_EDGE('',*,*,#9147,.F.);
#12168 = ORIENTED_EDGE('',*,*,#9122,.T.);
#12169 = ORIENTED_EDGE('',*,*,#10924,.F.);
#12170 = ORIENTED_EDGE('',*,*,#9100,.F.);
#12171 = ORIENTED_EDGE('',*,*,#9068,.F.);
#12172 = ORIENTED_EDGE('',*,*,#9043,.T.);
#12173 = ORIENTED_EDGE('',*,*,#10915,.F.);
#12174 = ORIENTED_EDGE('',*,*,#9021,.F.);
#12175 = ORIENTED_EDGE('',*,*,#8973,.F.);
#12176 = ORIENTED_EDGE('',*,*,#8933,.F.);
#12177 = ORIENTED_EDGE('',*,*,#11773,.F.);
#12178 = FACE_BOUND('',#12179,.T.);
#12179 = EDGE_LOOP('',(#12180,#12181,#12182,#12183,#12184,#12185,#12186,
    #12187));
#12180 = ORIENTED_EDGE('',*,*,#8916,.F.);
#12181 = ORIENTED_EDGE('',*,*,#8892,.T.);
#12182 = ORIENTED_EDGE('',*,*,#8867,.F.);
#12183 = ORIENTED_EDGE('',*,*,#8844,.T.);
#12184 = ORIENTED_EDGE('',*,*,#8820,.T.);
#12185 = ORIENTED_EDGE('',*,*,#8804,.F.);
#12186 = ORIENTED_EDGE('',*,*,#8771,.T.);
#12187 = ORIENTED_EDGE('',*,*,#8739,.F.);
#12188 = FACE_BOUND('',#12189,.T.);
#12189 = EDGE_LOOP('',(#12190,#12191,#12192,#12193,#12194,#12195,#12196,
    #12197));
#12190 = ORIENTED_EDGE('',*,*,#8722,.F.);
#12191 = ORIENTED_EDGE('',*,*,#8697,.F.);
#12192 = ORIENTED_EDGE('',*,*,#8673,.F.);
#12193 = ORIENTED_EDGE('',*,*,#8649,.F.);
#12194 = ORIENTED_EDGE('',*,*,#8626,.T.);
#12195 = ORIENTED_EDGE('',*,*,#8609,.T.);
#12196 = ORIENTED_EDGE('',*,*,#8577,.T.);
#12197 = ORIENTED_EDGE('',*,*,#8553,.T.);
#12198 = PLANE('',#12199);
#12199 = AXIS2_PLACEMENT_3D('',#12200,#12201,#12202);
#12200 = CARTESIAN_POINT('',(-4.85,6.,-17.25977326815));
#12201 = DIRECTION('',(-1.788374717502E-16,-1.,8.326672684689E-17));
#12202 = DIRECTION('',(-1.,1.788374717502E-16,0.));
#12203 = ADVANCED_FACE('',(#12204),#12232,.T.);
#12204 = FACE_BOUND('',#12205,.T.);
#12205 = EDGE_LOOP('',(#12206,#12207,#12216,#12224,#12231));
#12206 = ORIENTED_EDGE('',*,*,#1505,.T.);
#12207 = ORIENTED_EDGE('',*,*,#12208,.T.);
#12208 = EDGE_CURVE('',#1498,#12209,#12211,.T.);
#12209 = VERTEX_POINT('',#12210);
#12210 = CARTESIAN_POINT('',(-5.45,5.5,-0.9));
#12211 = CIRCLE('',#12212,0.5);
#12212 = AXIS2_PLACEMENT_3D('',#12213,#12214,#12215);
#12213 = CARTESIAN_POINT('',(-4.95,5.5,-0.9));
#12214 = DIRECTION('',(0.,0.,1.));
#12215 = DIRECTION('',(1.,0.,-0.));
#12216 = ORIENTED_EDGE('',*,*,#12217,.F.);
#12217 = EDGE_CURVE('',#12218,#12209,#12220,.T.);
#12218 = VERTEX_POINT('',#12219);
#12219 = CARTESIAN_POINT('',(-5.45,5.5,-0.5));
#12220 = LINE('',#12221,#12222);
#12221 = CARTESIAN_POINT('',(-5.45,5.5,23.12308193272));
#12222 = VECTOR('',#12223,1.);
#12223 = DIRECTION('',(0.,0.,-1.));
#12224 = ORIENTED_EDGE('',*,*,#12225,.F.);
#12225 = EDGE_CURVE('',#1544,#12218,#12226,.T.);
#12226 = CIRCLE('',#12227,0.5);
#12227 = AXIS2_PLACEMENT_3D('',#12228,#12229,#12230);
#12228 = CARTESIAN_POINT('',(-4.95,5.5,-0.5));
#12229 = DIRECTION('',(0.,0.,1.));
#12230 = DIRECTION('',(1.,0.,-0.));
#12231 = ORIENTED_EDGE('',*,*,#10762,.F.);
#12232 = CYLINDRICAL_SURFACE('',#12233,0.5);
#12233 = AXIS2_PLACEMENT_3D('',#12234,#12235,#12236);
#12234 = CARTESIAN_POINT('',(-4.95,5.5,23.12308193272));
#12235 = DIRECTION('',(0.,0.,-1.));
#12236 = DIRECTION('',(-1.,0.,0.));
#12237 = ADVANCED_FACE('',(#12238),#12254,.F.);
#12238 = FACE_BOUND('',#12239,.T.);
#12239 = EDGE_LOOP('',(#12240,#12241,#12247,#12248));
#12240 = ORIENTED_EDGE('',*,*,#12217,.T.);
#12241 = ORIENTED_EDGE('',*,*,#12242,.T.);
#12242 = EDGE_CURVE('',#12209,#11815,#12243,.T.);
#12243 = LINE('',#12244,#12245);
#12244 = CARTESIAN_POINT('',(-5.45,5.5,-0.9));
#12245 = VECTOR('',#12246,1.);
#12246 = DIRECTION('',(1.577021341797E-16,-1.,0.));
#12247 = ORIENTED_EDGE('',*,*,#11814,.F.);
#12248 = ORIENTED_EDGE('',*,*,#12249,.F.);
#12249 = EDGE_CURVE('',#12218,#11807,#12250,.T.);
#12250 = LINE('',#12251,#12252);
#12251 = CARTESIAN_POINT('',(-5.45,5.5,-0.5));
#12252 = VECTOR('',#12253,1.);
#12253 = DIRECTION('',(1.577021341797E-16,-1.,0.));
#12254 = PLANE('',#12255);
#12255 = AXIS2_PLACEMENT_3D('',#12256,#12257,#12258);
#12256 = CARTESIAN_POINT('',(-5.45,5.5,23.12308193272));
#12257 = DIRECTION('',(1.,1.577021341797E-16,0.));
#12258 = DIRECTION('',(-1.577021341797E-16,1.,0.));
#12259 = ADVANCED_FACE('',(#12260),#12271,.F.);
#12260 = FACE_BOUND('',#12261,.T.);
#12261 = EDGE_LOOP('',(#12262,#12263,#12269,#12270));
#12262 = ORIENTED_EDGE('',*,*,#11837,.T.);
#12263 = ORIENTED_EDGE('',*,*,#12264,.T.);
#12264 = EDGE_CURVE('',#11838,#11862,#12265,.T.);
#12265 = LINE('',#12266,#12267);
#12266 = CARTESIAN_POINT('',(5.45,5.5,-0.9));
#12267 = VECTOR('',#12268,1.);
#12268 = DIRECTION('',(-1.577021341797E-16,1.,0.));
#12269 = ORIENTED_EDGE('',*,*,#11861,.F.);
#12270 = ORIENTED_EDGE('',*,*,#11295,.F.);
#12271 = PLANE('',#12272);
#12272 = AXIS2_PLACEMENT_3D('',#12273,#12274,#12275);
#12273 = CARTESIAN_POINT('',(5.45,5.5,23.12308193272));
#12274 = DIRECTION('',(-1.,-1.577021341797E-16,0.));
#12275 = DIRECTION('',(-1.577021341797E-16,1.,0.));
#12276 = ADVANCED_FACE('',(#12277),#12295,.T.);
#12277 = FACE_BOUND('',#12278,.T.);
#12278 = EDGE_LOOP('',(#12279,#12280,#12288));
#12279 = ORIENTED_EDGE('',*,*,#11345,.F.);
#12280 = ORIENTED_EDGE('',*,*,#12281,.T.);
#12281 = EDGE_CURVE('',#11338,#12282,#12284,.T.);
#12282 = VERTEX_POINT('',#12283);
#12283 = CARTESIAN_POINT('',(5.45,-4.475,-0.9));
#12284 = LINE('',#12285,#12286);
#12285 = CARTESIAN_POINT('',(5.45,-4.475,23.12308193272));
#12286 = VECTOR('',#12287,1.);
#12287 = DIRECTION('',(0.,0.,-1.));
#12288 = ORIENTED_EDGE('',*,*,#12289,.F.);
#12289 = EDGE_CURVE('',#1179,#12282,#12290,.T.);
#12290 = CIRCLE('',#12291,0.4);
#12291 = AXIS2_PLACEMENT_3D('',#12292,#12293,#12294);
#12292 = CARTESIAN_POINT('',(5.45,-4.475,-0.5));
#12293 = DIRECTION('',(0.,1.,0.));
#12294 = DIRECTION('',(0.,0.,-1.));
#12295 = PLANE('',#12296);
#12296 = AXIS2_PLACEMENT_3D('',#12297,#12298,#12299);
#12297 = CARTESIAN_POINT('',(5.45,-4.475,-0.5));
#12298 = DIRECTION('',(0.,-1.,0.));
#12299 = DIRECTION('',(0.,0.,-1.));
#12300 = ADVANCED_FACE('',(#12301),#12326,.T.);
#12301 = FACE_BOUND('',#12302,.T.);
#12302 = EDGE_LOOP('',(#12303,#12313,#12319));
#12303 = ORIENTED_EDGE('',*,*,#12304,.F.);
#12304 = EDGE_CURVE('',#12305,#12307,#12309,.T.);
#12305 = VERTEX_POINT('',#12306);
#12306 = CARTESIAN_POINT('',(-5.45,-4.475,-0.5));
#12307 = VERTEX_POINT('',#12308);
#12308 = CARTESIAN_POINT('',(-5.45,-4.475,-0.9));
#12309 = LINE('',#12310,#12311);
#12310 = CARTESIAN_POINT('',(-5.45,-4.475,23.12308193272));
#12311 = VECTOR('',#12312,1.);
#12312 = DIRECTION('',(0.,0.,-1.));
#12313 = ORIENTED_EDGE('',*,*,#12314,.F.);
#12314 = EDGE_CURVE('',#1250,#12305,#12315,.T.);
#12315 = LINE('',#12316,#12317);
#12316 = CARTESIAN_POINT('',(-5.85,-4.475,-0.5));
#12317 = VECTOR('',#12318,1.);
#12318 = DIRECTION('',(1.,0.,0.));
#12319 = ORIENTED_EDGE('',*,*,#12320,.F.);
#12320 = EDGE_CURVE('',#12307,#1250,#12321,.T.);
#12321 = CIRCLE('',#12322,0.4);
#12322 = AXIS2_PLACEMENT_3D('',#12323,#12324,#12325);
#12323 = CARTESIAN_POINT('',(-5.45,-4.475,-0.5));
#12324 = DIRECTION('',(0.,1.,0.));
#12325 = DIRECTION('',(0.,0.,-1.));
#12326 = PLANE('',#12327);
#12327 = AXIS2_PLACEMENT_3D('',#12328,#12329,#12330);
#12328 = CARTESIAN_POINT('',(-5.45,-4.475,-0.5));
#12329 = DIRECTION('',(0.,-1.,0.));
#12330 = DIRECTION('',(0.,0.,-1.));
#12331 = ADVANCED_FACE('',(#12332),#12360,.T.);
#12332 = FACE_BOUND('',#12333,.T.);
#12333 = EDGE_LOOP('',(#12334,#12344,#12351,#12352,#12353));
#12334 = ORIENTED_EDGE('',*,*,#12335,.T.);
#12335 = EDGE_CURVE('',#12336,#12338,#12340,.T.);
#12336 = VERTEX_POINT('',#12337);
#12337 = CARTESIAN_POINT('',(-5.45,-5.5,-0.5));
#12338 = VERTEX_POINT('',#12339);
#12339 = CARTESIAN_POINT('',(-5.45,-5.5,-0.9));
#12340 = LINE('',#12341,#12342);
#12341 = CARTESIAN_POINT('',(-5.45,-5.5,23.12308193272));
#12342 = VECTOR('',#12343,1.);
#12343 = DIRECTION('',(0.,0.,-1.));
#12344 = ORIENTED_EDGE('',*,*,#12345,.T.);
#12345 = EDGE_CURVE('',#12338,#1635,#12346,.T.);
#12346 = CIRCLE('',#12347,0.5);
#12347 = AXIS2_PLACEMENT_3D('',#12348,#12349,#12350);
#12348 = CARTESIAN_POINT('',(-4.95,-5.5,-0.9));
#12349 = DIRECTION('',(0.,0.,1.));
#12350 = DIRECTION('',(1.,0.,-0.));
#12351 = ORIENTED_EDGE('',*,*,#1634,.F.);
#12352 = ORIENTED_EDGE('',*,*,#10747,.F.);
#12353 = ORIENTED_EDGE('',*,*,#12354,.F.);
#12354 = EDGE_CURVE('',#12336,#1810,#12355,.T.);
#12355 = CIRCLE('',#12356,0.5);
#12356 = AXIS2_PLACEMENT_3D('',#12357,#12358,#12359);
#12357 = CARTESIAN_POINT('',(-4.95,-5.5,-0.5));
#12358 = DIRECTION('',(0.,0.,1.));
#12359 = DIRECTION('',(1.,0.,-0.));
#12360 = CYLINDRICAL_SURFACE('',#12361,0.5);
#12361 = AXIS2_PLACEMENT_3D('',#12362,#12363,#12364);
#12362 = CARTESIAN_POINT('',(-4.95,-5.5,23.12308193272));
#12363 = DIRECTION('',(0.,0.,-1.));
#12364 = DIRECTION('',(-1.,0.,0.));
#12365 = ADVANCED_FACE('',(#12366),#12384,.F.);
#12366 = FACE_BOUND('',#12367,.T.);
#12367 = EDGE_LOOP('',(#12368,#12369,#12377,#12383));
#12368 = ORIENTED_EDGE('',*,*,#1650,.T.);
#12369 = ORIENTED_EDGE('',*,*,#12370,.T.);
#12370 = EDGE_CURVE('',#1643,#12371,#12373,.T.);
#12371 = VERTEX_POINT('',#12372);
#12372 = CARTESIAN_POINT('',(-4.25,-5.8,-0.9));
#12373 = LINE('',#12374,#12375);
#12374 = CARTESIAN_POINT('',(-4.25,-5.8,-0.9));
#12375 = VECTOR('',#12376,1.);
#12376 = DIRECTION('',(4.336808689942E-15,1.,0.));
#12377 = ORIENTED_EDGE('',*,*,#12378,.F.);
#12378 = EDGE_CURVE('',#10156,#12371,#12379,.T.);
#12379 = LINE('',#12380,#12381);
#12380 = CARTESIAN_POINT('',(-4.25,-5.8,23.12308193272));
#12381 = VECTOR('',#12382,1.);
#12382 = DIRECTION('',(0.,0.,-1.));
#12383 = ORIENTED_EDGE('',*,*,#10155,.F.);
#12384 = PLANE('',#12385);
#12385 = AXIS2_PLACEMENT_3D('',#12386,#12387,#12388);
#12386 = CARTESIAN_POINT('',(-4.25,-5.8,23.12308193272));
#12387 = DIRECTION('',(-1.,4.336808689942E-15,0.));
#12388 = DIRECTION('',(0.,0.,1.));
#12389 = ADVANCED_FACE('',(#12390),#12408,.F.);
#12390 = FACE_BOUND('',#12391,.T.);
#12391 = EDGE_LOOP('',(#12392,#12393,#12401,#12407));
#12392 = ORIENTED_EDGE('',*,*,#12378,.T.);
#12393 = ORIENTED_EDGE('',*,*,#12394,.T.);
#12394 = EDGE_CURVE('',#12371,#12395,#12397,.T.);
#12395 = VERTEX_POINT('',#12396);
#12396 = CARTESIAN_POINT('',(-3.65,-5.8,-0.9));
#12397 = LINE('',#12398,#12399);
#12398 = CARTESIAN_POINT('',(-4.25,-5.8,-0.9));
#12399 = VECTOR('',#12400,1.);
#12400 = DIRECTION('',(1.,0.,0.));
#12401 = ORIENTED_EDGE('',*,*,#12402,.F.);
#12402 = EDGE_CURVE('',#10164,#12395,#12403,.T.);
#12403 = LINE('',#12404,#12405);
#12404 = CARTESIAN_POINT('',(-3.65,-5.8,23.12308193272));
#12405 = VECTOR('',#12406,1.);
#12406 = DIRECTION('',(0.,0.,-1.));
#12407 = ORIENTED_EDGE('',*,*,#10163,.F.);
#12408 = PLANE('',#12409);
#12409 = AXIS2_PLACEMENT_3D('',#12410,#12411,#12412);
#12410 = CARTESIAN_POINT('',(-4.25,-5.8,23.12308193272));
#12411 = DIRECTION('',(-0.,1.,0.));
#12412 = DIRECTION('',(1.,0.,0.));
#12413 = ADVANCED_FACE('',(#12414),#12425,.F.);
#12414 = FACE_BOUND('',#12415,.T.);
#12415 = EDGE_LOOP('',(#12416,#12417,#12423,#12424));
#12416 = ORIENTED_EDGE('',*,*,#12402,.T.);
#12417 = ORIENTED_EDGE('',*,*,#12418,.T.);
#12418 = EDGE_CURVE('',#12395,#1667,#12419,.T.);
#12419 = LINE('',#12420,#12421);
#12420 = CARTESIAN_POINT('',(-3.65,-6.,-0.9));
#12421 = VECTOR('',#12422,1.);
#12422 = DIRECTION('',(0.,-1.,0.));
#12423 = ORIENTED_EDGE('',*,*,#1666,.F.);
#12424 = ORIENTED_EDGE('',*,*,#10171,.F.);
#12425 = PLANE('',#12426);
#12426 = AXIS2_PLACEMENT_3D('',#12427,#12428,#12429);
#12427 = CARTESIAN_POINT('',(-3.65,-6.,23.12308193272));
#12428 = DIRECTION('',(1.,0.,0.));
#12429 = DIRECTION('',(-0.,1.,0.));
#12430 = ADVANCED_FACE('',(#12431),#12449,.F.);
#12431 = FACE_BOUND('',#12432,.T.);
#12432 = EDGE_LOOP('',(#12433,#12434,#12442,#12448));
#12433 = ORIENTED_EDGE('',*,*,#1682,.T.);
#12434 = ORIENTED_EDGE('',*,*,#12435,.T.);
#12435 = EDGE_CURVE('',#1675,#12436,#12438,.T.);
#12436 = VERTEX_POINT('',#12437);
#12437 = CARTESIAN_POINT('',(-2.85,-5.8,-0.9));
#12438 = LINE('',#12439,#12440);
#12439 = CARTESIAN_POINT('',(-2.85,-6.,-0.9));
#12440 = VECTOR('',#12441,1.);
#12441 = DIRECTION('',(0.,1.,0.));
#12442 = ORIENTED_EDGE('',*,*,#12443,.F.);
#12443 = EDGE_CURVE('',#10125,#12436,#12444,.T.);
#12444 = LINE('',#12445,#12446);
#12445 = CARTESIAN_POINT('',(-2.85,-5.8,23.12308193272));
#12446 = VECTOR('',#12447,1.);
#12447 = DIRECTION('',(0.,0.,-1.));
#12448 = ORIENTED_EDGE('',*,*,#10124,.F.);
#12449 = PLANE('',#12450);
#12450 = AXIS2_PLACEMENT_3D('',#12451,#12452,#12453);
#12451 = CARTESIAN_POINT('',(-2.85,-6.,23.12308193272));
#12452 = DIRECTION('',(-1.,0.,0.));
#12453 = DIRECTION('',(0.,0.,1.));
#12454 = ADVANCED_FACE('',(#12455),#12473,.F.);
#12455 = FACE_BOUND('',#12456,.T.);
#12456 = EDGE_LOOP('',(#12457,#12458,#12466,#12472));
#12457 = ORIENTED_EDGE('',*,*,#12443,.T.);
#12458 = ORIENTED_EDGE('',*,*,#12459,.T.);
#12459 = EDGE_CURVE('',#12436,#12460,#12462,.T.);
#12460 = VERTEX_POINT('',#12461);
#12461 = CARTESIAN_POINT('',(-2.25,-5.8,-0.9));
#12462 = LINE('',#12463,#12464);
#12463 = CARTESIAN_POINT('',(-2.85,-5.8,-0.9));
#12464 = VECTOR('',#12465,1.);
#12465 = DIRECTION('',(1.,0.,0.));
#12466 = ORIENTED_EDGE('',*,*,#12467,.F.);
#12467 = EDGE_CURVE('',#10133,#12460,#12468,.T.);
#12468 = LINE('',#12469,#12470);
#12469 = CARTESIAN_POINT('',(-2.25,-5.8,23.12308193272));
#12470 = VECTOR('',#12471,1.);
#12471 = DIRECTION('',(0.,0.,-1.));
#12472 = ORIENTED_EDGE('',*,*,#10132,.F.);
#12473 = PLANE('',#12474);
#12474 = AXIS2_PLACEMENT_3D('',#12475,#12476,#12477);
#12475 = CARTESIAN_POINT('',(-2.85,-5.8,23.12308193272));
#12476 = DIRECTION('',(-0.,1.,0.));
#12477 = DIRECTION('',(1.,0.,0.));
#12478 = ADVANCED_FACE('',(#12479),#12490,.F.);
#12479 = FACE_BOUND('',#12480,.T.);
#12480 = EDGE_LOOP('',(#12481,#12482,#12488,#12489));
#12481 = ORIENTED_EDGE('',*,*,#12467,.T.);
#12482 = ORIENTED_EDGE('',*,*,#12483,.T.);
#12483 = EDGE_CURVE('',#12460,#1699,#12484,.T.);
#12484 = LINE('',#12485,#12486);
#12485 = CARTESIAN_POINT('',(-2.25,-5.8,-0.9));
#12486 = VECTOR('',#12487,1.);
#12487 = DIRECTION('',(0.,-1.,0.));
#12488 = ORIENTED_EDGE('',*,*,#1698,.F.);
#12489 = ORIENTED_EDGE('',*,*,#10140,.F.);
#12490 = PLANE('',#12491);
#12491 = AXIS2_PLACEMENT_3D('',#12492,#12493,#12494);
#12492 = CARTESIAN_POINT('',(-2.25,-5.8,23.12308193272));
#12493 = DIRECTION('',(1.,0.,0.));
#12494 = DIRECTION('',(-0.,1.,0.));
#12495 = ADVANCED_FACE('',(#12496),#12514,.F.);
#12496 = FACE_BOUND('',#12497,.T.);
#12497 = EDGE_LOOP('',(#12498,#12499,#12507,#12513));
#12498 = ORIENTED_EDGE('',*,*,#1714,.T.);
#12499 = ORIENTED_EDGE('',*,*,#12500,.T.);
#12500 = EDGE_CURVE('',#1707,#12501,#12503,.T.);
#12501 = VERTEX_POINT('',#12502);
#12502 = CARTESIAN_POINT('',(2.25,-5.8,-0.9));
#12503 = LINE('',#12504,#12505);
#12504 = CARTESIAN_POINT('',(2.25,-6.,-0.9));
#12505 = VECTOR('',#12506,1.);
#12506 = DIRECTION('',(0.,1.,0.));
#12507 = ORIENTED_EDGE('',*,*,#12508,.F.);
#12508 = EDGE_CURVE('',#10094,#12501,#12509,.T.);
#12509 = LINE('',#12510,#12511);
#12510 = CARTESIAN_POINT('',(2.25,-5.8,23.12308193272));
#12511 = VECTOR('',#12512,1.);
#12512 = DIRECTION('',(0.,0.,-1.));
#12513 = ORIENTED_EDGE('',*,*,#10093,.F.);
#12514 = PLANE('',#12515);
#12515 = AXIS2_PLACEMENT_3D('',#12516,#12517,#12518);
#12516 = CARTESIAN_POINT('',(2.25,-6.,23.12308193272));
#12517 = DIRECTION('',(-1.,0.,0.));
#12518 = DIRECTION('',(0.,0.,1.));
#12519 = ADVANCED_FACE('',(#12520),#12538,.F.);
#12520 = FACE_BOUND('',#12521,.T.);
#12521 = EDGE_LOOP('',(#12522,#12523,#12531,#12537));
#12522 = ORIENTED_EDGE('',*,*,#12508,.T.);
#12523 = ORIENTED_EDGE('',*,*,#12524,.T.);
#12524 = EDGE_CURVE('',#12501,#12525,#12527,.T.);
#12525 = VERTEX_POINT('',#12526);
#12526 = CARTESIAN_POINT('',(2.85,-5.8,-0.9));
#12527 = LINE('',#12528,#12529);
#12528 = CARTESIAN_POINT('',(2.25,-5.8,-0.9));
#12529 = VECTOR('',#12530,1.);
#12530 = DIRECTION('',(1.,0.,0.));
#12531 = ORIENTED_EDGE('',*,*,#12532,.F.);
#12532 = EDGE_CURVE('',#10102,#12525,#12533,.T.);
#12533 = LINE('',#12534,#12535);
#12534 = CARTESIAN_POINT('',(2.85,-5.8,23.12308193272));
#12535 = VECTOR('',#12536,1.);
#12536 = DIRECTION('',(0.,0.,-1.));
#12537 = ORIENTED_EDGE('',*,*,#10101,.F.);
#12538 = PLANE('',#12539);
#12539 = AXIS2_PLACEMENT_3D('',#12540,#12541,#12542);
#12540 = CARTESIAN_POINT('',(2.25,-5.8,23.12308193272));
#12541 = DIRECTION('',(-0.,1.,0.));
#12542 = DIRECTION('',(1.,0.,0.));
#12543 = ADVANCED_FACE('',(#12544),#12555,.F.);
#12544 = FACE_BOUND('',#12545,.T.);
#12545 = EDGE_LOOP('',(#12546,#12547,#12553,#12554));
#12546 = ORIENTED_EDGE('',*,*,#12532,.T.);
#12547 = ORIENTED_EDGE('',*,*,#12548,.T.);
#12548 = EDGE_CURVE('',#12525,#1731,#12549,.T.);
#12549 = LINE('',#12550,#12551);
#12550 = CARTESIAN_POINT('',(2.85,-5.8,-0.9));
#12551 = VECTOR('',#12552,1.);
#12552 = DIRECTION('',(0.,-1.,0.));
#12553 = ORIENTED_EDGE('',*,*,#1730,.F.);
#12554 = ORIENTED_EDGE('',*,*,#10109,.F.);
#12555 = PLANE('',#12556);
#12556 = AXIS2_PLACEMENT_3D('',#12557,#12558,#12559);
#12557 = CARTESIAN_POINT('',(2.85,-5.8,23.12308193272));
#12558 = DIRECTION('',(1.,0.,0.));
#12559 = DIRECTION('',(-0.,1.,0.));
#12560 = ADVANCED_FACE('',(#12561),#12579,.F.);
#12561 = FACE_BOUND('',#12562,.T.);
#12562 = EDGE_LOOP('',(#12563,#12564,#12572,#12578));
#12563 = ORIENTED_EDGE('',*,*,#1746,.T.);
#12564 = ORIENTED_EDGE('',*,*,#12565,.T.);
#12565 = EDGE_CURVE('',#1739,#12566,#12568,.T.);
#12566 = VERTEX_POINT('',#12567);
#12567 = CARTESIAN_POINT('',(3.65,-5.8,-0.9));
#12568 = LINE('',#12569,#12570);
#12569 = CARTESIAN_POINT('',(3.65,-6.,-0.9));
#12570 = VECTOR('',#12571,1.);
#12571 = DIRECTION('',(0.,1.,0.));
#12572 = ORIENTED_EDGE('',*,*,#12573,.F.);
#12573 = EDGE_CURVE('',#10063,#12566,#12574,.T.);
#12574 = LINE('',#12575,#12576);
#12575 = CARTESIAN_POINT('',(3.65,-5.8,23.12308193272));
#12576 = VECTOR('',#12577,1.);
#12577 = DIRECTION('',(0.,0.,-1.));
#12578 = ORIENTED_EDGE('',*,*,#10062,.F.);
#12579 = PLANE('',#12580);
#12580 = AXIS2_PLACEMENT_3D('',#12581,#12582,#12583);
#12581 = CARTESIAN_POINT('',(3.65,-6.,23.12308193272));
#12582 = DIRECTION('',(-1.,0.,0.));
#12583 = DIRECTION('',(0.,0.,1.));
#12584 = ADVANCED_FACE('',(#12585),#12603,.F.);
#12585 = FACE_BOUND('',#12586,.T.);
#12586 = EDGE_LOOP('',(#12587,#12588,#12596,#12602));
#12587 = ORIENTED_EDGE('',*,*,#12573,.T.);
#12588 = ORIENTED_EDGE('',*,*,#12589,.T.);
#12589 = EDGE_CURVE('',#12566,#12590,#12592,.T.);
#12590 = VERTEX_POINT('',#12591);
#12591 = CARTESIAN_POINT('',(4.25,-5.8,-0.9));
#12592 = LINE('',#12593,#12594);
#12593 = CARTESIAN_POINT('',(3.65,-5.8,-0.9));
#12594 = VECTOR('',#12595,1.);
#12595 = DIRECTION('',(1.,0.,0.));
#12596 = ORIENTED_EDGE('',*,*,#12597,.F.);
#12597 = EDGE_CURVE('',#10071,#12590,#12598,.T.);
#12598 = LINE('',#12599,#12600);
#12599 = CARTESIAN_POINT('',(4.25,-5.8,23.12308193272));
#12600 = VECTOR('',#12601,1.);
#12601 = DIRECTION('',(0.,0.,-1.));
#12602 = ORIENTED_EDGE('',*,*,#10070,.F.);
#12603 = PLANE('',#12604);
#12604 = AXIS2_PLACEMENT_3D('',#12605,#12606,#12607);
#12605 = CARTESIAN_POINT('',(3.65,-5.8,23.12308193272));
#12606 = DIRECTION('',(-0.,1.,0.));
#12607 = DIRECTION('',(1.,0.,0.));
#12608 = ADVANCED_FACE('',(#12609),#12620,.F.);
#12609 = FACE_BOUND('',#12610,.T.);
#12610 = EDGE_LOOP('',(#12611,#12612,#12618,#12619));
#12611 = ORIENTED_EDGE('',*,*,#12597,.T.);
#12612 = ORIENTED_EDGE('',*,*,#12613,.T.);
#12613 = EDGE_CURVE('',#12590,#1763,#12614,.T.);
#12614 = LINE('',#12615,#12616);
#12615 = CARTESIAN_POINT('',(4.25,-5.8,-0.9));
#12616 = VECTOR('',#12617,1.);
#12617 = DIRECTION('',(4.336808689942E-15,-1.,0.));
#12618 = ORIENTED_EDGE('',*,*,#1762,.F.);
#12619 = ORIENTED_EDGE('',*,*,#10078,.F.);
#12620 = PLANE('',#12621);
#12621 = AXIS2_PLACEMENT_3D('',#12622,#12623,#12624);
#12622 = CARTESIAN_POINT('',(4.25,-5.8,23.12308193272));
#12623 = DIRECTION('',(1.,4.336808689942E-15,0.));
#12624 = DIRECTION('',(-4.336808689942E-15,1.,0.));
#12625 = ADVANCED_FACE('',(#12626,#12660,#12666,#12678),#12690,.F.);
#12626 = FACE_BOUND('',#12627,.T.);
#12627 = EDGE_LOOP('',(#12628,#12636,#12637,#12638,#12639,#12640,#12641,
    #12642,#12643,#12644,#12645,#12646,#12647,#12648,#12649,#12650,
    #12651,#12652,#12653,#12654));
#12628 = ORIENTED_EDGE('',*,*,#12629,.F.);
#12629 = EDGE_CURVE('',#1611,#12630,#12632,.T.);
#12630 = VERTEX_POINT('',#12631);
#12631 = CARTESIAN_POINT('',(-4.85,-6.,3.6));
#12632 = LINE('',#12633,#12634);
#12633 = CARTESIAN_POINT('',(-4.85,-6.,-17.25977326815));
#12634 = VECTOR('',#12635,1.);
#12635 = DIRECTION('',(1.075528555106E-16,8.326672684689E-17,1.));
#12636 = ORIENTED_EDGE('',*,*,#1610,.T.);
#12637 = ORIENTED_EDGE('',*,*,#11361,.T.);
#12638 = ORIENTED_EDGE('',*,*,#11393,.F.);
#12639 = ORIENTED_EDGE('',*,*,#10040,.T.);
#12640 = ORIENTED_EDGE('',*,*,#10009,.F.);
#12641 = ORIENTED_EDGE('',*,*,#9970,.T.);
#12642 = ORIENTED_EDGE('',*,*,#10884,.F.);
#12643 = ORIENTED_EDGE('',*,*,#9946,.F.);
#12644 = ORIENTED_EDGE('',*,*,#9914,.F.);
#12645 = ORIENTED_EDGE('',*,*,#9889,.T.);
#12646 = ORIENTED_EDGE('',*,*,#10985,.F.);
#12647 = ORIENTED_EDGE('',*,*,#9867,.F.);
#12648 = ORIENTED_EDGE('',*,*,#9835,.F.);
#12649 = ORIENTED_EDGE('',*,*,#9810,.T.);
#12650 = ORIENTED_EDGE('',*,*,#10976,.F.);
#12651 = ORIENTED_EDGE('',*,*,#10564,.F.);
#12652 = ORIENTED_EDGE('',*,*,#10578,.F.);
#12653 = ORIENTED_EDGE('',*,*,#10714,.F.);
#12654 = ORIENTED_EDGE('',*,*,#12655,.F.);
#12655 = EDGE_CURVE('',#12630,#10715,#12656,.T.);
#12656 = LINE('',#12657,#12658);
#12657 = CARTESIAN_POINT('',(-4.85,-6.,3.6));
#12658 = VECTOR('',#12659,1.);
#12659 = DIRECTION('',(1.,-8.673617379884E-16,0.));
#12660 = FACE_BOUND('',#12661,.T.);
#12661 = EDGE_LOOP('',(#12662,#12663,#12664,#12665));
#12662 = ORIENTED_EDGE('',*,*,#9788,.F.);
#12663 = ORIENTED_EDGE('',*,*,#9761,.F.);
#12664 = ORIENTED_EDGE('',*,*,#9738,.F.);
#12665 = ORIENTED_EDGE('',*,*,#9715,.T.);
#12666 = FACE_BOUND('',#12667,.T.);
#12667 = EDGE_LOOP('',(#12668,#12669,#12670,#12671,#12672,#12673,#12674,
    #12675,#12676,#12677));
#12668 = ORIENTED_EDGE('',*,*,#9686,.F.);
#12669 = ORIENTED_EDGE('',*,*,#190,.T.);
#12670 = ORIENTED_EDGE('',*,*,#9671,.T.);
#12671 = ORIENTED_EDGE('',*,*,#9644,.F.);
#12672 = ORIENTED_EDGE('',*,*,#9621,.T.);
#12673 = ORIENTED_EDGE('',*,*,#9597,.T.);
#12674 = ORIENTED_EDGE('',*,*,#223,.F.);
#12675 = ORIENTED_EDGE('',*,*,#9578,.F.);
#12676 = ORIENTED_EDGE('',*,*,#9552,.T.);
#12677 = ORIENTED_EDGE('',*,*,#9528,.T.);
#12678 = FACE_BOUND('',#12679,.T.);
#12679 = EDGE_LOOP('',(#12680,#12681,#12682,#12683,#12684,#12685,#12686,
    #12687,#12688,#12689));
#12680 = ORIENTED_EDGE('',*,*,#9505,.F.);
#12681 = ORIENTED_EDGE('',*,*,#9475,.F.);
#12682 = ORIENTED_EDGE('',*,*,#9452,.T.);
#12683 = ORIENTED_EDGE('',*,*,#9425,.T.);
#12684 = ORIENTED_EDGE('',*,*,#307,.T.);
#12685 = ORIENTED_EDGE('',*,*,#9406,.T.);
#12686 = ORIENTED_EDGE('',*,*,#9383,.T.);
#12687 = ORIENTED_EDGE('',*,*,#9359,.T.);
#12688 = ORIENTED_EDGE('',*,*,#9334,.F.);
#12689 = ORIENTED_EDGE('',*,*,#274,.F.);
#12690 = PLANE('',#12691);
#12691 = AXIS2_PLACEMENT_3D('',#12692,#12693,#12694);
#12692 = CARTESIAN_POINT('',(4.85,-6.,-17.25977326815));
#12693 = DIRECTION('',(1.788374717502E-16,1.,-8.326672684689E-17));
#12694 = DIRECTION('',(1.,-1.788374717502E-16,0.));
#12695 = ADVANCED_FACE('',(#12696),#12716,.T.);
#12696 = FACE_BOUND('',#12697,.T.);
#12697 = EDGE_LOOP('',(#12698,#12699,#12708,#12714,#12715));
#12698 = ORIENTED_EDGE('',*,*,#1778,.T.);
#12699 = ORIENTED_EDGE('',*,*,#12700,.T.);
#12700 = EDGE_CURVE('',#1771,#12701,#12703,.T.);
#12701 = VERTEX_POINT('',#12702);
#12702 = CARTESIAN_POINT('',(5.45,-5.5,-0.9));
#12703 = CIRCLE('',#12704,0.5);
#12704 = AXIS2_PLACEMENT_3D('',#12705,#12706,#12707);
#12705 = CARTESIAN_POINT('',(4.95,-5.5,-0.9));
#12706 = DIRECTION('',(0.,0.,1.));
#12707 = DIRECTION('',(1.,0.,-0.));
#12708 = ORIENTED_EDGE('',*,*,#12709,.F.);
#12709 = EDGE_CURVE('',#11329,#12701,#12710,.T.);
#12710 = LINE('',#12711,#12712);
#12711 = CARTESIAN_POINT('',(5.45,-5.5,23.12308193272));
#12712 = VECTOR('',#12713,1.);
#12713 = DIRECTION('',(0.,0.,-1.));
#12714 = ORIENTED_EDGE('',*,*,#11328,.F.);
#12715 = ORIENTED_EDGE('',*,*,#10186,.F.);
#12716 = CYLINDRICAL_SURFACE('',#12717,0.5);
#12717 = AXIS2_PLACEMENT_3D('',#12718,#12719,#12720);
#12718 = CARTESIAN_POINT('',(4.95,-5.5,23.12308193272));
#12719 = DIRECTION('',(0.,0.,-1.));
#12720 = DIRECTION('',(-1.,0.,0.));
#12721 = ADVANCED_FACE('',(#12722),#12733,.F.);
#12722 = FACE_BOUND('',#12723,.T.);
#12723 = EDGE_LOOP('',(#12724,#12725,#12731,#12732));
#12724 = ORIENTED_EDGE('',*,*,#12709,.T.);
#12725 = ORIENTED_EDGE('',*,*,#12726,.T.);
#12726 = EDGE_CURVE('',#12701,#12282,#12727,.T.);
#12727 = LINE('',#12728,#12729);
#12728 = CARTESIAN_POINT('',(5.45,5.5,-0.9));
#12729 = VECTOR('',#12730,1.);
#12730 = DIRECTION('',(-1.577021341797E-16,1.,0.));
#12731 = ORIENTED_EDGE('',*,*,#12281,.F.);
#12732 = ORIENTED_EDGE('',*,*,#11337,.F.);
#12733 = PLANE('',#12734);
#12734 = AXIS2_PLACEMENT_3D('',#12735,#12736,#12737);
#12735 = CARTESIAN_POINT('',(5.45,5.5,23.12308193272));
#12736 = DIRECTION('',(-1.,-1.577021341797E-16,0.));
#12737 = DIRECTION('',(-1.577021341797E-16,1.,0.));
#12738 = ADVANCED_FACE('',(#12739),#12755,.F.);
#12739 = FACE_BOUND('',#12740,.T.);
#12740 = EDGE_LOOP('',(#12741,#12742,#12748,#12749));
#12741 = ORIENTED_EDGE('',*,*,#12304,.T.);
#12742 = ORIENTED_EDGE('',*,*,#12743,.T.);
#12743 = EDGE_CURVE('',#12307,#12338,#12744,.T.);
#12744 = LINE('',#12745,#12746);
#12745 = CARTESIAN_POINT('',(-5.45,5.5,-0.9));
#12746 = VECTOR('',#12747,1.);
#12747 = DIRECTION('',(1.577021341797E-16,-1.,0.));
#12748 = ORIENTED_EDGE('',*,*,#12335,.F.);
#12749 = ORIENTED_EDGE('',*,*,#12750,.F.);
#12750 = EDGE_CURVE('',#12305,#12336,#12751,.T.);
#12751 = LINE('',#12752,#12753);
#12752 = CARTESIAN_POINT('',(-5.45,5.5,-0.5));
#12753 = VECTOR('',#12754,1.);
#12754 = DIRECTION('',(1.577021341797E-16,-1.,0.));
#12755 = PLANE('',#12756);
#12756 = AXIS2_PLACEMENT_3D('',#12757,#12758,#12759);
#12757 = CARTESIAN_POINT('',(-5.45,5.5,23.12308193272));
#12758 = DIRECTION('',(1.,1.577021341797E-16,0.));
#12759 = DIRECTION('',(-1.577021341797E-16,1.,0.));
#12760 = ADVANCED_FACE('',(#12761),#12781,.F.);
#12761 = FACE_BOUND('',#12762,.T.);
#12762 = EDGE_LOOP('',(#12763,#12764,#12772,#12778,#12779,#12780));
#12763 = ORIENTED_EDGE('',*,*,#11277,.F.);
#12764 = ORIENTED_EDGE('',*,*,#12765,.T.);
#12765 = EDGE_CURVE('',#11270,#12766,#12768,.T.);
#12766 = VERTEX_POINT('',#12767);
#12767 = CARTESIAN_POINT('',(-5.85,1.25,2.2));
#12768 = LINE('',#12769,#12770);
#12769 = CARTESIAN_POINT('',(14.988998899256,1.25,2.2));
#12770 = VECTOR('',#12771,1.);
#12771 = DIRECTION('',(-1.,0.,0.));
#12772 = ORIENTED_EDGE('',*,*,#12773,.T.);
#12773 = EDGE_CURVE('',#12766,#10221,#12774,.T.);
#12774 = LINE('',#12775,#12776);
#12775 = CARTESIAN_POINT('',(-5.85,1.25,2.9));
#12776 = VECTOR('',#12777,1.);
#12777 = DIRECTION('',(0.,1.577021341797E-16,1.));
#12778 = ORIENTED_EDGE('',*,*,#10220,.F.);
#12779 = ORIENTED_EDGE('',*,*,#10286,.F.);
#12780 = ORIENTED_EDGE('',*,*,#10326,.F.);
#12781 = PLANE('',#12782);
#12782 = AXIS2_PLACEMENT_3D('',#12783,#12784,#12785);
#12783 = CARTESIAN_POINT('',(14.988998899256,1.25,2.2));
#12784 = DIRECTION('',(0.,-1.,0.));
#12785 = DIRECTION('',(0.,0.,-1.));
#12786 = ADVANCED_FACE('',(#12787),#12798,.F.);
#12787 = FACE_BOUND('',#12788,.F.);
#12788 = EDGE_LOOP('',(#12789,#12790,#12791,#12797));
#12789 = ORIENTED_EDGE('',*,*,#10204,.T.);
#12790 = ORIENTED_EDGE('',*,*,#10246,.F.);
#12791 = ORIENTED_EDGE('',*,*,#12792,.F.);
#12792 = EDGE_CURVE('',#10221,#10247,#12793,.T.);
#12793 = LINE('',#12794,#12795);
#12794 = CARTESIAN_POINT('',(-5.85,2.562440474841,4.15));
#12795 = VECTOR('',#12796,1.);
#12796 = DIRECTION('',(1.577021341797E-16,-1.,1.577021341797E-16));
#12797 = ORIENTED_EDGE('',*,*,#10228,.F.);
#12798 = CYLINDRICAL_SURFACE('',#12799,0.2);
#12799 = AXIS2_PLACEMENT_3D('',#12800,#12801,#12802);
#12800 = CARTESIAN_POINT('',(-6.05,-19.94846566631,4.15));
#12801 = DIRECTION('',(0.,1.,0.));
#12802 = DIRECTION('',(0.,-0.,1.));
#12803 = ADVANCED_FACE('',(#12804),#12824,.F.);
#12804 = FACE_BOUND('',#12805,.T.);
#12805 = EDGE_LOOP('',(#12806,#12807,#12808,#12809,#12810,#12818));
#12806 = ORIENTED_EDGE('',*,*,#10373,.F.);
#12807 = ORIENTED_EDGE('',*,*,#10301,.T.);
#12808 = ORIENTED_EDGE('',*,*,#10270,.F.);
#12809 = ORIENTED_EDGE('',*,*,#10255,.T.);
#12810 = ORIENTED_EDGE('',*,*,#12811,.T.);
#12811 = EDGE_CURVE('',#10247,#12812,#12814,.T.);
#12812 = VERTEX_POINT('',#12813);
#12813 = CARTESIAN_POINT('',(-5.85,-1.25,2.2));
#12814 = LINE('',#12815,#12816);
#12815 = CARTESIAN_POINT('',(-5.85,-1.25,2.2));
#12816 = VECTOR('',#12817,1.);
#12817 = DIRECTION('',(-9.860761315263E-32,4.618419643834E-16,-1.));
#12818 = ORIENTED_EDGE('',*,*,#12819,.F.);
#12819 = EDGE_CURVE('',#10374,#12812,#12820,.T.);
#12820 = LINE('',#12821,#12822);
#12821 = CARTESIAN_POINT('',(14.988998899256,-1.25,2.2));
#12822 = VECTOR('',#12823,1.);
#12823 = DIRECTION('',(-1.,0.,0.));
#12824 = PLANE('',#12825);
#12825 = AXIS2_PLACEMENT_3D('',#12826,#12827,#12828);
#12826 = CARTESIAN_POINT('',(14.988998899256,-1.25,2.55));
#12827 = DIRECTION('',(0.,1.,6.195440985632E-16));
#12828 = DIRECTION('',(0.,6.195440985632E-16,-1.));
#12829 = ADVANCED_FACE('',(#12830),#12848,.F.);
#12830 = FACE_BOUND('',#12831,.T.);
#12831 = EDGE_LOOP('',(#12832,#12833,#12834,#12842));
#12832 = ORIENTED_EDGE('',*,*,#10381,.F.);
#12833 = ORIENTED_EDGE('',*,*,#12819,.T.);
#12834 = ORIENTED_EDGE('',*,*,#12835,.T.);
#12835 = EDGE_CURVE('',#12812,#12836,#12838,.T.);
#12836 = VERTEX_POINT('',#12837);
#12837 = CARTESIAN_POINT('',(-5.85,-2.975,2.2));
#12838 = LINE('',#12839,#12840);
#12839 = CARTESIAN_POINT('',(-5.85,-2.975,2.2));
#12840 = VECTOR('',#12841,1.);
#12841 = DIRECTION('',(-3.451162646541E-16,-1.,4.091113335966E-16));
#12842 = ORIENTED_EDGE('',*,*,#12843,.F.);
#12843 = EDGE_CURVE('',#10382,#12836,#12844,.T.);
#12844 = LINE('',#12845,#12846);
#12845 = CARTESIAN_POINT('',(-5.85,-2.975,2.2));
#12846 = VECTOR('',#12847,1.);
#12847 = DIRECTION('',(-1.,0.,0.));
#12848 = PLANE('',#12849);
#12849 = AXIS2_PLACEMENT_3D('',#12850,#12851,#12852);
#12850 = CARTESIAN_POINT('',(14.988998899256,-1.25,2.2));
#12851 = DIRECTION('',(0.,0.,-1.));
#12852 = DIRECTION('',(0.,-1.,0.));
#12853 = ADVANCED_FACE('',(#12854),#12877,.F.);
#12854 = FACE_BOUND('',#12855,.T.);
#12855 = EDGE_LOOP('',(#12856,#12857,#12858,#12859,#12860,#12868,#12875,
    #12876));
#12856 = ORIENTED_EDGE('',*,*,#10697,.T.);
#12857 = ORIENTED_EDGE('',*,*,#10420,.F.);
#12858 = ORIENTED_EDGE('',*,*,#10389,.F.);
#12859 = ORIENTED_EDGE('',*,*,#12843,.T.);
#12860 = ORIENTED_EDGE('',*,*,#12861,.F.);
#12861 = EDGE_CURVE('',#12862,#12836,#12864,.T.);
#12862 = VERTEX_POINT('',#12863);
#12863 = CARTESIAN_POINT('',(-5.85000000231,-2.975,2.8));
#12864 = LINE('',#12865,#12866);
#12865 = CARTESIAN_POINT('',(-5.85,-2.975,3.30102500231));
#12866 = VECTOR('',#12867,1.);
#12867 = DIRECTION('',(0.,0.,-1.));
#12868 = ORIENTED_EDGE('',*,*,#12869,.T.);
#12869 = EDGE_CURVE('',#12862,#10444,#12870,.T.);
#12870 = CIRCLE('',#12871,0.50000000231);
#12871 = AXIS2_PLACEMENT_3D('',#12872,#12873,#12874);
#12872 = CARTESIAN_POINT('',(-5.35,-2.975,2.8));
#12873 = DIRECTION('',(0.,1.,0.));
#12874 = DIRECTION('',(0.,0.,-1.));
#12875 = ORIENTED_EDGE('',*,*,#10443,.T.);
#12876 = ORIENTED_EDGE('',*,*,#10350,.F.);
#12877 = PLANE('',#12878);
#12878 = AXIS2_PLACEMENT_3D('',#12879,#12880,#12881);
#12879 = CARTESIAN_POINT('',(14.988998899256,-2.975,2.2));
#12880 = DIRECTION('',(0.,-1.,0.));
#12881 = DIRECTION('',(0.,0.,-1.));
#12882 = ADVANCED_FACE('',(#12883),#12902,.T.);
#12883 = FACE_BOUND('',#12884,.T.);
#12884 = EDGE_LOOP('',(#12885,#12886,#12894,#12901));
#12885 = ORIENTED_EDGE('',*,*,#12869,.F.);
#12886 = ORIENTED_EDGE('',*,*,#12887,.F.);
#12887 = EDGE_CURVE('',#12888,#12862,#12890,.T.);
#12888 = VERTEX_POINT('',#12889);
#12889 = CARTESIAN_POINT('',(-5.85000000231,-4.475,2.8));
#12890 = LINE('',#12891,#12892);
#12891 = CARTESIAN_POINT('',(-5.850000001155,5.347364354584,2.8));
#12892 = VECTOR('',#12893,1.);
#12893 = DIRECTION('',(2.465190328816E-32,1.,3.459511681412E-16));
#12894 = ORIENTED_EDGE('',*,*,#12895,.F.);
#12895 = EDGE_CURVE('',#10452,#12888,#12896,.T.);
#12896 = CIRCLE('',#12897,0.50000000231);
#12897 = AXIS2_PLACEMENT_3D('',#12898,#12899,#12900);
#12898 = CARTESIAN_POINT('',(-5.35,-4.475,2.8));
#12899 = DIRECTION('',(0.,-1.,0.));
#12900 = DIRECTION('',(0.,0.,1.));
#12901 = ORIENTED_EDGE('',*,*,#10451,.F.);
#12902 = CYLINDRICAL_SURFACE('',#12903,0.50000000231);
#12903 = AXIS2_PLACEMENT_3D('',#12904,#12905,#12906);
#12904 = CARTESIAN_POINT('',(-5.35,5.347364354584,2.8));
#12905 = DIRECTION('',(-2.465190328816E-32,-1.,0.));
#12906 = DIRECTION('',(-0.,0.,-1.));
#12907 = ADVANCED_FACE('',(#12908),#12928,.F.);
#12908 = FACE_BOUND('',#12909,.T.);
#12909 = EDGE_LOOP('',(#12910,#12916,#12922,#12923,#12924,#12925,#12926,
    #12927));
#12910 = ORIENTED_EDGE('',*,*,#12911,.T.);
#12911 = EDGE_CURVE('',#12888,#1045,#12912,.T.);
#12912 = LINE('',#12913,#12914);
#12913 = CARTESIAN_POINT('',(-5.85,-4.475,3.30102500231));
#12914 = VECTOR('',#12915,1.);
#12915 = DIRECTION('',(0.,0.,-1.));
#12916 = ORIENTED_EDGE('',*,*,#12917,.F.);
#12917 = EDGE_CURVE('',#10620,#1045,#12918,.T.);
#12918 = LINE('',#12919,#12920);
#12919 = CARTESIAN_POINT('',(-5.85,-4.475,2.55));
#12920 = VECTOR('',#12921,1.);
#12921 = DIRECTION('',(-1.,0.,0.));
#12922 = ORIENTED_EDGE('',*,*,#10619,.F.);
#12923 = ORIENTED_EDGE('',*,*,#10649,.F.);
#12924 = ORIENTED_EDGE('',*,*,#10680,.T.);
#12925 = ORIENTED_EDGE('',*,*,#10483,.T.);
#12926 = ORIENTED_EDGE('',*,*,#10459,.T.);
#12927 = ORIENTED_EDGE('',*,*,#12895,.T.);
#12928 = PLANE('',#12929);
#12929 = AXIS2_PLACEMENT_3D('',#12930,#12931,#12932);
#12930 = CARTESIAN_POINT('',(14.988998899256,-4.475,2.70635083269));
#12931 = DIRECTION('',(-0.,1.,0.));
#12932 = DIRECTION('',(1.,0.,0.));
#12933 = ADVANCED_FACE('',(#12934),#12945,.T.);
#12934 = FACE_BOUND('',#12935,.T.);
#12935 = EDGE_LOOP('',(#12936,#12937,#12943,#12944));
#12936 = ORIENTED_EDGE('',*,*,#1044,.T.);
#12937 = ORIENTED_EDGE('',*,*,#12938,.F.);
#12938 = EDGE_CURVE('',#10628,#1037,#12939,.T.);
#12939 = LINE('',#12940,#12941);
#12940 = CARTESIAN_POINT('',(-5.425,-4.7,2.55));
#12941 = VECTOR('',#12942,1.);
#12942 = DIRECTION('',(-1.,-2.040851148208E-15,0.));
#12943 = ORIENTED_EDGE('',*,*,#10627,.T.);
#12944 = ORIENTED_EDGE('',*,*,#12917,.T.);
#12945 = PLANE('',#12946);
#12946 = AXIS2_PLACEMENT_3D('',#12947,#12948,#12949);
#12947 = CARTESIAN_POINT('',(-5.85,-5.,2.55));
#12948 = DIRECTION('',(0.,0.,1.));
#12949 = DIRECTION('',(1.,0.,-0.));
#12950 = ADVANCED_FACE('',(#12951),#12969,.F.);
#12951 = FACE_BOUND('',#12952,.T.);
#12952 = EDGE_LOOP('',(#12953,#12954,#12955,#12956,#12957,#12958,#12964,
    #12965,#12966,#12967,#12968));
#12953 = ORIENTED_EDGE('',*,*,#10687,.F.);
#12954 = ORIENTED_EDGE('',*,*,#10658,.F.);
#12955 = ORIENTED_EDGE('',*,*,#10635,.T.);
#12956 = ORIENTED_EDGE('',*,*,#12938,.T.);
#12957 = ORIENTED_EDGE('',*,*,#1036,.F.);
#12958 = ORIENTED_EDGE('',*,*,#12959,.F.);
#12959 = EDGE_CURVE('',#10724,#1029,#12960,.T.);
#12960 = LINE('',#12961,#12962);
#12961 = CARTESIAN_POINT('',(-3.85,-4.7,3.6));
#12962 = VECTOR('',#12963,1.);
#12963 = DIRECTION('',(-1.,-4.336808689942E-16,0.));
#12964 = ORIENTED_EDGE('',*,*,#10723,.T.);
#12965 = ORIENTED_EDGE('',*,*,#10587,.F.);
#12966 = ORIENTED_EDGE('',*,*,#10548,.T.);
#12967 = ORIENTED_EDGE('',*,*,#10969,.T.);
#12968 = ORIENTED_EDGE('',*,*,#10515,.F.);
#12969 = PLANE('',#12970);
#12970 = AXIS2_PLACEMENT_3D('',#12971,#12972,#12973);
#12971 = CARTESIAN_POINT('',(-5.425,-4.7,3.05));
#12972 = DIRECTION('',(2.040851148208E-15,-1.,-5.854827030937E-32));
#12973 = DIRECTION('',(0.,5.854827030937E-32,-1.));
#12974 = ADVANCED_FACE('',(#12975),#12988,.T.);
#12975 = FACE_BOUND('',#12976,.T.);
#12976 = EDGE_LOOP('',(#12977,#12978,#12979,#12980,#12987));
#12977 = ORIENTED_EDGE('',*,*,#10731,.T.);
#12978 = ORIENTED_EDGE('',*,*,#12959,.T.);
#12979 = ORIENTED_EDGE('',*,*,#1028,.T.);
#12980 = ORIENTED_EDGE('',*,*,#12981,.T.);
#12981 = EDGE_CURVE('',#1021,#12630,#12982,.T.);
#12982 = CIRCLE('',#12983,1.);
#12983 = AXIS2_PLACEMENT_3D('',#12984,#12985,#12986);
#12984 = CARTESIAN_POINT('',(-4.85,-5.,3.6));
#12985 = DIRECTION('',(0.,5.854827030937E-32,1.));
#12986 = DIRECTION('',(1.,0.,-0.));
#12987 = ORIENTED_EDGE('',*,*,#12655,.T.);
#12988 = PLANE('',#12989);
#12989 = AXIS2_PLACEMENT_3D('',#12990,#12991,#12992);
#12990 = CARTESIAN_POINT('',(-4.85,-5.,3.6));
#12991 = DIRECTION('',(2.398113334135E-63,5.854827030937E-32,1.));
#12992 = DIRECTION('',(0.,-1.,5.854827030937E-32));
#12993 = ADVANCED_FACE('',(#12994),#13000,.T.);
#12994 = FACE_BOUND('',#12995,.T.);
#12995 = EDGE_LOOP('',(#12996,#12997,#12998,#12999));
#12996 = ORIENTED_EDGE('',*,*,#1020,.F.);
#12997 = ORIENTED_EDGE('',*,*,#1801,.T.);
#12998 = ORIENTED_EDGE('',*,*,#12629,.T.);
#12999 = ORIENTED_EDGE('',*,*,#12981,.F.);
#13000 = CYLINDRICAL_SURFACE('',#13001,1.);
#13001 = AXIS2_PLACEMENT_3D('',#13002,#13003,#13004);
#13002 = CARTESIAN_POINT('',(-4.85,-5.,-17.25977326815));
#13003 = DIRECTION('',(0.,8.326672684689E-17,1.));
#13004 = DIRECTION('',(1.,0.,-0.));
#13005 = ADVANCED_FACE('',(#13006),#13013,.F.);
#13006 = FACE_BOUND('',#13007,.T.);
#13007 = EDGE_LOOP('',(#13008,#13009,#13010,#13011,#13012));
#13008 = ORIENTED_EDGE('',*,*,#12750,.T.);
#13009 = ORIENTED_EDGE('',*,*,#12354,.T.);
#13010 = ORIENTED_EDGE('',*,*,#1809,.F.);
#13011 = ORIENTED_EDGE('',*,*,#1257,.F.);
#13012 = ORIENTED_EDGE('',*,*,#12314,.T.);
#13013 = PLANE('',#13014);
#13014 = AXIS2_PLACEMENT_3D('',#13015,#13016,#13017);
#13015 = CARTESIAN_POINT('',(14.988998899256,-4.475,-0.5));
#13016 = DIRECTION('',(0.,0.,1.));
#13017 = DIRECTION('',(1.,0.,-0.));
#13018 = ADVANCED_FACE('',(#13019),#13026,.F.);
#13019 = FACE_BOUND('',#13020,.T.);
#13020 = EDGE_LOOP('',(#13021,#13022,#13023,#13024,#13025));
#13021 = ORIENTED_EDGE('',*,*,#12225,.T.);
#13022 = ORIENTED_EDGE('',*,*,#12249,.T.);
#13023 = ORIENTED_EDGE('',*,*,#11806,.T.);
#13024 = ORIENTED_EDGE('',*,*,#1288,.F.);
#13025 = ORIENTED_EDGE('',*,*,#1552,.F.);
#13026 = PLANE('',#13027);
#13027 = AXIS2_PLACEMENT_3D('',#13028,#13029,#13030);
#13028 = CARTESIAN_POINT('',(14.988998899256,1.45,-0.5));
#13029 = DIRECTION('',(0.,0.,1.));
#13030 = DIRECTION('',(1.,0.,-0.));
#13031 = ADVANCED_FACE('',(#13032),#13044,.T.);
#13032 = FACE_BOUND('',#13033,.T.);
#13033 = EDGE_LOOP('',(#13034,#13035,#13036,#13037));
#13034 = ORIENTED_EDGE('',*,*,#12149,.F.);
#13035 = ORIENTED_EDGE('',*,*,#1535,.T.);
#13036 = ORIENTED_EDGE('',*,*,#996,.T.);
#13037 = ORIENTED_EDGE('',*,*,#13038,.F.);
#13038 = EDGE_CURVE('',#12150,#989,#13039,.T.);
#13039 = CIRCLE('',#13040,1.);
#13040 = AXIS2_PLACEMENT_3D('',#13041,#13042,#13043);
#13041 = CARTESIAN_POINT('',(-4.85,5.,3.6));
#13042 = DIRECTION('',(0.,5.854827030937E-32,1.));
#13043 = DIRECTION('',(1.,0.,-0.));
#13044 = CYLINDRICAL_SURFACE('',#13045,1.);
#13045 = AXIS2_PLACEMENT_3D('',#13046,#13047,#13048);
#13046 = CARTESIAN_POINT('',(-4.85,5.,-17.25977326815));
#13047 = DIRECTION('',(0.,8.326672684689E-17,1.));
#13048 = DIRECTION('',(1.,0.,-0.));
#13049 = ADVANCED_FACE('',(#13050),#13062,.T.);
#13050 = FACE_BOUND('',#13051,.T.);
#13051 = EDGE_LOOP('',(#13052,#13058,#13059,#13060,#13061));
#13052 = ORIENTED_EDGE('',*,*,#13053,.T.);
#13053 = EDGE_CURVE('',#981,#10780,#13054,.T.);
#13054 = LINE('',#13055,#13056);
#13055 = CARTESIAN_POINT('',(-5.85,4.7,3.6));
#13056 = VECTOR('',#13057,1.);
#13057 = DIRECTION('',(1.,-4.336808689942E-16,0.));
#13058 = ORIENTED_EDGE('',*,*,#10805,.T.);
#13059 = ORIENTED_EDGE('',*,*,#12157,.T.);
#13060 = ORIENTED_EDGE('',*,*,#13038,.T.);
#13061 = ORIENTED_EDGE('',*,*,#988,.T.);
#13062 = PLANE('',#13063);
#13063 = AXIS2_PLACEMENT_3D('',#13064,#13065,#13066);
#13064 = CARTESIAN_POINT('',(-4.85,5.,3.6));
#13065 = DIRECTION('',(2.398113334135E-63,5.854827030937E-32,1.));
#13066 = DIRECTION('',(0.,-1.,5.854827030937E-32));
#13067 = ADVANCED_FACE('',(#13068),#13086,.F.);
#13068 = FACE_BOUND('',#13069,.T.);
#13069 = EDGE_LOOP('',(#13070,#13071,#13077,#13078,#13079,#13080,#13081,
    #13082,#13083,#13084,#13085));
#13070 = ORIENTED_EDGE('',*,*,#980,.F.);
#13071 = ORIENTED_EDGE('',*,*,#13072,.T.);
#13072 = EDGE_CURVE('',#973,#11101,#13073,.T.);
#13073 = LINE('',#13074,#13075);
#13074 = CARTESIAN_POINT('',(-5.425,4.7,2.549999999985));
#13075 = VECTOR('',#13076,1.);
#13076 = DIRECTION('',(1.,-2.040851148208E-15,0.));
#13077 = ORIENTED_EDGE('',*,*,#11100,.T.);
#13078 = ORIENTED_EDGE('',*,*,#11055,.T.);
#13079 = ORIENTED_EDGE('',*,*,#11180,.T.);
#13080 = ORIENTED_EDGE('',*,*,#11005,.T.);
#13081 = ORIENTED_EDGE('',*,*,#10940,.T.);
#13082 = ORIENTED_EDGE('',*,*,#10867,.F.);
#13083 = ORIENTED_EDGE('',*,*,#10820,.F.);
#13084 = ORIENTED_EDGE('',*,*,#10779,.F.);
#13085 = ORIENTED_EDGE('',*,*,#13053,.F.);
#13086 = PLANE('',#13087);
#13087 = AXIS2_PLACEMENT_3D('',#13088,#13089,#13090);
#13088 = CARTESIAN_POINT('',(-5.425,4.7,-5.E+05));
#13089 = DIRECTION('',(2.040851148208E-15,1.,0.));
#13090 = DIRECTION('',(1.,-2.040851148208E-15,0.));
#13091 = ADVANCED_FACE('',(#13092),#13103,.T.);
#13092 = FACE_BOUND('',#13093,.T.);
#13093 = EDGE_LOOP('',(#13094,#13100,#13101,#13102));
#13094 = ORIENTED_EDGE('',*,*,#13095,.T.);
#13095 = EDGE_CURVE('',#965,#11109,#13096,.T.);
#13096 = LINE('',#13097,#13098);
#13097 = CARTESIAN_POINT('',(-5.85,4.475,2.55));
#13098 = VECTOR('',#13099,1.);
#13099 = DIRECTION('',(1.,0.,0.));
#13100 = ORIENTED_EDGE('',*,*,#11108,.F.);
#13101 = ORIENTED_EDGE('',*,*,#13072,.F.);
#13102 = ORIENTED_EDGE('',*,*,#972,.T.);
#13103 = PLANE('',#13104);
#13104 = AXIS2_PLACEMENT_3D('',#13105,#13106,#13107);
#13105 = CARTESIAN_POINT('',(-5.85,4.475,2.55));
#13106 = DIRECTION('',(0.,0.,1.));
#13107 = DIRECTION('',(1.,0.,-0.));
#13108 = ADVANCED_FACE('',(#13109),#13132,.F.);
#13109 = FACE_BOUND('',#13110,.T.);
#13110 = EDGE_LOOP('',(#13111,#13112,#13113,#13121,#13128,#13129,#13130,
    #13131));
#13111 = ORIENTED_EDGE('',*,*,#11116,.F.);
#13112 = ORIENTED_EDGE('',*,*,#13095,.F.);
#13113 = ORIENTED_EDGE('',*,*,#13114,.F.);
#13114 = EDGE_CURVE('',#13115,#965,#13117,.T.);
#13115 = VERTEX_POINT('',#13116);
#13116 = CARTESIAN_POINT('',(-5.85000000231,4.475,2.8));
#13117 = LINE('',#13118,#13119);
#13118 = CARTESIAN_POINT('',(-5.85,4.475,3.30102500231));
#13119 = VECTOR('',#13120,1.);
#13120 = DIRECTION('',(0.,0.,-1.));
#13121 = ORIENTED_EDGE('',*,*,#13122,.F.);
#13122 = EDGE_CURVE('',#11228,#13115,#13123,.T.);
#13123 = CIRCLE('',#13124,0.50000000231);
#13124 = AXIS2_PLACEMENT_3D('',#13125,#13126,#13127);
#13125 = CARTESIAN_POINT('',(-5.35,4.475,2.8));
#13126 = DIRECTION('',(-2.465190328816E-32,-1.,0.));
#13127 = DIRECTION('',(-0.,0.,-1.));
#13128 = ORIENTED_EDGE('',*,*,#11227,.T.);
#13129 = ORIENTED_EDGE('',*,*,#11077,.F.);
#13130 = ORIENTED_EDGE('',*,*,#11187,.F.);
#13131 = ORIENTED_EDGE('',*,*,#11039,.F.);
#13132 = PLANE('',#13133);
#13133 = AXIS2_PLACEMENT_3D('',#13134,#13135,#13136);
#13134 = CARTESIAN_POINT('',(5.35,4.475,3.30102500231));
#13135 = DIRECTION('',(0.,-1.,0.));
#13136 = DIRECTION('',(0.,0.,-1.));
#13137 = ADVANCED_FACE('',(#13138),#13157,.T.);
#13138 = FACE_BOUND('',#13139,.T.);
#13139 = EDGE_LOOP('',(#13140,#13148,#13155,#13156));
#13140 = ORIENTED_EDGE('',*,*,#13141,.T.);
#13141 = EDGE_CURVE('',#13115,#13142,#13144,.T.);
#13142 = VERTEX_POINT('',#13143);
#13143 = CARTESIAN_POINT('',(-5.85000000231,2.975,2.8));
#13144 = LINE('',#13145,#13146);
#13145 = CARTESIAN_POINT('',(-5.85000000231,5.347364354584,2.8));
#13146 = VECTOR('',#13147,1.);
#13147 = DIRECTION('',(-2.465190328816E-32,-1.,-3.459511681412E-16));
#13148 = ORIENTED_EDGE('',*,*,#13149,.T.);
#13149 = EDGE_CURVE('',#13142,#11236,#13150,.T.);
#13150 = CIRCLE('',#13151,0.50000000231);
#13151 = AXIS2_PLACEMENT_3D('',#13152,#13153,#13154);
#13152 = CARTESIAN_POINT('',(-5.35,2.975,2.8));
#13153 = DIRECTION('',(2.465190328816E-32,1.,0.));
#13154 = DIRECTION('',(0.,0.,-1.));
#13155 = ORIENTED_EDGE('',*,*,#11235,.T.);
#13156 = ORIENTED_EDGE('',*,*,#13122,.T.);
#13157 = CYLINDRICAL_SURFACE('',#13158,0.50000000231);
#13158 = AXIS2_PLACEMENT_3D('',#13159,#13160,#13161);
#13159 = CARTESIAN_POINT('',(-5.35,5.347364354584,2.8));
#13160 = DIRECTION('',(-2.465190328816E-32,-1.,0.));
#13161 = DIRECTION('',(-0.,0.,-1.));
#13162 = ADVANCED_FACE('',(#13163),#13185,.F.);
#13163 = FACE_BOUND('',#13164,.T.);
#13164 = EDGE_LOOP('',(#13165,#13166,#13167,#13175,#13181,#13182,#13183,
    #13184));
#13165 = ORIENTED_EDGE('',*,*,#11243,.T.);
#13166 = ORIENTED_EDGE('',*,*,#13149,.F.);
#13167 = ORIENTED_EDGE('',*,*,#13168,.T.);
#13168 = EDGE_CURVE('',#13142,#13169,#13171,.T.);
#13169 = VERTEX_POINT('',#13170);
#13170 = CARTESIAN_POINT('',(-5.85,2.975,2.2));
#13171 = LINE('',#13172,#13173);
#13172 = CARTESIAN_POINT('',(-5.85,2.975,3.30102500231));
#13173 = VECTOR('',#13174,1.);
#13174 = DIRECTION('',(0.,0.,-1.));
#13175 = ORIENTED_EDGE('',*,*,#13176,.T.);
#13176 = EDGE_CURVE('',#13169,#11262,#13177,.T.);
#13177 = LINE('',#13178,#13179);
#13178 = CARTESIAN_POINT('',(5.35,2.975,2.2));
#13179 = VECTOR('',#13180,1.);
#13180 = DIRECTION('',(1.,0.,0.));
#13181 = ORIENTED_EDGE('',*,*,#11261,.F.);
#13182 = ORIENTED_EDGE('',*,*,#11203,.F.);
#13183 = ORIENTED_EDGE('',*,*,#11163,.F.);
#13184 = ORIENTED_EDGE('',*,*,#11148,.T.);
#13185 = PLANE('',#13186);
#13186 = AXIS2_PLACEMENT_3D('',#13187,#13188,#13189);
#13187 = CARTESIAN_POINT('',(5.35,2.975,3.30102500231));
#13188 = DIRECTION('',(-0.,1.,0.));
#13189 = DIRECTION('',(1.,0.,0.));
#13190 = ADVANCED_FACE('',(#13191),#13202,.F.);
#13191 = FACE_BOUND('',#13192,.T.);
#13192 = EDGE_LOOP('',(#13193,#13194,#13195,#13201));
#13193 = ORIENTED_EDGE('',*,*,#11269,.F.);
#13194 = ORIENTED_EDGE('',*,*,#13176,.F.);
#13195 = ORIENTED_EDGE('',*,*,#13196,.T.);
#13196 = EDGE_CURVE('',#13169,#12766,#13197,.T.);
#13197 = LINE('',#13198,#13199);
#13198 = CARTESIAN_POINT('',(-5.85,1.25,2.2));
#13199 = VECTOR('',#13200,1.);
#13200 = DIRECTION('',(-3.451162646541E-16,-1.,-3.451162646541E-16));
#13201 = ORIENTED_EDGE('',*,*,#12765,.F.);
#13202 = PLANE('',#13203);
#13203 = AXIS2_PLACEMENT_3D('',#13204,#13205,#13206);
#13204 = CARTESIAN_POINT('',(14.988998899256,2.975,2.2));
#13205 = DIRECTION('',(0.,0.,-1.));
#13206 = DIRECTION('',(0.,-1.,0.));
#13207 = ADVANCED_FACE('',(#13208),#13263,.F.);
#13208 = FACE_BOUND('',#13209,.T.);
#13209 = EDGE_LOOP('',(#13210,#13211,#13212,#13213,#13221,#13229,#13237,
    #13245,#13251,#13252,#13253,#13254,#13255,#13256,#13257,#13258,
    #13259,#13260,#13261,#13262));
#13210 = ORIENTED_EDGE('',*,*,#11451,.T.);
#13211 = ORIENTED_EDGE('',*,*,#1132,.T.);
#13212 = ORIENTED_EDGE('',*,*,#1178,.T.);
#13213 = ORIENTED_EDGE('',*,*,#13214,.F.);
#13214 = EDGE_CURVE('',#13215,#1179,#13217,.T.);
#13215 = VERTEX_POINT('',#13216);
#13216 = CARTESIAN_POINT('',(5.85,-1.45,-0.5));
#13217 = LINE('',#13218,#13219);
#13218 = CARTESIAN_POINT('',(5.85,5.5,-0.5));
#13219 = VECTOR('',#13220,1.);
#13220 = DIRECTION('',(2.465190328816E-32,-1.,1.577021341797E-16));
#13221 = ORIENTED_EDGE('',*,*,#13222,.F.);
#13222 = EDGE_CURVE('',#13223,#13215,#13225,.T.);
#13223 = VERTEX_POINT('',#13224);
#13224 = CARTESIAN_POINT('',(5.85,-1.45,-0.28));
#13225 = LINE('',#13226,#13227);
#13226 = CARTESIAN_POINT('',(5.85,-1.45,-0.28));
#13227 = VECTOR('',#13228,1.);
#13228 = DIRECTION('',(0.,-1.577021341797E-16,-1.));
#13229 = ORIENTED_EDGE('',*,*,#13230,.T.);
#13230 = EDGE_CURVE('',#13223,#13231,#13233,.T.);
#13231 = VERTEX_POINT('',#13232);
#13232 = CARTESIAN_POINT('',(5.85,1.45,-0.28));
#13233 = LINE('',#13234,#13235);
#13234 = CARTESIAN_POINT('',(5.85,-1.45,-0.28));
#13235 = VECTOR('',#13236,1.);
#13236 = DIRECTION('',(1.577021341797E-16,1.,-1.577021341797E-16));
#13237 = ORIENTED_EDGE('',*,*,#13238,.T.);
#13238 = EDGE_CURVE('',#13231,#13239,#13241,.T.);
#13239 = VERTEX_POINT('',#13240);
#13240 = CARTESIAN_POINT('',(5.85,1.45,-0.5));
#13241 = LINE('',#13242,#13243);
#13242 = CARTESIAN_POINT('',(5.85,1.45,-0.28));
#13243 = VECTOR('',#13244,1.);
#13244 = DIRECTION('',(0.,-1.577021341797E-16,-1.));
#13245 = ORIENTED_EDGE('',*,*,#13246,.F.);
#13246 = EDGE_CURVE('',#1219,#13239,#13247,.T.);
#13247 = LINE('',#13248,#13249);
#13248 = CARTESIAN_POINT('',(5.85,5.5,-0.5));
#13249 = VECTOR('',#13250,1.);
#13250 = DIRECTION('',(2.465190328816E-32,-1.,1.577021341797E-16));
#13251 = ORIENTED_EDGE('',*,*,#1218,.T.);
#13252 = ORIENTED_EDGE('',*,*,#1108,.T.);
#13253 = ORIENTED_EDGE('',*,*,#11697,.F.);
#13254 = ORIENTED_EDGE('',*,*,#11672,.T.);
#13255 = ORIENTED_EDGE('',*,*,#11643,.T.);
#13256 = ORIENTED_EDGE('',*,*,#11620,.T.);
#13257 = ORIENTED_EDGE('',*,*,#11596,.T.);
#13258 = ORIENTED_EDGE('',*,*,#11576,.T.);
#13259 = ORIENTED_EDGE('',*,*,#11558,.T.);
#13260 = ORIENTED_EDGE('',*,*,#11534,.T.);
#13261 = ORIENTED_EDGE('',*,*,#11506,.F.);
#13262 = ORIENTED_EDGE('',*,*,#11479,.F.);
#13263 = PLANE('',#13264);
#13264 = AXIS2_PLACEMENT_3D('',#13265,#13266,#13267);
#13265 = CARTESIAN_POINT('',(5.85,4.475,3.30102500231));
#13266 = DIRECTION('',(-1.,0.,0.));
#13267 = DIRECTION('',(0.,0.,1.));
#13268 = ADVANCED_FACE('',(#13269),#13293,.T.);
#13269 = FACE_BOUND('',#13270,.T.);
#13270 = EDGE_LOOP('',(#13271,#13272,#13278,#13287));
#13271 = ORIENTED_EDGE('',*,*,#11822,.T.);
#13272 = ORIENTED_EDGE('',*,*,#13273,.T.);
#13273 = EDGE_CURVE('',#11815,#1947,#13274,.T.);
#13274 = LINE('',#13275,#13276);
#13275 = CARTESIAN_POINT('',(-5.45,5.5,-0.9));
#13276 = VECTOR('',#13277,1.);
#13277 = DIRECTION('',(1.577021341797E-16,-1.,0.));
#13278 = ORIENTED_EDGE('',*,*,#13279,.T.);
#13279 = EDGE_CURVE('',#1947,#13280,#13282,.T.);
#13280 = VERTEX_POINT('',#13281);
#13281 = CARTESIAN_POINT('',(-5.85,1.45,-0.5));
#13282 = CIRCLE('',#13283,0.4);
#13283 = AXIS2_PLACEMENT_3D('',#13284,#13285,#13286);
#13284 = CARTESIAN_POINT('',(-5.45,1.45,-0.5));
#13285 = DIRECTION('',(0.,1.,0.));
#13286 = DIRECTION('',(0.,0.,-1.));
#13287 = ORIENTED_EDGE('',*,*,#13288,.T.);
#13288 = EDGE_CURVE('',#13280,#1272,#13289,.T.);
#13289 = LINE('',#13290,#13291);
#13290 = CARTESIAN_POINT('',(-5.85,5.5,-0.5));
#13291 = VECTOR('',#13292,1.);
#13292 = DIRECTION('',(2.465190328816E-32,1.,-1.577021341797E-16));
#13293 = CYLINDRICAL_SURFACE('',#13294,0.4);
#13294 = AXIS2_PLACEMENT_3D('',#13295,#13296,#13297);
#13295 = CARTESIAN_POINT('',(-5.45,28.830664922091,-0.5));
#13296 = DIRECTION('',(0.,-1.,0.));
#13297 = DIRECTION('',(0.,0.,-1.));
#13298 = ADVANCED_FACE('',(#13299),#13315,.T.);
#13299 = FACE_BOUND('',#13300,.T.);
#13300 = EDGE_LOOP('',(#13301,#13307,#13308));
#13301 = ORIENTED_EDGE('',*,*,#13302,.F.);
#13302 = EDGE_CURVE('',#1899,#13239,#13303,.T.);
#13303 = LINE('',#13304,#13305);
#13304 = CARTESIAN_POINT('',(-15.77192262732,1.45,-0.5));
#13305 = VECTOR('',#13306,1.);
#13306 = DIRECTION('',(1.,2.465190328816E-32,0.));
#13307 = ORIENTED_EDGE('',*,*,#1898,.T.);
#13308 = ORIENTED_EDGE('',*,*,#13309,.F.);
#13309 = EDGE_CURVE('',#13239,#1889,#13310,.T.);
#13310 = CIRCLE('',#13311,0.4);
#13311 = AXIS2_PLACEMENT_3D('',#13312,#13313,#13314);
#13312 = CARTESIAN_POINT('',(5.45,1.45,-0.5));
#13313 = DIRECTION('',(0.,1.,0.));
#13314 = DIRECTION('',(0.,0.,-1.));
#13315 = PLANE('',#13316);
#13316 = AXIS2_PLACEMENT_3D('',#13317,#13318,#13319);
#13317 = CARTESIAN_POINT('',(5.45,1.45,-0.5));
#13318 = DIRECTION('',(0.,-1.,0.));
#13319 = DIRECTION('',(0.,0.,-1.));
#13320 = ADVANCED_FACE('',(#13321),#13337,.F.);
#13321 = FACE_BOUND('',#13322,.T.);
#13322 = EDGE_LOOP('',(#13323,#13329,#13330,#13336));
#13323 = ORIENTED_EDGE('',*,*,#13324,.T.);
#13324 = EDGE_CURVE('',#13223,#1915,#13325,.T.);
#13325 = LINE('',#13326,#13327);
#13326 = CARTESIAN_POINT('',(14.988998899256,-1.45,-0.28));
#13327 = VECTOR('',#13328,1.);
#13328 = DIRECTION('',(-1.,0.,0.));
#13329 = ORIENTED_EDGE('',*,*,#1914,.T.);
#13330 = ORIENTED_EDGE('',*,*,#13331,.F.);
#13331 = EDGE_CURVE('',#13231,#1907,#13332,.T.);
#13332 = LINE('',#13333,#13334);
#13333 = CARTESIAN_POINT('',(14.988998899256,1.45,-0.28));
#13334 = VECTOR('',#13335,1.);
#13335 = DIRECTION('',(-1.,0.,0.));
#13336 = ORIENTED_EDGE('',*,*,#13230,.F.);
#13337 = PLANE('',#13338);
#13338 = AXIS2_PLACEMENT_3D('',#13339,#13340,#13341);
#13339 = CARTESIAN_POINT('',(14.988998899256,-1.45,-0.28));
#13340 = DIRECTION('',(0.,-2.990902544788E-16,1.));
#13341 = DIRECTION('',(0.,-1.,-2.990902544788E-16));
#13342 = ADVANCED_FACE('',(#13343),#13349,.F.);
#13343 = FACE_BOUND('',#13344,.T.);
#13344 = EDGE_LOOP('',(#13345,#13346,#13347,#13348));
#13345 = ORIENTED_EDGE('',*,*,#13331,.T.);
#13346 = ORIENTED_EDGE('',*,*,#1906,.T.);
#13347 = ORIENTED_EDGE('',*,*,#13302,.T.);
#13348 = ORIENTED_EDGE('',*,*,#13238,.F.);
#13349 = PLANE('',#13350);
#13350 = AXIS2_PLACEMENT_3D('',#13351,#13352,#13353);
#13351 = CARTESIAN_POINT('',(14.988998899256,1.45,-0.28));
#13352 = DIRECTION('',(0.,1.,3.942553354493E-15));
#13353 = DIRECTION('',(0.,3.942553354493E-15,-1.));
#13354 = ADVANCED_FACE('',(#13355),#13366,.F.);
#13355 = FACE_BOUND('',#13356,.T.);
#13356 = EDGE_LOOP('',(#13357,#13363,#13364,#13365));
#13357 = ORIENTED_EDGE('',*,*,#13358,.F.);
#13358 = EDGE_CURVE('',#1923,#13215,#13359,.T.);
#13359 = LINE('',#13360,#13361);
#13360 = CARTESIAN_POINT('',(-15.77192262732,-1.45,-0.5));
#13361 = VECTOR('',#13362,1.);
#13362 = DIRECTION('',(1.,2.465190328816E-32,0.));
#13363 = ORIENTED_EDGE('',*,*,#1922,.T.);
#13364 = ORIENTED_EDGE('',*,*,#13324,.F.);
#13365 = ORIENTED_EDGE('',*,*,#13222,.T.);
#13366 = PLANE('',#13367);
#13367 = AXIS2_PLACEMENT_3D('',#13368,#13369,#13370);
#13368 = CARTESIAN_POINT('',(14.988998899256,-1.45,-0.5));
#13369 = DIRECTION('',(0.,-1.,-9.856383386232E-16));
#13370 = DIRECTION('',(0.,9.856383386232E-16,-1.));
#13371 = ADVANCED_FACE('',(#13372),#13383,.T.);
#13372 = FACE_BOUND('',#13373,.T.);
#13373 = EDGE_LOOP('',(#13374,#13375,#13376));
#13374 = ORIENTED_EDGE('',*,*,#1930,.F.);
#13375 = ORIENTED_EDGE('',*,*,#13358,.T.);
#13376 = ORIENTED_EDGE('',*,*,#13377,.F.);
#13377 = EDGE_CURVE('',#1891,#13215,#13378,.T.);
#13378 = CIRCLE('',#13379,0.4);
#13379 = AXIS2_PLACEMENT_3D('',#13380,#13381,#13382);
#13380 = CARTESIAN_POINT('',(5.45,-1.45,-0.5));
#13381 = DIRECTION('',(0.,-1.,0.));
#13382 = DIRECTION('',(0.,0.,1.));
#13383 = PLANE('',#13384);
#13384 = AXIS2_PLACEMENT_3D('',#13385,#13386,#13387);
#13385 = CARTESIAN_POINT('',(5.45,-1.45,-0.5));
#13386 = DIRECTION('',(-0.,1.,0.));
#13387 = DIRECTION('',(1.,0.,0.));
#13388 = ADVANCED_FACE('',(#13389),#13400,.T.);
#13389 = FACE_BOUND('',#13390,.T.);
#13390 = EDGE_LOOP('',(#13391,#13392,#13398,#13399));
#13391 = ORIENTED_EDGE('',*,*,#12289,.T.);
#13392 = ORIENTED_EDGE('',*,*,#13393,.T.);
#13393 = EDGE_CURVE('',#12282,#1891,#13394,.T.);
#13394 = LINE('',#13395,#13396);
#13395 = CARTESIAN_POINT('',(5.45,5.5,-0.9));
#13396 = VECTOR('',#13397,1.);
#13397 = DIRECTION('',(-1.577021341797E-16,1.,0.));
#13398 = ORIENTED_EDGE('',*,*,#13377,.T.);
#13399 = ORIENTED_EDGE('',*,*,#13214,.T.);
#13400 = CYLINDRICAL_SURFACE('',#13401,0.4);
#13401 = AXIS2_PLACEMENT_3D('',#13402,#13403,#13404);
#13402 = CARTESIAN_POINT('',(5.45,-34.30830791025,-0.5));
#13403 = DIRECTION('',(0.,1.,0.));
#13404 = DIRECTION('',(0.,-0.,1.));
#13405 = ADVANCED_FACE('',(#13406),#13454,.F.);
#13406 = FACE_BOUND('',#13407,.T.);
#13407 = EDGE_LOOP('',(#13408,#13416,#13417,#13418,#13419,#13420,#13421,
    #13422,#13423,#13424,#13425,#13426,#13427,#13428,#13429,#13430,
    #13431,#13432,#13440,#13448));
#13408 = ORIENTED_EDGE('',*,*,#13409,.F.);
#13409 = EDGE_CURVE('',#1250,#13410,#13412,.T.);
#13410 = VERTEX_POINT('',#13411);
#13411 = CARTESIAN_POINT('',(-5.85,-1.45,-0.5));
#13412 = LINE('',#13413,#13414);
#13413 = CARTESIAN_POINT('',(-5.85,5.5,-0.5));
#13414 = VECTOR('',#13415,1.);
#13415 = DIRECTION('',(2.465190328816E-32,1.,-1.577021341797E-16));
#13416 = ORIENTED_EDGE('',*,*,#1249,.T.);
#13417 = ORIENTED_EDGE('',*,*,#1052,.T.);
#13418 = ORIENTED_EDGE('',*,*,#12911,.F.);
#13419 = ORIENTED_EDGE('',*,*,#12887,.T.);
#13420 = ORIENTED_EDGE('',*,*,#12861,.T.);
#13421 = ORIENTED_EDGE('',*,*,#12835,.F.);
#13422 = ORIENTED_EDGE('',*,*,#12811,.F.);
#13423 = ORIENTED_EDGE('',*,*,#12792,.F.);
#13424 = ORIENTED_EDGE('',*,*,#12773,.F.);
#13425 = ORIENTED_EDGE('',*,*,#13196,.F.);
#13426 = ORIENTED_EDGE('',*,*,#13168,.F.);
#13427 = ORIENTED_EDGE('',*,*,#13141,.F.);
#13428 = ORIENTED_EDGE('',*,*,#13114,.T.);
#13429 = ORIENTED_EDGE('',*,*,#964,.T.);
#13430 = ORIENTED_EDGE('',*,*,#1271,.T.);
#13431 = ORIENTED_EDGE('',*,*,#13288,.F.);
#13432 = ORIENTED_EDGE('',*,*,#13433,.F.);
#13433 = EDGE_CURVE('',#13434,#13280,#13436,.T.);
#13434 = VERTEX_POINT('',#13435);
#13435 = CARTESIAN_POINT('',(-5.85,1.45,-0.28));
#13436 = LINE('',#13437,#13438);
#13437 = CARTESIAN_POINT('',(-5.85,1.45,-0.28));
#13438 = VECTOR('',#13439,1.);
#13439 = DIRECTION('',(0.,-1.577021341797E-16,-1.));
#13440 = ORIENTED_EDGE('',*,*,#13441,.T.);
#13441 = EDGE_CURVE('',#13434,#13442,#13444,.T.);
#13442 = VERTEX_POINT('',#13443);
#13443 = CARTESIAN_POINT('',(-5.85,-1.45,-0.28));
#13444 = LINE('',#13445,#13446);
#13445 = CARTESIAN_POINT('',(-5.85,-1.45,-0.28));
#13446 = VECTOR('',#13447,1.);
#13447 = DIRECTION('',(1.577021341797E-16,-1.,1.577021341797E-16));
#13448 = ORIENTED_EDGE('',*,*,#13449,.T.);
#13449 = EDGE_CURVE('',#13442,#13410,#13450,.T.);
#13450 = LINE('',#13451,#13452);
#13451 = CARTESIAN_POINT('',(-5.85,-1.45,-0.28));
#13452 = VECTOR('',#13453,1.);
#13453 = DIRECTION('',(0.,-1.577021341797E-16,-1.));
#13454 = PLANE('',#13455);
#13455 = AXIS2_PLACEMENT_3D('',#13456,#13457,#13458);
#13456 = CARTESIAN_POINT('',(-5.85,4.475,3.30102500231));
#13457 = DIRECTION('',(1.,0.,0.));
#13458 = DIRECTION('',(-0.,1.,0.));
#13459 = ADVANCED_FACE('',(#13460),#13476,.T.);
#13460 = FACE_BOUND('',#13461,.T.);
#13461 = EDGE_LOOP('',(#13462,#13468,#13469));
#13462 = ORIENTED_EDGE('',*,*,#13463,.F.);
#13463 = EDGE_CURVE('',#1955,#13410,#13464,.T.);
#13464 = LINE('',#13465,#13466);
#13465 = CARTESIAN_POINT('',(15.771922627321,-1.45,-0.5));
#13466 = VECTOR('',#13467,1.);
#13467 = DIRECTION('',(-1.,2.465190328816E-32,0.));
#13468 = ORIENTED_EDGE('',*,*,#1954,.T.);
#13469 = ORIENTED_EDGE('',*,*,#13470,.F.);
#13470 = EDGE_CURVE('',#13410,#1945,#13471,.T.);
#13471 = CIRCLE('',#13472,0.4);
#13472 = AXIS2_PLACEMENT_3D('',#13473,#13474,#13475);
#13473 = CARTESIAN_POINT('',(-5.45,-1.45,-0.5));
#13474 = DIRECTION('',(0.,-1.,0.));
#13475 = DIRECTION('',(0.,0.,1.));
#13476 = PLANE('',#13477);
#13477 = AXIS2_PLACEMENT_3D('',#13478,#13479,#13480);
#13478 = CARTESIAN_POINT('',(-5.45,-1.45,-0.5));
#13479 = DIRECTION('',(-0.,1.,0.));
#13480 = DIRECTION('',(1.,0.,0.));
#13481 = ADVANCED_FACE('',(#13482),#13498,.F.);
#13482 = FACE_BOUND('',#13483,.T.);
#13483 = EDGE_LOOP('',(#13484,#13490,#13491,#13497));
#13484 = ORIENTED_EDGE('',*,*,#13485,.F.);
#13485 = EDGE_CURVE('',#1971,#13434,#13486,.T.);
#13486 = LINE('',#13487,#13488);
#13487 = CARTESIAN_POINT('',(14.988998899256,1.45,-0.28));
#13488 = VECTOR('',#13489,1.);
#13489 = DIRECTION('',(-1.,0.,0.));
#13490 = ORIENTED_EDGE('',*,*,#1970,.T.);
#13491 = ORIENTED_EDGE('',*,*,#13492,.T.);
#13492 = EDGE_CURVE('',#1963,#13442,#13493,.T.);
#13493 = LINE('',#13494,#13495);
#13494 = CARTESIAN_POINT('',(14.988998899256,-1.45,-0.28));
#13495 = VECTOR('',#13496,1.);
#13496 = DIRECTION('',(-1.,0.,0.));
#13497 = ORIENTED_EDGE('',*,*,#13441,.F.);
#13498 = PLANE('',#13499);
#13499 = AXIS2_PLACEMENT_3D('',#13500,#13501,#13502);
#13500 = CARTESIAN_POINT('',(14.988998899256,-1.45,-0.28));
#13501 = DIRECTION('',(0.,-2.990902544788E-16,1.));
#13502 = DIRECTION('',(0.,-1.,-2.990902544788E-16));
#13503 = ADVANCED_FACE('',(#13504),#13510,.F.);
#13504 = FACE_BOUND('',#13505,.T.);
#13505 = EDGE_LOOP('',(#13506,#13507,#13508,#13509));
#13506 = ORIENTED_EDGE('',*,*,#13492,.F.);
#13507 = ORIENTED_EDGE('',*,*,#1962,.T.);
#13508 = ORIENTED_EDGE('',*,*,#13463,.T.);
#13509 = ORIENTED_EDGE('',*,*,#13449,.F.);
#13510 = PLANE('',#13511);
#13511 = AXIS2_PLACEMENT_3D('',#13512,#13513,#13514);
#13512 = CARTESIAN_POINT('',(14.988998899256,-1.45,-0.5));
#13513 = DIRECTION('',(0.,-1.,-9.856383386232E-16));
#13514 = DIRECTION('',(0.,9.856383386232E-16,-1.));
#13515 = ADVANCED_FACE('',(#13516),#13527,.F.);
#13516 = FACE_BOUND('',#13517,.T.);
#13517 = EDGE_LOOP('',(#13518,#13524,#13525,#13526));
#13518 = ORIENTED_EDGE('',*,*,#13519,.F.);
#13519 = EDGE_CURVE('',#1979,#13280,#13520,.T.);
#13520 = LINE('',#13521,#13522);
#13521 = CARTESIAN_POINT('',(15.771922627321,1.45,-0.5));
#13522 = VECTOR('',#13523,1.);
#13523 = DIRECTION('',(-1.,2.465190328816E-32,0.));
#13524 = ORIENTED_EDGE('',*,*,#1978,.T.);
#13525 = ORIENTED_EDGE('',*,*,#13485,.T.);
#13526 = ORIENTED_EDGE('',*,*,#13433,.T.);
#13527 = PLANE('',#13528);
#13528 = AXIS2_PLACEMENT_3D('',#13529,#13530,#13531);
#13529 = CARTESIAN_POINT('',(14.988998899256,1.45,-0.28));
#13530 = DIRECTION('',(0.,1.,3.942553354493E-15));
#13531 = DIRECTION('',(0.,3.942553354493E-15,-1.));
#13532 = ADVANCED_FACE('',(#13533),#13538,.T.);
#13533 = FACE_BOUND('',#13534,.T.);
#13534 = EDGE_LOOP('',(#13535,#13536,#13537));
#13535 = ORIENTED_EDGE('',*,*,#1986,.F.);
#13536 = ORIENTED_EDGE('',*,*,#13519,.T.);
#13537 = ORIENTED_EDGE('',*,*,#13279,.F.);
#13538 = PLANE('',#13539);
#13539 = AXIS2_PLACEMENT_3D('',#13540,#13541,#13542);
#13540 = CARTESIAN_POINT('',(-5.45,1.45,-0.5));
#13541 = DIRECTION('',(0.,-1.,0.));
#13542 = DIRECTION('',(0.,0.,-1.));
#13543 = ADVANCED_FACE('',(#13544),#13555,.T.);
#13544 = FACE_BOUND('',#13545,.T.);
#13545 = EDGE_LOOP('',(#13546,#13547,#13553,#13554));
#13546 = ORIENTED_EDGE('',*,*,#13470,.T.);
#13547 = ORIENTED_EDGE('',*,*,#13548,.T.);
#13548 = EDGE_CURVE('',#1945,#12307,#13549,.T.);
#13549 = LINE('',#13550,#13551);
#13550 = CARTESIAN_POINT('',(-5.45,5.5,-0.9));
#13551 = VECTOR('',#13552,1.);
#13552 = DIRECTION('',(1.577021341797E-16,-1.,0.));
#13553 = ORIENTED_EDGE('',*,*,#12320,.T.);
#13554 = ORIENTED_EDGE('',*,*,#13409,.T.);
#13555 = CYLINDRICAL_SURFACE('',#13556,0.4);
#13556 = AXIS2_PLACEMENT_3D('',#13557,#13558,#13559);
#13557 = CARTESIAN_POINT('',(-5.45,28.830664922091,-0.5));
#13558 = DIRECTION('',(0.,-1.,0.));
#13559 = DIRECTION('',(0.,0.,-1.));
#13560 = ADVANCED_FACE('',(#13561),#13572,.T.);
#13561 = FACE_BOUND('',#13562,.T.);
#13562 = EDGE_LOOP('',(#13563,#13564,#13570,#13571));
#13563 = ORIENTED_EDGE('',*,*,#13309,.T.);
#13564 = ORIENTED_EDGE('',*,*,#13565,.T.);
#13565 = EDGE_CURVE('',#1889,#11838,#13566,.T.);
#13566 = LINE('',#13567,#13568);
#13567 = CARTESIAN_POINT('',(5.45,5.5,-0.9));
#13568 = VECTOR('',#13569,1.);
#13569 = DIRECTION('',(-1.577021341797E-16,1.,0.));
#13570 = ORIENTED_EDGE('',*,*,#11846,.T.);
#13571 = ORIENTED_EDGE('',*,*,#13246,.T.);
#13572 = CYLINDRICAL_SURFACE('',#13573,0.4);
#13573 = AXIS2_PLACEMENT_3D('',#13574,#13575,#13576);
#13574 = CARTESIAN_POINT('',(5.45,-34.30830791025,-0.5));
#13575 = DIRECTION('',(0.,1.,0.));
#13576 = DIRECTION('',(0.,-0.,1.));
#13577 = ADVANCED_FACE('',(#13578,#13628),#13632,.F.);
#13578 = FACE_BOUND('',#13579,.T.);
#13579 = EDGE_LOOP('',(#13580,#13581,#13582,#13583,#13584,#13585,#13586,
    #13587,#13588,#13589,#13590,#13591,#13592,#13593,#13594,#13595,
    #13596,#13597,#13598,#13599,#13600,#13601,#13602,#13603,#13604,
    #13605,#13606,#13607,#13608,#13609,#13610,#13611,#13612,#13613,
    #13614,#13615,#13616,#13617,#13618,#13619,#13620,#13621,#13622,
    #13623,#13624,#13625,#13626,#13627));
#13580 = ORIENTED_EDGE('',*,*,#12264,.F.);
#13581 = ORIENTED_EDGE('',*,*,#13565,.F.);
#13582 = ORIENTED_EDGE('',*,*,#1888,.T.);
#13583 = ORIENTED_EDGE('',*,*,#13393,.F.);
#13584 = ORIENTED_EDGE('',*,*,#12726,.F.);
#13585 = ORIENTED_EDGE('',*,*,#12700,.F.);
#13586 = ORIENTED_EDGE('',*,*,#1770,.F.);
#13587 = ORIENTED_EDGE('',*,*,#12613,.F.);
#13588 = ORIENTED_EDGE('',*,*,#12589,.F.);
#13589 = ORIENTED_EDGE('',*,*,#12565,.F.);
#13590 = ORIENTED_EDGE('',*,*,#1738,.F.);
#13591 = ORIENTED_EDGE('',*,*,#12548,.F.);
#13592 = ORIENTED_EDGE('',*,*,#12524,.F.);
#13593 = ORIENTED_EDGE('',*,*,#12500,.F.);
#13594 = ORIENTED_EDGE('',*,*,#1706,.F.);
#13595 = ORIENTED_EDGE('',*,*,#12483,.F.);
#13596 = ORIENTED_EDGE('',*,*,#12459,.F.);
#13597 = ORIENTED_EDGE('',*,*,#12435,.F.);
#13598 = ORIENTED_EDGE('',*,*,#1674,.F.);
#13599 = ORIENTED_EDGE('',*,*,#12418,.F.);
#13600 = ORIENTED_EDGE('',*,*,#12394,.F.);
#13601 = ORIENTED_EDGE('',*,*,#12370,.F.);
#13602 = ORIENTED_EDGE('',*,*,#1642,.F.);
#13603 = ORIENTED_EDGE('',*,*,#12345,.F.);
#13604 = ORIENTED_EDGE('',*,*,#12743,.F.);
#13605 = ORIENTED_EDGE('',*,*,#13548,.F.);
#13606 = ORIENTED_EDGE('',*,*,#1944,.T.);
#13607 = ORIENTED_EDGE('',*,*,#13273,.F.);
#13608 = ORIENTED_EDGE('',*,*,#12242,.F.);
#13609 = ORIENTED_EDGE('',*,*,#12208,.F.);
#13610 = ORIENTED_EDGE('',*,*,#1497,.F.);
#13611 = ORIENTED_EDGE('',*,*,#12131,.F.);
#13612 = ORIENTED_EDGE('',*,*,#12107,.F.);
#13613 = ORIENTED_EDGE('',*,*,#12083,.F.);
#13614 = ORIENTED_EDGE('',*,*,#1465,.F.);
#13615 = ORIENTED_EDGE('',*,*,#12066,.F.);
#13616 = ORIENTED_EDGE('',*,*,#12042,.F.);
#13617 = ORIENTED_EDGE('',*,*,#12018,.F.);
#13618 = ORIENTED_EDGE('',*,*,#1433,.F.);
#13619 = ORIENTED_EDGE('',*,*,#12001,.F.);
#13620 = ORIENTED_EDGE('',*,*,#11977,.F.);
#13621 = ORIENTED_EDGE('',*,*,#11953,.F.);
#13622 = ORIENTED_EDGE('',*,*,#1401,.F.);
#13623 = ORIENTED_EDGE('',*,*,#11936,.F.);
#13624 = ORIENTED_EDGE('',*,*,#11912,.F.);
#13625 = ORIENTED_EDGE('',*,*,#11888,.F.);
#13626 = ORIENTED_EDGE('',*,*,#1369,.F.);
#13627 = ORIENTED_EDGE('',*,*,#11869,.F.);
#13628 = FACE_BOUND('',#13629,.T.);
#13629 = EDGE_LOOP('',(#13630,#13631));
#13630 = ORIENTED_EDGE('',*,*,#1872,.T.);
#13631 = ORIENTED_EDGE('',*,*,#869,.T.);
#13632 = PLANE('',#13633);
#13633 = AXIS2_PLACEMENT_3D('',#13634,#13635,#13636);
#13634 = CARTESIAN_POINT('',(-4.95,5.5,-0.9));
#13635 = DIRECTION('',(0.,0.,1.));
#13636 = DIRECTION('',(1.,0.,-0.));
#13637 = ADVANCED_FACE('',(#13638,#13642),#13652,.T.);
#13638 = FACE_BOUND('',#13639,.T.);
#13639 = EDGE_LOOP('',(#13640,#13641));
#13640 = ORIENTED_EDGE('',*,*,#884,.T.);
#13641 = ORIENTED_EDGE('',*,*,#1853,.T.);
#13642 = FACE_BOUND('',#13643,.T.);
#13643 = EDGE_LOOP('',(#13644,#13645));
#13644 = ORIENTED_EDGE('',*,*,#129,.F.);
#13645 = ORIENTED_EDGE('',*,*,#13646,.F.);
#13646 = EDGE_CURVE('',#132,#130,#13647,.T.);
#13647 = CIRCLE('',#13648,2.5);
#13648 = AXIS2_PLACEMENT_3D('',#13649,#13650,#13651);
#13649 = CARTESIAN_POINT('',(1.078108252822E-15,1.498720255326E-16,-7.9)
  );
#13650 = DIRECTION('',(0.,1.897114247248E-17,-1.));
#13651 = DIRECTION('',(-1.,0.,0.));
#13652 = PLANE('',#13653);
#13653 = AXIS2_PLACEMENT_3D('',#13654,#13655,#13656);
#13654 = CARTESIAN_POINT('',(1.078108252822E-15,1.498720255326E-16,-7.9)
  );
#13655 = DIRECTION('',(1.364693990914E-16,1.897114247248E-17,-1.));
#13656 = DIRECTION('',(0.,-1.,-1.897114247248E-17));
#13657 = ADVANCED_FACE('',(#13658,#13668),#13678,.F.);
#13658 = FACE_BOUND('',#13659,.T.);
#13659 = EDGE_LOOP('',(#13660,#13661));
#13660 = ORIENTED_EDGE('',*,*,#89,.T.);
#13661 = ORIENTED_EDGE('',*,*,#13662,.T.);
#13662 = EDGE_CURVE('',#82,#90,#13663,.T.);
#13663 = CIRCLE('',#13664,3.);
#13664 = AXIS2_PLACEMENT_3D('',#13665,#13666,#13667);
#13665 = CARTESIAN_POINT('',(1.348295226262E-15,-1.779053918853E-17,-9.9
    ));
#13666 = DIRECTION('',(0.,-1.897114247248E-17,1.));
#13667 = DIRECTION('',(-1.,0.,0.));
#13668 = FACE_BOUND('',#13669,.T.);
#13669 = EDGE_LOOP('',(#13670,#13671));
#13670 = ORIENTED_EDGE('',*,*,#148,.T.);
#13671 = ORIENTED_EDGE('',*,*,#13672,.T.);
#13672 = EDGE_CURVE('',#141,#149,#13673,.T.);
#13673 = CIRCLE('',#13674,2.5);
#13674 = AXIS2_PLACEMENT_3D('',#13675,#13676,#13677);
#13675 = CARTESIAN_POINT('',(1.351047051005E-15,1.878143104775E-16,-9.9)
  );
#13676 = DIRECTION('',(0.,1.897114247248E-17,-1.));
#13677 = DIRECTION('',(-1.,0.,0.));
#13678 = PLANE('',#13679);
#13679 = AXIS2_PLACEMENT_3D('',#13680,#13681,#13682);
#13680 = CARTESIAN_POINT('',(1.351047051005E-15,1.878143104775E-16,-9.9)
  );
#13681 = DIRECTION('',(1.364693990914E-16,1.897114247248E-17,-1.));
#13682 = DIRECTION('',(0.,-1.,-1.897114247248E-17));
#13683 = ADVANCED_FACE('',(#13684),#13690,.T.);
#13684 = FACE_BOUND('',#13685,.T.);
#13685 = EDGE_LOOP('',(#13686,#13687,#13688,#13689));
#13686 = ORIENTED_EDGE('',*,*,#140,.F.);
#13687 = ORIENTED_EDGE('',*,*,#13646,.T.);
#13688 = ORIENTED_EDGE('',*,*,#157,.T.);
#13689 = ORIENTED_EDGE('',*,*,#13672,.F.);
#13690 = CYLINDRICAL_SURFACE('',#13691,2.5);
#13691 = AXIS2_PLACEMENT_3D('',#13692,#13693,#13694);
#13692 = CARTESIAN_POINT('',(1.078108252822E-15,1.498720255326E-16,-7.9)
  );
#13693 = DIRECTION('',(0.,1.897114247248E-17,-1.));
#13694 = DIRECTION('',(-1.,0.,0.));
#13695 = ADVANCED_FACE('',(#13696),#13715,.F.);
#13696 = FACE_BOUND('',#13697,.T.);
#13697 = EDGE_LOOP('',(#13698,#13709));
#13698 = ORIENTED_EDGE('',*,*,#13699,.F.);
#13699 = EDGE_CURVE('',#13700,#13702,#13704,.T.);
#13700 = VERTEX_POINT('',#13701);
#13701 = CARTESIAN_POINT('',(-1.322875655532,1.5,-20.9));
#13702 = VERTEX_POINT('',#13703);
#13703 = CARTESIAN_POINT('',(1.322875655532,1.5,-20.9));
#13704 = CIRCLE('',#13705,2.);
#13705 = AXIS2_PLACEMENT_3D('',#13706,#13707,#13708);
#13706 = CARTESIAN_POINT('',(2.849458616268E-15,4.162921994132E-16,-20.9
    ));
#13707 = DIRECTION('',(-1.364693990914E-16,-2.428770277436E-32,1.));
#13708 = DIRECTION('',(-1.779717866135E-16,1.,-5.473822126269E-48));
#13709 = ORIENTED_EDGE('',*,*,#13710,.F.);
#13710 = EDGE_CURVE('',#13702,#13700,#13711,.T.);
#13711 = LINE('',#13712,#13713);
#13712 = CARTESIAN_POINT('',(2.598076211353,1.5,-20.9));
#13713 = VECTOR('',#13714,1.);
#13714 = DIRECTION('',(-1.,-1.224606353822E-16,-1.364693990914E-16));
#13715 = PLANE('',#13716);
#13716 = AXIS2_PLACEMENT_3D('',#13717,#13718,#13719);
#13717 = CARTESIAN_POINT('',(-2.,1.713709286487E-16,-20.9));
#13718 = DIRECTION('',(-1.364693990914E-16,-1.897114247248E-17,1.));
#13719 = DIRECTION('',(1.,0.,1.364693990914E-16));
#13720 = ADVANCED_FACE('',(#13721),#13739,.T.);
#13721 = FACE_BOUND('',#13722,.T.);
#13722 = EDGE_LOOP('',(#13723,#13724,#13733));
#13723 = ORIENTED_EDGE('',*,*,#106,.T.);
#13724 = ORIENTED_EDGE('',*,*,#13725,.T.);
#13725 = EDGE_CURVE('',#99,#13726,#13728,.T.);
#13726 = VERTEX_POINT('',#13727);
#13727 = CARTESIAN_POINT('',(2.598076211353,1.5,-10.9));
#13728 = CIRCLE('',#13729,3.);
#13729 = AXIS2_PLACEMENT_3D('',#13730,#13731,#13732);
#13730 = CARTESIAN_POINT('',(1.484764625354E-15,2.265807746884E-16,-10.9
    ));
#13731 = DIRECTION('',(0.,1.897114247248E-17,-1.));
#13732 = DIRECTION('',(-1.,0.,0.));
#13733 = ORIENTED_EDGE('',*,*,#13734,.T.);
#13734 = EDGE_CURVE('',#13726,#107,#13735,.T.);
#13735 = LINE('',#13736,#13737);
#13736 = CARTESIAN_POINT('',(2.598076211353,1.5,-10.9));
#13737 = VECTOR('',#13738,1.);
#13738 = DIRECTION('',(-1.,1.669238443041E-16,0.));
#13739 = PLANE('',#13740);
#13740 = AXIS2_PLACEMENT_3D('',#13741,#13742,#13743);
#13741 = CARTESIAN_POINT('',(1.484764625354E-15,2.265807746884E-16,-10.9
    ));
#13742 = DIRECTION('',(1.364693990914E-16,1.897114247248E-17,-1.));
#13743 = DIRECTION('',(0.,-1.,-1.897114247248E-17));
#13744 = ADVANCED_FACE('',(#13745),#13791,.F.);
#13745 = FACE_BOUND('',#13746,.T.);
#13746 = EDGE_LOOP('',(#13747,#13748,#13749,#13757,#13774,#13775));
#13747 = ORIENTED_EDGE('',*,*,#115,.F.);
#13748 = ORIENTED_EDGE('',*,*,#13734,.F.);
#13749 = ORIENTED_EDGE('',*,*,#13750,.T.);
#13750 = EDGE_CURVE('',#13726,#13751,#13753,.T.);
#13751 = VERTEX_POINT('',#13752);
#13752 = CARTESIAN_POINT('',(2.598076211353,1.5,-19.9));
#13753 = LINE('',#13754,#13755);
#13754 = CARTESIAN_POINT('',(2.598076211353,1.5,-10.9));
#13755 = VECTOR('',#13756,1.);
#13756 = DIRECTION('',(1.364693990914E-16,1.897114247248E-17,-1.));
#13757 = ORIENTED_EDGE('',*,*,#13758,.F.);
#13758 = EDGE_CURVE('',#13702,#13751,#13759,.T.);
#13759 = B_SPLINE_CURVE_WITH_KNOTS('',3,(#13760,#13761,#13762,#13763,
    #13764,#13765,#13766,#13767,#13768,#13769,#13770,#13771,#13772,
    #13773),.UNSPECIFIED.,.F.,.F.,(4,2,2,1,1,2,2,4),(0.,0.25,0.375,
    0.4375,0.46875,0.484375,0.5,1.),.UNSPECIFIED.);
#13760 = CARTESIAN_POINT('',(1.322875655532,1.5,-20.9));
#13761 = CARTESIAN_POINT('',(1.422438542962,1.5,-20.83414534001));
#13762 = CARTESIAN_POINT('',(1.526294754242,1.500083761158,
    -20.76120679302));
#13763 = CARTESIAN_POINT('',(1.689196239269,1.500087492717,
    -20.64117314202));
#13764 = CARTESIAN_POINT('',(1.744678017644,1.500072659718,
    -20.59939095328));
#13765 = CARTESIAN_POINT('',(1.829719699345,1.500040504064,
    -20.53406121253));
#13766 = CARTESIAN_POINT('',(1.872694956374,1.500022475241,
    -20.50073222775));
#13767 = CARTESIAN_POINT('',(1.923635058099,1.500006969475,
    -20.46068621196));
#13768 = CARTESIAN_POINT('',(1.945639028695,1.500002859382,
    -20.44327459086));
#13769 = CARTESIAN_POINT('',(1.96034673559,1.50000084416,-20.43161150059
    ));
#13770 = CARTESIAN_POINT('',(1.969162745348,1.5000001593,-20.42460317368
    ));
#13771 = CARTESIAN_POINT('',(2.165490164305,1.499994902412,
    -20.26825651122));
#13772 = CARTESIAN_POINT('',(2.372946503805,1.5,-20.09496804588));
#13773 = CARTESIAN_POINT('',(2.598076211353,1.5,-19.9));
#13774 = ORIENTED_EDGE('',*,*,#13710,.T.);
#13775 = ORIENTED_EDGE('',*,*,#13776,.F.);
#13776 = EDGE_CURVE('',#71,#13700,#13777,.T.);
#13777 = B_SPLINE_CURVE_WITH_KNOTS('',3,(#13778,#13779,#13780,#13781,
    #13782,#13783,#13784,#13785,#13786,#13787,#13788,#13789,#13790),
  .UNSPECIFIED.,.F.,.F.,(4,2,1,1,1,2,2,4),(0.,0.25,0.375,0.4375,0.46875,
    0.484375,0.5,1.),.UNSPECIFIED.);
#13778 = CARTESIAN_POINT('',(-2.598076211353,1.5,-19.9));
#13779 = CARTESIAN_POINT('',(-2.485618908546,1.5,-19.99739088107));
#13780 = CARTESIAN_POINT('',(-2.377541378187,1.500045773957,
    -20.08938136603));
#13781 = CARTESIAN_POINT('',(-2.221938035061,1.500046424588,
    -20.2192664993));
#13782 = CARTESIAN_POINT('',(-2.145763300292,1.500034109578,
    -20.2821839174));
#13783 = CARTESIAN_POINT('',(-2.059710498551,1.50001200311,
    -20.3520435619));
#13784 = CARTESIAN_POINT('',(-2.017383277109,1.500003936021,
    -20.38608738166));
#13785 = CARTESIAN_POINT('',(-1.999392249948,1.500001711124,
    -20.40048773245));
#13786 = CARTESIAN_POINT('',(-1.987431316792,1.50000057565,
    -20.41004577572));
#13787 = CARTESIAN_POINT('',(-1.982915905024,1.500000225585,
    -20.4136500324));
#13788 = CARTESIAN_POINT('',(-1.738850175,1.499992781287,-20.60803655533
    ));
#13789 = CARTESIAN_POINT('',(-1.522154081259,1.5,-20.76818971096));
#13790 = CARTESIAN_POINT('',(-1.322875655532,1.5,-20.9));
#13791 = PLANE('',#13792);
#13792 = AXIS2_PLACEMENT_3D('',#13793,#13794,#13795);
#13793 = CARTESIAN_POINT('',(2.598076211353,1.5,-10.9));
#13794 = DIRECTION('',(1.779717866135E-16,-1.,-1.897114247248E-17));
#13795 = DIRECTION('',(0.,1.897114247248E-17,-1.));
#13796 = ADVANCED_FACE('',(#13797),#13810,.T.);
#13797 = FACE_BOUND('',#13798,.T.);
#13798 = EDGE_LOOP('',(#13799,#13800,#13801,#13802,#13803));
#13799 = ORIENTED_EDGE('',*,*,#70,.F.);
#13800 = ORIENTED_EDGE('',*,*,#13776,.T.);
#13801 = ORIENTED_EDGE('',*,*,#13699,.T.);
#13802 = ORIENTED_EDGE('',*,*,#13758,.T.);
#13803 = ORIENTED_EDGE('',*,*,#13804,.F.);
#13804 = EDGE_CURVE('',#73,#13751,#13805,.T.);
#13805 = CIRCLE('',#13806,3.);
#13806 = AXIS2_PLACEMENT_3D('',#13807,#13808,#13809);
#13807 = CARTESIAN_POINT('',(2.712989217176E-15,3.973210569407E-16,-19.9
    ));
#13808 = DIRECTION('',(-1.364693990914E-16,-2.428770277436E-32,1.));
#13809 = DIRECTION('',(-1.779717866135E-16,1.,-1.368455531567E-47));
#13810 = CONICAL_SURFACE('',#13811,2.,0.785398163397);
#13811 = AXIS2_PLACEMENT_3D('',#13812,#13813,#13814);
#13812 = CARTESIAN_POINT('',(2.849458616268E-15,4.162921994132E-16,-20.9
    ));
#13813 = DIRECTION('',(-1.364693990914E-16,-2.428770277436E-32,1.));
#13814 = DIRECTION('',(-1.779717866135E-16,1.,-5.473822126269E-48));
#13815 = ADVANCED_FACE('',(#13816),#13824,.T.);
#13816 = FACE_BOUND('',#13817,.T.);
#13817 = EDGE_LOOP('',(#13818,#13819,#13820,#13821,#13822,#13823));
#13818 = ORIENTED_EDGE('',*,*,#81,.F.);
#13819 = ORIENTED_EDGE('',*,*,#13804,.T.);
#13820 = ORIENTED_EDGE('',*,*,#13750,.F.);
#13821 = ORIENTED_EDGE('',*,*,#13725,.F.);
#13822 = ORIENTED_EDGE('',*,*,#98,.T.);
#13823 = ORIENTED_EDGE('',*,*,#13662,.F.);
#13824 = CYLINDRICAL_SURFACE('',#13825,3.);
#13825 = AXIS2_PLACEMENT_3D('',#13826,#13827,#13828);
#13826 = CARTESIAN_POINT('',(-2.731266776258E-16,-1.779053918853E-17,
    1.981212306082));
#13827 = DIRECTION('',(-1.364693990914E-16,-2.428770277436E-32,1.));
#13828 = DIRECTION('',(-1.779717866135E-16,1.,-1.368455531567E-47));
#13829 = ( GEOMETRIC_REPRESENTATION_CONTEXT(3) 
GLOBAL_UNCERTAINTY_ASSIGNED_CONTEXT((#13833)) 
GLOBAL_UNIT_ASSIGNED_CONTEXT((#13830,#13831,#13832)) 
REPRESENTATION_CONTEXT('Context #1',
  '3D Context with UNIT and UNCERTAINTY') );
#13830 = ( LENGTH_UNIT() NAMED_UNIT(*) SI_UNIT(.MILLI.,.METRE.) );
#13831 = ( NAMED_UNIT(*) PLANE_ANGLE_UNIT() SI_UNIT($,.RADIAN.) );
#13832 = ( NAMED_UNIT(*) SI_UNIT($,.STERADIAN.) SOLID_ANGLE_UNIT() );
#13833 = UNCERTAINTY_MEASURE_WITH_UNIT(LENGTH_MEASURE(5.E-06),#13830,
  'distance_accuracy_value','confusion accuracy');
#13834 = CONTEXT_DEPENDENT_SHAPE_REPRESENTATION(#13835,#13837);
#13835 = ( REPRESENTATION_RELATIONSHIP('','',#63,#40) 
REPRESENTATION_RELATIONSHIP_WITH_TRANSFORMATION(#13836) 
SHAPE_REPRESENTATION_RELATIONSHIP() );
#13836 = ITEM_DEFINED_TRANSFORMATION('','',#11,#41);
#13837 = PRODUCT_DEFINITION_SHAPE('Placement','Placement of an item',
  #13838);
#13838 = NEXT_ASSEMBLY_USAGE_OCCURRENCE('1','=>[0:1:1:3]','',#35,#58,$);
#13839 = PRODUCT_RELATED_PRODUCT_CATEGORY('part',$,(#60));
#13840 = SHAPE_DEFINITION_REPRESENTATION(#13841,#13847);
#13841 = PRODUCT_DEFINITION_SHAPE('','',#13842);
#13842 = PRODUCT_DEFINITION('design','',#13843,#13846);
#13843 = PRODUCT_DEFINITION_FORMATION('','',#13844);
#13844 = PRODUCT('Molex_KK-254_AE-6410-04A_1x04_P2.54mm_Vertical',
  'Molex_KK-254_AE-6410-04A_1x04_P2.54mm_Vertical','',(#13845));
#13845 = PRODUCT_CONTEXT('',#2,'mechanical');
#13846 = PRODUCT_DEFINITION_CONTEXT('part definition',#2,'design');
#13847 = SHAPE_REPRESENTATION('',(#11,#13848),#13852);
#13848 = AXIS2_PLACEMENT_3D('',#13849,#13850,#13851);
#13849 = CARTESIAN_POINT('',(0.,0.,0.));
#13850 = DIRECTION('',(0.,0.,1.));
#13851 = DIRECTION('',(1.,0.,-0.));
#13852 = ( GEOMETRIC_REPRESENTATION_CONTEXT(3) 
GLOBAL_UNCERTAINTY_ASSIGNED_CONTEXT((#13856)) 
GLOBAL_UNIT_ASSIGNED_CONTEXT((#13853,#13854,#13855)) 
REPRESENTATION_CONTEXT('Context #1',
  '3D Context with UNIT and UNCERTAINTY') );
#13853 = ( LENGTH_UNIT() NAMED_UNIT(*) SI_UNIT(.MILLI.,.METRE.) );
#13854 = ( NAMED_UNIT(*) PLANE_ANGLE_UNIT() SI_UNIT($,.RADIAN.) );
#13855 = ( NAMED_UNIT(*) SI_UNIT($,.STERADIAN.) SOLID_ANGLE_UNIT() );
#13856 = UNCERTAINTY_MEASURE_WITH_UNIT(LENGTH_MEASURE(1.E-07),#13853,
  'distance_accuracy_value','confusion accuracy');
#13857 = CONTEXT_DEPENDENT_SHAPE_REPRESENTATION(#13858,#13860);
#13858 = ( REPRESENTATION_RELATIONSHIP('','',#13847,#10) 
REPRESENTATION_RELATIONSHIP_WITH_TRANSFORMATION(#13859) 
SHAPE_REPRESENTATION_RELATIONSHIP() );
#13859 = ITEM_DEFINED_TRANSFORMATION('','',#11,#19);
#13860 = PRODUCT_DEFINITION_SHAPE('Placement','Placement of an item',
  #13861);
#13861 = NEXT_ASSEMBLY_USAGE_OCCURRENCE('4','J1','',#5,#13842,$);
#13862 = PRODUCT_RELATED_PRODUCT_CATEGORY('part',$,(#13844));
#13863 = SHAPE_DEFINITION_REPRESENTATION(#13864,#13870);
#13864 = PRODUCT_DEFINITION_SHAPE('','',#13865);
#13865 = PRODUCT_DEFINITION('design','',#13866,#13869);
#13866 = PRODUCT_DEFINITION_FORMATION('','',#13867);
#13867 = PRODUCT('Molex_AE_6410_04A','Molex_AE_6410_04A','',(#13868));
#13868 = PRODUCT_CONTEXT('',#2,'mechanical');
#13869 = PRODUCT_DEFINITION_CONTEXT('part definition',#2,'design');
#13870 = ADVANCED_BREP_SHAPE_REPRESENTATION('',(#11,#13871),#17226);
#13871 = MANIFOLD_SOLID_BREP('',#13872);
#13872 = CLOSED_SHELL('',(#13873,#13913,#14120,#14144,#14184,#14201,
    #14232,#14256,#14314,#14338,#14396,#14420,#14478,#14502,#14560,
    #14584,#14642,#14666,#14724,#14748,#14806,#14830,#14854,#14878,
    #15163,#15214,#15265,#15282,#15299,#15327,#15358,#15382,#15406,
    #15423,#15445,#15462,#15479,#15491,#15522,#15546,#15570,#15587,
    #15609,#15626,#15643,#15655,#15686,#15710,#15734,#15751,#15773,
    #15790,#15807,#15819,#15850,#15874,#15898,#15915,#15932,#15963,
    #15987,#16011,#16028,#16059,#16083,#16107,#16124,#16155,#16179,
    #16203,#16220,#16251,#16275,#16299,#16316,#16333,#16350,#16362,
    #16393,#16417,#16441,#16458,#16489,#16513,#16537,#16554,#16585,
    #16609,#16633,#16650,#16681,#16705,#16729,#16746,#16777,#16801,
    #16825,#16842,#16873,#16897,#16921,#16938,#16969,#16993,#17017,
    #17034,#17065,#17089,#17113,#17130,#17142,#17154,#17166,#17178,
    #17190,#17202,#17214));
#13873 = ADVANCED_FACE('',(#13874),#13908,.T.);
#13874 = FACE_BOUND('',#13875,.T.);
#13875 = EDGE_LOOP('',(#13876,#13886,#13894,#13902));
#13876 = ORIENTED_EDGE('',*,*,#13877,.T.);
#13877 = EDGE_CURVE('',#13878,#13880,#13882,.T.);
#13878 = VERTEX_POINT('',#13879);
#13879 = CARTESIAN_POINT('',(0.3,-2.9,11.7));
#13880 = VERTEX_POINT('',#13881);
#13881 = CARTESIAN_POINT('',(7.32,-2.9,11.7));
#13882 = LINE('',#13883,#13884);
#13883 = CARTESIAN_POINT('',(3.81,-2.9,11.7));
#13884 = VECTOR('',#13885,1.);
#13885 = DIRECTION('',(1.,0.,0.));
#13886 = ORIENTED_EDGE('',*,*,#13887,.T.);
#13887 = EDGE_CURVE('',#13880,#13888,#13890,.T.);
#13888 = VERTEX_POINT('',#13889);
#13889 = CARTESIAN_POINT('',(7.32,-1.9,11.7));
#13890 = LINE('',#13891,#13892);
#13891 = CARTESIAN_POINT('',(7.32,-2.9,11.7));
#13892 = VECTOR('',#13893,1.);
#13893 = DIRECTION('',(0.,1.,0.));
#13894 = ORIENTED_EDGE('',*,*,#13895,.F.);
#13895 = EDGE_CURVE('',#13896,#13888,#13898,.T.);
#13896 = VERTEX_POINT('',#13897);
#13897 = CARTESIAN_POINT('',(0.3,-1.9,11.7));
#13898 = LINE('',#13899,#13900);
#13899 = CARTESIAN_POINT('',(3.81,-1.9,11.7));
#13900 = VECTOR('',#13901,1.);
#13901 = DIRECTION('',(1.,0.,0.));
#13902 = ORIENTED_EDGE('',*,*,#13903,.F.);
#13903 = EDGE_CURVE('',#13878,#13896,#13904,.T.);
#13904 = LINE('',#13905,#13906);
#13905 = CARTESIAN_POINT('',(0.3,-2.9,11.7));
#13906 = VECTOR('',#13907,1.);
#13907 = DIRECTION('',(0.,1.,0.));
#13908 = PLANE('',#13909);
#13909 = AXIS2_PLACEMENT_3D('',#13910,#13911,#13912);
#13910 = CARTESIAN_POINT('',(3.81,-2.4,11.7));
#13911 = DIRECTION('',(4.983297043108E-32,6.214492767065E-30,1.));
#13912 = DIRECTION('',(0.,1.,-6.214492767065E-30));
#13913 = ADVANCED_FACE('',(#13914),#14115,.T.);
#13914 = FACE_BOUND('',#13915,.T.);
#13915 = EDGE_LOOP('',(#13916,#13926,#13934,#13942,#13950,#13958,#13966,
    #13974,#13982,#13990,#13998,#14006,#14014,#14022,#14030,#14038,
    #14046,#14054,#14062,#14070,#14078,#14084,#14085,#14093,#14101,
    #14109));
#13916 = ORIENTED_EDGE('',*,*,#13917,.T.);
#13917 = EDGE_CURVE('',#13918,#13920,#13922,.T.);
#13918 = VERTEX_POINT('',#13919);
#13919 = CARTESIAN_POINT('',(-1.27,-2.9,0.));
#13920 = VERTEX_POINT('',#13921);
#13921 = CARTESIAN_POINT('',(-0.75,-2.9,0.));
#13922 = LINE('',#13923,#13924);
#13923 = CARTESIAN_POINT('',(-1.27,-2.9,0.));
#13924 = VECTOR('',#13925,1.);
#13925 = DIRECTION('',(1.,0.,0.));
#13926 = ORIENTED_EDGE('',*,*,#13927,.T.);
#13927 = EDGE_CURVE('',#13920,#13928,#13930,.T.);
#13928 = VERTEX_POINT('',#13929);
#13929 = CARTESIAN_POINT('',(-0.75,-2.9,0.6));
#13930 = LINE('',#13931,#13932);
#13931 = CARTESIAN_POINT('',(-0.75,-2.9,0.));
#13932 = VECTOR('',#13933,1.);
#13933 = DIRECTION('',(0.,0.,1.));
#13934 = ORIENTED_EDGE('',*,*,#13935,.F.);
#13935 = EDGE_CURVE('',#13936,#13928,#13938,.T.);
#13936 = VERTEX_POINT('',#13937);
#13937 = CARTESIAN_POINT('',(0.75,-2.9,0.6));
#13938 = LINE('',#13939,#13940);
#13939 = CARTESIAN_POINT('',(0.75,-2.9,0.6));
#13940 = VECTOR('',#13941,1.);
#13941 = DIRECTION('',(-1.,0.,0.));
#13942 = ORIENTED_EDGE('',*,*,#13943,.F.);
#13943 = EDGE_CURVE('',#13944,#13936,#13946,.T.);
#13944 = VERTEX_POINT('',#13945);
#13945 = CARTESIAN_POINT('',(0.75,-2.9,0.));
#13946 = LINE('',#13947,#13948);
#13947 = CARTESIAN_POINT('',(0.75,-2.9,0.));
#13948 = VECTOR('',#13949,1.);
#13949 = DIRECTION('',(0.,0.,1.));
#13950 = ORIENTED_EDGE('',*,*,#13951,.T.);
#13951 = EDGE_CURVE('',#13944,#13952,#13954,.T.);
#13952 = VERTEX_POINT('',#13953);
#13953 = CARTESIAN_POINT('',(1.79,-2.9,0.));
#13954 = LINE('',#13955,#13956);
#13955 = CARTESIAN_POINT('',(-1.27,-2.9,0.));
#13956 = VECTOR('',#13957,1.);
#13957 = DIRECTION('',(1.,0.,0.));
#13958 = ORIENTED_EDGE('',*,*,#13959,.T.);
#13959 = EDGE_CURVE('',#13952,#13960,#13962,.T.);
#13960 = VERTEX_POINT('',#13961);
#13961 = CARTESIAN_POINT('',(1.79,-2.9,0.6));
#13962 = LINE('',#13963,#13964);
#13963 = CARTESIAN_POINT('',(1.79,-2.9,0.));
#13964 = VECTOR('',#13965,1.);
#13965 = DIRECTION('',(0.,0.,1.));
#13966 = ORIENTED_EDGE('',*,*,#13967,.F.);
#13967 = EDGE_CURVE('',#13968,#13960,#13970,.T.);
#13968 = VERTEX_POINT('',#13969);
#13969 = CARTESIAN_POINT('',(3.29,-2.9,0.6));
#13970 = LINE('',#13971,#13972);
#13971 = CARTESIAN_POINT('',(3.29,-2.9,0.6));
#13972 = VECTOR('',#13973,1.);
#13973 = DIRECTION('',(-1.,0.,0.));
#13974 = ORIENTED_EDGE('',*,*,#13975,.F.);
#13975 = EDGE_CURVE('',#13976,#13968,#13978,.T.);
#13976 = VERTEX_POINT('',#13977);
#13977 = CARTESIAN_POINT('',(3.29,-2.9,0.));
#13978 = LINE('',#13979,#13980);
#13979 = CARTESIAN_POINT('',(3.29,-2.9,0.));
#13980 = VECTOR('',#13981,1.);
#13981 = DIRECTION('',(0.,0.,1.));
#13982 = ORIENTED_EDGE('',*,*,#13983,.T.);
#13983 = EDGE_CURVE('',#13976,#13984,#13986,.T.);
#13984 = VERTEX_POINT('',#13985);
#13985 = CARTESIAN_POINT('',(4.33,-2.9,0.));
#13986 = LINE('',#13987,#13988);
#13987 = CARTESIAN_POINT('',(-1.27,-2.9,0.));
#13988 = VECTOR('',#13989,1.);
#13989 = DIRECTION('',(1.,0.,0.));
#13990 = ORIENTED_EDGE('',*,*,#13991,.T.);
#13991 = EDGE_CURVE('',#13984,#13992,#13994,.T.);
#13992 = VERTEX_POINT('',#13993);
#13993 = CARTESIAN_POINT('',(4.33,-2.9,0.6));
#13994 = LINE('',#13995,#13996);
#13995 = CARTESIAN_POINT('',(4.33,-2.9,0.));
#13996 = VECTOR('',#13997,1.);
#13997 = DIRECTION('',(0.,0.,1.));
#13998 = ORIENTED_EDGE('',*,*,#13999,.F.);
#13999 = EDGE_CURVE('',#14000,#13992,#14002,.T.);
#14000 = VERTEX_POINT('',#14001);
#14001 = CARTESIAN_POINT('',(5.83,-2.9,0.6));
#14002 = LINE('',#14003,#14004);
#14003 = CARTESIAN_POINT('',(5.83,-2.9,0.6));
#14004 = VECTOR('',#14005,1.);
#14005 = DIRECTION('',(-1.,0.,0.));
#14006 = ORIENTED_EDGE('',*,*,#14007,.F.);
#14007 = EDGE_CURVE('',#14008,#14000,#14010,.T.);
#14008 = VERTEX_POINT('',#14009);
#14009 = CARTESIAN_POINT('',(5.83,-2.9,0.));
#14010 = LINE('',#14011,#14012);
#14011 = CARTESIAN_POINT('',(5.83,-2.9,0.));
#14012 = VECTOR('',#14013,1.);
#14013 = DIRECTION('',(0.,0.,1.));
#14014 = ORIENTED_EDGE('',*,*,#14015,.T.);
#14015 = EDGE_CURVE('',#14008,#14016,#14018,.T.);
#14016 = VERTEX_POINT('',#14017);
#14017 = CARTESIAN_POINT('',(6.87,-2.9,0.));
#14018 = LINE('',#14019,#14020);
#14019 = CARTESIAN_POINT('',(-1.27,-2.9,0.));
#14020 = VECTOR('',#14021,1.);
#14021 = DIRECTION('',(1.,0.,0.));
#14022 = ORIENTED_EDGE('',*,*,#14023,.T.);
#14023 = EDGE_CURVE('',#14016,#14024,#14026,.T.);
#14024 = VERTEX_POINT('',#14025);
#14025 = CARTESIAN_POINT('',(6.87,-2.9,0.6));
#14026 = LINE('',#14027,#14028);
#14027 = CARTESIAN_POINT('',(6.87,-2.9,0.));
#14028 = VECTOR('',#14029,1.);
#14029 = DIRECTION('',(0.,0.,1.));
#14030 = ORIENTED_EDGE('',*,*,#14031,.F.);
#14031 = EDGE_CURVE('',#14032,#14024,#14034,.T.);
#14032 = VERTEX_POINT('',#14033);
#14033 = CARTESIAN_POINT('',(8.37,-2.9,0.6));
#14034 = LINE('',#14035,#14036);
#14035 = CARTESIAN_POINT('',(8.37,-2.9,0.6));
#14036 = VECTOR('',#14037,1.);
#14037 = DIRECTION('',(-1.,0.,0.));
#14038 = ORIENTED_EDGE('',*,*,#14039,.F.);
#14039 = EDGE_CURVE('',#14040,#14032,#14042,.T.);
#14040 = VERTEX_POINT('',#14041);
#14041 = CARTESIAN_POINT('',(8.37,-2.9,0.));
#14042 = LINE('',#14043,#14044);
#14043 = CARTESIAN_POINT('',(8.37,-2.9,0.));
#14044 = VECTOR('',#14045,1.);
#14045 = DIRECTION('',(0.,0.,1.));
#14046 = ORIENTED_EDGE('',*,*,#14047,.T.);
#14047 = EDGE_CURVE('',#14040,#14048,#14050,.T.);
#14048 = VERTEX_POINT('',#14049);
#14049 = CARTESIAN_POINT('',(8.89,-2.9,0.));
#14050 = LINE('',#14051,#14052);
#14051 = CARTESIAN_POINT('',(-1.27,-2.9,0.));
#14052 = VECTOR('',#14053,1.);
#14053 = DIRECTION('',(1.,0.,0.));
#14054 = ORIENTED_EDGE('',*,*,#14055,.T.);
#14055 = EDGE_CURVE('',#14048,#14056,#14058,.T.);
#14056 = VERTEX_POINT('',#14057);
#14057 = CARTESIAN_POINT('',(8.89,-2.9,3.17));
#14058 = LINE('',#14059,#14060);
#14059 = CARTESIAN_POINT('',(8.89,-2.9,0.));
#14060 = VECTOR('',#14061,1.);
#14061 = DIRECTION('',(0.,0.,1.));
#14062 = ORIENTED_EDGE('',*,*,#14063,.F.);
#14063 = EDGE_CURVE('',#14064,#14056,#14066,.T.);
#14064 = VERTEX_POINT('',#14065);
#14065 = CARTESIAN_POINT('',(7.62,-2.9,3.17));
#14066 = LINE('',#14067,#14068);
#14067 = CARTESIAN_POINT('',(-1.27,-2.9,3.17));
#14068 = VECTOR('',#14069,1.);
#14069 = DIRECTION('',(1.,0.,0.));
#14070 = ORIENTED_EDGE('',*,*,#14071,.T.);
#14071 = EDGE_CURVE('',#14064,#14072,#14074,.T.);
#14072 = VERTEX_POINT('',#14073);
#14073 = CARTESIAN_POINT('',(7.62,-2.9,11.));
#14074 = LINE('',#14075,#14076);
#14075 = CARTESIAN_POINT('',(7.62,-2.9,3.17));
#14076 = VECTOR('',#14077,1.);
#14077 = DIRECTION('',(0.,0.,1.));
#14078 = ORIENTED_EDGE('',*,*,#14079,.F.);
#14079 = EDGE_CURVE('',#13880,#14072,#14080,.T.);
#14080 = LINE('',#14081,#14082);
#14081 = CARTESIAN_POINT('',(8.666896551724,-2.9,8.55724137931));
#14082 = VECTOR('',#14083,1.);
#14083 = DIRECTION('',(0.393919298579,0.,-0.919145030018));
#14084 = ORIENTED_EDGE('',*,*,#13877,.F.);
#14085 = ORIENTED_EDGE('',*,*,#14086,.T.);
#14086 = EDGE_CURVE('',#13878,#14087,#14089,.T.);
#14087 = VERTEX_POINT('',#14088);
#14088 = CARTESIAN_POINT('',(-4.440892098501E-16,-2.9,11.));
#14089 = LINE('',#14090,#14091);
#14090 = CARTESIAN_POINT('',(-1.046896551724,-2.9,8.55724137931));
#14091 = VECTOR('',#14092,1.);
#14092 = DIRECTION('',(-0.393919298579,-0.,-0.919145030018));
#14093 = ORIENTED_EDGE('',*,*,#14094,.F.);
#14094 = EDGE_CURVE('',#14095,#14087,#14097,.T.);
#14095 = VERTEX_POINT('',#14096);
#14096 = CARTESIAN_POINT('',(0.,-2.9,3.17));
#14097 = LINE('',#14098,#14099);
#14098 = CARTESIAN_POINT('',(0.,-2.9,3.17));
#14099 = VECTOR('',#14100,1.);
#14100 = DIRECTION('',(0.,0.,1.));
#14101 = ORIENTED_EDGE('',*,*,#14102,.F.);
#14102 = EDGE_CURVE('',#14103,#14095,#14105,.T.);
#14103 = VERTEX_POINT('',#14104);
#14104 = CARTESIAN_POINT('',(-1.27,-2.9,3.17));
#14105 = LINE('',#14106,#14107);
#14106 = CARTESIAN_POINT('',(-1.27,-2.9,3.17));
#14107 = VECTOR('',#14108,1.);
#14108 = DIRECTION('',(1.,0.,0.));
#14109 = ORIENTED_EDGE('',*,*,#14110,.F.);
#14110 = EDGE_CURVE('',#13918,#14103,#14111,.T.);
#14111 = LINE('',#14112,#14113);
#14112 = CARTESIAN_POINT('',(-1.27,-2.9,0.));
#14113 = VECTOR('',#14114,1.);
#14114 = DIRECTION('',(0.,0.,1.));
#14115 = PLANE('',#14116);
#14116 = AXIS2_PLACEMENT_3D('',#14117,#14118,#14119);
#14117 = CARTESIAN_POINT('',(3.81,-2.9,4.860496917648));
#14118 = DIRECTION('',(1.13421038749E-31,-1.,1.183670258725E-32));
#14119 = DIRECTION('',(-1.,-1.13421038749E-31,0.));
#14120 = ADVANCED_FACE('',(#14121),#14139,.F.);
#14121 = FACE_BOUND('',#14122,.F.);
#14122 = EDGE_LOOP('',(#14123,#14124,#14125,#14133));
#14123 = ORIENTED_EDGE('',*,*,#14079,.F.);
#14124 = ORIENTED_EDGE('',*,*,#13887,.T.);
#14125 = ORIENTED_EDGE('',*,*,#14126,.T.);
#14126 = EDGE_CURVE('',#13888,#14127,#14129,.T.);
#14127 = VERTEX_POINT('',#14128);
#14128 = CARTESIAN_POINT('',(7.62,-1.9,11.));
#14129 = LINE('',#14130,#14131);
#14130 = CARTESIAN_POINT('',(7.122672413793,-1.9,12.160431034483));
#14131 = VECTOR('',#14132,1.);
#14132 = DIRECTION('',(0.393919298579,0.,-0.919145030018));
#14133 = ORIENTED_EDGE('',*,*,#14134,.F.);
#14134 = EDGE_CURVE('',#14072,#14127,#14135,.T.);
#14135 = LINE('',#14136,#14137);
#14136 = CARTESIAN_POINT('',(7.62,-2.9,11.));
#14137 = VECTOR('',#14138,1.);
#14138 = DIRECTION('',(0.,1.,0.));
#14139 = PLANE('',#14140);
#14140 = AXIS2_PLACEMENT_3D('',#14141,#14142,#14143);
#14141 = CARTESIAN_POINT('',(7.47,-2.9,11.35));
#14142 = DIRECTION('',(-0.919145030018,0.,-0.393919298579));
#14143 = DIRECTION('',(0.,1.,0.));
#14144 = ADVANCED_FACE('',(#14145),#14179,.T.);
#14145 = FACE_BOUND('',#14146,.T.);
#14146 = EDGE_LOOP('',(#14147,#14148,#14149,#14157,#14165,#14173));
#14147 = ORIENTED_EDGE('',*,*,#13895,.T.);
#14148 = ORIENTED_EDGE('',*,*,#14126,.T.);
#14149 = ORIENTED_EDGE('',*,*,#14150,.T.);
#14150 = EDGE_CURVE('',#14127,#14151,#14153,.T.);
#14151 = VERTEX_POINT('',#14152);
#14152 = CARTESIAN_POINT('',(7.62,-1.9,7.9));
#14153 = LINE('',#14154,#14155);
#14154 = CARTESIAN_POINT('',(7.62,-1.9,11.7));
#14155 = VECTOR('',#14156,1.);
#14156 = DIRECTION('',(0.,0.,-1.));
#14157 = ORIENTED_EDGE('',*,*,#14158,.F.);
#14158 = EDGE_CURVE('',#14159,#14151,#14161,.T.);
#14159 = VERTEX_POINT('',#14160);
#14160 = CARTESIAN_POINT('',(0.,-1.9,7.9));
#14161 = LINE('',#14162,#14163);
#14162 = CARTESIAN_POINT('',(3.81,-1.9,7.9));
#14163 = VECTOR('',#14164,1.);
#14164 = DIRECTION('',(1.,0.,0.));
#14165 = ORIENTED_EDGE('',*,*,#14166,.F.);
#14166 = EDGE_CURVE('',#14167,#14159,#14169,.T.);
#14167 = VERTEX_POINT('',#14168);
#14168 = CARTESIAN_POINT('',(-4.440892098501E-16,-1.9,11.));
#14169 = LINE('',#14170,#14171);
#14170 = CARTESIAN_POINT('',(0.,-1.9,11.7));
#14171 = VECTOR('',#14172,1.);
#14172 = DIRECTION('',(-0.,-0.,-1.));
#14173 = ORIENTED_EDGE('',*,*,#14174,.F.);
#14174 = EDGE_CURVE('',#13896,#14167,#14175,.T.);
#14175 = LINE('',#14176,#14177);
#14176 = CARTESIAN_POINT('',(0.497327586207,-1.9,12.160431034483));
#14177 = VECTOR('',#14178,1.);
#14178 = DIRECTION('',(-0.393919298579,-0.,-0.919145030018));
#14179 = PLANE('',#14180);
#14180 = AXIS2_PLACEMENT_3D('',#14181,#14182,#14183);
#14181 = CARTESIAN_POINT('',(3.81,-1.9,9.757559192643));
#14182 = DIRECTION('',(-8.665079348881E-48,1.,5.351404414067E-31));
#14183 = DIRECTION('',(0.,-5.351404414067E-31,1.));
#14184 = ADVANCED_FACE('',(#14185),#14196,.F.);
#14185 = FACE_BOUND('',#14186,.T.);
#14186 = EDGE_LOOP('',(#14187,#14188,#14189,#14190));
#14187 = ORIENTED_EDGE('',*,*,#14086,.F.);
#14188 = ORIENTED_EDGE('',*,*,#13903,.T.);
#14189 = ORIENTED_EDGE('',*,*,#14174,.T.);
#14190 = ORIENTED_EDGE('',*,*,#14191,.F.);
#14191 = EDGE_CURVE('',#14087,#14167,#14192,.T.);
#14192 = LINE('',#14193,#14194);
#14193 = CARTESIAN_POINT('',(0.,-2.9,11.));
#14194 = VECTOR('',#14195,1.);
#14195 = DIRECTION('',(0.,1.,0.));
#14196 = PLANE('',#14197);
#14197 = AXIS2_PLACEMENT_3D('',#14198,#14199,#14200);
#14198 = CARTESIAN_POINT('',(0.15,-2.9,11.35));
#14199 = DIRECTION('',(0.919145030018,0.,-0.393919298579));
#14200 = DIRECTION('',(0.,-1.,0.));
#14201 = ADVANCED_FACE('',(#14202),#14227,.F.);
#14202 = FACE_BOUND('',#14203,.F.);
#14203 = EDGE_LOOP('',(#14204,#14212,#14213,#14221));
#14204 = ORIENTED_EDGE('',*,*,#14205,.T.);
#14205 = EDGE_CURVE('',#14206,#13918,#14208,.T.);
#14206 = VERTEX_POINT('',#14207);
#14207 = CARTESIAN_POINT('',(-1.27,2.9,0.));
#14208 = LINE('',#14209,#14210);
#14209 = CARTESIAN_POINT('',(-1.27,2.9,0.));
#14210 = VECTOR('',#14211,1.);
#14211 = DIRECTION('',(0.,-1.,0.));
#14212 = ORIENTED_EDGE('',*,*,#13917,.T.);
#14213 = ORIENTED_EDGE('',*,*,#14214,.T.);
#14214 = EDGE_CURVE('',#13920,#14215,#14217,.T.);
#14215 = VERTEX_POINT('',#14216);
#14216 = CARTESIAN_POINT('',(-0.75,2.9,0.));
#14217 = LINE('',#14218,#14219);
#14218 = CARTESIAN_POINT('',(-0.75,-2.9,0.));
#14219 = VECTOR('',#14220,1.);
#14220 = DIRECTION('',(0.,1.,0.));
#14221 = ORIENTED_EDGE('',*,*,#14222,.T.);
#14222 = EDGE_CURVE('',#14215,#14206,#14223,.T.);
#14223 = LINE('',#14224,#14225);
#14224 = CARTESIAN_POINT('',(8.89,2.9,0.));
#14225 = VECTOR('',#14226,1.);
#14226 = DIRECTION('',(-1.,0.,0.));
#14227 = PLANE('',#14228);
#14228 = AXIS2_PLACEMENT_3D('',#14229,#14230,#14231);
#14229 = CARTESIAN_POINT('',(3.81,1.113005538471E-16,0.));
#14230 = DIRECTION('',(0.,0.,1.));
#14231 = DIRECTION('',(1.,0.,-0.));
#14232 = ADVANCED_FACE('',(#14233),#14251,.F.);
#14233 = FACE_BOUND('',#14234,.F.);
#14234 = EDGE_LOOP('',(#14235,#14236,#14244,#14250));
#14235 = ORIENTED_EDGE('',*,*,#13927,.T.);
#14236 = ORIENTED_EDGE('',*,*,#14237,.T.);
#14237 = EDGE_CURVE('',#13928,#14238,#14240,.T.);
#14238 = VERTEX_POINT('',#14239);
#14239 = CARTESIAN_POINT('',(-0.75,2.9,0.6));
#14240 = LINE('',#14241,#14242);
#14241 = CARTESIAN_POINT('',(-0.75,-2.9,0.6));
#14242 = VECTOR('',#14243,1.);
#14243 = DIRECTION('',(0.,1.,0.));
#14244 = ORIENTED_EDGE('',*,*,#14245,.F.);
#14245 = EDGE_CURVE('',#14215,#14238,#14246,.T.);
#14246 = LINE('',#14247,#14248);
#14247 = CARTESIAN_POINT('',(-0.75,2.9,0.));
#14248 = VECTOR('',#14249,1.);
#14249 = DIRECTION('',(0.,0.,1.));
#14250 = ORIENTED_EDGE('',*,*,#14214,.F.);
#14251 = PLANE('',#14252);
#14252 = AXIS2_PLACEMENT_3D('',#14253,#14254,#14255);
#14253 = CARTESIAN_POINT('',(-0.75,-2.9,0.));
#14254 = DIRECTION('',(-1.,0.,0.));
#14255 = DIRECTION('',(0.,1.,0.));
#14256 = ADVANCED_FACE('',(#14257,#14275),#14309,.T.);
#14257 = FACE_BOUND('',#14258,.T.);
#14258 = EDGE_LOOP('',(#14259,#14267,#14273,#14274));
#14259 = ORIENTED_EDGE('',*,*,#14260,.T.);
#14260 = EDGE_CURVE('',#14238,#14261,#14263,.T.);
#14261 = VERTEX_POINT('',#14262);
#14262 = CARTESIAN_POINT('',(0.75,2.9,0.6));
#14263 = LINE('',#14264,#14265);
#14264 = CARTESIAN_POINT('',(-0.75,2.9,0.6));
#14265 = VECTOR('',#14266,1.);
#14266 = DIRECTION('',(1.,0.,0.));
#14267 = ORIENTED_EDGE('',*,*,#14268,.T.);
#14268 = EDGE_CURVE('',#14261,#13936,#14269,.T.);
#14269 = LINE('',#14270,#14271);
#14270 = CARTESIAN_POINT('',(0.75,2.9,0.6));
#14271 = VECTOR('',#14272,1.);
#14272 = DIRECTION('',(0.,-1.,0.));
#14273 = ORIENTED_EDGE('',*,*,#13935,.T.);
#14274 = ORIENTED_EDGE('',*,*,#14237,.T.);
#14275 = FACE_BOUND('',#14276,.T.);
#14276 = EDGE_LOOP('',(#14277,#14287,#14295,#14303));
#14277 = ORIENTED_EDGE('',*,*,#14278,.T.);
#14278 = EDGE_CURVE('',#14279,#14281,#14283,.T.);
#14279 = VERTEX_POINT('',#14280);
#14280 = CARTESIAN_POINT('',(-0.32,0.32,0.6));
#14281 = VERTEX_POINT('',#14282);
#14282 = CARTESIAN_POINT('',(-0.32,-0.32,0.6));
#14283 = LINE('',#14284,#14285);
#14284 = CARTESIAN_POINT('',(-0.32,0.,0.6));
#14285 = VECTOR('',#14286,1.);
#14286 = DIRECTION('',(0.,-1.,0.));
#14287 = ORIENTED_EDGE('',*,*,#14288,.T.);
#14288 = EDGE_CURVE('',#14281,#14289,#14291,.T.);
#14289 = VERTEX_POINT('',#14290);
#14290 = CARTESIAN_POINT('',(0.32,-0.32,0.6));
#14291 = LINE('',#14292,#14293);
#14292 = CARTESIAN_POINT('',(-0.16,-0.32,0.6));
#14293 = VECTOR('',#14294,1.);
#14294 = DIRECTION('',(1.,0.,0.));
#14295 = ORIENTED_EDGE('',*,*,#14296,.F.);
#14296 = EDGE_CURVE('',#14297,#14289,#14299,.T.);
#14297 = VERTEX_POINT('',#14298);
#14298 = CARTESIAN_POINT('',(0.32,0.32,0.6));
#14299 = LINE('',#14300,#14301);
#14300 = CARTESIAN_POINT('',(0.32,0.,0.6));
#14301 = VECTOR('',#14302,1.);
#14302 = DIRECTION('',(0.,-1.,0.));
#14303 = ORIENTED_EDGE('',*,*,#14304,.T.);
#14304 = EDGE_CURVE('',#14297,#14279,#14305,.T.);
#14305 = LINE('',#14306,#14307);
#14306 = CARTESIAN_POINT('',(-0.16,0.32,0.6));
#14307 = VECTOR('',#14308,1.);
#14308 = DIRECTION('',(-1.,0.,0.));
#14309 = PLANE('',#14310);
#14310 = AXIS2_PLACEMENT_3D('',#14311,#14312,#14313);
#14311 = CARTESIAN_POINT('',(-2.433365533425E-16,0.,0.6));
#14312 = DIRECTION('',(-0.,-0.,-1.));
#14313 = DIRECTION('',(-1.,0.,0.));
#14314 = ADVANCED_FACE('',(#14315),#14333,.F.);
#14315 = FACE_BOUND('',#14316,.F.);
#14316 = EDGE_LOOP('',(#14317,#14325,#14326,#14327));
#14317 = ORIENTED_EDGE('',*,*,#14318,.T.);
#14318 = EDGE_CURVE('',#14319,#14261,#14321,.T.);
#14319 = VERTEX_POINT('',#14320);
#14320 = CARTESIAN_POINT('',(0.75,2.9,0.));
#14321 = LINE('',#14322,#14323);
#14322 = CARTESIAN_POINT('',(0.75,2.9,0.));
#14323 = VECTOR('',#14324,1.);
#14324 = DIRECTION('',(0.,0.,1.));
#14325 = ORIENTED_EDGE('',*,*,#14268,.T.);
#14326 = ORIENTED_EDGE('',*,*,#13943,.F.);
#14327 = ORIENTED_EDGE('',*,*,#14328,.F.);
#14328 = EDGE_CURVE('',#14319,#13944,#14329,.T.);
#14329 = LINE('',#14330,#14331);
#14330 = CARTESIAN_POINT('',(0.75,2.9,0.));
#14331 = VECTOR('',#14332,1.);
#14332 = DIRECTION('',(0.,-1.,0.));
#14333 = PLANE('',#14334);
#14334 = AXIS2_PLACEMENT_3D('',#14335,#14336,#14337);
#14335 = CARTESIAN_POINT('',(0.75,2.9,0.));
#14336 = DIRECTION('',(1.,0.,0.));
#14337 = DIRECTION('',(0.,-1.,0.));
#14338 = ADVANCED_FACE('',(#14339,#14357),#14391,.F.);
#14339 = FACE_BOUND('',#14340,.F.);
#14340 = EDGE_LOOP('',(#14341,#14342,#14343,#14351));
#14341 = ORIENTED_EDGE('',*,*,#14328,.T.);
#14342 = ORIENTED_EDGE('',*,*,#13951,.T.);
#14343 = ORIENTED_EDGE('',*,*,#14344,.T.);
#14344 = EDGE_CURVE('',#13952,#14345,#14347,.T.);
#14345 = VERTEX_POINT('',#14346);
#14346 = CARTESIAN_POINT('',(1.79,2.9,0.));
#14347 = LINE('',#14348,#14349);
#14348 = CARTESIAN_POINT('',(1.79,-2.9,0.));
#14349 = VECTOR('',#14350,1.);
#14350 = DIRECTION('',(0.,1.,0.));
#14351 = ORIENTED_EDGE('',*,*,#14352,.T.);
#14352 = EDGE_CURVE('',#14345,#14319,#14353,.T.);
#14353 = LINE('',#14354,#14355);
#14354 = CARTESIAN_POINT('',(8.89,2.9,0.));
#14355 = VECTOR('',#14356,1.);
#14356 = DIRECTION('',(-1.,0.,0.));
#14357 = FACE_BOUND('',#14358,.F.);
#14358 = EDGE_LOOP('',(#14359,#14369,#14377,#14385));
#14359 = ORIENTED_EDGE('',*,*,#14360,.F.);
#14360 = EDGE_CURVE('',#14361,#14363,#14365,.T.);
#14361 = VERTEX_POINT('',#14362);
#14362 = CARTESIAN_POINT('',(0.97,-0.6,0.));
#14363 = VERTEX_POINT('',#14364);
#14364 = CARTESIAN_POINT('',(1.57,-0.6,0.));
#14365 = LINE('',#14366,#14367);
#14366 = CARTESIAN_POINT('',(2.39,-0.6,0.));
#14367 = VECTOR('',#14368,1.);
#14368 = DIRECTION('',(1.,0.,0.));
#14369 = ORIENTED_EDGE('',*,*,#14370,.F.);
#14370 = EDGE_CURVE('',#14371,#14361,#14373,.T.);
#14371 = VERTEX_POINT('',#14372);
#14372 = CARTESIAN_POINT('',(0.97,0.6,0.));
#14373 = LINE('',#14374,#14375);
#14374 = CARTESIAN_POINT('',(0.97,0.3,0.));
#14375 = VECTOR('',#14376,1.);
#14376 = DIRECTION('',(0.,-1.,0.));
#14377 = ORIENTED_EDGE('',*,*,#14378,.F.);
#14378 = EDGE_CURVE('',#14379,#14371,#14381,.T.);
#14379 = VERTEX_POINT('',#14380);
#14380 = CARTESIAN_POINT('',(1.57,0.6,0.));
#14381 = LINE('',#14382,#14383);
#14382 = CARTESIAN_POINT('',(2.69,0.6,0.));
#14383 = VECTOR('',#14384,1.);
#14384 = DIRECTION('',(-1.,0.,0.));
#14385 = ORIENTED_EDGE('',*,*,#14386,.F.);
#14386 = EDGE_CURVE('',#14363,#14379,#14387,.T.);
#14387 = LINE('',#14388,#14389);
#14388 = CARTESIAN_POINT('',(1.57,-0.3,0.));
#14389 = VECTOR('',#14390,1.);
#14390 = DIRECTION('',(0.,1.,0.));
#14391 = PLANE('',#14392);
#14392 = AXIS2_PLACEMENT_3D('',#14393,#14394,#14395);
#14393 = CARTESIAN_POINT('',(3.81,1.113005538471E-16,0.));
#14394 = DIRECTION('',(0.,0.,1.));
#14395 = DIRECTION('',(1.,0.,-0.));
#14396 = ADVANCED_FACE('',(#14397),#14415,.F.);
#14397 = FACE_BOUND('',#14398,.F.);
#14398 = EDGE_LOOP('',(#14399,#14400,#14408,#14414));
#14399 = ORIENTED_EDGE('',*,*,#13959,.T.);
#14400 = ORIENTED_EDGE('',*,*,#14401,.T.);
#14401 = EDGE_CURVE('',#13960,#14402,#14404,.T.);
#14402 = VERTEX_POINT('',#14403);
#14403 = CARTESIAN_POINT('',(1.79,2.9,0.6));
#14404 = LINE('',#14405,#14406);
#14405 = CARTESIAN_POINT('',(1.79,-2.9,0.6));
#14406 = VECTOR('',#14407,1.);
#14407 = DIRECTION('',(0.,1.,0.));
#14408 = ORIENTED_EDGE('',*,*,#14409,.F.);
#14409 = EDGE_CURVE('',#14345,#14402,#14410,.T.);
#14410 = LINE('',#14411,#14412);
#14411 = CARTESIAN_POINT('',(1.79,2.9,0.));
#14412 = VECTOR('',#14413,1.);
#14413 = DIRECTION('',(0.,0.,1.));
#14414 = ORIENTED_EDGE('',*,*,#14344,.F.);
#14415 = PLANE('',#14416);
#14416 = AXIS2_PLACEMENT_3D('',#14417,#14418,#14419);
#14417 = CARTESIAN_POINT('',(1.79,-2.9,0.));
#14418 = DIRECTION('',(-1.,0.,0.));
#14419 = DIRECTION('',(0.,1.,0.));
#14420 = ADVANCED_FACE('',(#14421,#14439),#14473,.T.);
#14421 = FACE_BOUND('',#14422,.T.);
#14422 = EDGE_LOOP('',(#14423,#14431,#14437,#14438));
#14423 = ORIENTED_EDGE('',*,*,#14424,.T.);
#14424 = EDGE_CURVE('',#14402,#14425,#14427,.T.);
#14425 = VERTEX_POINT('',#14426);
#14426 = CARTESIAN_POINT('',(3.29,2.9,0.6));
#14427 = LINE('',#14428,#14429);
#14428 = CARTESIAN_POINT('',(1.79,2.9,0.6));
#14429 = VECTOR('',#14430,1.);
#14430 = DIRECTION('',(1.,0.,0.));
#14431 = ORIENTED_EDGE('',*,*,#14432,.T.);
#14432 = EDGE_CURVE('',#14425,#13968,#14433,.T.);
#14433 = LINE('',#14434,#14435);
#14434 = CARTESIAN_POINT('',(3.29,2.9,0.6));
#14435 = VECTOR('',#14436,1.);
#14436 = DIRECTION('',(0.,-1.,0.));
#14437 = ORIENTED_EDGE('',*,*,#13967,.T.);
#14438 = ORIENTED_EDGE('',*,*,#14401,.T.);
#14439 = FACE_BOUND('',#14440,.T.);
#14440 = EDGE_LOOP('',(#14441,#14451,#14459,#14467));
#14441 = ORIENTED_EDGE('',*,*,#14442,.T.);
#14442 = EDGE_CURVE('',#14443,#14445,#14447,.T.);
#14443 = VERTEX_POINT('',#14444);
#14444 = CARTESIAN_POINT('',(2.22,0.32,0.6));
#14445 = VERTEX_POINT('',#14446);
#14446 = CARTESIAN_POINT('',(2.22,-0.32,0.6));
#14447 = LINE('',#14448,#14449);
#14448 = CARTESIAN_POINT('',(2.22,0.,0.6));
#14449 = VECTOR('',#14450,1.);
#14450 = DIRECTION('',(0.,-1.,0.));
#14451 = ORIENTED_EDGE('',*,*,#14452,.T.);
#14452 = EDGE_CURVE('',#14445,#14453,#14455,.T.);
#14453 = VERTEX_POINT('',#14454);
#14454 = CARTESIAN_POINT('',(2.86,-0.32,0.6));
#14455 = LINE('',#14456,#14457);
#14456 = CARTESIAN_POINT('',(2.38,-0.32,0.6));
#14457 = VECTOR('',#14458,1.);
#14458 = DIRECTION('',(1.,0.,0.));
#14459 = ORIENTED_EDGE('',*,*,#14460,.F.);
#14460 = EDGE_CURVE('',#14461,#14453,#14463,.T.);
#14461 = VERTEX_POINT('',#14462);
#14462 = CARTESIAN_POINT('',(2.86,0.32,0.6));
#14463 = LINE('',#14464,#14465);
#14464 = CARTESIAN_POINT('',(2.86,0.,0.6));
#14465 = VECTOR('',#14466,1.);
#14466 = DIRECTION('',(0.,-1.,0.));
#14467 = ORIENTED_EDGE('',*,*,#14468,.T.);
#14468 = EDGE_CURVE('',#14461,#14443,#14469,.T.);
#14469 = LINE('',#14470,#14471);
#14470 = CARTESIAN_POINT('',(2.38,0.32,0.6));
#14471 = VECTOR('',#14472,1.);
#14472 = DIRECTION('',(-1.,0.,0.));
#14473 = PLANE('',#14474);
#14474 = AXIS2_PLACEMENT_3D('',#14475,#14476,#14477);
#14475 = CARTESIAN_POINT('',(2.54,0.,0.6));
#14476 = DIRECTION('',(-0.,-0.,-1.));
#14477 = DIRECTION('',(-1.,0.,0.));
#14478 = ADVANCED_FACE('',(#14479),#14497,.F.);
#14479 = FACE_BOUND('',#14480,.F.);
#14480 = EDGE_LOOP('',(#14481,#14489,#14490,#14491));
#14481 = ORIENTED_EDGE('',*,*,#14482,.T.);
#14482 = EDGE_CURVE('',#14483,#14425,#14485,.T.);
#14483 = VERTEX_POINT('',#14484);
#14484 = CARTESIAN_POINT('',(3.29,2.9,0.));
#14485 = LINE('',#14486,#14487);
#14486 = CARTESIAN_POINT('',(3.29,2.9,0.));
#14487 = VECTOR('',#14488,1.);
#14488 = DIRECTION('',(0.,0.,1.));
#14489 = ORIENTED_EDGE('',*,*,#14432,.T.);
#14490 = ORIENTED_EDGE('',*,*,#13975,.F.);
#14491 = ORIENTED_EDGE('',*,*,#14492,.F.);
#14492 = EDGE_CURVE('',#14483,#13976,#14493,.T.);
#14493 = LINE('',#14494,#14495);
#14494 = CARTESIAN_POINT('',(3.29,2.9,0.));
#14495 = VECTOR('',#14496,1.);
#14496 = DIRECTION('',(0.,-1.,0.));
#14497 = PLANE('',#14498);
#14498 = AXIS2_PLACEMENT_3D('',#14499,#14500,#14501);
#14499 = CARTESIAN_POINT('',(3.29,2.9,0.));
#14500 = DIRECTION('',(1.,0.,0.));
#14501 = DIRECTION('',(0.,-1.,0.));
#14502 = ADVANCED_FACE('',(#14503,#14521),#14555,.F.);
#14503 = FACE_BOUND('',#14504,.F.);
#14504 = EDGE_LOOP('',(#14505,#14506,#14507,#14515));
#14505 = ORIENTED_EDGE('',*,*,#14492,.T.);
#14506 = ORIENTED_EDGE('',*,*,#13983,.T.);
#14507 = ORIENTED_EDGE('',*,*,#14508,.T.);
#14508 = EDGE_CURVE('',#13984,#14509,#14511,.T.);
#14509 = VERTEX_POINT('',#14510);
#14510 = CARTESIAN_POINT('',(4.33,2.9,0.));
#14511 = LINE('',#14512,#14513);
#14512 = CARTESIAN_POINT('',(4.33,-2.9,0.));
#14513 = VECTOR('',#14514,1.);
#14514 = DIRECTION('',(0.,1.,0.));
#14515 = ORIENTED_EDGE('',*,*,#14516,.T.);
#14516 = EDGE_CURVE('',#14509,#14483,#14517,.T.);
#14517 = LINE('',#14518,#14519);
#14518 = CARTESIAN_POINT('',(8.89,2.9,0.));
#14519 = VECTOR('',#14520,1.);
#14520 = DIRECTION('',(-1.,0.,0.));
#14521 = FACE_BOUND('',#14522,.F.);
#14522 = EDGE_LOOP('',(#14523,#14533,#14541,#14549));
#14523 = ORIENTED_EDGE('',*,*,#14524,.F.);
#14524 = EDGE_CURVE('',#14525,#14527,#14529,.T.);
#14525 = VERTEX_POINT('',#14526);
#14526 = CARTESIAN_POINT('',(4.11,0.6,0.));
#14527 = VERTEX_POINT('',#14528);
#14528 = CARTESIAN_POINT('',(3.51,0.6,0.));
#14529 = LINE('',#14530,#14531);
#14530 = CARTESIAN_POINT('',(3.96,0.6,0.));
#14531 = VECTOR('',#14532,1.);
#14532 = DIRECTION('',(-1.,0.,0.));
#14533 = ORIENTED_EDGE('',*,*,#14534,.F.);
#14534 = EDGE_CURVE('',#14535,#14525,#14537,.T.);
#14535 = VERTEX_POINT('',#14536);
#14536 = CARTESIAN_POINT('',(4.11,-0.6,0.));
#14537 = LINE('',#14538,#14539);
#14538 = CARTESIAN_POINT('',(4.11,-0.3,0.));
#14539 = VECTOR('',#14540,1.);
#14540 = DIRECTION('',(0.,1.,0.));
#14541 = ORIENTED_EDGE('',*,*,#14542,.F.);
#14542 = EDGE_CURVE('',#14543,#14535,#14545,.T.);
#14543 = VERTEX_POINT('',#14544);
#14544 = CARTESIAN_POINT('',(3.51,-0.6,0.));
#14545 = LINE('',#14546,#14547);
#14546 = CARTESIAN_POINT('',(3.66,-0.6,0.));
#14547 = VECTOR('',#14548,1.);
#14548 = DIRECTION('',(1.,0.,0.));
#14549 = ORIENTED_EDGE('',*,*,#14550,.F.);
#14550 = EDGE_CURVE('',#14527,#14543,#14551,.T.);
#14551 = LINE('',#14552,#14553);
#14552 = CARTESIAN_POINT('',(3.51,0.3,0.));
#14553 = VECTOR('',#14554,1.);
#14554 = DIRECTION('',(0.,-1.,0.));
#14555 = PLANE('',#14556);
#14556 = AXIS2_PLACEMENT_3D('',#14557,#14558,#14559);
#14557 = CARTESIAN_POINT('',(3.81,1.113005538471E-16,0.));
#14558 = DIRECTION('',(0.,0.,1.));
#14559 = DIRECTION('',(1.,0.,-0.));
#14560 = ADVANCED_FACE('',(#14561),#14579,.F.);
#14561 = FACE_BOUND('',#14562,.F.);
#14562 = EDGE_LOOP('',(#14563,#14564,#14572,#14578));
#14563 = ORIENTED_EDGE('',*,*,#13991,.T.);
#14564 = ORIENTED_EDGE('',*,*,#14565,.T.);
#14565 = EDGE_CURVE('',#13992,#14566,#14568,.T.);
#14566 = VERTEX_POINT('',#14567);
#14567 = CARTESIAN_POINT('',(4.33,2.9,0.6));
#14568 = LINE('',#14569,#14570);
#14569 = CARTESIAN_POINT('',(4.33,-2.9,0.6));
#14570 = VECTOR('',#14571,1.);
#14571 = DIRECTION('',(0.,1.,0.));
#14572 = ORIENTED_EDGE('',*,*,#14573,.F.);
#14573 = EDGE_CURVE('',#14509,#14566,#14574,.T.);
#14574 = LINE('',#14575,#14576);
#14575 = CARTESIAN_POINT('',(4.33,2.9,0.));
#14576 = VECTOR('',#14577,1.);
#14577 = DIRECTION('',(0.,0.,1.));
#14578 = ORIENTED_EDGE('',*,*,#14508,.F.);
#14579 = PLANE('',#14580);
#14580 = AXIS2_PLACEMENT_3D('',#14581,#14582,#14583);
#14581 = CARTESIAN_POINT('',(4.33,-2.9,0.));
#14582 = DIRECTION('',(-1.,0.,0.));
#14583 = DIRECTION('',(0.,1.,0.));
#14584 = ADVANCED_FACE('',(#14585,#14603),#14637,.T.);
#14585 = FACE_BOUND('',#14586,.T.);
#14586 = EDGE_LOOP('',(#14587,#14595,#14601,#14602));
#14587 = ORIENTED_EDGE('',*,*,#14588,.T.);
#14588 = EDGE_CURVE('',#14566,#14589,#14591,.T.);
#14589 = VERTEX_POINT('',#14590);
#14590 = CARTESIAN_POINT('',(5.83,2.9,0.6));
#14591 = LINE('',#14592,#14593);
#14592 = CARTESIAN_POINT('',(4.33,2.9,0.6));
#14593 = VECTOR('',#14594,1.);
#14594 = DIRECTION('',(1.,0.,0.));
#14595 = ORIENTED_EDGE('',*,*,#14596,.T.);
#14596 = EDGE_CURVE('',#14589,#14000,#14597,.T.);
#14597 = LINE('',#14598,#14599);
#14598 = CARTESIAN_POINT('',(5.83,2.9,0.6));
#14599 = VECTOR('',#14600,1.);
#14600 = DIRECTION('',(0.,-1.,0.));
#14601 = ORIENTED_EDGE('',*,*,#13999,.T.);
#14602 = ORIENTED_EDGE('',*,*,#14565,.T.);
#14603 = FACE_BOUND('',#14604,.T.);
#14604 = EDGE_LOOP('',(#14605,#14615,#14623,#14631));
#14605 = ORIENTED_EDGE('',*,*,#14606,.F.);
#14606 = EDGE_CURVE('',#14607,#14609,#14611,.T.);
#14607 = VERTEX_POINT('',#14608);
#14608 = CARTESIAN_POINT('',(5.4,0.32,0.6));
#14609 = VERTEX_POINT('',#14610);
#14610 = CARTESIAN_POINT('',(5.4,-0.32,0.6));
#14611 = LINE('',#14612,#14613);
#14612 = CARTESIAN_POINT('',(5.4,0.,0.6));
#14613 = VECTOR('',#14614,1.);
#14614 = DIRECTION('',(0.,-1.,0.));
#14615 = ORIENTED_EDGE('',*,*,#14616,.T.);
#14616 = EDGE_CURVE('',#14607,#14617,#14619,.T.);
#14617 = VERTEX_POINT('',#14618);
#14618 = CARTESIAN_POINT('',(4.76,0.32,0.6));
#14619 = LINE('',#14620,#14621);
#14620 = CARTESIAN_POINT('',(4.92,0.32,0.6));
#14621 = VECTOR('',#14622,1.);
#14622 = DIRECTION('',(-1.,0.,0.));
#14623 = ORIENTED_EDGE('',*,*,#14624,.T.);
#14624 = EDGE_CURVE('',#14617,#14625,#14627,.T.);
#14625 = VERTEX_POINT('',#14626);
#14626 = CARTESIAN_POINT('',(4.76,-0.32,0.6));
#14627 = LINE('',#14628,#14629);
#14628 = CARTESIAN_POINT('',(4.76,0.,0.6));
#14629 = VECTOR('',#14630,1.);
#14630 = DIRECTION('',(0.,-1.,0.));
#14631 = ORIENTED_EDGE('',*,*,#14632,.T.);
#14632 = EDGE_CURVE('',#14625,#14609,#14633,.T.);
#14633 = LINE('',#14634,#14635);
#14634 = CARTESIAN_POINT('',(4.92,-0.32,0.6));
#14635 = VECTOR('',#14636,1.);
#14636 = DIRECTION('',(1.,0.,0.));
#14637 = PLANE('',#14638);
#14638 = AXIS2_PLACEMENT_3D('',#14639,#14640,#14641);
#14639 = CARTESIAN_POINT('',(5.08,0.,0.6));
#14640 = DIRECTION('',(-0.,-0.,-1.));
#14641 = DIRECTION('',(-1.,0.,0.));
#14642 = ADVANCED_FACE('',(#14643),#14661,.F.);
#14643 = FACE_BOUND('',#14644,.F.);
#14644 = EDGE_LOOP('',(#14645,#14653,#14654,#14655));
#14645 = ORIENTED_EDGE('',*,*,#14646,.T.);
#14646 = EDGE_CURVE('',#14647,#14589,#14649,.T.);
#14647 = VERTEX_POINT('',#14648);
#14648 = CARTESIAN_POINT('',(5.83,2.9,0.));
#14649 = LINE('',#14650,#14651);
#14650 = CARTESIAN_POINT('',(5.83,2.9,0.));
#14651 = VECTOR('',#14652,1.);
#14652 = DIRECTION('',(0.,0.,1.));
#14653 = ORIENTED_EDGE('',*,*,#14596,.T.);
#14654 = ORIENTED_EDGE('',*,*,#14007,.F.);
#14655 = ORIENTED_EDGE('',*,*,#14656,.F.);
#14656 = EDGE_CURVE('',#14647,#14008,#14657,.T.);
#14657 = LINE('',#14658,#14659);
#14658 = CARTESIAN_POINT('',(5.83,2.9,0.));
#14659 = VECTOR('',#14660,1.);
#14660 = DIRECTION('',(0.,-1.,0.));
#14661 = PLANE('',#14662);
#14662 = AXIS2_PLACEMENT_3D('',#14663,#14664,#14665);
#14663 = CARTESIAN_POINT('',(5.83,2.9,0.));
#14664 = DIRECTION('',(1.,0.,0.));
#14665 = DIRECTION('',(0.,-1.,0.));
#14666 = ADVANCED_FACE('',(#14667,#14685),#14719,.F.);
#14667 = FACE_BOUND('',#14668,.F.);
#14668 = EDGE_LOOP('',(#14669,#14670,#14671,#14679));
#14669 = ORIENTED_EDGE('',*,*,#14656,.T.);
#14670 = ORIENTED_EDGE('',*,*,#14015,.T.);
#14671 = ORIENTED_EDGE('',*,*,#14672,.T.);
#14672 = EDGE_CURVE('',#14016,#14673,#14675,.T.);
#14673 = VERTEX_POINT('',#14674);
#14674 = CARTESIAN_POINT('',(6.87,2.9,0.));
#14675 = LINE('',#14676,#14677);
#14676 = CARTESIAN_POINT('',(6.87,-2.9,0.));
#14677 = VECTOR('',#14678,1.);
#14678 = DIRECTION('',(0.,1.,0.));
#14679 = ORIENTED_EDGE('',*,*,#14680,.T.);
#14680 = EDGE_CURVE('',#14673,#14647,#14681,.T.);
#14681 = LINE('',#14682,#14683);
#14682 = CARTESIAN_POINT('',(8.89,2.9,0.));
#14683 = VECTOR('',#14684,1.);
#14684 = DIRECTION('',(-1.,0.,0.));
#14685 = FACE_BOUND('',#14686,.F.);
#14686 = EDGE_LOOP('',(#14687,#14697,#14705,#14713));
#14687 = ORIENTED_EDGE('',*,*,#14688,.F.);
#14688 = EDGE_CURVE('',#14689,#14691,#14693,.T.);
#14689 = VERTEX_POINT('',#14690);
#14690 = CARTESIAN_POINT('',(6.65,-0.6,0.));
#14691 = VERTEX_POINT('',#14692);
#14692 = CARTESIAN_POINT('',(6.65,0.6,0.));
#14693 = LINE('',#14694,#14695);
#14694 = CARTESIAN_POINT('',(6.65,-0.3,0.));
#14695 = VECTOR('',#14696,1.);
#14696 = DIRECTION('',(0.,1.,0.));
#14697 = ORIENTED_EDGE('',*,*,#14698,.F.);
#14698 = EDGE_CURVE('',#14699,#14689,#14701,.T.);
#14699 = VERTEX_POINT('',#14700);
#14700 = CARTESIAN_POINT('',(6.05,-0.6,0.));
#14701 = LINE('',#14702,#14703);
#14702 = CARTESIAN_POINT('',(4.93,-0.6,0.));
#14703 = VECTOR('',#14704,1.);
#14704 = DIRECTION('',(1.,0.,0.));
#14705 = ORIENTED_EDGE('',*,*,#14706,.F.);
#14706 = EDGE_CURVE('',#14707,#14699,#14709,.T.);
#14707 = VERTEX_POINT('',#14708);
#14708 = CARTESIAN_POINT('',(6.05,0.6,0.));
#14709 = LINE('',#14710,#14711);
#14710 = CARTESIAN_POINT('',(6.05,0.3,0.));
#14711 = VECTOR('',#14712,1.);
#14712 = DIRECTION('',(0.,-1.,0.));
#14713 = ORIENTED_EDGE('',*,*,#14714,.F.);
#14714 = EDGE_CURVE('',#14691,#14707,#14715,.T.);
#14715 = LINE('',#14716,#14717);
#14716 = CARTESIAN_POINT('',(5.23,0.6,0.));
#14717 = VECTOR('',#14718,1.);
#14718 = DIRECTION('',(-1.,0.,0.));
#14719 = PLANE('',#14720);
#14720 = AXIS2_PLACEMENT_3D('',#14721,#14722,#14723);
#14721 = CARTESIAN_POINT('',(3.81,1.113005538471E-16,0.));
#14722 = DIRECTION('',(0.,0.,1.));
#14723 = DIRECTION('',(1.,0.,-0.));
#14724 = ADVANCED_FACE('',(#14725),#14743,.F.);
#14725 = FACE_BOUND('',#14726,.F.);
#14726 = EDGE_LOOP('',(#14727,#14728,#14736,#14742));
#14727 = ORIENTED_EDGE('',*,*,#14023,.T.);
#14728 = ORIENTED_EDGE('',*,*,#14729,.T.);
#14729 = EDGE_CURVE('',#14024,#14730,#14732,.T.);
#14730 = VERTEX_POINT('',#14731);
#14731 = CARTESIAN_POINT('',(6.87,2.9,0.6));
#14732 = LINE('',#14733,#14734);
#14733 = CARTESIAN_POINT('',(6.87,-2.9,0.6));
#14734 = VECTOR('',#14735,1.);
#14735 = DIRECTION('',(0.,1.,0.));
#14736 = ORIENTED_EDGE('',*,*,#14737,.F.);
#14737 = EDGE_CURVE('',#14673,#14730,#14738,.T.);
#14738 = LINE('',#14739,#14740);
#14739 = CARTESIAN_POINT('',(6.87,2.9,0.));
#14740 = VECTOR('',#14741,1.);
#14741 = DIRECTION('',(0.,0.,1.));
#14742 = ORIENTED_EDGE('',*,*,#14672,.F.);
#14743 = PLANE('',#14744);
#14744 = AXIS2_PLACEMENT_3D('',#14745,#14746,#14747);
#14745 = CARTESIAN_POINT('',(6.87,-2.9,0.));
#14746 = DIRECTION('',(-1.,0.,0.));
#14747 = DIRECTION('',(0.,1.,0.));
#14748 = ADVANCED_FACE('',(#14749,#14767),#14801,.T.);
#14749 = FACE_BOUND('',#14750,.T.);
#14750 = EDGE_LOOP('',(#14751,#14759,#14765,#14766));
#14751 = ORIENTED_EDGE('',*,*,#14752,.T.);
#14752 = EDGE_CURVE('',#14730,#14753,#14755,.T.);
#14753 = VERTEX_POINT('',#14754);
#14754 = CARTESIAN_POINT('',(8.37,2.9,0.6));
#14755 = LINE('',#14756,#14757);
#14756 = CARTESIAN_POINT('',(6.87,2.9,0.6));
#14757 = VECTOR('',#14758,1.);
#14758 = DIRECTION('',(1.,0.,0.));
#14759 = ORIENTED_EDGE('',*,*,#14760,.T.);
#14760 = EDGE_CURVE('',#14753,#14032,#14761,.T.);
#14761 = LINE('',#14762,#14763);
#14762 = CARTESIAN_POINT('',(8.37,2.9,0.6));
#14763 = VECTOR('',#14764,1.);
#14764 = DIRECTION('',(0.,-1.,0.));
#14765 = ORIENTED_EDGE('',*,*,#14031,.T.);
#14766 = ORIENTED_EDGE('',*,*,#14729,.T.);
#14767 = FACE_BOUND('',#14768,.T.);
#14768 = EDGE_LOOP('',(#14769,#14779,#14787,#14795));
#14769 = ORIENTED_EDGE('',*,*,#14770,.T.);
#14770 = EDGE_CURVE('',#14771,#14773,#14775,.T.);
#14771 = VERTEX_POINT('',#14772);
#14772 = CARTESIAN_POINT('',(7.94,0.32,0.6));
#14773 = VERTEX_POINT('',#14774);
#14774 = CARTESIAN_POINT('',(7.3,0.32,0.6));
#14775 = LINE('',#14776,#14777);
#14776 = CARTESIAN_POINT('',(7.46,0.32,0.6));
#14777 = VECTOR('',#14778,1.);
#14778 = DIRECTION('',(-1.,0.,0.));
#14779 = ORIENTED_EDGE('',*,*,#14780,.T.);
#14780 = EDGE_CURVE('',#14773,#14781,#14783,.T.);
#14781 = VERTEX_POINT('',#14782);
#14782 = CARTESIAN_POINT('',(7.3,-0.32,0.6));
#14783 = LINE('',#14784,#14785);
#14784 = CARTESIAN_POINT('',(7.3,0.,0.6));
#14785 = VECTOR('',#14786,1.);
#14786 = DIRECTION('',(0.,-1.,0.));
#14787 = ORIENTED_EDGE('',*,*,#14788,.T.);
#14788 = EDGE_CURVE('',#14781,#14789,#14791,.T.);
#14789 = VERTEX_POINT('',#14790);
#14790 = CARTESIAN_POINT('',(7.94,-0.32,0.6));
#14791 = LINE('',#14792,#14793);
#14792 = CARTESIAN_POINT('',(7.46,-0.32,0.6));
#14793 = VECTOR('',#14794,1.);
#14794 = DIRECTION('',(1.,0.,0.));
#14795 = ORIENTED_EDGE('',*,*,#14796,.F.);
#14796 = EDGE_CURVE('',#14771,#14789,#14797,.T.);
#14797 = LINE('',#14798,#14799);
#14798 = CARTESIAN_POINT('',(7.94,0.,0.6));
#14799 = VECTOR('',#14800,1.);
#14800 = DIRECTION('',(0.,-1.,0.));
#14801 = PLANE('',#14802);
#14802 = AXIS2_PLACEMENT_3D('',#14803,#14804,#14805);
#14803 = CARTESIAN_POINT('',(7.62,0.,0.6));
#14804 = DIRECTION('',(-0.,-0.,-1.));
#14805 = DIRECTION('',(-1.,0.,0.));
#14806 = ADVANCED_FACE('',(#14807),#14825,.F.);
#14807 = FACE_BOUND('',#14808,.F.);
#14808 = EDGE_LOOP('',(#14809,#14817,#14818,#14819));
#14809 = ORIENTED_EDGE('',*,*,#14810,.T.);
#14810 = EDGE_CURVE('',#14811,#14753,#14813,.T.);
#14811 = VERTEX_POINT('',#14812);
#14812 = CARTESIAN_POINT('',(8.37,2.9,0.));
#14813 = LINE('',#14814,#14815);
#14814 = CARTESIAN_POINT('',(8.37,2.9,0.));
#14815 = VECTOR('',#14816,1.);
#14816 = DIRECTION('',(0.,0.,1.));
#14817 = ORIENTED_EDGE('',*,*,#14760,.T.);
#14818 = ORIENTED_EDGE('',*,*,#14039,.F.);
#14819 = ORIENTED_EDGE('',*,*,#14820,.F.);
#14820 = EDGE_CURVE('',#14811,#14040,#14821,.T.);
#14821 = LINE('',#14822,#14823);
#14822 = CARTESIAN_POINT('',(8.37,2.9,0.));
#14823 = VECTOR('',#14824,1.);
#14824 = DIRECTION('',(0.,-1.,0.));
#14825 = PLANE('',#14826);
#14826 = AXIS2_PLACEMENT_3D('',#14827,#14828,#14829);
#14827 = CARTESIAN_POINT('',(8.37,2.9,0.));
#14828 = DIRECTION('',(1.,0.,0.));
#14829 = DIRECTION('',(0.,-1.,0.));
#14830 = ADVANCED_FACE('',(#14831),#14849,.F.);
#14831 = FACE_BOUND('',#14832,.F.);
#14832 = EDGE_LOOP('',(#14833,#14834,#14835,#14843));
#14833 = ORIENTED_EDGE('',*,*,#14820,.T.);
#14834 = ORIENTED_EDGE('',*,*,#14047,.T.);
#14835 = ORIENTED_EDGE('',*,*,#14836,.T.);
#14836 = EDGE_CURVE('',#14048,#14837,#14839,.T.);
#14837 = VERTEX_POINT('',#14838);
#14838 = CARTESIAN_POINT('',(8.89,2.9,0.));
#14839 = LINE('',#14840,#14841);
#14840 = CARTESIAN_POINT('',(8.89,-2.9,0.));
#14841 = VECTOR('',#14842,1.);
#14842 = DIRECTION('',(0.,1.,0.));
#14843 = ORIENTED_EDGE('',*,*,#14844,.T.);
#14844 = EDGE_CURVE('',#14837,#14811,#14845,.T.);
#14845 = LINE('',#14846,#14847);
#14846 = CARTESIAN_POINT('',(8.89,2.9,0.));
#14847 = VECTOR('',#14848,1.);
#14848 = DIRECTION('',(-1.,0.,0.));
#14849 = PLANE('',#14850);
#14850 = AXIS2_PLACEMENT_3D('',#14851,#14852,#14853);
#14851 = CARTESIAN_POINT('',(3.81,1.113005538471E-16,0.));
#14852 = DIRECTION('',(0.,0.,1.));
#14853 = DIRECTION('',(1.,0.,-0.));
#14854 = ADVANCED_FACE('',(#14855),#14873,.F.);
#14855 = FACE_BOUND('',#14856,.F.);
#14856 = EDGE_LOOP('',(#14857,#14858,#14866,#14872));
#14857 = ORIENTED_EDGE('',*,*,#14055,.T.);
#14858 = ORIENTED_EDGE('',*,*,#14859,.T.);
#14859 = EDGE_CURVE('',#14056,#14860,#14862,.T.);
#14860 = VERTEX_POINT('',#14861);
#14861 = CARTESIAN_POINT('',(8.89,2.9,3.17));
#14862 = LINE('',#14863,#14864);
#14863 = CARTESIAN_POINT('',(8.89,-2.9,3.17));
#14864 = VECTOR('',#14865,1.);
#14865 = DIRECTION('',(0.,1.,0.));
#14866 = ORIENTED_EDGE('',*,*,#14867,.F.);
#14867 = EDGE_CURVE('',#14837,#14860,#14868,.T.);
#14868 = LINE('',#14869,#14870);
#14869 = CARTESIAN_POINT('',(8.89,2.9,0.));
#14870 = VECTOR('',#14871,1.);
#14871 = DIRECTION('',(0.,0.,1.));
#14872 = ORIENTED_EDGE('',*,*,#14836,.F.);
#14873 = PLANE('',#14874);
#14874 = AXIS2_PLACEMENT_3D('',#14875,#14876,#14877);
#14875 = CARTESIAN_POINT('',(8.89,-2.9,0.));
#14876 = DIRECTION('',(-1.,0.,0.));
#14877 = DIRECTION('',(0.,1.,0.));
#14878 = ADVANCED_FACE('',(#14879,#14920,#14954,#14988,#15022,#15056,
    #15090,#15124),#15158,.T.);
#14879 = FACE_BOUND('',#14880,.T.);
#14880 = EDGE_LOOP('',(#14881,#14889,#14890,#14898,#14906,#14912,#14913,
    #14914));
#14881 = ORIENTED_EDGE('',*,*,#14882,.T.);
#14882 = EDGE_CURVE('',#14883,#14103,#14885,.T.);
#14883 = VERTEX_POINT('',#14884);
#14884 = CARTESIAN_POINT('',(-1.27,2.9,3.17));
#14885 = LINE('',#14886,#14887);
#14886 = CARTESIAN_POINT('',(-1.27,2.9,3.17));
#14887 = VECTOR('',#14888,1.);
#14888 = DIRECTION('',(0.,-1.,0.));
#14889 = ORIENTED_EDGE('',*,*,#14102,.T.);
#14890 = ORIENTED_EDGE('',*,*,#14891,.F.);
#14891 = EDGE_CURVE('',#14892,#14095,#14894,.T.);
#14892 = VERTEX_POINT('',#14893);
#14893 = CARTESIAN_POINT('',(0.,-1.3,3.17));
#14894 = LINE('',#14895,#14896);
#14895 = CARTESIAN_POINT('',(0.,-1.3,3.17));
#14896 = VECTOR('',#14897,1.);
#14897 = DIRECTION('',(-0.,-1.,-0.));
#14898 = ORIENTED_EDGE('',*,*,#14899,.F.);
#14899 = EDGE_CURVE('',#14900,#14892,#14902,.T.);
#14900 = VERTEX_POINT('',#14901);
#14901 = CARTESIAN_POINT('',(7.62,-1.3,3.17));
#14902 = LINE('',#14903,#14904);
#14903 = CARTESIAN_POINT('',(3.81,-1.3,3.17));
#14904 = VECTOR('',#14905,1.);
#14905 = DIRECTION('',(-1.,-0.,-0.));
#14906 = ORIENTED_EDGE('',*,*,#14907,.T.);
#14907 = EDGE_CURVE('',#14900,#14064,#14908,.T.);
#14908 = LINE('',#14909,#14910);
#14909 = CARTESIAN_POINT('',(7.62,-1.3,3.17));
#14910 = VECTOR('',#14911,1.);
#14911 = DIRECTION('',(0.,-1.,0.));
#14912 = ORIENTED_EDGE('',*,*,#14063,.T.);
#14913 = ORIENTED_EDGE('',*,*,#14859,.T.);
#14914 = ORIENTED_EDGE('',*,*,#14915,.T.);
#14915 = EDGE_CURVE('',#14860,#14883,#14916,.T.);
#14916 = LINE('',#14917,#14918);
#14917 = CARTESIAN_POINT('',(8.89,2.9,3.17));
#14918 = VECTOR('',#14919,1.);
#14919 = DIRECTION('',(-1.,0.,0.));
#14920 = FACE_BOUND('',#14921,.T.);
#14921 = EDGE_LOOP('',(#14922,#14932,#14940,#14948));
#14922 = ORIENTED_EDGE('',*,*,#14923,.F.);
#14923 = EDGE_CURVE('',#14924,#14926,#14928,.T.);
#14924 = VERTEX_POINT('',#14925);
#14925 = CARTESIAN_POINT('',(4.11,-0.6,3.17));
#14926 = VERTEX_POINT('',#14927);
#14927 = CARTESIAN_POINT('',(4.11,0.6,3.17));
#14928 = LINE('',#14929,#14930);
#14929 = CARTESIAN_POINT('',(4.11,-0.6,3.17));
#14930 = VECTOR('',#14931,1.);
#14931 = DIRECTION('',(0.,1.,0.));
#14932 = ORIENTED_EDGE('',*,*,#14933,.F.);
#14933 = EDGE_CURVE('',#14934,#14924,#14936,.T.);
#14934 = VERTEX_POINT('',#14935);
#14935 = CARTESIAN_POINT('',(3.51,-0.6,3.17));
#14936 = LINE('',#14937,#14938);
#14937 = CARTESIAN_POINT('',(3.51,-0.6,3.17));
#14938 = VECTOR('',#14939,1.);
#14939 = DIRECTION('',(1.,0.,0.));
#14940 = ORIENTED_EDGE('',*,*,#14941,.F.);
#14941 = EDGE_CURVE('',#14942,#14934,#14944,.T.);
#14942 = VERTEX_POINT('',#14943);
#14943 = CARTESIAN_POINT('',(3.51,0.6,3.17));
#14944 = LINE('',#14945,#14946);
#14945 = CARTESIAN_POINT('',(3.51,0.6,3.17));
#14946 = VECTOR('',#14947,1.);
#14947 = DIRECTION('',(0.,-1.,0.));
#14948 = ORIENTED_EDGE('',*,*,#14949,.F.);
#14949 = EDGE_CURVE('',#14926,#14942,#14950,.T.);
#14950 = LINE('',#14951,#14952);
#14951 = CARTESIAN_POINT('',(4.11,0.6,3.17));
#14952 = VECTOR('',#14953,1.);
#14953 = DIRECTION('',(-1.,0.,0.));
#14954 = FACE_BOUND('',#14955,.T.);
#14955 = EDGE_LOOP('',(#14956,#14966,#14974,#14982));
#14956 = ORIENTED_EDGE('',*,*,#14957,.T.);
#14957 = EDGE_CURVE('',#14958,#14960,#14962,.T.);
#14958 = VERTEX_POINT('',#14959);
#14959 = CARTESIAN_POINT('',(4.76,-0.32,3.17));
#14960 = VERTEX_POINT('',#14961);
#14961 = CARTESIAN_POINT('',(4.76,0.32,3.17));
#14962 = LINE('',#14963,#14964);
#14963 = CARTESIAN_POINT('',(4.76,5.565027692357E-17,3.17));
#14964 = VECTOR('',#14965,1.);
#14965 = DIRECTION('',(0.,1.,0.));
#14966 = ORIENTED_EDGE('',*,*,#14967,.T.);
#14967 = EDGE_CURVE('',#14960,#14968,#14970,.T.);
#14968 = VERTEX_POINT('',#14969);
#14969 = CARTESIAN_POINT('',(5.4,0.32,3.17));
#14970 = LINE('',#14971,#14972);
#14971 = CARTESIAN_POINT('',(4.285,0.32,3.17));
#14972 = VECTOR('',#14973,1.);
#14973 = DIRECTION('',(1.,0.,0.));
#14974 = ORIENTED_EDGE('',*,*,#14975,.F.);
#14975 = EDGE_CURVE('',#14976,#14968,#14978,.T.);
#14976 = VERTEX_POINT('',#14977);
#14977 = CARTESIAN_POINT('',(5.4,-0.32,3.17));
#14978 = LINE('',#14979,#14980);
#14979 = CARTESIAN_POINT('',(5.4,5.565027692357E-17,3.17));
#14980 = VECTOR('',#14981,1.);
#14981 = DIRECTION('',(0.,1.,0.));
#14982 = ORIENTED_EDGE('',*,*,#14983,.T.);
#14983 = EDGE_CURVE('',#14976,#14958,#14984,.T.);
#14984 = LINE('',#14985,#14986);
#14985 = CARTESIAN_POINT('',(4.285,-0.32,3.17));
#14986 = VECTOR('',#14987,1.);
#14987 = DIRECTION('',(-1.,0.,0.));
#14988 = FACE_BOUND('',#14989,.T.);
#14989 = EDGE_LOOP('',(#14990,#15000,#15008,#15016));
#14990 = ORIENTED_EDGE('',*,*,#14991,.F.);
#14991 = EDGE_CURVE('',#14992,#14994,#14996,.T.);
#14992 = VERTEX_POINT('',#14993);
#14993 = CARTESIAN_POINT('',(0.97,0.6,3.17));
#14994 = VERTEX_POINT('',#14995);
#14995 = CARTESIAN_POINT('',(0.97,-0.6,3.17));
#14996 = LINE('',#14997,#14998);
#14997 = CARTESIAN_POINT('',(0.97,0.6,3.17));
#14998 = VECTOR('',#14999,1.);
#14999 = DIRECTION('',(0.,-1.,0.));
#15000 = ORIENTED_EDGE('',*,*,#15001,.F.);
#15001 = EDGE_CURVE('',#15002,#14992,#15004,.T.);
#15002 = VERTEX_POINT('',#15003);
#15003 = CARTESIAN_POINT('',(1.57,0.6,3.17));
#15004 = LINE('',#15005,#15006);
#15005 = CARTESIAN_POINT('',(1.57,0.6,3.17));
#15006 = VECTOR('',#15007,1.);
#15007 = DIRECTION('',(-1.,0.,0.));
#15008 = ORIENTED_EDGE('',*,*,#15009,.F.);
#15009 = EDGE_CURVE('',#15010,#15002,#15012,.T.);
#15010 = VERTEX_POINT('',#15011);
#15011 = CARTESIAN_POINT('',(1.57,-0.6,3.17));
#15012 = LINE('',#15013,#15014);
#15013 = CARTESIAN_POINT('',(1.57,-0.6,3.17));
#15014 = VECTOR('',#15015,1.);
#15015 = DIRECTION('',(0.,1.,0.));
#15016 = ORIENTED_EDGE('',*,*,#15017,.F.);
#15017 = EDGE_CURVE('',#14994,#15010,#15018,.T.);
#15018 = LINE('',#15019,#15020);
#15019 = CARTESIAN_POINT('',(0.97,-0.6,3.17));
#15020 = VECTOR('',#15021,1.);
#15021 = DIRECTION('',(1.,0.,0.));
#15022 = FACE_BOUND('',#15023,.T.);
#15023 = EDGE_LOOP('',(#15024,#15034,#15042,#15050));
#15024 = ORIENTED_EDGE('',*,*,#15025,.F.);
#15025 = EDGE_CURVE('',#15026,#15028,#15030,.T.);
#15026 = VERTEX_POINT('',#15027);
#15027 = CARTESIAN_POINT('',(2.86,-0.32,3.17));
#15028 = VERTEX_POINT('',#15029);
#15029 = CARTESIAN_POINT('',(2.86,0.32,3.17));
#15030 = LINE('',#15031,#15032);
#15031 = CARTESIAN_POINT('',(2.86,5.565027692357E-17,3.17));
#15032 = VECTOR('',#15033,1.);
#15033 = DIRECTION('',(0.,1.,0.));
#15034 = ORIENTED_EDGE('',*,*,#15035,.T.);
#15035 = EDGE_CURVE('',#15026,#15036,#15038,.T.);
#15036 = VERTEX_POINT('',#15037);
#15037 = CARTESIAN_POINT('',(2.22,-0.32,3.17));
#15038 = LINE('',#15039,#15040);
#15039 = CARTESIAN_POINT('',(3.015,-0.32,3.17));
#15040 = VECTOR('',#15041,1.);
#15041 = DIRECTION('',(-1.,0.,0.));
#15042 = ORIENTED_EDGE('',*,*,#15043,.T.);
#15043 = EDGE_CURVE('',#15036,#15044,#15046,.T.);
#15044 = VERTEX_POINT('',#15045);
#15045 = CARTESIAN_POINT('',(2.22,0.32,3.17));
#15046 = LINE('',#15047,#15048);
#15047 = CARTESIAN_POINT('',(2.22,5.565027692357E-17,3.17));
#15048 = VECTOR('',#15049,1.);
#15049 = DIRECTION('',(0.,1.,0.));
#15050 = ORIENTED_EDGE('',*,*,#15051,.T.);
#15051 = EDGE_CURVE('',#15044,#15028,#15052,.T.);
#15052 = LINE('',#15053,#15054);
#15053 = CARTESIAN_POINT('',(3.015,0.32,3.17));
#15054 = VECTOR('',#15055,1.);
#15055 = DIRECTION('',(1.,0.,0.));
#15056 = FACE_BOUND('',#15057,.T.);
#15057 = EDGE_LOOP('',(#15058,#15068,#15076,#15084));
#15058 = ORIENTED_EDGE('',*,*,#15059,.F.);
#15059 = EDGE_CURVE('',#15060,#15062,#15064,.T.);
#15060 = VERTEX_POINT('',#15061);
#15061 = CARTESIAN_POINT('',(0.32,-0.32,3.17));
#15062 = VERTEX_POINT('',#15063);
#15063 = CARTESIAN_POINT('',(0.32,0.32,3.17));
#15064 = LINE('',#15065,#15066);
#15065 = CARTESIAN_POINT('',(0.32,5.565027692357E-17,3.17));
#15066 = VECTOR('',#15067,1.);
#15067 = DIRECTION('',(0.,1.,0.));
#15068 = ORIENTED_EDGE('',*,*,#15069,.T.);
#15069 = EDGE_CURVE('',#15060,#15070,#15072,.T.);
#15070 = VERTEX_POINT('',#15071);
#15071 = CARTESIAN_POINT('',(-0.32,-0.32,3.17));
#15072 = LINE('',#15073,#15074);
#15073 = CARTESIAN_POINT('',(1.745,-0.32,3.17));
#15074 = VECTOR('',#15075,1.);
#15075 = DIRECTION('',(-1.,0.,0.));
#15076 = ORIENTED_EDGE('',*,*,#15077,.T.);
#15077 = EDGE_CURVE('',#15070,#15078,#15080,.T.);
#15078 = VERTEX_POINT('',#15079);
#15079 = CARTESIAN_POINT('',(-0.32,0.32,3.17));
#15080 = LINE('',#15081,#15082);
#15081 = CARTESIAN_POINT('',(-0.32,5.565027692357E-17,3.17));
#15082 = VECTOR('',#15083,1.);
#15083 = DIRECTION('',(0.,1.,0.));
#15084 = ORIENTED_EDGE('',*,*,#15085,.T.);
#15085 = EDGE_CURVE('',#15078,#15062,#15086,.T.);
#15086 = LINE('',#15087,#15088);
#15087 = CARTESIAN_POINT('',(1.745,0.32,3.17));
#15088 = VECTOR('',#15089,1.);
#15089 = DIRECTION('',(1.,0.,0.));
#15090 = FACE_BOUND('',#15091,.T.);
#15091 = EDGE_LOOP('',(#15092,#15102,#15110,#15118));
#15092 = ORIENTED_EDGE('',*,*,#15093,.T.);
#15093 = EDGE_CURVE('',#15094,#15096,#15098,.T.);
#15094 = VERTEX_POINT('',#15095);
#15095 = CARTESIAN_POINT('',(7.94,-0.32,3.17));
#15096 = VERTEX_POINT('',#15097);
#15097 = CARTESIAN_POINT('',(7.3,-0.32,3.17));
#15098 = LINE('',#15099,#15100);
#15099 = CARTESIAN_POINT('',(5.555,-0.32,3.17));
#15100 = VECTOR('',#15101,1.);
#15101 = DIRECTION('',(-1.,0.,0.));
#15102 = ORIENTED_EDGE('',*,*,#15103,.T.);
#15103 = EDGE_CURVE('',#15096,#15104,#15106,.T.);
#15104 = VERTEX_POINT('',#15105);
#15105 = CARTESIAN_POINT('',(7.3,0.32,3.17));
#15106 = LINE('',#15107,#15108);
#15107 = CARTESIAN_POINT('',(7.3,5.565027692357E-17,3.17));
#15108 = VECTOR('',#15109,1.);
#15109 = DIRECTION('',(0.,1.,0.));
#15110 = ORIENTED_EDGE('',*,*,#15111,.T.);
#15111 = EDGE_CURVE('',#15104,#15112,#15114,.T.);
#15112 = VERTEX_POINT('',#15113);
#15113 = CARTESIAN_POINT('',(7.94,0.32,3.17));
#15114 = LINE('',#15115,#15116);
#15115 = CARTESIAN_POINT('',(5.555,0.32,3.17));
#15116 = VECTOR('',#15117,1.);
#15117 = DIRECTION('',(1.,0.,0.));
#15118 = ORIENTED_EDGE('',*,*,#15119,.F.);
#15119 = EDGE_CURVE('',#15094,#15112,#15120,.T.);
#15120 = LINE('',#15121,#15122);
#15121 = CARTESIAN_POINT('',(7.94,5.565027692357E-17,3.17));
#15122 = VECTOR('',#15123,1.);
#15123 = DIRECTION('',(0.,1.,0.));
#15124 = FACE_BOUND('',#15125,.T.);
#15125 = EDGE_LOOP('',(#15126,#15136,#15144,#15152));
#15126 = ORIENTED_EDGE('',*,*,#15127,.F.);
#15127 = EDGE_CURVE('',#15128,#15130,#15132,.T.);
#15128 = VERTEX_POINT('',#15129);
#15129 = CARTESIAN_POINT('',(6.05,-0.6,3.17));
#15130 = VERTEX_POINT('',#15131);
#15131 = CARTESIAN_POINT('',(6.65,-0.6,3.17));
#15132 = LINE('',#15133,#15134);
#15133 = CARTESIAN_POINT('',(6.05,-0.6,3.17));
#15134 = VECTOR('',#15135,1.);
#15135 = DIRECTION('',(1.,0.,0.));
#15136 = ORIENTED_EDGE('',*,*,#15137,.F.);
#15137 = EDGE_CURVE('',#15138,#15128,#15140,.T.);
#15138 = VERTEX_POINT('',#15139);
#15139 = CARTESIAN_POINT('',(6.05,0.6,3.17));
#15140 = LINE('',#15141,#15142);
#15141 = CARTESIAN_POINT('',(6.05,0.6,3.17));
#15142 = VECTOR('',#15143,1.);
#15143 = DIRECTION('',(0.,-1.,0.));
#15144 = ORIENTED_EDGE('',*,*,#15145,.F.);
#15145 = EDGE_CURVE('',#15146,#15138,#15148,.T.);
#15146 = VERTEX_POINT('',#15147);
#15147 = CARTESIAN_POINT('',(6.65,0.6,3.17));
#15148 = LINE('',#15149,#15150);
#15149 = CARTESIAN_POINT('',(6.65,0.6,3.17));
#15150 = VECTOR('',#15151,1.);
#15151 = DIRECTION('',(-1.,0.,0.));
#15152 = ORIENTED_EDGE('',*,*,#15153,.F.);
#15153 = EDGE_CURVE('',#15130,#15146,#15154,.T.);
#15154 = LINE('',#15155,#15156);
#15155 = CARTESIAN_POINT('',(6.65,-0.6,3.17));
#15156 = VECTOR('',#15157,1.);
#15157 = DIRECTION('',(0.,1.,0.));
#15158 = PLANE('',#15159);
#15159 = AXIS2_PLACEMENT_3D('',#15160,#15161,#15162);
#15160 = CARTESIAN_POINT('',(3.81,1.113005538471E-16,3.17));
#15161 = DIRECTION('',(0.,0.,1.));
#15162 = DIRECTION('',(1.,0.,-0.));
#15163 = ADVANCED_FACE('',(#15164),#15209,.F.);
#15164 = FACE_BOUND('',#15165,.F.);
#15165 = EDGE_LOOP('',(#15166,#15167,#15168,#15169,#15177,#15185,#15193,
    #15201,#15208));
#15166 = ORIENTED_EDGE('',*,*,#14071,.T.);
#15167 = ORIENTED_EDGE('',*,*,#14134,.T.);
#15168 = ORIENTED_EDGE('',*,*,#14150,.T.);
#15169 = ORIENTED_EDGE('',*,*,#15170,.T.);
#15170 = EDGE_CURVE('',#14151,#15171,#15173,.T.);
#15171 = VERTEX_POINT('',#15172);
#15172 = CARTESIAN_POINT('',(7.62,-1.4,7.));
#15173 = LINE('',#15174,#15175);
#15174 = CARTESIAN_POINT('',(7.62,-1.9,7.9));
#15175 = VECTOR('',#15176,1.);
#15176 = DIRECTION('',(0.,0.485642931179,-0.874157276121));
#15177 = ORIENTED_EDGE('',*,*,#15178,.T.);
#15178 = EDGE_CURVE('',#15171,#15179,#15181,.T.);
#15179 = VERTEX_POINT('',#15180);
#15180 = CARTESIAN_POINT('',(7.62,-1.4,6.));
#15181 = LINE('',#15182,#15183);
#15182 = CARTESIAN_POINT('',(7.62,-1.4,7.));
#15183 = VECTOR('',#15184,1.);
#15184 = DIRECTION('',(0.,0.,-1.));
#15185 = ORIENTED_EDGE('',*,*,#15186,.T.);
#15186 = EDGE_CURVE('',#15179,#15187,#15189,.T.);
#15187 = VERTEX_POINT('',#15188);
#15188 = CARTESIAN_POINT('',(7.62,-1.9,5.5));
#15189 = LINE('',#15190,#15191);
#15190 = CARTESIAN_POINT('',(7.62,-1.4,6.));
#15191 = VECTOR('',#15192,1.);
#15192 = DIRECTION('',(0.,-0.707106781187,-0.707106781187));
#15193 = ORIENTED_EDGE('',*,*,#15194,.T.);
#15194 = EDGE_CURVE('',#15187,#15195,#15197,.T.);
#15195 = VERTEX_POINT('',#15196);
#15196 = CARTESIAN_POINT('',(7.62,-1.9,3.8));
#15197 = LINE('',#15198,#15199);
#15198 = CARTESIAN_POINT('',(7.62,-1.9,5.5));
#15199 = VECTOR('',#15200,1.);
#15200 = DIRECTION('',(0.,0.,-1.));
#15201 = ORIENTED_EDGE('',*,*,#15202,.T.);
#15202 = EDGE_CURVE('',#15195,#14900,#15203,.T.);
#15203 = CIRCLE('',#15204,0.601382070665);
#15204 = AXIS2_PLACEMENT_3D('',#15205,#15206,#15207);
#15205 = CARTESIAN_POINT('',(7.62,-1.299299254479,3.771381662401));
#15206 = DIRECTION('',(1.,0.,0.));
#15207 = DIRECTION('',(0.,-0.998867067749,4.758761359E-02));
#15208 = ORIENTED_EDGE('',*,*,#14907,.T.);
#15209 = PLANE('',#15210);
#15210 = AXIS2_PLACEMENT_3D('',#15211,#15212,#15213);
#15211 = CARTESIAN_POINT('',(7.62,-2.303583274757,7.224177570025));
#15212 = DIRECTION('',(-1.,-0.,-0.));
#15213 = DIRECTION('',(0.,0.,-1.));
#15214 = ADVANCED_FACE('',(#15215),#15260,.F.);
#15215 = FACE_BOUND('',#15216,.T.);
#15216 = EDGE_LOOP('',(#15217,#15218,#15219,#15220,#15228,#15236,#15244,
    #15252,#15259));
#15217 = ORIENTED_EDGE('',*,*,#14094,.T.);
#15218 = ORIENTED_EDGE('',*,*,#14191,.T.);
#15219 = ORIENTED_EDGE('',*,*,#14166,.T.);
#15220 = ORIENTED_EDGE('',*,*,#15221,.T.);
#15221 = EDGE_CURVE('',#14159,#15222,#15224,.T.);
#15222 = VERTEX_POINT('',#15223);
#15223 = CARTESIAN_POINT('',(0.,-1.4,7.));
#15224 = LINE('',#15225,#15226);
#15225 = CARTESIAN_POINT('',(0.,-1.9,7.9));
#15226 = VECTOR('',#15227,1.);
#15227 = DIRECTION('',(0.,0.485642931179,-0.874157276121));
#15228 = ORIENTED_EDGE('',*,*,#15229,.T.);
#15229 = EDGE_CURVE('',#15222,#15230,#15232,.T.);
#15230 = VERTEX_POINT('',#15231);
#15231 = CARTESIAN_POINT('',(0.,-1.4,6.));
#15232 = LINE('',#15233,#15234);
#15233 = CARTESIAN_POINT('',(0.,-1.4,7.));
#15234 = VECTOR('',#15235,1.);
#15235 = DIRECTION('',(-0.,-0.,-1.));
#15236 = ORIENTED_EDGE('',*,*,#15237,.T.);
#15237 = EDGE_CURVE('',#15230,#15238,#15240,.T.);
#15238 = VERTEX_POINT('',#15239);
#15239 = CARTESIAN_POINT('',(0.,-1.9,5.5));
#15240 = LINE('',#15241,#15242);
#15241 = CARTESIAN_POINT('',(0.,-1.4,6.));
#15242 = VECTOR('',#15243,1.);
#15243 = DIRECTION('',(-0.,-0.707106781187,-0.707106781187));
#15244 = ORIENTED_EDGE('',*,*,#15245,.T.);
#15245 = EDGE_CURVE('',#15238,#15246,#15248,.T.);
#15246 = VERTEX_POINT('',#15247);
#15247 = CARTESIAN_POINT('',(0.,-1.9,3.8));
#15248 = LINE('',#15249,#15250);
#15249 = CARTESIAN_POINT('',(0.,-1.9,5.5));
#15250 = VECTOR('',#15251,1.);
#15251 = DIRECTION('',(-0.,-0.,-1.));
#15252 = ORIENTED_EDGE('',*,*,#15253,.T.);
#15253 = EDGE_CURVE('',#15246,#14892,#15254,.T.);
#15254 = CIRCLE('',#15255,0.601382070665);
#15255 = AXIS2_PLACEMENT_3D('',#15256,#15257,#15258);
#15256 = CARTESIAN_POINT('',(0.,-1.299299254479,3.771381662401));
#15257 = DIRECTION('',(1.,0.,0.));
#15258 = DIRECTION('',(0.,-0.998867067749,4.758761359E-02));
#15259 = ORIENTED_EDGE('',*,*,#14891,.T.);
#15260 = PLANE('',#15261);
#15261 = AXIS2_PLACEMENT_3D('',#15262,#15263,#15264);
#15262 = CARTESIAN_POINT('',(0.,-2.303583274757,7.224177570025));
#15263 = DIRECTION('',(1.,0.,0.));
#15264 = DIRECTION('',(0.,0.,1.));
#15265 = ADVANCED_FACE('',(#15266),#15277,.F.);
#15266 = FACE_BOUND('',#15267,.F.);
#15267 = EDGE_LOOP('',(#15268,#15274,#15275,#15276));
#15268 = ORIENTED_EDGE('',*,*,#15269,.T.);
#15269 = EDGE_CURVE('',#14206,#14883,#15270,.T.);
#15270 = LINE('',#15271,#15272);
#15271 = CARTESIAN_POINT('',(-1.27,2.9,0.));
#15272 = VECTOR('',#15273,1.);
#15273 = DIRECTION('',(0.,0.,1.));
#15274 = ORIENTED_EDGE('',*,*,#14882,.T.);
#15275 = ORIENTED_EDGE('',*,*,#14110,.F.);
#15276 = ORIENTED_EDGE('',*,*,#14205,.F.);
#15277 = PLANE('',#15278);
#15278 = AXIS2_PLACEMENT_3D('',#15279,#15280,#15281);
#15279 = CARTESIAN_POINT('',(-1.27,2.9,0.));
#15280 = DIRECTION('',(1.,0.,0.));
#15281 = DIRECTION('',(0.,-1.,0.));
#15282 = ADVANCED_FACE('',(#15283),#15294,.T.);
#15283 = FACE_BOUND('',#15284,.T.);
#15284 = EDGE_LOOP('',(#15285,#15286,#15287,#15293));
#15285 = ORIENTED_EDGE('',*,*,#14158,.T.);
#15286 = ORIENTED_EDGE('',*,*,#15170,.T.);
#15287 = ORIENTED_EDGE('',*,*,#15288,.F.);
#15288 = EDGE_CURVE('',#15222,#15171,#15289,.T.);
#15289 = LINE('',#15290,#15291);
#15290 = CARTESIAN_POINT('',(3.81,-1.4,7.));
#15291 = VECTOR('',#15292,1.);
#15292 = DIRECTION('',(1.,0.,0.));
#15293 = ORIENTED_EDGE('',*,*,#15221,.F.);
#15294 = PLANE('',#15295);
#15295 = AXIS2_PLACEMENT_3D('',#15296,#15297,#15298);
#15296 = CARTESIAN_POINT('',(3.81,-1.65,7.45));
#15297 = DIRECTION('',(1.462063318044E-18,0.874157276121,0.485642931179)
  );
#15298 = DIRECTION('',(-9.629649721936E-35,-0.485642931179,
    0.874157276121));
#15299 = ADVANCED_FACE('',(#15300),#15322,.F.);
#15300 = FACE_BOUND('',#15301,.F.);
#15301 = EDGE_LOOP('',(#15302,#15303,#15304,#15305,#15306,#15307,#15308,
    #15309,#15310,#15311,#15312,#15313,#15314,#15315,#15316,#15317,
    #15318,#15319,#15320,#15321));
#15302 = ORIENTED_EDGE('',*,*,#14844,.F.);
#15303 = ORIENTED_EDGE('',*,*,#14867,.T.);
#15304 = ORIENTED_EDGE('',*,*,#14915,.T.);
#15305 = ORIENTED_EDGE('',*,*,#15269,.F.);
#15306 = ORIENTED_EDGE('',*,*,#14222,.F.);
#15307 = ORIENTED_EDGE('',*,*,#14245,.T.);
#15308 = ORIENTED_EDGE('',*,*,#14260,.T.);
#15309 = ORIENTED_EDGE('',*,*,#14318,.F.);
#15310 = ORIENTED_EDGE('',*,*,#14352,.F.);
#15311 = ORIENTED_EDGE('',*,*,#14409,.T.);
#15312 = ORIENTED_EDGE('',*,*,#14424,.T.);
#15313 = ORIENTED_EDGE('',*,*,#14482,.F.);
#15314 = ORIENTED_EDGE('',*,*,#14516,.F.);
#15315 = ORIENTED_EDGE('',*,*,#14573,.T.);
#15316 = ORIENTED_EDGE('',*,*,#14588,.T.);
#15317 = ORIENTED_EDGE('',*,*,#14646,.F.);
#15318 = ORIENTED_EDGE('',*,*,#14680,.F.);
#15319 = ORIENTED_EDGE('',*,*,#14737,.T.);
#15320 = ORIENTED_EDGE('',*,*,#14752,.T.);
#15321 = ORIENTED_EDGE('',*,*,#14810,.F.);
#15322 = PLANE('',#15323);
#15323 = AXIS2_PLACEMENT_3D('',#15324,#15325,#15326);
#15324 = CARTESIAN_POINT('',(8.89,2.9,0.));
#15325 = DIRECTION('',(0.,-1.,0.));
#15326 = DIRECTION('',(-1.,0.,0.));
#15327 = ADVANCED_FACE('',(#15328),#15353,.F.);
#15328 = FACE_BOUND('',#15329,.F.);
#15329 = EDGE_LOOP('',(#15330,#15340,#15346,#15347));
#15330 = ORIENTED_EDGE('',*,*,#15331,.T.);
#15331 = EDGE_CURVE('',#15332,#15334,#15336,.T.);
#15332 = VERTEX_POINT('',#15333);
#15333 = CARTESIAN_POINT('',(-0.32,-0.32,-3.31));
#15334 = VERTEX_POINT('',#15335);
#15335 = CARTESIAN_POINT('',(-0.32,0.32,-3.31));
#15336 = LINE('',#15337,#15338);
#15337 = CARTESIAN_POINT('',(-0.32,-0.32,-3.31));
#15338 = VECTOR('',#15339,1.);
#15339 = DIRECTION('',(0.,1.,0.));
#15340 = ORIENTED_EDGE('',*,*,#15341,.T.);
#15341 = EDGE_CURVE('',#15334,#14279,#15342,.T.);
#15342 = LINE('',#15343,#15344);
#15343 = CARTESIAN_POINT('',(-0.32,0.32,-3.56));
#15344 = VECTOR('',#15345,1.);
#15345 = DIRECTION('',(0.,0.,1.));
#15346 = ORIENTED_EDGE('',*,*,#14278,.T.);
#15347 = ORIENTED_EDGE('',*,*,#15348,.T.);
#15348 = EDGE_CURVE('',#14281,#15332,#15349,.T.);
#15349 = LINE('',#15350,#15351);
#15350 = CARTESIAN_POINT('',(-0.32,-0.32,10.66));
#15351 = VECTOR('',#15352,1.);
#15352 = DIRECTION('',(0.,0.,-1.));
#15353 = PLANE('',#15354);
#15354 = AXIS2_PLACEMENT_3D('',#15355,#15356,#15357);
#15355 = CARTESIAN_POINT('',(-0.32,0.,3.55));
#15356 = DIRECTION('',(1.,0.,0.));
#15357 = DIRECTION('',(0.,0.,1.));
#15358 = ADVANCED_FACE('',(#15359),#15377,.F.);
#15359 = FACE_BOUND('',#15360,.F.);
#15360 = EDGE_LOOP('',(#15361,#15362,#15370,#15376));
#15361 = ORIENTED_EDGE('',*,*,#15341,.F.);
#15362 = ORIENTED_EDGE('',*,*,#15363,.T.);
#15363 = EDGE_CURVE('',#15334,#15364,#15366,.T.);
#15364 = VERTEX_POINT('',#15365);
#15365 = CARTESIAN_POINT('',(0.32,0.32,-3.31));
#15366 = LINE('',#15367,#15368);
#15367 = CARTESIAN_POINT('',(-7.E-02,0.32,-3.31));
#15368 = VECTOR('',#15369,1.);
#15369 = DIRECTION('',(1.,0.,0.));
#15370 = ORIENTED_EDGE('',*,*,#15371,.T.);
#15371 = EDGE_CURVE('',#15364,#14297,#15372,.T.);
#15372 = LINE('',#15373,#15374);
#15373 = CARTESIAN_POINT('',(0.32,0.32,-3.56));
#15374 = VECTOR('',#15375,1.);
#15375 = DIRECTION('',(0.,0.,1.));
#15376 = ORIENTED_EDGE('',*,*,#14304,.T.);
#15377 = PLANE('',#15378);
#15378 = AXIS2_PLACEMENT_3D('',#15379,#15380,#15381);
#15379 = CARTESIAN_POINT('',(-0.32,0.32,-3.56));
#15380 = DIRECTION('',(0.,-1.,0.));
#15381 = DIRECTION('',(0.,0.,1.));
#15382 = ADVANCED_FACE('',(#15383),#15401,.T.);
#15383 = FACE_BOUND('',#15384,.T.);
#15384 = EDGE_LOOP('',(#15385,#15393,#15394,#15395));
#15385 = ORIENTED_EDGE('',*,*,#15386,.T.);
#15386 = EDGE_CURVE('',#15387,#15364,#15389,.T.);
#15387 = VERTEX_POINT('',#15388);
#15388 = CARTESIAN_POINT('',(0.32,-0.32,-3.31));
#15389 = LINE('',#15390,#15391);
#15390 = CARTESIAN_POINT('',(0.32,-0.32,-3.31));
#15391 = VECTOR('',#15392,1.);
#15392 = DIRECTION('',(0.,1.,0.));
#15393 = ORIENTED_EDGE('',*,*,#15371,.T.);
#15394 = ORIENTED_EDGE('',*,*,#14296,.T.);
#15395 = ORIENTED_EDGE('',*,*,#15396,.T.);
#15396 = EDGE_CURVE('',#14289,#15387,#15397,.T.);
#15397 = LINE('',#15398,#15399);
#15398 = CARTESIAN_POINT('',(0.32,-0.32,10.66));
#15399 = VECTOR('',#15400,1.);
#15400 = DIRECTION('',(0.,0.,-1.));
#15401 = PLANE('',#15402);
#15402 = AXIS2_PLACEMENT_3D('',#15403,#15404,#15405);
#15403 = CARTESIAN_POINT('',(0.32,0.,3.55));
#15404 = DIRECTION('',(1.,0.,0.));
#15405 = DIRECTION('',(0.,0.,1.));
#15406 = ADVANCED_FACE('',(#15407),#15418,.F.);
#15407 = FACE_BOUND('',#15408,.F.);
#15408 = EDGE_LOOP('',(#15409,#15415,#15416,#15417));
#15409 = ORIENTED_EDGE('',*,*,#15410,.F.);
#15410 = EDGE_CURVE('',#15332,#15387,#15411,.T.);
#15411 = LINE('',#15412,#15413);
#15412 = CARTESIAN_POINT('',(-7.E-02,-0.32,-3.31));
#15413 = VECTOR('',#15414,1.);
#15414 = DIRECTION('',(1.,0.,0.));
#15415 = ORIENTED_EDGE('',*,*,#15348,.F.);
#15416 = ORIENTED_EDGE('',*,*,#14288,.T.);
#15417 = ORIENTED_EDGE('',*,*,#15396,.T.);
#15418 = PLANE('',#15419);
#15419 = AXIS2_PLACEMENT_3D('',#15420,#15421,#15422);
#15420 = CARTESIAN_POINT('',(-0.32,-0.32,10.66));
#15421 = DIRECTION('',(0.,1.,0.));
#15422 = DIRECTION('',(0.,0.,-1.));
#15423 = ADVANCED_FACE('',(#15424),#15440,.F.);
#15424 = FACE_BOUND('',#15425,.F.);
#15425 = EDGE_LOOP('',(#15426,#15427,#15433,#15434));
#15426 = ORIENTED_EDGE('',*,*,#15017,.F.);
#15427 = ORIENTED_EDGE('',*,*,#15428,.T.);
#15428 = EDGE_CURVE('',#14994,#14361,#15429,.T.);
#15429 = LINE('',#15430,#15431);
#15430 = CARTESIAN_POINT('',(0.97,-0.6,3.17));
#15431 = VECTOR('',#15432,1.);
#15432 = DIRECTION('',(-0.,-0.,-1.));
#15433 = ORIENTED_EDGE('',*,*,#14360,.T.);
#15434 = ORIENTED_EDGE('',*,*,#15435,.F.);
#15435 = EDGE_CURVE('',#15010,#14363,#15436,.T.);
#15436 = LINE('',#15437,#15438);
#15437 = CARTESIAN_POINT('',(1.57,-0.6,3.17));
#15438 = VECTOR('',#15439,1.);
#15439 = DIRECTION('',(-0.,-0.,-1.));
#15440 = PLANE('',#15441);
#15441 = AXIS2_PLACEMENT_3D('',#15442,#15443,#15444);
#15442 = CARTESIAN_POINT('',(0.97,-0.6,3.17));
#15443 = DIRECTION('',(0.,-1.,0.));
#15444 = DIRECTION('',(1.,0.,0.));
#15445 = ADVANCED_FACE('',(#15446),#15457,.F.);
#15446 = FACE_BOUND('',#15447,.F.);
#15447 = EDGE_LOOP('',(#15448,#15449,#15450,#15451));
#15448 = ORIENTED_EDGE('',*,*,#15009,.F.);
#15449 = ORIENTED_EDGE('',*,*,#15435,.T.);
#15450 = ORIENTED_EDGE('',*,*,#14386,.T.);
#15451 = ORIENTED_EDGE('',*,*,#15452,.F.);
#15452 = EDGE_CURVE('',#15002,#14379,#15453,.T.);
#15453 = LINE('',#15454,#15455);
#15454 = CARTESIAN_POINT('',(1.57,0.6,3.17));
#15455 = VECTOR('',#15456,1.);
#15456 = DIRECTION('',(-0.,-0.,-1.));
#15457 = PLANE('',#15458);
#15458 = AXIS2_PLACEMENT_3D('',#15459,#15460,#15461);
#15459 = CARTESIAN_POINT('',(1.57,-0.6,3.17));
#15460 = DIRECTION('',(1.,0.,0.));
#15461 = DIRECTION('',(-0.,1.,0.));
#15462 = ADVANCED_FACE('',(#15463),#15474,.F.);
#15463 = FACE_BOUND('',#15464,.F.);
#15464 = EDGE_LOOP('',(#15465,#15466,#15467,#15468));
#15465 = ORIENTED_EDGE('',*,*,#15001,.F.);
#15466 = ORIENTED_EDGE('',*,*,#15452,.T.);
#15467 = ORIENTED_EDGE('',*,*,#14378,.T.);
#15468 = ORIENTED_EDGE('',*,*,#15469,.F.);
#15469 = EDGE_CURVE('',#14992,#14371,#15470,.T.);
#15470 = LINE('',#15471,#15472);
#15471 = CARTESIAN_POINT('',(0.97,0.6,3.17));
#15472 = VECTOR('',#15473,1.);
#15473 = DIRECTION('',(-0.,-0.,-1.));
#15474 = PLANE('',#15475);
#15475 = AXIS2_PLACEMENT_3D('',#15476,#15477,#15478);
#15476 = CARTESIAN_POINT('',(1.57,0.6,3.17));
#15477 = DIRECTION('',(0.,1.,0.));
#15478 = DIRECTION('',(-1.,0.,0.));
#15479 = ADVANCED_FACE('',(#15480),#15486,.F.);
#15480 = FACE_BOUND('',#15481,.F.);
#15481 = EDGE_LOOP('',(#15482,#15483,#15484,#15485));
#15482 = ORIENTED_EDGE('',*,*,#14991,.F.);
#15483 = ORIENTED_EDGE('',*,*,#15469,.T.);
#15484 = ORIENTED_EDGE('',*,*,#14370,.T.);
#15485 = ORIENTED_EDGE('',*,*,#15428,.F.);
#15486 = PLANE('',#15487);
#15487 = AXIS2_PLACEMENT_3D('',#15488,#15489,#15490);
#15488 = CARTESIAN_POINT('',(0.97,0.6,3.17));
#15489 = DIRECTION('',(-1.,0.,0.));
#15490 = DIRECTION('',(0.,-1.,0.));
#15491 = ADVANCED_FACE('',(#15492),#15517,.F.);
#15492 = FACE_BOUND('',#15493,.F.);
#15493 = EDGE_LOOP('',(#15494,#15504,#15510,#15511));
#15494 = ORIENTED_EDGE('',*,*,#15495,.T.);
#15495 = EDGE_CURVE('',#15496,#15498,#15500,.T.);
#15496 = VERTEX_POINT('',#15497);
#15497 = CARTESIAN_POINT('',(2.22,-0.32,-3.31));
#15498 = VERTEX_POINT('',#15499);
#15499 = CARTESIAN_POINT('',(2.22,0.32,-3.31));
#15500 = LINE('',#15501,#15502);
#15501 = CARTESIAN_POINT('',(2.22,-0.32,-3.31));
#15502 = VECTOR('',#15503,1.);
#15503 = DIRECTION('',(0.,1.,0.));
#15504 = ORIENTED_EDGE('',*,*,#15505,.T.);
#15505 = EDGE_CURVE('',#15498,#14443,#15506,.T.);
#15506 = LINE('',#15507,#15508);
#15507 = CARTESIAN_POINT('',(2.22,0.32,-3.56));
#15508 = VECTOR('',#15509,1.);
#15509 = DIRECTION('',(0.,0.,1.));
#15510 = ORIENTED_EDGE('',*,*,#14442,.T.);
#15511 = ORIENTED_EDGE('',*,*,#15512,.T.);
#15512 = EDGE_CURVE('',#14445,#15496,#15513,.T.);
#15513 = LINE('',#15514,#15515);
#15514 = CARTESIAN_POINT('',(2.22,-0.32,10.66));
#15515 = VECTOR('',#15516,1.);
#15516 = DIRECTION('',(0.,0.,-1.));
#15517 = PLANE('',#15518);
#15518 = AXIS2_PLACEMENT_3D('',#15519,#15520,#15521);
#15519 = CARTESIAN_POINT('',(2.22,0.,3.55));
#15520 = DIRECTION('',(1.,0.,0.));
#15521 = DIRECTION('',(0.,0.,1.));
#15522 = ADVANCED_FACE('',(#15523),#15541,.F.);
#15523 = FACE_BOUND('',#15524,.F.);
#15524 = EDGE_LOOP('',(#15525,#15526,#15534,#15540));
#15525 = ORIENTED_EDGE('',*,*,#15505,.F.);
#15526 = ORIENTED_EDGE('',*,*,#15527,.T.);
#15527 = EDGE_CURVE('',#15498,#15528,#15530,.T.);
#15528 = VERTEX_POINT('',#15529);
#15529 = CARTESIAN_POINT('',(2.86,0.32,-3.31));
#15530 = LINE('',#15531,#15532);
#15531 = CARTESIAN_POINT('',(2.47,0.32,-3.31));
#15532 = VECTOR('',#15533,1.);
#15533 = DIRECTION('',(1.,0.,0.));
#15534 = ORIENTED_EDGE('',*,*,#15535,.T.);
#15535 = EDGE_CURVE('',#15528,#14461,#15536,.T.);
#15536 = LINE('',#15537,#15538);
#15537 = CARTESIAN_POINT('',(2.86,0.32,-3.56));
#15538 = VECTOR('',#15539,1.);
#15539 = DIRECTION('',(0.,0.,1.));
#15540 = ORIENTED_EDGE('',*,*,#14468,.T.);
#15541 = PLANE('',#15542);
#15542 = AXIS2_PLACEMENT_3D('',#15543,#15544,#15545);
#15543 = CARTESIAN_POINT('',(2.22,0.32,-3.56));
#15544 = DIRECTION('',(0.,-1.,0.));
#15545 = DIRECTION('',(0.,0.,1.));
#15546 = ADVANCED_FACE('',(#15547),#15565,.T.);
#15547 = FACE_BOUND('',#15548,.T.);
#15548 = EDGE_LOOP('',(#15549,#15557,#15558,#15559));
#15549 = ORIENTED_EDGE('',*,*,#15550,.T.);
#15550 = EDGE_CURVE('',#15551,#15528,#15553,.T.);
#15551 = VERTEX_POINT('',#15552);
#15552 = CARTESIAN_POINT('',(2.86,-0.32,-3.31));
#15553 = LINE('',#15554,#15555);
#15554 = CARTESIAN_POINT('',(2.86,-0.32,-3.31));
#15555 = VECTOR('',#15556,1.);
#15556 = DIRECTION('',(0.,1.,0.));
#15557 = ORIENTED_EDGE('',*,*,#15535,.T.);
#15558 = ORIENTED_EDGE('',*,*,#14460,.T.);
#15559 = ORIENTED_EDGE('',*,*,#15560,.T.);
#15560 = EDGE_CURVE('',#14453,#15551,#15561,.T.);
#15561 = LINE('',#15562,#15563);
#15562 = CARTESIAN_POINT('',(2.86,-0.32,10.66));
#15563 = VECTOR('',#15564,1.);
#15564 = DIRECTION('',(0.,0.,-1.));
#15565 = PLANE('',#15566);
#15566 = AXIS2_PLACEMENT_3D('',#15567,#15568,#15569);
#15567 = CARTESIAN_POINT('',(2.86,0.,3.55));
#15568 = DIRECTION('',(1.,0.,0.));
#15569 = DIRECTION('',(0.,0.,1.));
#15570 = ADVANCED_FACE('',(#15571),#15582,.F.);
#15571 = FACE_BOUND('',#15572,.F.);
#15572 = EDGE_LOOP('',(#15573,#15579,#15580,#15581));
#15573 = ORIENTED_EDGE('',*,*,#15574,.F.);
#15574 = EDGE_CURVE('',#15496,#15551,#15575,.T.);
#15575 = LINE('',#15576,#15577);
#15576 = CARTESIAN_POINT('',(2.47,-0.32,-3.31));
#15577 = VECTOR('',#15578,1.);
#15578 = DIRECTION('',(1.,0.,0.));
#15579 = ORIENTED_EDGE('',*,*,#15512,.F.);
#15580 = ORIENTED_EDGE('',*,*,#14452,.T.);
#15581 = ORIENTED_EDGE('',*,*,#15560,.T.);
#15582 = PLANE('',#15583);
#15583 = AXIS2_PLACEMENT_3D('',#15584,#15585,#15586);
#15584 = CARTESIAN_POINT('',(2.22,-0.32,10.66));
#15585 = DIRECTION('',(0.,1.,0.));
#15586 = DIRECTION('',(0.,0.,-1.));
#15587 = ADVANCED_FACE('',(#15588),#15604,.F.);
#15588 = FACE_BOUND('',#15589,.F.);
#15589 = EDGE_LOOP('',(#15590,#15591,#15597,#15598));
#15590 = ORIENTED_EDGE('',*,*,#14949,.F.);
#15591 = ORIENTED_EDGE('',*,*,#15592,.T.);
#15592 = EDGE_CURVE('',#14926,#14525,#15593,.T.);
#15593 = LINE('',#15594,#15595);
#15594 = CARTESIAN_POINT('',(4.11,0.6,3.17));
#15595 = VECTOR('',#15596,1.);
#15596 = DIRECTION('',(-0.,-0.,-1.));
#15597 = ORIENTED_EDGE('',*,*,#14524,.T.);
#15598 = ORIENTED_EDGE('',*,*,#15599,.F.);
#15599 = EDGE_CURVE('',#14942,#14527,#15600,.T.);
#15600 = LINE('',#15601,#15602);
#15601 = CARTESIAN_POINT('',(3.51,0.6,3.17));
#15602 = VECTOR('',#15603,1.);
#15603 = DIRECTION('',(-0.,-0.,-1.));
#15604 = PLANE('',#15605);
#15605 = AXIS2_PLACEMENT_3D('',#15606,#15607,#15608);
#15606 = CARTESIAN_POINT('',(4.11,0.6,3.17));
#15607 = DIRECTION('',(0.,1.,0.));
#15608 = DIRECTION('',(-1.,0.,0.));
#15609 = ADVANCED_FACE('',(#15610),#15621,.F.);
#15610 = FACE_BOUND('',#15611,.F.);
#15611 = EDGE_LOOP('',(#15612,#15613,#15614,#15615));
#15612 = ORIENTED_EDGE('',*,*,#14941,.F.);
#15613 = ORIENTED_EDGE('',*,*,#15599,.T.);
#15614 = ORIENTED_EDGE('',*,*,#14550,.T.);
#15615 = ORIENTED_EDGE('',*,*,#15616,.F.);
#15616 = EDGE_CURVE('',#14934,#14543,#15617,.T.);
#15617 = LINE('',#15618,#15619);
#15618 = CARTESIAN_POINT('',(3.51,-0.6,3.17));
#15619 = VECTOR('',#15620,1.);
#15620 = DIRECTION('',(-0.,-0.,-1.));
#15621 = PLANE('',#15622);
#15622 = AXIS2_PLACEMENT_3D('',#15623,#15624,#15625);
#15623 = CARTESIAN_POINT('',(3.51,0.6,3.17));
#15624 = DIRECTION('',(-1.,0.,0.));
#15625 = DIRECTION('',(0.,-1.,0.));
#15626 = ADVANCED_FACE('',(#15627),#15638,.F.);
#15627 = FACE_BOUND('',#15628,.F.);
#15628 = EDGE_LOOP('',(#15629,#15630,#15631,#15632));
#15629 = ORIENTED_EDGE('',*,*,#14933,.F.);
#15630 = ORIENTED_EDGE('',*,*,#15616,.T.);
#15631 = ORIENTED_EDGE('',*,*,#14542,.T.);
#15632 = ORIENTED_EDGE('',*,*,#15633,.F.);
#15633 = EDGE_CURVE('',#14924,#14535,#15634,.T.);
#15634 = LINE('',#15635,#15636);
#15635 = CARTESIAN_POINT('',(4.11,-0.6,3.17));
#15636 = VECTOR('',#15637,1.);
#15637 = DIRECTION('',(-0.,-0.,-1.));
#15638 = PLANE('',#15639);
#15639 = AXIS2_PLACEMENT_3D('',#15640,#15641,#15642);
#15640 = CARTESIAN_POINT('',(3.51,-0.6,3.17));
#15641 = DIRECTION('',(0.,-1.,0.));
#15642 = DIRECTION('',(1.,0.,0.));
#15643 = ADVANCED_FACE('',(#15644),#15650,.F.);
#15644 = FACE_BOUND('',#15645,.F.);
#15645 = EDGE_LOOP('',(#15646,#15647,#15648,#15649));
#15646 = ORIENTED_EDGE('',*,*,#14923,.F.);
#15647 = ORIENTED_EDGE('',*,*,#15633,.T.);
#15648 = ORIENTED_EDGE('',*,*,#14534,.T.);
#15649 = ORIENTED_EDGE('',*,*,#15592,.F.);
#15650 = PLANE('',#15651);
#15651 = AXIS2_PLACEMENT_3D('',#15652,#15653,#15654);
#15652 = CARTESIAN_POINT('',(4.11,-0.6,3.17));
#15653 = DIRECTION('',(1.,0.,0.));
#15654 = DIRECTION('',(-0.,1.,0.));
#15655 = ADVANCED_FACE('',(#15656),#15681,.T.);
#15656 = FACE_BOUND('',#15657,.T.);
#15657 = EDGE_LOOP('',(#15658,#15668,#15674,#15675));
#15658 = ORIENTED_EDGE('',*,*,#15659,.T.);
#15659 = EDGE_CURVE('',#15660,#15662,#15664,.T.);
#15660 = VERTEX_POINT('',#15661);
#15661 = CARTESIAN_POINT('',(5.4,-0.32,-3.31));
#15662 = VERTEX_POINT('',#15663);
#15663 = CARTESIAN_POINT('',(5.4,0.32,-3.31));
#15664 = LINE('',#15665,#15666);
#15665 = CARTESIAN_POINT('',(5.4,-0.32,-3.31));
#15666 = VECTOR('',#15667,1.);
#15667 = DIRECTION('',(0.,1.,0.));
#15668 = ORIENTED_EDGE('',*,*,#15669,.T.);
#15669 = EDGE_CURVE('',#15662,#14607,#15670,.T.);
#15670 = LINE('',#15671,#15672);
#15671 = CARTESIAN_POINT('',(5.4,0.32,-3.56));
#15672 = VECTOR('',#15673,1.);
#15673 = DIRECTION('',(0.,0.,1.));
#15674 = ORIENTED_EDGE('',*,*,#14606,.T.);
#15675 = ORIENTED_EDGE('',*,*,#15676,.T.);
#15676 = EDGE_CURVE('',#14609,#15660,#15677,.T.);
#15677 = LINE('',#15678,#15679);
#15678 = CARTESIAN_POINT('',(5.4,-0.32,10.66));
#15679 = VECTOR('',#15680,1.);
#15680 = DIRECTION('',(0.,0.,-1.));
#15681 = PLANE('',#15682);
#15682 = AXIS2_PLACEMENT_3D('',#15683,#15684,#15685);
#15683 = CARTESIAN_POINT('',(5.4,0.,3.55));
#15684 = DIRECTION('',(1.,0.,0.));
#15685 = DIRECTION('',(0.,0.,1.));
#15686 = ADVANCED_FACE('',(#15687),#15705,.F.);
#15687 = FACE_BOUND('',#15688,.F.);
#15688 = EDGE_LOOP('',(#15689,#15697,#15703,#15704));
#15689 = ORIENTED_EDGE('',*,*,#15690,.F.);
#15690 = EDGE_CURVE('',#15691,#15660,#15693,.T.);
#15691 = VERTEX_POINT('',#15692);
#15692 = CARTESIAN_POINT('',(4.76,-0.32,-3.31));
#15693 = LINE('',#15694,#15695);
#15694 = CARTESIAN_POINT('',(5.01,-0.32,-3.31));
#15695 = VECTOR('',#15696,1.);
#15696 = DIRECTION('',(1.,0.,0.));
#15697 = ORIENTED_EDGE('',*,*,#15698,.F.);
#15698 = EDGE_CURVE('',#14625,#15691,#15699,.T.);
#15699 = LINE('',#15700,#15701);
#15700 = CARTESIAN_POINT('',(4.76,-0.32,10.66));
#15701 = VECTOR('',#15702,1.);
#15702 = DIRECTION('',(0.,0.,-1.));
#15703 = ORIENTED_EDGE('',*,*,#14632,.T.);
#15704 = ORIENTED_EDGE('',*,*,#15676,.T.);
#15705 = PLANE('',#15706);
#15706 = AXIS2_PLACEMENT_3D('',#15707,#15708,#15709);
#15707 = CARTESIAN_POINT('',(4.76,-0.32,10.66));
#15708 = DIRECTION('',(0.,1.,0.));
#15709 = DIRECTION('',(0.,0.,-1.));
#15710 = ADVANCED_FACE('',(#15711),#15729,.F.);
#15711 = FACE_BOUND('',#15712,.F.);
#15712 = EDGE_LOOP('',(#15713,#15721,#15727,#15728));
#15713 = ORIENTED_EDGE('',*,*,#15714,.T.);
#15714 = EDGE_CURVE('',#15691,#15715,#15717,.T.);
#15715 = VERTEX_POINT('',#15716);
#15716 = CARTESIAN_POINT('',(4.76,0.32,-3.31));
#15717 = LINE('',#15718,#15719);
#15718 = CARTESIAN_POINT('',(4.76,-0.32,-3.31));
#15719 = VECTOR('',#15720,1.);
#15720 = DIRECTION('',(0.,1.,0.));
#15721 = ORIENTED_EDGE('',*,*,#15722,.T.);
#15722 = EDGE_CURVE('',#15715,#14617,#15723,.T.);
#15723 = LINE('',#15724,#15725);
#15724 = CARTESIAN_POINT('',(4.76,0.32,-3.56));
#15725 = VECTOR('',#15726,1.);
#15726 = DIRECTION('',(0.,0.,1.));
#15727 = ORIENTED_EDGE('',*,*,#14624,.T.);
#15728 = ORIENTED_EDGE('',*,*,#15698,.T.);
#15729 = PLANE('',#15730);
#15730 = AXIS2_PLACEMENT_3D('',#15731,#15732,#15733);
#15731 = CARTESIAN_POINT('',(4.76,0.,3.55));
#15732 = DIRECTION('',(1.,0.,0.));
#15733 = DIRECTION('',(0.,0.,1.));
#15734 = ADVANCED_FACE('',(#15735),#15746,.F.);
#15735 = FACE_BOUND('',#15736,.F.);
#15736 = EDGE_LOOP('',(#15737,#15738,#15744,#15745));
#15737 = ORIENTED_EDGE('',*,*,#15722,.F.);
#15738 = ORIENTED_EDGE('',*,*,#15739,.T.);
#15739 = EDGE_CURVE('',#15715,#15662,#15740,.T.);
#15740 = LINE('',#15741,#15742);
#15741 = CARTESIAN_POINT('',(5.01,0.32,-3.31));
#15742 = VECTOR('',#15743,1.);
#15743 = DIRECTION('',(1.,0.,0.));
#15744 = ORIENTED_EDGE('',*,*,#15669,.T.);
#15745 = ORIENTED_EDGE('',*,*,#14616,.T.);
#15746 = PLANE('',#15747);
#15747 = AXIS2_PLACEMENT_3D('',#15748,#15749,#15750);
#15748 = CARTESIAN_POINT('',(4.76,0.32,-3.56));
#15749 = DIRECTION('',(0.,-1.,0.));
#15750 = DIRECTION('',(0.,0.,1.));
#15751 = ADVANCED_FACE('',(#15752),#15768,.F.);
#15752 = FACE_BOUND('',#15753,.F.);
#15753 = EDGE_LOOP('',(#15754,#15755,#15761,#15762));
#15754 = ORIENTED_EDGE('',*,*,#15153,.F.);
#15755 = ORIENTED_EDGE('',*,*,#15756,.T.);
#15756 = EDGE_CURVE('',#15130,#14689,#15757,.T.);
#15757 = LINE('',#15758,#15759);
#15758 = CARTESIAN_POINT('',(6.65,-0.6,3.17));
#15759 = VECTOR('',#15760,1.);
#15760 = DIRECTION('',(-0.,-0.,-1.));
#15761 = ORIENTED_EDGE('',*,*,#14688,.T.);
#15762 = ORIENTED_EDGE('',*,*,#15763,.F.);
#15763 = EDGE_CURVE('',#15146,#14691,#15764,.T.);
#15764 = LINE('',#15765,#15766);
#15765 = CARTESIAN_POINT('',(6.65,0.6,3.17));
#15766 = VECTOR('',#15767,1.);
#15767 = DIRECTION('',(-0.,-0.,-1.));
#15768 = PLANE('',#15769);
#15769 = AXIS2_PLACEMENT_3D('',#15770,#15771,#15772);
#15770 = CARTESIAN_POINT('',(6.65,-0.6,3.17));
#15771 = DIRECTION('',(1.,0.,0.));
#15772 = DIRECTION('',(-0.,1.,0.));
#15773 = ADVANCED_FACE('',(#15774),#15785,.F.);
#15774 = FACE_BOUND('',#15775,.F.);
#15775 = EDGE_LOOP('',(#15776,#15777,#15778,#15779));
#15776 = ORIENTED_EDGE('',*,*,#15145,.F.);
#15777 = ORIENTED_EDGE('',*,*,#15763,.T.);
#15778 = ORIENTED_EDGE('',*,*,#14714,.T.);
#15779 = ORIENTED_EDGE('',*,*,#15780,.F.);
#15780 = EDGE_CURVE('',#15138,#14707,#15781,.T.);
#15781 = LINE('',#15782,#15783);
#15782 = CARTESIAN_POINT('',(6.05,0.6,3.17));
#15783 = VECTOR('',#15784,1.);
#15784 = DIRECTION('',(-0.,-0.,-1.));
#15785 = PLANE('',#15786);
#15786 = AXIS2_PLACEMENT_3D('',#15787,#15788,#15789);
#15787 = CARTESIAN_POINT('',(6.65,0.6,3.17));
#15788 = DIRECTION('',(0.,1.,0.));
#15789 = DIRECTION('',(-1.,0.,0.));
#15790 = ADVANCED_FACE('',(#15791),#15802,.F.);
#15791 = FACE_BOUND('',#15792,.F.);
#15792 = EDGE_LOOP('',(#15793,#15794,#15795,#15796));
#15793 = ORIENTED_EDGE('',*,*,#15137,.F.);
#15794 = ORIENTED_EDGE('',*,*,#15780,.T.);
#15795 = ORIENTED_EDGE('',*,*,#14706,.T.);
#15796 = ORIENTED_EDGE('',*,*,#15797,.F.);
#15797 = EDGE_CURVE('',#15128,#14699,#15798,.T.);
#15798 = LINE('',#15799,#15800);
#15799 = CARTESIAN_POINT('',(6.05,-0.6,3.17));
#15800 = VECTOR('',#15801,1.);
#15801 = DIRECTION('',(-0.,-0.,-1.));
#15802 = PLANE('',#15803);
#15803 = AXIS2_PLACEMENT_3D('',#15804,#15805,#15806);
#15804 = CARTESIAN_POINT('',(6.05,0.6,3.17));
#15805 = DIRECTION('',(-1.,0.,0.));
#15806 = DIRECTION('',(0.,-1.,0.));
#15807 = ADVANCED_FACE('',(#15808),#15814,.F.);
#15808 = FACE_BOUND('',#15809,.F.);
#15809 = EDGE_LOOP('',(#15810,#15811,#15812,#15813));
#15810 = ORIENTED_EDGE('',*,*,#15127,.F.);
#15811 = ORIENTED_EDGE('',*,*,#15797,.T.);
#15812 = ORIENTED_EDGE('',*,*,#14698,.T.);
#15813 = ORIENTED_EDGE('',*,*,#15756,.F.);
#15814 = PLANE('',#15815);
#15815 = AXIS2_PLACEMENT_3D('',#15816,#15817,#15818);
#15816 = CARTESIAN_POINT('',(6.05,-0.6,3.17));
#15817 = DIRECTION('',(0.,-1.,0.));
#15818 = DIRECTION('',(1.,0.,0.));
#15819 = ADVANCED_FACE('',(#15820),#15845,.F.);
#15820 = FACE_BOUND('',#15821,.F.);
#15821 = EDGE_LOOP('',(#15822,#15830,#15838,#15844));
#15822 = ORIENTED_EDGE('',*,*,#15823,.F.);
#15823 = EDGE_CURVE('',#15824,#14773,#15826,.T.);
#15824 = VERTEX_POINT('',#15825);
#15825 = CARTESIAN_POINT('',(7.3,0.32,-3.31));
#15826 = LINE('',#15827,#15828);
#15827 = CARTESIAN_POINT('',(7.3,0.32,-3.56));
#15828 = VECTOR('',#15829,1.);
#15829 = DIRECTION('',(0.,0.,1.));
#15830 = ORIENTED_EDGE('',*,*,#15831,.T.);
#15831 = EDGE_CURVE('',#15824,#15832,#15834,.T.);
#15832 = VERTEX_POINT('',#15833);
#15833 = CARTESIAN_POINT('',(7.94,0.32,-3.31));
#15834 = LINE('',#15835,#15836);
#15835 = CARTESIAN_POINT('',(7.55,0.32,-3.31));
#15836 = VECTOR('',#15837,1.);
#15837 = DIRECTION('',(1.,0.,0.));
#15838 = ORIENTED_EDGE('',*,*,#15839,.T.);
#15839 = EDGE_CURVE('',#15832,#14771,#15840,.T.);
#15840 = LINE('',#15841,#15842);
#15841 = CARTESIAN_POINT('',(7.94,0.32,-3.56));
#15842 = VECTOR('',#15843,1.);
#15843 = DIRECTION('',(0.,0.,1.));
#15844 = ORIENTED_EDGE('',*,*,#14770,.T.);
#15845 = PLANE('',#15846);
#15846 = AXIS2_PLACEMENT_3D('',#15847,#15848,#15849);
#15847 = CARTESIAN_POINT('',(7.3,0.32,-3.56));
#15848 = DIRECTION('',(0.,-1.,0.));
#15849 = DIRECTION('',(0.,0.,1.));
#15850 = ADVANCED_FACE('',(#15851),#15869,.T.);
#15851 = FACE_BOUND('',#15852,.T.);
#15852 = EDGE_LOOP('',(#15853,#15861,#15862,#15863));
#15853 = ORIENTED_EDGE('',*,*,#15854,.T.);
#15854 = EDGE_CURVE('',#15855,#15832,#15857,.T.);
#15855 = VERTEX_POINT('',#15856);
#15856 = CARTESIAN_POINT('',(7.94,-0.32,-3.31));
#15857 = LINE('',#15858,#15859);
#15858 = CARTESIAN_POINT('',(7.94,-0.32,-3.31));
#15859 = VECTOR('',#15860,1.);
#15860 = DIRECTION('',(0.,1.,0.));
#15861 = ORIENTED_EDGE('',*,*,#15839,.T.);
#15862 = ORIENTED_EDGE('',*,*,#14796,.T.);
#15863 = ORIENTED_EDGE('',*,*,#15864,.T.);
#15864 = EDGE_CURVE('',#14789,#15855,#15865,.T.);
#15865 = LINE('',#15866,#15867);
#15866 = CARTESIAN_POINT('',(7.94,-0.32,10.66));
#15867 = VECTOR('',#15868,1.);
#15868 = DIRECTION('',(0.,0.,-1.));
#15869 = PLANE('',#15870);
#15870 = AXIS2_PLACEMENT_3D('',#15871,#15872,#15873);
#15871 = CARTESIAN_POINT('',(7.94,0.,3.55));
#15872 = DIRECTION('',(1.,0.,0.));
#15873 = DIRECTION('',(0.,0.,1.));
#15874 = ADVANCED_FACE('',(#15875),#15893,.F.);
#15875 = FACE_BOUND('',#15876,.F.);
#15876 = EDGE_LOOP('',(#15877,#15885,#15891,#15892));
#15877 = ORIENTED_EDGE('',*,*,#15878,.F.);
#15878 = EDGE_CURVE('',#15879,#15855,#15881,.T.);
#15879 = VERTEX_POINT('',#15880);
#15880 = CARTESIAN_POINT('',(7.3,-0.32,-3.31));
#15881 = LINE('',#15882,#15883);
#15882 = CARTESIAN_POINT('',(7.55,-0.32,-3.31));
#15883 = VECTOR('',#15884,1.);
#15884 = DIRECTION('',(1.,0.,0.));
#15885 = ORIENTED_EDGE('',*,*,#15886,.F.);
#15886 = EDGE_CURVE('',#14781,#15879,#15887,.T.);
#15887 = LINE('',#15888,#15889);
#15888 = CARTESIAN_POINT('',(7.3,-0.32,10.66));
#15889 = VECTOR('',#15890,1.);
#15890 = DIRECTION('',(0.,0.,-1.));
#15891 = ORIENTED_EDGE('',*,*,#14788,.T.);
#15892 = ORIENTED_EDGE('',*,*,#15864,.T.);
#15893 = PLANE('',#15894);
#15894 = AXIS2_PLACEMENT_3D('',#15895,#15896,#15897);
#15895 = CARTESIAN_POINT('',(7.3,-0.32,10.66));
#15896 = DIRECTION('',(0.,1.,0.));
#15897 = DIRECTION('',(0.,0.,-1.));
#15898 = ADVANCED_FACE('',(#15899),#15910,.F.);
#15899 = FACE_BOUND('',#15900,.F.);
#15900 = EDGE_LOOP('',(#15901,#15907,#15908,#15909));
#15901 = ORIENTED_EDGE('',*,*,#15902,.T.);
#15902 = EDGE_CURVE('',#15879,#15824,#15903,.T.);
#15903 = LINE('',#15904,#15905);
#15904 = CARTESIAN_POINT('',(7.3,-0.32,-3.31));
#15905 = VECTOR('',#15906,1.);
#15906 = DIRECTION('',(0.,1.,0.));
#15907 = ORIENTED_EDGE('',*,*,#15823,.T.);
#15908 = ORIENTED_EDGE('',*,*,#14780,.T.);
#15909 = ORIENTED_EDGE('',*,*,#15886,.T.);
#15910 = PLANE('',#15911);
#15911 = AXIS2_PLACEMENT_3D('',#15912,#15913,#15914);
#15912 = CARTESIAN_POINT('',(7.3,0.,3.55));
#15913 = DIRECTION('',(1.,0.,0.));
#15914 = DIRECTION('',(0.,0.,1.));
#15915 = ADVANCED_FACE('',(#15916),#15927,.F.);
#15916 = FACE_BOUND('',#15917,.F.);
#15917 = EDGE_LOOP('',(#15918,#15919,#15925,#15926));
#15918 = ORIENTED_EDGE('',*,*,#15202,.F.);
#15919 = ORIENTED_EDGE('',*,*,#15920,.F.);
#15920 = EDGE_CURVE('',#15246,#15195,#15921,.T.);
#15921 = LINE('',#15922,#15923);
#15922 = CARTESIAN_POINT('',(3.81,-1.9,3.8));
#15923 = VECTOR('',#15924,1.);
#15924 = DIRECTION('',(1.,0.,0.));
#15925 = ORIENTED_EDGE('',*,*,#15253,.T.);
#15926 = ORIENTED_EDGE('',*,*,#14899,.F.);
#15927 = CYLINDRICAL_SURFACE('',#15928,0.601382070665);
#15928 = AXIS2_PLACEMENT_3D('',#15929,#15930,#15931);
#15929 = CARTESIAN_POINT('',(3.81,-1.299299254479,3.771381662401));
#15930 = DIRECTION('',(-1.,-0.,-0.));
#15931 = DIRECTION('',(0.,-0.998867067749,4.758761359E-02));
#15932 = ADVANCED_FACE('',(#15933),#15958,.F.);
#15933 = FACE_BOUND('',#15934,.F.);
#15934 = EDGE_LOOP('',(#15935,#15936,#15944,#15952));
#15935 = ORIENTED_EDGE('',*,*,#14957,.T.);
#15936 = ORIENTED_EDGE('',*,*,#15937,.T.);
#15937 = EDGE_CURVE('',#14960,#15938,#15940,.T.);
#15938 = VERTEX_POINT('',#15939);
#15939 = CARTESIAN_POINT('',(4.76,0.32,10.41));
#15940 = LINE('',#15941,#15942);
#15941 = CARTESIAN_POINT('',(4.76,0.32,-3.56));
#15942 = VECTOR('',#15943,1.);
#15943 = DIRECTION('',(0.,0.,1.));
#15944 = ORIENTED_EDGE('',*,*,#15945,.T.);
#15945 = EDGE_CURVE('',#15938,#15946,#15948,.T.);
#15946 = VERTEX_POINT('',#15947);
#15947 = CARTESIAN_POINT('',(4.76,-0.32,10.41));
#15948 = LINE('',#15949,#15950);
#15949 = CARTESIAN_POINT('',(4.76,0.32,10.41));
#15950 = VECTOR('',#15951,1.);
#15951 = DIRECTION('',(0.,-1.,0.));
#15952 = ORIENTED_EDGE('',*,*,#15953,.T.);
#15953 = EDGE_CURVE('',#15946,#14958,#15954,.T.);
#15954 = LINE('',#15955,#15956);
#15955 = CARTESIAN_POINT('',(4.76,-0.32,10.66));
#15956 = VECTOR('',#15957,1.);
#15957 = DIRECTION('',(0.,0.,-1.));
#15958 = PLANE('',#15959);
#15959 = AXIS2_PLACEMENT_3D('',#15960,#15961,#15962);
#15960 = CARTESIAN_POINT('',(4.76,0.,3.55));
#15961 = DIRECTION('',(1.,0.,0.));
#15962 = DIRECTION('',(0.,0.,1.));
#15963 = ADVANCED_FACE('',(#15964),#15982,.F.);
#15964 = FACE_BOUND('',#15965,.F.);
#15965 = EDGE_LOOP('',(#15966,#15967,#15968,#15976));
#15966 = ORIENTED_EDGE('',*,*,#14983,.T.);
#15967 = ORIENTED_EDGE('',*,*,#15953,.F.);
#15968 = ORIENTED_EDGE('',*,*,#15969,.T.);
#15969 = EDGE_CURVE('',#15946,#15970,#15972,.T.);
#15970 = VERTEX_POINT('',#15971);
#15971 = CARTESIAN_POINT('',(5.4,-0.32,10.41));
#15972 = LINE('',#15973,#15974);
#15973 = CARTESIAN_POINT('',(5.01,-0.32,10.41));
#15974 = VECTOR('',#15975,1.);
#15975 = DIRECTION('',(1.,0.,0.));
#15976 = ORIENTED_EDGE('',*,*,#15977,.T.);
#15977 = EDGE_CURVE('',#15970,#14976,#15978,.T.);
#15978 = LINE('',#15979,#15980);
#15979 = CARTESIAN_POINT('',(5.4,-0.32,10.66));
#15980 = VECTOR('',#15981,1.);
#15981 = DIRECTION('',(0.,0.,-1.));
#15982 = PLANE('',#15983);
#15983 = AXIS2_PLACEMENT_3D('',#15984,#15985,#15986);
#15984 = CARTESIAN_POINT('',(4.76,-0.32,10.66));
#15985 = DIRECTION('',(0.,1.,0.));
#15986 = DIRECTION('',(0.,0.,-1.));
#15987 = ADVANCED_FACE('',(#15988),#16006,.T.);
#15988 = FACE_BOUND('',#15989,.T.);
#15989 = EDGE_LOOP('',(#15990,#15991,#15999,#16005));
#15990 = ORIENTED_EDGE('',*,*,#14975,.T.);
#15991 = ORIENTED_EDGE('',*,*,#15992,.T.);
#15992 = EDGE_CURVE('',#14968,#15993,#15995,.T.);
#15993 = VERTEX_POINT('',#15994);
#15994 = CARTESIAN_POINT('',(5.4,0.32,10.41));
#15995 = LINE('',#15996,#15997);
#15996 = CARTESIAN_POINT('',(5.4,0.32,-3.56));
#15997 = VECTOR('',#15998,1.);
#15998 = DIRECTION('',(0.,0.,1.));
#15999 = ORIENTED_EDGE('',*,*,#16000,.T.);
#16000 = EDGE_CURVE('',#15993,#15970,#16001,.T.);
#16001 = LINE('',#16002,#16003);
#16002 = CARTESIAN_POINT('',(5.4,0.32,10.41));
#16003 = VECTOR('',#16004,1.);
#16004 = DIRECTION('',(0.,-1.,0.));
#16005 = ORIENTED_EDGE('',*,*,#15977,.T.);
#16006 = PLANE('',#16007);
#16007 = AXIS2_PLACEMENT_3D('',#16008,#16009,#16010);
#16008 = CARTESIAN_POINT('',(5.4,0.,3.55));
#16009 = DIRECTION('',(1.,0.,0.));
#16010 = DIRECTION('',(0.,0.,1.));
#16011 = ADVANCED_FACE('',(#16012),#16023,.F.);
#16012 = FACE_BOUND('',#16013,.F.);
#16013 = EDGE_LOOP('',(#16014,#16015,#16016,#16017));
#16014 = ORIENTED_EDGE('',*,*,#15937,.F.);
#16015 = ORIENTED_EDGE('',*,*,#14967,.T.);
#16016 = ORIENTED_EDGE('',*,*,#15992,.T.);
#16017 = ORIENTED_EDGE('',*,*,#16018,.F.);
#16018 = EDGE_CURVE('',#15938,#15993,#16019,.T.);
#16019 = LINE('',#16020,#16021);
#16020 = CARTESIAN_POINT('',(5.01,0.32,10.41));
#16021 = VECTOR('',#16022,1.);
#16022 = DIRECTION('',(1.,0.,0.));
#16023 = PLANE('',#16024);
#16024 = AXIS2_PLACEMENT_3D('',#16025,#16026,#16027);
#16025 = CARTESIAN_POINT('',(4.76,0.32,-3.56));
#16026 = DIRECTION('',(0.,-1.,0.));
#16027 = DIRECTION('',(0.,0.,1.));
#16028 = ADVANCED_FACE('',(#16029),#16054,.T.);
#16029 = FACE_BOUND('',#16030,.T.);
#16030 = EDGE_LOOP('',(#16031,#16032,#16040,#16048));
#16031 = ORIENTED_EDGE('',*,*,#15025,.T.);
#16032 = ORIENTED_EDGE('',*,*,#16033,.T.);
#16033 = EDGE_CURVE('',#15028,#16034,#16036,.T.);
#16034 = VERTEX_POINT('',#16035);
#16035 = CARTESIAN_POINT('',(2.86,0.32,10.41));
#16036 = LINE('',#16037,#16038);
#16037 = CARTESIAN_POINT('',(2.86,0.32,-3.56));
#16038 = VECTOR('',#16039,1.);
#16039 = DIRECTION('',(0.,0.,1.));
#16040 = ORIENTED_EDGE('',*,*,#16041,.T.);
#16041 = EDGE_CURVE('',#16034,#16042,#16044,.T.);
#16042 = VERTEX_POINT('',#16043);
#16043 = CARTESIAN_POINT('',(2.86,-0.32,10.41));
#16044 = LINE('',#16045,#16046);
#16045 = CARTESIAN_POINT('',(2.86,0.32,10.41));
#16046 = VECTOR('',#16047,1.);
#16047 = DIRECTION('',(0.,-1.,0.));
#16048 = ORIENTED_EDGE('',*,*,#16049,.T.);
#16049 = EDGE_CURVE('',#16042,#15026,#16050,.T.);
#16050 = LINE('',#16051,#16052);
#16051 = CARTESIAN_POINT('',(2.86,-0.32,10.66));
#16052 = VECTOR('',#16053,1.);
#16053 = DIRECTION('',(0.,0.,-1.));
#16054 = PLANE('',#16055);
#16055 = AXIS2_PLACEMENT_3D('',#16056,#16057,#16058);
#16056 = CARTESIAN_POINT('',(2.86,0.,3.55));
#16057 = DIRECTION('',(1.,0.,0.));
#16058 = DIRECTION('',(0.,0.,1.));
#16059 = ADVANCED_FACE('',(#16060),#16078,.F.);
#16060 = FACE_BOUND('',#16061,.F.);
#16061 = EDGE_LOOP('',(#16062,#16070,#16071,#16072));
#16062 = ORIENTED_EDGE('',*,*,#16063,.F.);
#16063 = EDGE_CURVE('',#15044,#16064,#16066,.T.);
#16064 = VERTEX_POINT('',#16065);
#16065 = CARTESIAN_POINT('',(2.22,0.32,10.41));
#16066 = LINE('',#16067,#16068);
#16067 = CARTESIAN_POINT('',(2.22,0.32,-3.56));
#16068 = VECTOR('',#16069,1.);
#16069 = DIRECTION('',(0.,0.,1.));
#16070 = ORIENTED_EDGE('',*,*,#15051,.T.);
#16071 = ORIENTED_EDGE('',*,*,#16033,.T.);
#16072 = ORIENTED_EDGE('',*,*,#16073,.F.);
#16073 = EDGE_CURVE('',#16064,#16034,#16074,.T.);
#16074 = LINE('',#16075,#16076);
#16075 = CARTESIAN_POINT('',(2.47,0.32,10.41));
#16076 = VECTOR('',#16077,1.);
#16077 = DIRECTION('',(1.,0.,0.));
#16078 = PLANE('',#16079);
#16079 = AXIS2_PLACEMENT_3D('',#16080,#16081,#16082);
#16080 = CARTESIAN_POINT('',(2.22,0.32,-3.56));
#16081 = DIRECTION('',(0.,-1.,0.));
#16082 = DIRECTION('',(0.,0.,1.));
#16083 = ADVANCED_FACE('',(#16084),#16102,.F.);
#16084 = FACE_BOUND('',#16085,.F.);
#16085 = EDGE_LOOP('',(#16086,#16087,#16088,#16096));
#16086 = ORIENTED_EDGE('',*,*,#15043,.T.);
#16087 = ORIENTED_EDGE('',*,*,#16063,.T.);
#16088 = ORIENTED_EDGE('',*,*,#16089,.T.);
#16089 = EDGE_CURVE('',#16064,#16090,#16092,.T.);
#16090 = VERTEX_POINT('',#16091);
#16091 = CARTESIAN_POINT('',(2.22,-0.32,10.41));
#16092 = LINE('',#16093,#16094);
#16093 = CARTESIAN_POINT('',(2.22,0.32,10.41));
#16094 = VECTOR('',#16095,1.);
#16095 = DIRECTION('',(0.,-1.,0.));
#16096 = ORIENTED_EDGE('',*,*,#16097,.T.);
#16097 = EDGE_CURVE('',#16090,#15036,#16098,.T.);
#16098 = LINE('',#16099,#16100);
#16099 = CARTESIAN_POINT('',(2.22,-0.32,10.66));
#16100 = VECTOR('',#16101,1.);
#16101 = DIRECTION('',(0.,0.,-1.));
#16102 = PLANE('',#16103);
#16103 = AXIS2_PLACEMENT_3D('',#16104,#16105,#16106);
#16104 = CARTESIAN_POINT('',(2.22,0.,3.55));
#16105 = DIRECTION('',(1.,0.,0.));
#16106 = DIRECTION('',(0.,0.,1.));
#16107 = ADVANCED_FACE('',(#16108),#16119,.F.);
#16108 = FACE_BOUND('',#16109,.F.);
#16109 = EDGE_LOOP('',(#16110,#16111,#16112,#16118));
#16110 = ORIENTED_EDGE('',*,*,#15035,.T.);
#16111 = ORIENTED_EDGE('',*,*,#16097,.F.);
#16112 = ORIENTED_EDGE('',*,*,#16113,.T.);
#16113 = EDGE_CURVE('',#16090,#16042,#16114,.T.);
#16114 = LINE('',#16115,#16116);
#16115 = CARTESIAN_POINT('',(2.47,-0.32,10.41));
#16116 = VECTOR('',#16117,1.);
#16117 = DIRECTION('',(1.,0.,0.));
#16118 = ORIENTED_EDGE('',*,*,#16049,.T.);
#16119 = PLANE('',#16120);
#16120 = AXIS2_PLACEMENT_3D('',#16121,#16122,#16123);
#16121 = CARTESIAN_POINT('',(2.22,-0.32,10.66));
#16122 = DIRECTION('',(0.,1.,0.));
#16123 = DIRECTION('',(0.,0.,-1.));
#16124 = ADVANCED_FACE('',(#16125),#16150,.T.);
#16125 = FACE_BOUND('',#16126,.T.);
#16126 = EDGE_LOOP('',(#16127,#16128,#16136,#16144));
#16127 = ORIENTED_EDGE('',*,*,#15059,.T.);
#16128 = ORIENTED_EDGE('',*,*,#16129,.T.);
#16129 = EDGE_CURVE('',#15062,#16130,#16132,.T.);
#16130 = VERTEX_POINT('',#16131);
#16131 = CARTESIAN_POINT('',(0.32,0.32,10.41));
#16132 = LINE('',#16133,#16134);
#16133 = CARTESIAN_POINT('',(0.32,0.32,-3.56));
#16134 = VECTOR('',#16135,1.);
#16135 = DIRECTION('',(0.,0.,1.));
#16136 = ORIENTED_EDGE('',*,*,#16137,.T.);
#16137 = EDGE_CURVE('',#16130,#16138,#16140,.T.);
#16138 = VERTEX_POINT('',#16139);
#16139 = CARTESIAN_POINT('',(0.32,-0.32,10.41));
#16140 = LINE('',#16141,#16142);
#16141 = CARTESIAN_POINT('',(0.32,0.32,10.41));
#16142 = VECTOR('',#16143,1.);
#16143 = DIRECTION('',(0.,-1.,0.));
#16144 = ORIENTED_EDGE('',*,*,#16145,.T.);
#16145 = EDGE_CURVE('',#16138,#15060,#16146,.T.);
#16146 = LINE('',#16147,#16148);
#16147 = CARTESIAN_POINT('',(0.32,-0.32,10.66));
#16148 = VECTOR('',#16149,1.);
#16149 = DIRECTION('',(0.,0.,-1.));
#16150 = PLANE('',#16151);
#16151 = AXIS2_PLACEMENT_3D('',#16152,#16153,#16154);
#16152 = CARTESIAN_POINT('',(0.32,0.,3.55));
#16153 = DIRECTION('',(1.,0.,0.));
#16154 = DIRECTION('',(0.,0.,1.));
#16155 = ADVANCED_FACE('',(#16156),#16174,.F.);
#16156 = FACE_BOUND('',#16157,.F.);
#16157 = EDGE_LOOP('',(#16158,#16166,#16167,#16168));
#16158 = ORIENTED_EDGE('',*,*,#16159,.F.);
#16159 = EDGE_CURVE('',#15078,#16160,#16162,.T.);
#16160 = VERTEX_POINT('',#16161);
#16161 = CARTESIAN_POINT('',(-0.32,0.32,10.41));
#16162 = LINE('',#16163,#16164);
#16163 = CARTESIAN_POINT('',(-0.32,0.32,-3.56));
#16164 = VECTOR('',#16165,1.);
#16165 = DIRECTION('',(0.,0.,1.));
#16166 = ORIENTED_EDGE('',*,*,#15085,.T.);
#16167 = ORIENTED_EDGE('',*,*,#16129,.T.);
#16168 = ORIENTED_EDGE('',*,*,#16169,.F.);
#16169 = EDGE_CURVE('',#16160,#16130,#16170,.T.);
#16170 = LINE('',#16171,#16172);
#16171 = CARTESIAN_POINT('',(-7.E-02,0.32,10.41));
#16172 = VECTOR('',#16173,1.);
#16173 = DIRECTION('',(1.,0.,0.));
#16174 = PLANE('',#16175);
#16175 = AXIS2_PLACEMENT_3D('',#16176,#16177,#16178);
#16176 = CARTESIAN_POINT('',(-0.32,0.32,-3.56));
#16177 = DIRECTION('',(0.,-1.,0.));
#16178 = DIRECTION('',(0.,0.,1.));
#16179 = ADVANCED_FACE('',(#16180),#16198,.F.);
#16180 = FACE_BOUND('',#16181,.F.);
#16181 = EDGE_LOOP('',(#16182,#16183,#16184,#16192));
#16182 = ORIENTED_EDGE('',*,*,#15077,.T.);
#16183 = ORIENTED_EDGE('',*,*,#16159,.T.);
#16184 = ORIENTED_EDGE('',*,*,#16185,.T.);
#16185 = EDGE_CURVE('',#16160,#16186,#16188,.T.);
#16186 = VERTEX_POINT('',#16187);
#16187 = CARTESIAN_POINT('',(-0.32,-0.32,10.41));
#16188 = LINE('',#16189,#16190);
#16189 = CARTESIAN_POINT('',(-0.32,0.32,10.41));
#16190 = VECTOR('',#16191,1.);
#16191 = DIRECTION('',(0.,-1.,0.));
#16192 = ORIENTED_EDGE('',*,*,#16193,.T.);
#16193 = EDGE_CURVE('',#16186,#15070,#16194,.T.);
#16194 = LINE('',#16195,#16196);
#16195 = CARTESIAN_POINT('',(-0.32,-0.32,10.66));
#16196 = VECTOR('',#16197,1.);
#16197 = DIRECTION('',(0.,0.,-1.));
#16198 = PLANE('',#16199);
#16199 = AXIS2_PLACEMENT_3D('',#16200,#16201,#16202);
#16200 = CARTESIAN_POINT('',(-0.32,0.,3.55));
#16201 = DIRECTION('',(1.,0.,0.));
#16202 = DIRECTION('',(0.,0.,1.));
#16203 = ADVANCED_FACE('',(#16204),#16215,.F.);
#16204 = FACE_BOUND('',#16205,.F.);
#16205 = EDGE_LOOP('',(#16206,#16207,#16208,#16214));
#16206 = ORIENTED_EDGE('',*,*,#15069,.T.);
#16207 = ORIENTED_EDGE('',*,*,#16193,.F.);
#16208 = ORIENTED_EDGE('',*,*,#16209,.T.);
#16209 = EDGE_CURVE('',#16186,#16138,#16210,.T.);
#16210 = LINE('',#16211,#16212);
#16211 = CARTESIAN_POINT('',(-7.E-02,-0.32,10.41));
#16212 = VECTOR('',#16213,1.);
#16213 = DIRECTION('',(1.,0.,0.));
#16214 = ORIENTED_EDGE('',*,*,#16145,.T.);
#16215 = PLANE('',#16216);
#16216 = AXIS2_PLACEMENT_3D('',#16217,#16218,#16219);
#16217 = CARTESIAN_POINT('',(-0.32,-0.32,10.66));
#16218 = DIRECTION('',(0.,1.,0.));
#16219 = DIRECTION('',(0.,0.,-1.));
#16220 = ADVANCED_FACE('',(#16221),#16246,.F.);
#16221 = FACE_BOUND('',#16222,.F.);
#16222 = EDGE_LOOP('',(#16223,#16224,#16232,#16240));
#16223 = ORIENTED_EDGE('',*,*,#15093,.T.);
#16224 = ORIENTED_EDGE('',*,*,#16225,.F.);
#16225 = EDGE_CURVE('',#16226,#15096,#16228,.T.);
#16226 = VERTEX_POINT('',#16227);
#16227 = CARTESIAN_POINT('',(7.3,-0.32,10.41));
#16228 = LINE('',#16229,#16230);
#16229 = CARTESIAN_POINT('',(7.3,-0.32,10.66));
#16230 = VECTOR('',#16231,1.);
#16231 = DIRECTION('',(0.,0.,-1.));
#16232 = ORIENTED_EDGE('',*,*,#16233,.T.);
#16233 = EDGE_CURVE('',#16226,#16234,#16236,.T.);
#16234 = VERTEX_POINT('',#16235);
#16235 = CARTESIAN_POINT('',(7.94,-0.32,10.41));
#16236 = LINE('',#16237,#16238);
#16237 = CARTESIAN_POINT('',(7.55,-0.32,10.41));
#16238 = VECTOR('',#16239,1.);
#16239 = DIRECTION('',(1.,0.,0.));
#16240 = ORIENTED_EDGE('',*,*,#16241,.T.);
#16241 = EDGE_CURVE('',#16234,#15094,#16242,.T.);
#16242 = LINE('',#16243,#16244);
#16243 = CARTESIAN_POINT('',(7.94,-0.32,10.66));
#16244 = VECTOR('',#16245,1.);
#16245 = DIRECTION('',(0.,0.,-1.));
#16246 = PLANE('',#16247);
#16247 = AXIS2_PLACEMENT_3D('',#16248,#16249,#16250);
#16248 = CARTESIAN_POINT('',(7.3,-0.32,10.66));
#16249 = DIRECTION('',(0.,1.,0.));
#16250 = DIRECTION('',(0.,0.,-1.));
#16251 = ADVANCED_FACE('',(#16252),#16270,.T.);
#16252 = FACE_BOUND('',#16253,.T.);
#16253 = EDGE_LOOP('',(#16254,#16255,#16263,#16269));
#16254 = ORIENTED_EDGE('',*,*,#15119,.T.);
#16255 = ORIENTED_EDGE('',*,*,#16256,.T.);
#16256 = EDGE_CURVE('',#15112,#16257,#16259,.T.);
#16257 = VERTEX_POINT('',#16258);
#16258 = CARTESIAN_POINT('',(7.94,0.32,10.41));
#16259 = LINE('',#16260,#16261);
#16260 = CARTESIAN_POINT('',(7.94,0.32,-3.56));
#16261 = VECTOR('',#16262,1.);
#16262 = DIRECTION('',(0.,0.,1.));
#16263 = ORIENTED_EDGE('',*,*,#16264,.T.);
#16264 = EDGE_CURVE('',#16257,#16234,#16265,.T.);
#16265 = LINE('',#16266,#16267);
#16266 = CARTESIAN_POINT('',(7.94,0.32,10.41));
#16267 = VECTOR('',#16268,1.);
#16268 = DIRECTION('',(0.,-1.,0.));
#16269 = ORIENTED_EDGE('',*,*,#16241,.T.);
#16270 = PLANE('',#16271);
#16271 = AXIS2_PLACEMENT_3D('',#16272,#16273,#16274);
#16272 = CARTESIAN_POINT('',(7.94,0.,3.55));
#16273 = DIRECTION('',(1.,0.,0.));
#16274 = DIRECTION('',(0.,0.,1.));
#16275 = ADVANCED_FACE('',(#16276),#16294,.F.);
#16276 = FACE_BOUND('',#16277,.F.);
#16277 = EDGE_LOOP('',(#16278,#16286,#16287,#16288));
#16278 = ORIENTED_EDGE('',*,*,#16279,.F.);
#16279 = EDGE_CURVE('',#15104,#16280,#16282,.T.);
#16280 = VERTEX_POINT('',#16281);
#16281 = CARTESIAN_POINT('',(7.3,0.32,10.41));
#16282 = LINE('',#16283,#16284);
#16283 = CARTESIAN_POINT('',(7.3,0.32,-3.56));
#16284 = VECTOR('',#16285,1.);
#16285 = DIRECTION('',(0.,0.,1.));
#16286 = ORIENTED_EDGE('',*,*,#15111,.T.);
#16287 = ORIENTED_EDGE('',*,*,#16256,.T.);
#16288 = ORIENTED_EDGE('',*,*,#16289,.F.);
#16289 = EDGE_CURVE('',#16280,#16257,#16290,.T.);
#16290 = LINE('',#16291,#16292);
#16291 = CARTESIAN_POINT('',(7.55,0.32,10.41));
#16292 = VECTOR('',#16293,1.);
#16293 = DIRECTION('',(1.,0.,0.));
#16294 = PLANE('',#16295);
#16295 = AXIS2_PLACEMENT_3D('',#16296,#16297,#16298);
#16296 = CARTESIAN_POINT('',(7.3,0.32,-3.56));
#16297 = DIRECTION('',(0.,-1.,0.));
#16298 = DIRECTION('',(0.,0.,1.));
#16299 = ADVANCED_FACE('',(#16300),#16311,.F.);
#16300 = FACE_BOUND('',#16301,.F.);
#16301 = EDGE_LOOP('',(#16302,#16303,#16304,#16310));
#16302 = ORIENTED_EDGE('',*,*,#15103,.T.);
#16303 = ORIENTED_EDGE('',*,*,#16279,.T.);
#16304 = ORIENTED_EDGE('',*,*,#16305,.T.);
#16305 = EDGE_CURVE('',#16280,#16226,#16306,.T.);
#16306 = LINE('',#16307,#16308);
#16307 = CARTESIAN_POINT('',(7.3,0.32,10.41));
#16308 = VECTOR('',#16309,1.);
#16309 = DIRECTION('',(0.,-1.,0.));
#16310 = ORIENTED_EDGE('',*,*,#16225,.T.);
#16311 = PLANE('',#16312);
#16312 = AXIS2_PLACEMENT_3D('',#16313,#16314,#16315);
#16313 = CARTESIAN_POINT('',(7.3,0.,3.55));
#16314 = DIRECTION('',(1.,0.,0.));
#16315 = DIRECTION('',(0.,0.,1.));
#16316 = ADVANCED_FACE('',(#16317),#16328,.T.);
#16317 = FACE_BOUND('',#16318,.T.);
#16318 = EDGE_LOOP('',(#16319,#16320,#16321,#16322));
#16319 = ORIENTED_EDGE('',*,*,#15194,.T.);
#16320 = ORIENTED_EDGE('',*,*,#15920,.F.);
#16321 = ORIENTED_EDGE('',*,*,#15245,.F.);
#16322 = ORIENTED_EDGE('',*,*,#16323,.F.);
#16323 = EDGE_CURVE('',#15187,#15238,#16324,.T.);
#16324 = LINE('',#16325,#16326);
#16325 = CARTESIAN_POINT('',(3.81,-1.9,5.5));
#16326 = VECTOR('',#16327,1.);
#16327 = DIRECTION('',(-1.,-0.,-0.));
#16328 = PLANE('',#16329);
#16329 = AXIS2_PLACEMENT_3D('',#16330,#16331,#16332);
#16330 = CARTESIAN_POINT('',(3.81,-1.9,4.65));
#16331 = DIRECTION('',(-7.045715960432E-33,1.,-2.789662489504E-31));
#16332 = DIRECTION('',(0.,2.789662489504E-31,1.));
#16333 = ADVANCED_FACE('',(#16334),#16345,.T.);
#16334 = FACE_BOUND('',#16335,.T.);
#16335 = EDGE_LOOP('',(#16336,#16337,#16338,#16344));
#16336 = ORIENTED_EDGE('',*,*,#15288,.T.);
#16337 = ORIENTED_EDGE('',*,*,#15178,.T.);
#16338 = ORIENTED_EDGE('',*,*,#16339,.F.);
#16339 = EDGE_CURVE('',#15230,#15179,#16340,.T.);
#16340 = LINE('',#16341,#16342);
#16341 = CARTESIAN_POINT('',(3.81,-1.4,6.));
#16342 = VECTOR('',#16343,1.);
#16343 = DIRECTION('',(1.,0.,0.));
#16344 = ORIENTED_EDGE('',*,*,#15229,.F.);
#16345 = PLANE('',#16346);
#16346 = AXIS2_PLACEMENT_3D('',#16347,#16348,#16349);
#16347 = CARTESIAN_POINT('',(3.81,-1.4,6.5));
#16348 = DIRECTION('',(-2.690360009839E-33,1.,2.640391550023E-49));
#16349 = DIRECTION('',(1.,2.690360009839E-33,0.));
#16350 = ADVANCED_FACE('',(#16351),#16357,.T.);
#16351 = FACE_BOUND('',#16352,.T.);
#16352 = EDGE_LOOP('',(#16353,#16354,#16355,#16356));
#16353 = ORIENTED_EDGE('',*,*,#16339,.T.);
#16354 = ORIENTED_EDGE('',*,*,#15186,.T.);
#16355 = ORIENTED_EDGE('',*,*,#16323,.T.);
#16356 = ORIENTED_EDGE('',*,*,#15237,.F.);
#16357 = PLANE('',#16358);
#16358 = AXIS2_PLACEMENT_3D('',#16359,#16360,#16361);
#16359 = CARTESIAN_POINT('',(3.81,-1.65,5.75));
#16360 = DIRECTION('',(0.,0.707106781187,-0.707106781187));
#16361 = DIRECTION('',(0.,0.707106781187,0.707106781187));
#16362 = ADVANCED_FACE('',(#16363),#16388,.T.);
#16363 = FACE_BOUND('',#16364,.F.);
#16364 = EDGE_LOOP('',(#16365,#16375,#16381,#16382));
#16365 = ORIENTED_EDGE('',*,*,#16366,.T.);
#16366 = EDGE_CURVE('',#16367,#16369,#16371,.T.);
#16367 = VERTEX_POINT('',#16368);
#16368 = CARTESIAN_POINT('',(-7.E-02,-7.E-02,-3.56));
#16369 = VERTEX_POINT('',#16370);
#16370 = CARTESIAN_POINT('',(-7.E-02,7.E-02,-3.56));
#16371 = LINE('',#16372,#16373);
#16372 = CARTESIAN_POINT('',(-7.E-02,-0.32,-3.56));
#16373 = VECTOR('',#16374,1.);
#16374 = DIRECTION('',(0.,1.,0.));
#16375 = ORIENTED_EDGE('',*,*,#16376,.T.);
#16376 = EDGE_CURVE('',#16369,#15334,#16377,.T.);
#16377 = LINE('',#16378,#16379);
#16378 = CARTESIAN_POINT('',(-8.833333333333E-02,8.833333333333E-02,
    -3.541666666667));
#16379 = VECTOR('',#16380,1.);
#16380 = DIRECTION('',(-0.57735026919,0.57735026919,0.57735026919));
#16381 = ORIENTED_EDGE('',*,*,#15331,.F.);
#16382 = ORIENTED_EDGE('',*,*,#16383,.F.);
#16383 = EDGE_CURVE('',#16367,#15332,#16384,.T.);
#16384 = LINE('',#16385,#16386);
#16385 = CARTESIAN_POINT('',(-0.195,-0.195,-3.435));
#16386 = VECTOR('',#16387,1.);
#16387 = DIRECTION('',(-0.57735026919,-0.57735026919,0.57735026919));
#16388 = PLANE('',#16389);
#16389 = AXIS2_PLACEMENT_3D('',#16390,#16391,#16392);
#16390 = CARTESIAN_POINT('',(-0.195,-0.32,-3.435));
#16391 = DIRECTION('',(-0.707106781187,0.,-0.707106781187));
#16392 = DIRECTION('',(0.,-1.,-0.));
#16393 = ADVANCED_FACE('',(#16394),#16412,.T.);
#16394 = FACE_BOUND('',#16395,.F.);
#16395 = EDGE_LOOP('',(#16396,#16397,#16405,#16411));
#16396 = ORIENTED_EDGE('',*,*,#16376,.F.);
#16397 = ORIENTED_EDGE('',*,*,#16398,.T.);
#16398 = EDGE_CURVE('',#16369,#16399,#16401,.T.);
#16399 = VERTEX_POINT('',#16400);
#16400 = CARTESIAN_POINT('',(7.E-02,7.E-02,-3.56));
#16401 = LINE('',#16402,#16403);
#16402 = CARTESIAN_POINT('',(-7.E-02,7.E-02,-3.56));
#16403 = VECTOR('',#16404,1.);
#16404 = DIRECTION('',(1.,0.,0.));
#16405 = ORIENTED_EDGE('',*,*,#16406,.T.);
#16406 = EDGE_CURVE('',#16399,#15364,#16407,.T.);
#16407 = LINE('',#16408,#16409);
#16408 = CARTESIAN_POINT('',(6.5E-02,6.5E-02,-3.565));
#16409 = VECTOR('',#16410,1.);
#16410 = DIRECTION('',(0.57735026919,0.57735026919,0.57735026919));
#16411 = ORIENTED_EDGE('',*,*,#15363,.F.);
#16412 = PLANE('',#16413);
#16413 = AXIS2_PLACEMENT_3D('',#16414,#16415,#16416);
#16414 = CARTESIAN_POINT('',(-7.E-02,0.195,-3.435));
#16415 = DIRECTION('',(0.,0.707106781187,-0.707106781187));
#16416 = DIRECTION('',(-1.,0.,-0.));
#16417 = ADVANCED_FACE('',(#16418),#16436,.F.);
#16418 = FACE_BOUND('',#16419,.T.);
#16419 = EDGE_LOOP('',(#16420,#16428,#16429,#16430));
#16420 = ORIENTED_EDGE('',*,*,#16421,.T.);
#16421 = EDGE_CURVE('',#16422,#16399,#16424,.T.);
#16422 = VERTEX_POINT('',#16423);
#16423 = CARTESIAN_POINT('',(7.E-02,-7.E-02,-3.56));
#16424 = LINE('',#16425,#16426);
#16425 = CARTESIAN_POINT('',(7.E-02,-0.32,-3.56));
#16426 = VECTOR('',#16427,1.);
#16427 = DIRECTION('',(0.,1.,0.));
#16428 = ORIENTED_EDGE('',*,*,#16406,.T.);
#16429 = ORIENTED_EDGE('',*,*,#15386,.F.);
#16430 = ORIENTED_EDGE('',*,*,#16431,.F.);
#16431 = EDGE_CURVE('',#16422,#15387,#16432,.T.);
#16432 = LINE('',#16433,#16434);
#16433 = CARTESIAN_POINT('',(0.171666666667,-0.171666666667,
    -3.458333333333));
#16434 = VECTOR('',#16435,1.);
#16435 = DIRECTION('',(0.57735026919,-0.57735026919,0.57735026919));
#16436 = PLANE('',#16437);
#16437 = AXIS2_PLACEMENT_3D('',#16438,#16439,#16440);
#16438 = CARTESIAN_POINT('',(0.195,-0.32,-3.435));
#16439 = DIRECTION('',(-0.707106781187,0.,0.707106781187));
#16440 = DIRECTION('',(-0.,-1.,0.));
#16441 = ADVANCED_FACE('',(#16442),#16453,.T.);
#16442 = FACE_BOUND('',#16443,.T.);
#16443 = EDGE_LOOP('',(#16444,#16445,#16451,#16452));
#16444 = ORIENTED_EDGE('',*,*,#16383,.F.);
#16445 = ORIENTED_EDGE('',*,*,#16446,.T.);
#16446 = EDGE_CURVE('',#16367,#16422,#16447,.T.);
#16447 = LINE('',#16448,#16449);
#16448 = CARTESIAN_POINT('',(-7.E-02,-7.E-02,-3.56));
#16449 = VECTOR('',#16450,1.);
#16450 = DIRECTION('',(1.,0.,0.));
#16451 = ORIENTED_EDGE('',*,*,#16431,.T.);
#16452 = ORIENTED_EDGE('',*,*,#15410,.F.);
#16453 = PLANE('',#16454);
#16454 = AXIS2_PLACEMENT_3D('',#16455,#16456,#16457);
#16455 = CARTESIAN_POINT('',(-7.E-02,-0.195,-3.435));
#16456 = DIRECTION('',(0.,-0.707106781187,-0.707106781187));
#16457 = DIRECTION('',(1.,0.,0.));
#16458 = ADVANCED_FACE('',(#16459),#16484,.T.);
#16459 = FACE_BOUND('',#16460,.F.);
#16460 = EDGE_LOOP('',(#16461,#16471,#16477,#16478));
#16461 = ORIENTED_EDGE('',*,*,#16462,.T.);
#16462 = EDGE_CURVE('',#16463,#16465,#16467,.T.);
#16463 = VERTEX_POINT('',#16464);
#16464 = CARTESIAN_POINT('',(2.47,-7.E-02,-3.56));
#16465 = VERTEX_POINT('',#16466);
#16466 = CARTESIAN_POINT('',(2.47,7.E-02,-3.56));
#16467 = LINE('',#16468,#16469);
#16468 = CARTESIAN_POINT('',(2.47,-0.32,-3.56));
#16469 = VECTOR('',#16470,1.);
#16470 = DIRECTION('',(0.,1.,0.));
#16471 = ORIENTED_EDGE('',*,*,#16472,.T.);
#16472 = EDGE_CURVE('',#16465,#15498,#16473,.T.);
#16473 = LINE('',#16474,#16475);
#16474 = CARTESIAN_POINT('',(2.451666666667,8.833333333333E-02,
    -3.541666666667));
#16475 = VECTOR('',#16476,1.);
#16476 = DIRECTION('',(-0.57735026919,0.57735026919,0.57735026919));
#16477 = ORIENTED_EDGE('',*,*,#15495,.F.);
#16478 = ORIENTED_EDGE('',*,*,#16479,.F.);
#16479 = EDGE_CURVE('',#16463,#15496,#16480,.T.);
#16480 = LINE('',#16481,#16482);
#16481 = CARTESIAN_POINT('',(2.345,-0.195,-3.435));
#16482 = VECTOR('',#16483,1.);
#16483 = DIRECTION('',(-0.57735026919,-0.57735026919,0.57735026919));
#16484 = PLANE('',#16485);
#16485 = AXIS2_PLACEMENT_3D('',#16486,#16487,#16488);
#16486 = CARTESIAN_POINT('',(2.345,-0.32,-3.435));
#16487 = DIRECTION('',(-0.707106781187,0.,-0.707106781187));
#16488 = DIRECTION('',(0.,-1.,-0.));
#16489 = ADVANCED_FACE('',(#16490),#16508,.T.);
#16490 = FACE_BOUND('',#16491,.F.);
#16491 = EDGE_LOOP('',(#16492,#16493,#16501,#16507));
#16492 = ORIENTED_EDGE('',*,*,#16472,.F.);
#16493 = ORIENTED_EDGE('',*,*,#16494,.T.);
#16494 = EDGE_CURVE('',#16465,#16495,#16497,.T.);
#16495 = VERTEX_POINT('',#16496);
#16496 = CARTESIAN_POINT('',(2.61,7.E-02,-3.56));
#16497 = LINE('',#16498,#16499);
#16498 = CARTESIAN_POINT('',(2.47,7.E-02,-3.56));
#16499 = VECTOR('',#16500,1.);
#16500 = DIRECTION('',(1.,0.,0.));
#16501 = ORIENTED_EDGE('',*,*,#16502,.T.);
#16502 = EDGE_CURVE('',#16495,#15528,#16503,.T.);
#16503 = LINE('',#16504,#16505);
#16504 = CARTESIAN_POINT('',(2.605,6.5E-02,-3.565));
#16505 = VECTOR('',#16506,1.);
#16506 = DIRECTION('',(0.57735026919,0.57735026919,0.57735026919));
#16507 = ORIENTED_EDGE('',*,*,#15527,.F.);
#16508 = PLANE('',#16509);
#16509 = AXIS2_PLACEMENT_3D('',#16510,#16511,#16512);
#16510 = CARTESIAN_POINT('',(2.47,0.195,-3.435));
#16511 = DIRECTION('',(0.,0.707106781187,-0.707106781187));
#16512 = DIRECTION('',(-1.,0.,-0.));
#16513 = ADVANCED_FACE('',(#16514),#16532,.F.);
#16514 = FACE_BOUND('',#16515,.T.);
#16515 = EDGE_LOOP('',(#16516,#16524,#16525,#16526));
#16516 = ORIENTED_EDGE('',*,*,#16517,.T.);
#16517 = EDGE_CURVE('',#16518,#16495,#16520,.T.);
#16518 = VERTEX_POINT('',#16519);
#16519 = CARTESIAN_POINT('',(2.61,-7.E-02,-3.56));
#16520 = LINE('',#16521,#16522);
#16521 = CARTESIAN_POINT('',(2.61,-0.32,-3.56));
#16522 = VECTOR('',#16523,1.);
#16523 = DIRECTION('',(0.,1.,0.));
#16524 = ORIENTED_EDGE('',*,*,#16502,.T.);
#16525 = ORIENTED_EDGE('',*,*,#15550,.F.);
#16526 = ORIENTED_EDGE('',*,*,#16527,.F.);
#16527 = EDGE_CURVE('',#16518,#15551,#16528,.T.);
#16528 = LINE('',#16529,#16530);
#16529 = CARTESIAN_POINT('',(2.711666666667,-0.171666666667,
    -3.458333333333));
#16530 = VECTOR('',#16531,1.);
#16531 = DIRECTION('',(0.57735026919,-0.57735026919,0.57735026919));
#16532 = PLANE('',#16533);
#16533 = AXIS2_PLACEMENT_3D('',#16534,#16535,#16536);
#16534 = CARTESIAN_POINT('',(2.735,-0.32,-3.435));
#16535 = DIRECTION('',(-0.707106781187,0.,0.707106781187));
#16536 = DIRECTION('',(-0.,-1.,0.));
#16537 = ADVANCED_FACE('',(#16538),#16549,.T.);
#16538 = FACE_BOUND('',#16539,.T.);
#16539 = EDGE_LOOP('',(#16540,#16541,#16547,#16548));
#16540 = ORIENTED_EDGE('',*,*,#16479,.F.);
#16541 = ORIENTED_EDGE('',*,*,#16542,.T.);
#16542 = EDGE_CURVE('',#16463,#16518,#16543,.T.);
#16543 = LINE('',#16544,#16545);
#16544 = CARTESIAN_POINT('',(2.47,-7.E-02,-3.56));
#16545 = VECTOR('',#16546,1.);
#16546 = DIRECTION('',(1.,0.,0.));
#16547 = ORIENTED_EDGE('',*,*,#16527,.T.);
#16548 = ORIENTED_EDGE('',*,*,#15574,.F.);
#16549 = PLANE('',#16550);
#16550 = AXIS2_PLACEMENT_3D('',#16551,#16552,#16553);
#16551 = CARTESIAN_POINT('',(2.47,-0.195,-3.435));
#16552 = DIRECTION('',(0.,-0.707106781187,-0.707106781187));
#16553 = DIRECTION('',(1.,0.,0.));
#16554 = ADVANCED_FACE('',(#16555),#16580,.F.);
#16555 = FACE_BOUND('',#16556,.T.);
#16556 = EDGE_LOOP('',(#16557,#16567,#16573,#16574));
#16557 = ORIENTED_EDGE('',*,*,#16558,.T.);
#16558 = EDGE_CURVE('',#16559,#16561,#16563,.T.);
#16559 = VERTEX_POINT('',#16560);
#16560 = CARTESIAN_POINT('',(5.15,-7.E-02,-3.56));
#16561 = VERTEX_POINT('',#16562);
#16562 = CARTESIAN_POINT('',(5.15,7.E-02,-3.56));
#16563 = LINE('',#16564,#16565);
#16564 = CARTESIAN_POINT('',(5.15,-0.32,-3.56));
#16565 = VECTOR('',#16566,1.);
#16566 = DIRECTION('',(0.,1.,0.));
#16567 = ORIENTED_EDGE('',*,*,#16568,.T.);
#16568 = EDGE_CURVE('',#16561,#15662,#16569,.T.);
#16569 = LINE('',#16570,#16571);
#16570 = CARTESIAN_POINT('',(5.145,6.5E-02,-3.565));
#16571 = VECTOR('',#16572,1.);
#16572 = DIRECTION('',(0.57735026919,0.57735026919,0.57735026919));
#16573 = ORIENTED_EDGE('',*,*,#15659,.F.);
#16574 = ORIENTED_EDGE('',*,*,#16575,.F.);
#16575 = EDGE_CURVE('',#16559,#15660,#16576,.T.);
#16576 = LINE('',#16577,#16578);
#16577 = CARTESIAN_POINT('',(5.251666666667,-0.171666666667,
    -3.458333333333));
#16578 = VECTOR('',#16579,1.);
#16579 = DIRECTION('',(0.57735026919,-0.57735026919,0.57735026919));
#16580 = PLANE('',#16581);
#16581 = AXIS2_PLACEMENT_3D('',#16582,#16583,#16584);
#16582 = CARTESIAN_POINT('',(5.275,-0.32,-3.435));
#16583 = DIRECTION('',(-0.707106781187,0.,0.707106781187));
#16584 = DIRECTION('',(-0.,-1.,0.));
#16585 = ADVANCED_FACE('',(#16586),#16604,.T.);
#16586 = FACE_BOUND('',#16587,.T.);
#16587 = EDGE_LOOP('',(#16588,#16596,#16602,#16603));
#16588 = ORIENTED_EDGE('',*,*,#16589,.F.);
#16589 = EDGE_CURVE('',#16590,#15691,#16592,.T.);
#16590 = VERTEX_POINT('',#16591);
#16591 = CARTESIAN_POINT('',(5.01,-7.E-02,-3.56));
#16592 = LINE('',#16593,#16594);
#16593 = CARTESIAN_POINT('',(4.885,-0.195,-3.435));
#16594 = VECTOR('',#16595,1.);
#16595 = DIRECTION('',(-0.57735026919,-0.57735026919,0.57735026919));
#16596 = ORIENTED_EDGE('',*,*,#16597,.T.);
#16597 = EDGE_CURVE('',#16590,#16559,#16598,.T.);
#16598 = LINE('',#16599,#16600);
#16599 = CARTESIAN_POINT('',(5.01,-7.E-02,-3.56));
#16600 = VECTOR('',#16601,1.);
#16601 = DIRECTION('',(1.,0.,0.));
#16602 = ORIENTED_EDGE('',*,*,#16575,.T.);
#16603 = ORIENTED_EDGE('',*,*,#15690,.F.);
#16604 = PLANE('',#16605);
#16605 = AXIS2_PLACEMENT_3D('',#16606,#16607,#16608);
#16606 = CARTESIAN_POINT('',(5.01,-0.195,-3.435));
#16607 = DIRECTION('',(0.,-0.707106781187,-0.707106781187));
#16608 = DIRECTION('',(1.,0.,0.));
#16609 = ADVANCED_FACE('',(#16610),#16628,.T.);
#16610 = FACE_BOUND('',#16611,.F.);
#16611 = EDGE_LOOP('',(#16612,#16620,#16626,#16627));
#16612 = ORIENTED_EDGE('',*,*,#16613,.T.);
#16613 = EDGE_CURVE('',#16590,#16614,#16616,.T.);
#16614 = VERTEX_POINT('',#16615);
#16615 = CARTESIAN_POINT('',(5.01,7.E-02,-3.56));
#16616 = LINE('',#16617,#16618);
#16617 = CARTESIAN_POINT('',(5.01,-0.32,-3.56));
#16618 = VECTOR('',#16619,1.);
#16619 = DIRECTION('',(0.,1.,0.));
#16620 = ORIENTED_EDGE('',*,*,#16621,.T.);
#16621 = EDGE_CURVE('',#16614,#15715,#16622,.T.);
#16622 = LINE('',#16623,#16624);
#16623 = CARTESIAN_POINT('',(4.991666666667,8.833333333333E-02,
    -3.541666666667));
#16624 = VECTOR('',#16625,1.);
#16625 = DIRECTION('',(-0.57735026919,0.57735026919,0.57735026919));
#16626 = ORIENTED_EDGE('',*,*,#15714,.F.);
#16627 = ORIENTED_EDGE('',*,*,#16589,.F.);
#16628 = PLANE('',#16629);
#16629 = AXIS2_PLACEMENT_3D('',#16630,#16631,#16632);
#16630 = CARTESIAN_POINT('',(4.885,-0.32,-3.435));
#16631 = DIRECTION('',(-0.707106781187,0.,-0.707106781187));
#16632 = DIRECTION('',(0.,-1.,-0.));
#16633 = ADVANCED_FACE('',(#16634),#16645,.T.);
#16634 = FACE_BOUND('',#16635,.F.);
#16635 = EDGE_LOOP('',(#16636,#16637,#16643,#16644));
#16636 = ORIENTED_EDGE('',*,*,#16621,.F.);
#16637 = ORIENTED_EDGE('',*,*,#16638,.T.);
#16638 = EDGE_CURVE('',#16614,#16561,#16639,.T.);
#16639 = LINE('',#16640,#16641);
#16640 = CARTESIAN_POINT('',(5.01,7.E-02,-3.56));
#16641 = VECTOR('',#16642,1.);
#16642 = DIRECTION('',(1.,0.,0.));
#16643 = ORIENTED_EDGE('',*,*,#16568,.T.);
#16644 = ORIENTED_EDGE('',*,*,#15739,.F.);
#16645 = PLANE('',#16646);
#16646 = AXIS2_PLACEMENT_3D('',#16647,#16648,#16649);
#16647 = CARTESIAN_POINT('',(5.01,0.195,-3.435));
#16648 = DIRECTION('',(0.,0.707106781187,-0.707106781187));
#16649 = DIRECTION('',(-1.,0.,-0.));
#16650 = ADVANCED_FACE('',(#16651),#16676,.T.);
#16651 = FACE_BOUND('',#16652,.F.);
#16652 = EDGE_LOOP('',(#16653,#16661,#16669,#16675));
#16653 = ORIENTED_EDGE('',*,*,#16654,.F.);
#16654 = EDGE_CURVE('',#16655,#15824,#16657,.T.);
#16655 = VERTEX_POINT('',#16656);
#16656 = CARTESIAN_POINT('',(7.55,7.E-02,-3.56));
#16657 = LINE('',#16658,#16659);
#16658 = CARTESIAN_POINT('',(7.531666666667,8.833333333333E-02,
    -3.541666666667));
#16659 = VECTOR('',#16660,1.);
#16660 = DIRECTION('',(-0.57735026919,0.57735026919,0.57735026919));
#16661 = ORIENTED_EDGE('',*,*,#16662,.T.);
#16662 = EDGE_CURVE('',#16655,#16663,#16665,.T.);
#16663 = VERTEX_POINT('',#16664);
#16664 = CARTESIAN_POINT('',(7.69,7.E-02,-3.56));
#16665 = LINE('',#16666,#16667);
#16666 = CARTESIAN_POINT('',(7.55,7.E-02,-3.56));
#16667 = VECTOR('',#16668,1.);
#16668 = DIRECTION('',(1.,0.,0.));
#16669 = ORIENTED_EDGE('',*,*,#16670,.T.);
#16670 = EDGE_CURVE('',#16663,#15832,#16671,.T.);
#16671 = LINE('',#16672,#16673);
#16672 = CARTESIAN_POINT('',(7.685,6.5E-02,-3.565));
#16673 = VECTOR('',#16674,1.);
#16674 = DIRECTION('',(0.57735026919,0.57735026919,0.57735026919));
#16675 = ORIENTED_EDGE('',*,*,#15831,.F.);
#16676 = PLANE('',#16677);
#16677 = AXIS2_PLACEMENT_3D('',#16678,#16679,#16680);
#16678 = CARTESIAN_POINT('',(7.55,0.195,-3.435));
#16679 = DIRECTION('',(0.,0.707106781187,-0.707106781187));
#16680 = DIRECTION('',(-1.,0.,-0.));
#16681 = ADVANCED_FACE('',(#16682),#16700,.F.);
#16682 = FACE_BOUND('',#16683,.T.);
#16683 = EDGE_LOOP('',(#16684,#16692,#16693,#16694));
#16684 = ORIENTED_EDGE('',*,*,#16685,.T.);
#16685 = EDGE_CURVE('',#16686,#16663,#16688,.T.);
#16686 = VERTEX_POINT('',#16687);
#16687 = CARTESIAN_POINT('',(7.69,-7.E-02,-3.56));
#16688 = LINE('',#16689,#16690);
#16689 = CARTESIAN_POINT('',(7.69,-0.32,-3.56));
#16690 = VECTOR('',#16691,1.);
#16691 = DIRECTION('',(0.,1.,0.));
#16692 = ORIENTED_EDGE('',*,*,#16670,.T.);
#16693 = ORIENTED_EDGE('',*,*,#15854,.F.);
#16694 = ORIENTED_EDGE('',*,*,#16695,.F.);
#16695 = EDGE_CURVE('',#16686,#15855,#16696,.T.);
#16696 = LINE('',#16697,#16698);
#16697 = CARTESIAN_POINT('',(7.791666666667,-0.171666666667,
    -3.458333333333));
#16698 = VECTOR('',#16699,1.);
#16699 = DIRECTION('',(0.57735026919,-0.57735026919,0.57735026919));
#16700 = PLANE('',#16701);
#16701 = AXIS2_PLACEMENT_3D('',#16702,#16703,#16704);
#16702 = CARTESIAN_POINT('',(7.815,-0.32,-3.435));
#16703 = DIRECTION('',(-0.707106781187,0.,0.707106781187));
#16704 = DIRECTION('',(-0.,-1.,0.));
#16705 = ADVANCED_FACE('',(#16706),#16724,.T.);
#16706 = FACE_BOUND('',#16707,.T.);
#16707 = EDGE_LOOP('',(#16708,#16716,#16722,#16723));
#16708 = ORIENTED_EDGE('',*,*,#16709,.F.);
#16709 = EDGE_CURVE('',#16710,#15879,#16712,.T.);
#16710 = VERTEX_POINT('',#16711);
#16711 = CARTESIAN_POINT('',(7.55,-7.E-02,-3.56));
#16712 = LINE('',#16713,#16714);
#16713 = CARTESIAN_POINT('',(7.425,-0.195,-3.435));
#16714 = VECTOR('',#16715,1.);
#16715 = DIRECTION('',(-0.57735026919,-0.57735026919,0.57735026919));
#16716 = ORIENTED_EDGE('',*,*,#16717,.T.);
#16717 = EDGE_CURVE('',#16710,#16686,#16718,.T.);
#16718 = LINE('',#16719,#16720);
#16719 = CARTESIAN_POINT('',(7.55,-7.E-02,-3.56));
#16720 = VECTOR('',#16721,1.);
#16721 = DIRECTION('',(1.,0.,0.));
#16722 = ORIENTED_EDGE('',*,*,#16695,.T.);
#16723 = ORIENTED_EDGE('',*,*,#15878,.F.);
#16724 = PLANE('',#16725);
#16725 = AXIS2_PLACEMENT_3D('',#16726,#16727,#16728);
#16726 = CARTESIAN_POINT('',(7.55,-0.195,-3.435));
#16727 = DIRECTION('',(0.,-0.707106781187,-0.707106781187));
#16728 = DIRECTION('',(1.,0.,0.));
#16729 = ADVANCED_FACE('',(#16730),#16741,.T.);
#16730 = FACE_BOUND('',#16731,.F.);
#16731 = EDGE_LOOP('',(#16732,#16738,#16739,#16740));
#16732 = ORIENTED_EDGE('',*,*,#16733,.T.);
#16733 = EDGE_CURVE('',#16710,#16655,#16734,.T.);
#16734 = LINE('',#16735,#16736);
#16735 = CARTESIAN_POINT('',(7.55,-0.32,-3.56));
#16736 = VECTOR('',#16737,1.);
#16737 = DIRECTION('',(0.,1.,0.));
#16738 = ORIENTED_EDGE('',*,*,#16654,.T.);
#16739 = ORIENTED_EDGE('',*,*,#15902,.F.);
#16740 = ORIENTED_EDGE('',*,*,#16709,.F.);
#16741 = PLANE('',#16742);
#16742 = AXIS2_PLACEMENT_3D('',#16743,#16744,#16745);
#16743 = CARTESIAN_POINT('',(7.425,-0.32,-3.435));
#16744 = DIRECTION('',(-0.707106781187,0.,-0.707106781187));
#16745 = DIRECTION('',(0.,-1.,-0.));
#16746 = ADVANCED_FACE('',(#16747),#16772,.T.);
#16747 = FACE_BOUND('',#16748,.F.);
#16748 = EDGE_LOOP('',(#16749,#16759,#16765,#16766));
#16749 = ORIENTED_EDGE('',*,*,#16750,.T.);
#16750 = EDGE_CURVE('',#16751,#16753,#16755,.T.);
#16751 = VERTEX_POINT('',#16752);
#16752 = CARTESIAN_POINT('',(5.01,7.E-02,10.66));
#16753 = VERTEX_POINT('',#16754);
#16754 = CARTESIAN_POINT('',(5.01,-7.E-02,10.66));
#16755 = LINE('',#16756,#16757);
#16756 = CARTESIAN_POINT('',(5.01,0.32,10.66));
#16757 = VECTOR('',#16758,1.);
#16758 = DIRECTION('',(0.,-1.,0.));
#16759 = ORIENTED_EDGE('',*,*,#16760,.T.);
#16760 = EDGE_CURVE('',#16753,#15946,#16761,.T.);
#16761 = LINE('',#16762,#16763);
#16762 = CARTESIAN_POINT('',(4.991666666667,-8.833333333333E-02,
    10.641666666667));
#16763 = VECTOR('',#16764,1.);
#16764 = DIRECTION('',(-0.57735026919,-0.57735026919,-0.57735026919));
#16765 = ORIENTED_EDGE('',*,*,#15945,.F.);
#16766 = ORIENTED_EDGE('',*,*,#16767,.T.);
#16767 = EDGE_CURVE('',#15938,#16751,#16768,.T.);
#16768 = LINE('',#16769,#16770);
#16769 = CARTESIAN_POINT('',(4.885,0.195,10.535));
#16770 = VECTOR('',#16771,1.);
#16771 = DIRECTION('',(0.57735026919,-0.57735026919,0.57735026919));
#16772 = PLANE('',#16773);
#16773 = AXIS2_PLACEMENT_3D('',#16774,#16775,#16776);
#16774 = CARTESIAN_POINT('',(4.885,0.32,10.535));
#16775 = DIRECTION('',(-0.707106781187,0.,0.707106781187));
#16776 = DIRECTION('',(0.,1.,0.));
#16777 = ADVANCED_FACE('',(#16778),#16796,.T.);
#16778 = FACE_BOUND('',#16779,.F.);
#16779 = EDGE_LOOP('',(#16780,#16781,#16789,#16795));
#16780 = ORIENTED_EDGE('',*,*,#16760,.F.);
#16781 = ORIENTED_EDGE('',*,*,#16782,.T.);
#16782 = EDGE_CURVE('',#16753,#16783,#16785,.T.);
#16783 = VERTEX_POINT('',#16784);
#16784 = CARTESIAN_POINT('',(5.15,-7.E-02,10.66));
#16785 = LINE('',#16786,#16787);
#16786 = CARTESIAN_POINT('',(5.01,-7.E-02,10.66));
#16787 = VECTOR('',#16788,1.);
#16788 = DIRECTION('',(1.,0.,0.));
#16789 = ORIENTED_EDGE('',*,*,#16790,.T.);
#16790 = EDGE_CURVE('',#16783,#15970,#16791,.T.);
#16791 = LINE('',#16792,#16793);
#16792 = CARTESIAN_POINT('',(5.145,-6.5E-02,10.665));
#16793 = VECTOR('',#16794,1.);
#16794 = DIRECTION('',(0.57735026919,-0.57735026919,-0.57735026919));
#16795 = ORIENTED_EDGE('',*,*,#15969,.F.);
#16796 = PLANE('',#16797);
#16797 = AXIS2_PLACEMENT_3D('',#16798,#16799,#16800);
#16798 = CARTESIAN_POINT('',(5.01,-0.195,10.535));
#16799 = DIRECTION('',(0.,-0.707106781187,0.707106781187));
#16800 = DIRECTION('',(-1.,0.,0.));
#16801 = ADVANCED_FACE('',(#16802),#16820,.F.);
#16802 = FACE_BOUND('',#16803,.T.);
#16803 = EDGE_LOOP('',(#16804,#16812,#16813,#16814));
#16804 = ORIENTED_EDGE('',*,*,#16805,.T.);
#16805 = EDGE_CURVE('',#16806,#16783,#16808,.T.);
#16806 = VERTEX_POINT('',#16807);
#16807 = CARTESIAN_POINT('',(5.15,7.E-02,10.66));
#16808 = LINE('',#16809,#16810);
#16809 = CARTESIAN_POINT('',(5.15,0.32,10.66));
#16810 = VECTOR('',#16811,1.);
#16811 = DIRECTION('',(0.,-1.,0.));
#16812 = ORIENTED_EDGE('',*,*,#16790,.T.);
#16813 = ORIENTED_EDGE('',*,*,#16000,.F.);
#16814 = ORIENTED_EDGE('',*,*,#16815,.T.);
#16815 = EDGE_CURVE('',#15993,#16806,#16816,.T.);
#16816 = LINE('',#16817,#16818);
#16817 = CARTESIAN_POINT('',(5.251666666667,0.171666666667,
    10.558333333333));
#16818 = VECTOR('',#16819,1.);
#16819 = DIRECTION('',(-0.57735026919,-0.57735026919,0.57735026919));
#16820 = PLANE('',#16821);
#16821 = AXIS2_PLACEMENT_3D('',#16822,#16823,#16824);
#16822 = CARTESIAN_POINT('',(5.275,0.32,10.535));
#16823 = DIRECTION('',(-0.707106781187,0.,-0.707106781187));
#16824 = DIRECTION('',(0.,1.,0.));
#16825 = ADVANCED_FACE('',(#16826),#16837,.T.);
#16826 = FACE_BOUND('',#16827,.F.);
#16827 = EDGE_LOOP('',(#16828,#16829,#16830,#16831));
#16828 = ORIENTED_EDGE('',*,*,#16767,.F.);
#16829 = ORIENTED_EDGE('',*,*,#16018,.T.);
#16830 = ORIENTED_EDGE('',*,*,#16815,.T.);
#16831 = ORIENTED_EDGE('',*,*,#16832,.F.);
#16832 = EDGE_CURVE('',#16751,#16806,#16833,.T.);
#16833 = LINE('',#16834,#16835);
#16834 = CARTESIAN_POINT('',(5.01,7.E-02,10.66));
#16835 = VECTOR('',#16836,1.);
#16836 = DIRECTION('',(1.,0.,0.));
#16837 = PLANE('',#16838);
#16838 = AXIS2_PLACEMENT_3D('',#16839,#16840,#16841);
#16839 = CARTESIAN_POINT('',(5.01,0.195,10.535));
#16840 = DIRECTION('',(0.,0.707106781187,0.707106781187));
#16841 = DIRECTION('',(-1.,0.,0.));
#16842 = ADVANCED_FACE('',(#16843),#16868,.F.);
#16843 = FACE_BOUND('',#16844,.T.);
#16844 = EDGE_LOOP('',(#16845,#16855,#16861,#16862));
#16845 = ORIENTED_EDGE('',*,*,#16846,.T.);
#16846 = EDGE_CURVE('',#16847,#16849,#16851,.T.);
#16847 = VERTEX_POINT('',#16848);
#16848 = CARTESIAN_POINT('',(2.61,7.E-02,10.66));
#16849 = VERTEX_POINT('',#16850);
#16850 = CARTESIAN_POINT('',(2.61,-7.E-02,10.66));
#16851 = LINE('',#16852,#16853);
#16852 = CARTESIAN_POINT('',(2.61,0.32,10.66));
#16853 = VECTOR('',#16854,1.);
#16854 = DIRECTION('',(0.,-1.,0.));
#16855 = ORIENTED_EDGE('',*,*,#16856,.T.);
#16856 = EDGE_CURVE('',#16849,#16042,#16857,.T.);
#16857 = LINE('',#16858,#16859);
#16858 = CARTESIAN_POINT('',(2.605,-6.5E-02,10.665));
#16859 = VECTOR('',#16860,1.);
#16860 = DIRECTION('',(0.57735026919,-0.57735026919,-0.57735026919));
#16861 = ORIENTED_EDGE('',*,*,#16041,.F.);
#16862 = ORIENTED_EDGE('',*,*,#16863,.T.);
#16863 = EDGE_CURVE('',#16034,#16847,#16864,.T.);
#16864 = LINE('',#16865,#16866);
#16865 = CARTESIAN_POINT('',(2.711666666667,0.171666666667,
    10.558333333333));
#16866 = VECTOR('',#16867,1.);
#16867 = DIRECTION('',(-0.57735026919,-0.57735026919,0.57735026919));
#16868 = PLANE('',#16869);
#16869 = AXIS2_PLACEMENT_3D('',#16870,#16871,#16872);
#16870 = CARTESIAN_POINT('',(2.735,0.32,10.535));
#16871 = DIRECTION('',(-0.707106781187,0.,-0.707106781187));
#16872 = DIRECTION('',(0.,1.,0.));
#16873 = ADVANCED_FACE('',(#16874),#16892,.T.);
#16874 = FACE_BOUND('',#16875,.F.);
#16875 = EDGE_LOOP('',(#16876,#16884,#16885,#16886));
#16876 = ORIENTED_EDGE('',*,*,#16877,.F.);
#16877 = EDGE_CURVE('',#16064,#16878,#16880,.T.);
#16878 = VERTEX_POINT('',#16879);
#16879 = CARTESIAN_POINT('',(2.47,7.E-02,10.66));
#16880 = LINE('',#16881,#16882);
#16881 = CARTESIAN_POINT('',(2.345,0.195,10.535));
#16882 = VECTOR('',#16883,1.);
#16883 = DIRECTION('',(0.57735026919,-0.57735026919,0.57735026919));
#16884 = ORIENTED_EDGE('',*,*,#16073,.T.);
#16885 = ORIENTED_EDGE('',*,*,#16863,.T.);
#16886 = ORIENTED_EDGE('',*,*,#16887,.F.);
#16887 = EDGE_CURVE('',#16878,#16847,#16888,.T.);
#16888 = LINE('',#16889,#16890);
#16889 = CARTESIAN_POINT('',(2.47,7.E-02,10.66));
#16890 = VECTOR('',#16891,1.);
#16891 = DIRECTION('',(1.,0.,0.));
#16892 = PLANE('',#16893);
#16893 = AXIS2_PLACEMENT_3D('',#16894,#16895,#16896);
#16894 = CARTESIAN_POINT('',(2.47,0.195,10.535));
#16895 = DIRECTION('',(0.,0.707106781187,0.707106781187));
#16896 = DIRECTION('',(-1.,0.,0.));
#16897 = ADVANCED_FACE('',(#16898),#16916,.T.);
#16898 = FACE_BOUND('',#16899,.F.);
#16899 = EDGE_LOOP('',(#16900,#16908,#16914,#16915));
#16900 = ORIENTED_EDGE('',*,*,#16901,.T.);
#16901 = EDGE_CURVE('',#16878,#16902,#16904,.T.);
#16902 = VERTEX_POINT('',#16903);
#16903 = CARTESIAN_POINT('',(2.47,-7.E-02,10.66));
#16904 = LINE('',#16905,#16906);
#16905 = CARTESIAN_POINT('',(2.47,0.32,10.66));
#16906 = VECTOR('',#16907,1.);
#16907 = DIRECTION('',(0.,-1.,0.));
#16908 = ORIENTED_EDGE('',*,*,#16909,.T.);
#16909 = EDGE_CURVE('',#16902,#16090,#16910,.T.);
#16910 = LINE('',#16911,#16912);
#16911 = CARTESIAN_POINT('',(2.451666666667,-8.833333333333E-02,
    10.641666666667));
#16912 = VECTOR('',#16913,1.);
#16913 = DIRECTION('',(-0.57735026919,-0.57735026919,-0.57735026919));
#16914 = ORIENTED_EDGE('',*,*,#16089,.F.);
#16915 = ORIENTED_EDGE('',*,*,#16877,.T.);
#16916 = PLANE('',#16917);
#16917 = AXIS2_PLACEMENT_3D('',#16918,#16919,#16920);
#16918 = CARTESIAN_POINT('',(2.345,0.32,10.535));
#16919 = DIRECTION('',(-0.707106781187,0.,0.707106781187));
#16920 = DIRECTION('',(0.,1.,0.));
#16921 = ADVANCED_FACE('',(#16922),#16933,.T.);
#16922 = FACE_BOUND('',#16923,.F.);
#16923 = EDGE_LOOP('',(#16924,#16925,#16931,#16932));
#16924 = ORIENTED_EDGE('',*,*,#16909,.F.);
#16925 = ORIENTED_EDGE('',*,*,#16926,.T.);
#16926 = EDGE_CURVE('',#16902,#16849,#16927,.T.);
#16927 = LINE('',#16928,#16929);
#16928 = CARTESIAN_POINT('',(2.47,-7.E-02,10.66));
#16929 = VECTOR('',#16930,1.);
#16930 = DIRECTION('',(1.,0.,0.));
#16931 = ORIENTED_EDGE('',*,*,#16856,.T.);
#16932 = ORIENTED_EDGE('',*,*,#16113,.F.);
#16933 = PLANE('',#16934);
#16934 = AXIS2_PLACEMENT_3D('',#16935,#16936,#16937);
#16935 = CARTESIAN_POINT('',(2.47,-0.195,10.535));
#16936 = DIRECTION('',(0.,-0.707106781187,0.707106781187));
#16937 = DIRECTION('',(-1.,0.,0.));
#16938 = ADVANCED_FACE('',(#16939),#16964,.F.);
#16939 = FACE_BOUND('',#16940,.T.);
#16940 = EDGE_LOOP('',(#16941,#16951,#16957,#16958));
#16941 = ORIENTED_EDGE('',*,*,#16942,.T.);
#16942 = EDGE_CURVE('',#16943,#16945,#16947,.T.);
#16943 = VERTEX_POINT('',#16944);
#16944 = CARTESIAN_POINT('',(7.E-02,7.E-02,10.66));
#16945 = VERTEX_POINT('',#16946);
#16946 = CARTESIAN_POINT('',(7.E-02,-7.E-02,10.66));
#16947 = LINE('',#16948,#16949);
#16948 = CARTESIAN_POINT('',(7.E-02,0.32,10.66));
#16949 = VECTOR('',#16950,1.);
#16950 = DIRECTION('',(0.,-1.,0.));
#16951 = ORIENTED_EDGE('',*,*,#16952,.T.);
#16952 = EDGE_CURVE('',#16945,#16138,#16953,.T.);
#16953 = LINE('',#16954,#16955);
#16954 = CARTESIAN_POINT('',(6.5E-02,-6.5E-02,10.665));
#16955 = VECTOR('',#16956,1.);
#16956 = DIRECTION('',(0.57735026919,-0.57735026919,-0.57735026919));
#16957 = ORIENTED_EDGE('',*,*,#16137,.F.);
#16958 = ORIENTED_EDGE('',*,*,#16959,.T.);
#16959 = EDGE_CURVE('',#16130,#16943,#16960,.T.);
#16960 = LINE('',#16961,#16962);
#16961 = CARTESIAN_POINT('',(0.171666666667,0.171666666667,
    10.558333333333));
#16962 = VECTOR('',#16963,1.);
#16963 = DIRECTION('',(-0.57735026919,-0.57735026919,0.57735026919));
#16964 = PLANE('',#16965);
#16965 = AXIS2_PLACEMENT_3D('',#16966,#16967,#16968);
#16966 = CARTESIAN_POINT('',(0.195,0.32,10.535));
#16967 = DIRECTION('',(-0.707106781187,0.,-0.707106781187));
#16968 = DIRECTION('',(0.,1.,0.));
#16969 = ADVANCED_FACE('',(#16970),#16988,.T.);
#16970 = FACE_BOUND('',#16971,.F.);
#16971 = EDGE_LOOP('',(#16972,#16980,#16981,#16982));
#16972 = ORIENTED_EDGE('',*,*,#16973,.F.);
#16973 = EDGE_CURVE('',#16160,#16974,#16976,.T.);
#16974 = VERTEX_POINT('',#16975);
#16975 = CARTESIAN_POINT('',(-7.E-02,7.E-02,10.66));
#16976 = LINE('',#16977,#16978);
#16977 = CARTESIAN_POINT('',(-0.195,0.195,10.535));
#16978 = VECTOR('',#16979,1.);
#16979 = DIRECTION('',(0.57735026919,-0.57735026919,0.57735026919));
#16980 = ORIENTED_EDGE('',*,*,#16169,.T.);
#16981 = ORIENTED_EDGE('',*,*,#16959,.T.);
#16982 = ORIENTED_EDGE('',*,*,#16983,.F.);
#16983 = EDGE_CURVE('',#16974,#16943,#16984,.T.);
#16984 = LINE('',#16985,#16986);
#16985 = CARTESIAN_POINT('',(-7.E-02,7.E-02,10.66));
#16986 = VECTOR('',#16987,1.);
#16987 = DIRECTION('',(1.,0.,0.));
#16988 = PLANE('',#16989);
#16989 = AXIS2_PLACEMENT_3D('',#16990,#16991,#16992);
#16990 = CARTESIAN_POINT('',(-7.E-02,0.195,10.535));
#16991 = DIRECTION('',(0.,0.707106781187,0.707106781187));
#16992 = DIRECTION('',(-1.,0.,0.));
#16993 = ADVANCED_FACE('',(#16994),#17012,.T.);
#16994 = FACE_BOUND('',#16995,.F.);
#16995 = EDGE_LOOP('',(#16996,#17004,#17010,#17011));
#16996 = ORIENTED_EDGE('',*,*,#16997,.T.);
#16997 = EDGE_CURVE('',#16974,#16998,#17000,.T.);
#16998 = VERTEX_POINT('',#16999);
#16999 = CARTESIAN_POINT('',(-7.E-02,-7.E-02,10.66));
#17000 = LINE('',#17001,#17002);
#17001 = CARTESIAN_POINT('',(-7.E-02,0.32,10.66));
#17002 = VECTOR('',#17003,1.);
#17003 = DIRECTION('',(0.,-1.,0.));
#17004 = ORIENTED_EDGE('',*,*,#17005,.T.);
#17005 = EDGE_CURVE('',#16998,#16186,#17006,.T.);
#17006 = LINE('',#17007,#17008);
#17007 = CARTESIAN_POINT('',(-8.833333333333E-02,-8.833333333333E-02,
    10.641666666667));
#17008 = VECTOR('',#17009,1.);
#17009 = DIRECTION('',(-0.57735026919,-0.57735026919,-0.57735026919));
#17010 = ORIENTED_EDGE('',*,*,#16185,.F.);
#17011 = ORIENTED_EDGE('',*,*,#16973,.T.);
#17012 = PLANE('',#17013);
#17013 = AXIS2_PLACEMENT_3D('',#17014,#17015,#17016);
#17014 = CARTESIAN_POINT('',(-0.195,0.32,10.535));
#17015 = DIRECTION('',(-0.707106781187,0.,0.707106781187));
#17016 = DIRECTION('',(0.,1.,0.));
#17017 = ADVANCED_FACE('',(#17018),#17029,.T.);
#17018 = FACE_BOUND('',#17019,.F.);
#17019 = EDGE_LOOP('',(#17020,#17021,#17027,#17028));
#17020 = ORIENTED_EDGE('',*,*,#17005,.F.);
#17021 = ORIENTED_EDGE('',*,*,#17022,.T.);
#17022 = EDGE_CURVE('',#16998,#16945,#17023,.T.);
#17023 = LINE('',#17024,#17025);
#17024 = CARTESIAN_POINT('',(-7.E-02,-7.E-02,10.66));
#17025 = VECTOR('',#17026,1.);
#17026 = DIRECTION('',(1.,0.,0.));
#17027 = ORIENTED_EDGE('',*,*,#16952,.T.);
#17028 = ORIENTED_EDGE('',*,*,#16209,.F.);
#17029 = PLANE('',#17030);
#17030 = AXIS2_PLACEMENT_3D('',#17031,#17032,#17033);
#17031 = CARTESIAN_POINT('',(-7.E-02,-0.195,10.535));
#17032 = DIRECTION('',(0.,-0.707106781187,0.707106781187));
#17033 = DIRECTION('',(-1.,0.,0.));
#17034 = ADVANCED_FACE('',(#17035),#17060,.T.);
#17035 = FACE_BOUND('',#17036,.F.);
#17036 = EDGE_LOOP('',(#17037,#17045,#17053,#17059));
#17037 = ORIENTED_EDGE('',*,*,#17038,.F.);
#17038 = EDGE_CURVE('',#17039,#16226,#17041,.T.);
#17039 = VERTEX_POINT('',#17040);
#17040 = CARTESIAN_POINT('',(7.55,-7.E-02,10.66));
#17041 = LINE('',#17042,#17043);
#17042 = CARTESIAN_POINT('',(7.531666666667,-8.833333333333E-02,
    10.641666666667));
#17043 = VECTOR('',#17044,1.);
#17044 = DIRECTION('',(-0.57735026919,-0.57735026919,-0.57735026919));
#17045 = ORIENTED_EDGE('',*,*,#17046,.T.);
#17046 = EDGE_CURVE('',#17039,#17047,#17049,.T.);
#17047 = VERTEX_POINT('',#17048);
#17048 = CARTESIAN_POINT('',(7.69,-7.E-02,10.66));
#17049 = LINE('',#17050,#17051);
#17050 = CARTESIAN_POINT('',(7.55,-7.E-02,10.66));
#17051 = VECTOR('',#17052,1.);
#17052 = DIRECTION('',(1.,0.,0.));
#17053 = ORIENTED_EDGE('',*,*,#17054,.T.);
#17054 = EDGE_CURVE('',#17047,#16234,#17055,.T.);
#17055 = LINE('',#17056,#17057);
#17056 = CARTESIAN_POINT('',(7.685,-6.5E-02,10.665));
#17057 = VECTOR('',#17058,1.);
#17058 = DIRECTION('',(0.57735026919,-0.57735026919,-0.57735026919));
#17059 = ORIENTED_EDGE('',*,*,#16233,.F.);
#17060 = PLANE('',#17061);
#17061 = AXIS2_PLACEMENT_3D('',#17062,#17063,#17064);
#17062 = CARTESIAN_POINT('',(7.55,-0.195,10.535));
#17063 = DIRECTION('',(0.,-0.707106781187,0.707106781187));
#17064 = DIRECTION('',(-1.,0.,0.));
#17065 = ADVANCED_FACE('',(#17066),#17084,.F.);
#17066 = FACE_BOUND('',#17067,.T.);
#17067 = EDGE_LOOP('',(#17068,#17076,#17077,#17078));
#17068 = ORIENTED_EDGE('',*,*,#17069,.T.);
#17069 = EDGE_CURVE('',#17070,#17047,#17072,.T.);
#17070 = VERTEX_POINT('',#17071);
#17071 = CARTESIAN_POINT('',(7.69,7.E-02,10.66));
#17072 = LINE('',#17073,#17074);
#17073 = CARTESIAN_POINT('',(7.69,0.32,10.66));
#17074 = VECTOR('',#17075,1.);
#17075 = DIRECTION('',(0.,-1.,0.));
#17076 = ORIENTED_EDGE('',*,*,#17054,.T.);
#17077 = ORIENTED_EDGE('',*,*,#16264,.F.);
#17078 = ORIENTED_EDGE('',*,*,#17079,.T.);
#17079 = EDGE_CURVE('',#16257,#17070,#17080,.T.);
#17080 = LINE('',#17081,#17082);
#17081 = CARTESIAN_POINT('',(7.791666666667,0.171666666667,
    10.558333333333));
#17082 = VECTOR('',#17083,1.);
#17083 = DIRECTION('',(-0.57735026919,-0.57735026919,0.57735026919));
#17084 = PLANE('',#17085);
#17085 = AXIS2_PLACEMENT_3D('',#17086,#17087,#17088);
#17086 = CARTESIAN_POINT('',(7.815,0.32,10.535));
#17087 = DIRECTION('',(-0.707106781187,0.,-0.707106781187));
#17088 = DIRECTION('',(0.,1.,0.));
#17089 = ADVANCED_FACE('',(#17090),#17108,.T.);
#17090 = FACE_BOUND('',#17091,.F.);
#17091 = EDGE_LOOP('',(#17092,#17100,#17101,#17102));
#17092 = ORIENTED_EDGE('',*,*,#17093,.F.);
#17093 = EDGE_CURVE('',#16280,#17094,#17096,.T.);
#17094 = VERTEX_POINT('',#17095);
#17095 = CARTESIAN_POINT('',(7.55,7.E-02,10.66));
#17096 = LINE('',#17097,#17098);
#17097 = CARTESIAN_POINT('',(7.425,0.195,10.535));
#17098 = VECTOR('',#17099,1.);
#17099 = DIRECTION('',(0.57735026919,-0.57735026919,0.57735026919));
#17100 = ORIENTED_EDGE('',*,*,#16289,.T.);
#17101 = ORIENTED_EDGE('',*,*,#17079,.T.);
#17102 = ORIENTED_EDGE('',*,*,#17103,.F.);
#17103 = EDGE_CURVE('',#17094,#17070,#17104,.T.);
#17104 = LINE('',#17105,#17106);
#17105 = CARTESIAN_POINT('',(7.55,7.E-02,10.66));
#17106 = VECTOR('',#17107,1.);
#17107 = DIRECTION('',(1.,0.,0.));
#17108 = PLANE('',#17109);
#17109 = AXIS2_PLACEMENT_3D('',#17110,#17111,#17112);
#17110 = CARTESIAN_POINT('',(7.55,0.195,10.535));
#17111 = DIRECTION('',(0.,0.707106781187,0.707106781187));
#17112 = DIRECTION('',(-1.,0.,0.));
#17113 = ADVANCED_FACE('',(#17114),#17125,.T.);
#17114 = FACE_BOUND('',#17115,.F.);
#17115 = EDGE_LOOP('',(#17116,#17122,#17123,#17124));
#17116 = ORIENTED_EDGE('',*,*,#17117,.T.);
#17117 = EDGE_CURVE('',#17094,#17039,#17118,.T.);
#17118 = LINE('',#17119,#17120);
#17119 = CARTESIAN_POINT('',(7.55,0.32,10.66));
#17120 = VECTOR('',#17121,1.);
#17121 = DIRECTION('',(0.,-1.,0.));
#17122 = ORIENTED_EDGE('',*,*,#17038,.T.);
#17123 = ORIENTED_EDGE('',*,*,#16305,.F.);
#17124 = ORIENTED_EDGE('',*,*,#17093,.T.);
#17125 = PLANE('',#17126);
#17126 = AXIS2_PLACEMENT_3D('',#17127,#17128,#17129);
#17127 = CARTESIAN_POINT('',(7.425,0.32,10.535));
#17128 = DIRECTION('',(-0.707106781187,0.,0.707106781187));
#17129 = DIRECTION('',(0.,1.,0.));
#17130 = ADVANCED_FACE('',(#17131),#17137,.F.);
#17131 = FACE_BOUND('',#17132,.F.);
#17132 = EDGE_LOOP('',(#17133,#17134,#17135,#17136));
#17133 = ORIENTED_EDGE('',*,*,#16366,.F.);
#17134 = ORIENTED_EDGE('',*,*,#16446,.T.);
#17135 = ORIENTED_EDGE('',*,*,#16421,.T.);
#17136 = ORIENTED_EDGE('',*,*,#16398,.F.);
#17137 = PLANE('',#17138);
#17138 = AXIS2_PLACEMENT_3D('',#17139,#17140,#17141);
#17139 = CARTESIAN_POINT('',(-0.32,-0.32,-3.56));
#17140 = DIRECTION('',(0.,0.,1.));
#17141 = DIRECTION('',(0.,1.,0.));
#17142 = ADVANCED_FACE('',(#17143),#17149,.F.);
#17143 = FACE_BOUND('',#17144,.F.);
#17144 = EDGE_LOOP('',(#17145,#17146,#17147,#17148));
#17145 = ORIENTED_EDGE('',*,*,#16462,.F.);
#17146 = ORIENTED_EDGE('',*,*,#16542,.T.);
#17147 = ORIENTED_EDGE('',*,*,#16517,.T.);
#17148 = ORIENTED_EDGE('',*,*,#16494,.F.);
#17149 = PLANE('',#17150);
#17150 = AXIS2_PLACEMENT_3D('',#17151,#17152,#17153);
#17151 = CARTESIAN_POINT('',(2.22,-0.32,-3.56));
#17152 = DIRECTION('',(0.,0.,1.));
#17153 = DIRECTION('',(0.,1.,0.));
#17154 = ADVANCED_FACE('',(#17155),#17161,.F.);
#17155 = FACE_BOUND('',#17156,.F.);
#17156 = EDGE_LOOP('',(#17157,#17158,#17159,#17160));
#17157 = ORIENTED_EDGE('',*,*,#16613,.F.);
#17158 = ORIENTED_EDGE('',*,*,#16597,.T.);
#17159 = ORIENTED_EDGE('',*,*,#16558,.T.);
#17160 = ORIENTED_EDGE('',*,*,#16638,.F.);
#17161 = PLANE('',#17162);
#17162 = AXIS2_PLACEMENT_3D('',#17163,#17164,#17165);
#17163 = CARTESIAN_POINT('',(4.76,-0.32,-3.56));
#17164 = DIRECTION('',(0.,0.,1.));
#17165 = DIRECTION('',(0.,1.,0.));
#17166 = ADVANCED_FACE('',(#17167),#17173,.F.);
#17167 = FACE_BOUND('',#17168,.F.);
#17168 = EDGE_LOOP('',(#17169,#17170,#17171,#17172));
#17169 = ORIENTED_EDGE('',*,*,#16733,.F.);
#17170 = ORIENTED_EDGE('',*,*,#16717,.T.);
#17171 = ORIENTED_EDGE('',*,*,#16685,.T.);
#17172 = ORIENTED_EDGE('',*,*,#16662,.F.);
#17173 = PLANE('',#17174);
#17174 = AXIS2_PLACEMENT_3D('',#17175,#17176,#17177);
#17175 = CARTESIAN_POINT('',(7.3,-0.32,-3.56));
#17176 = DIRECTION('',(0.,0.,1.));
#17177 = DIRECTION('',(0.,1.,0.));
#17178 = ADVANCED_FACE('',(#17179),#17185,.F.);
#17179 = FACE_BOUND('',#17180,.F.);
#17180 = EDGE_LOOP('',(#17181,#17182,#17183,#17184));
#17181 = ORIENTED_EDGE('',*,*,#16750,.F.);
#17182 = ORIENTED_EDGE('',*,*,#16832,.T.);
#17183 = ORIENTED_EDGE('',*,*,#16805,.T.);
#17184 = ORIENTED_EDGE('',*,*,#16782,.F.);
#17185 = PLANE('',#17186);
#17186 = AXIS2_PLACEMENT_3D('',#17187,#17188,#17189);
#17187 = CARTESIAN_POINT('',(4.76,0.32,10.66));
#17188 = DIRECTION('',(0.,0.,-1.));
#17189 = DIRECTION('',(0.,-1.,0.));
#17190 = ADVANCED_FACE('',(#17191),#17197,.F.);
#17191 = FACE_BOUND('',#17192,.F.);
#17192 = EDGE_LOOP('',(#17193,#17194,#17195,#17196));
#17193 = ORIENTED_EDGE('',*,*,#16901,.F.);
#17194 = ORIENTED_EDGE('',*,*,#16887,.T.);
#17195 = ORIENTED_EDGE('',*,*,#16846,.T.);
#17196 = ORIENTED_EDGE('',*,*,#16926,.F.);
#17197 = PLANE('',#17198);
#17198 = AXIS2_PLACEMENT_3D('',#17199,#17200,#17201);
#17199 = CARTESIAN_POINT('',(2.22,0.32,10.66));
#17200 = DIRECTION('',(0.,0.,-1.));
#17201 = DIRECTION('',(0.,-1.,0.));
#17202 = ADVANCED_FACE('',(#17203),#17209,.F.);
#17203 = FACE_BOUND('',#17204,.F.);
#17204 = EDGE_LOOP('',(#17205,#17206,#17207,#17208));
#17205 = ORIENTED_EDGE('',*,*,#16997,.F.);
#17206 = ORIENTED_EDGE('',*,*,#16983,.T.);
#17207 = ORIENTED_EDGE('',*,*,#16942,.T.);
#17208 = ORIENTED_EDGE('',*,*,#17022,.F.);
#17209 = PLANE('',#17210);
#17210 = AXIS2_PLACEMENT_3D('',#17211,#17212,#17213);
#17211 = CARTESIAN_POINT('',(-0.32,0.32,10.66));
#17212 = DIRECTION('',(0.,0.,-1.));
#17213 = DIRECTION('',(0.,-1.,0.));
#17214 = ADVANCED_FACE('',(#17215),#17221,.F.);
#17215 = FACE_BOUND('',#17216,.F.);
#17216 = EDGE_LOOP('',(#17217,#17218,#17219,#17220));
#17217 = ORIENTED_EDGE('',*,*,#17117,.F.);
#17218 = ORIENTED_EDGE('',*,*,#17103,.T.);
#17219 = ORIENTED_EDGE('',*,*,#17069,.T.);
#17220 = ORIENTED_EDGE('',*,*,#17046,.F.);
#17221 = PLANE('',#17222);
#17222 = AXIS2_PLACEMENT_3D('',#17223,#17224,#17225);
#17223 = CARTESIAN_POINT('',(7.3,0.32,10.66));
#17224 = DIRECTION('',(0.,0.,-1.));
#17225 = DIRECTION('',(0.,-1.,0.));
#17226 = ( GEOMETRIC_REPRESENTATION_CONTEXT(3) 
GLOBAL_UNCERTAINTY_ASSIGNED_CONTEXT((#17230)) 
GLOBAL_UNIT_ASSIGNED_CONTEXT((#17227,#17228,#17229)) 
REPRESENTATION_CONTEXT('Context #1',
  '3D Context with UNIT and UNCERTAINTY') );
#17227 = ( LENGTH_UNIT() NAMED_UNIT(*) SI_UNIT(.MILLI.,.METRE.) );
#17228 = ( NAMED_UNIT(*) PLANE_ANGLE_UNIT() SI_UNIT($,.RADIAN.) );
#17229 = ( NAMED_UNIT(*) SI_UNIT($,.STERADIAN.) SOLID_ANGLE_UNIT() );
#17230 = UNCERTAINTY_MEASURE_WITH_UNIT(LENGTH_MEASURE(1.E-07),#17227,
  'distance_accuracy_value','confusion accuracy');
#17231 = CONTEXT_DEPENDENT_SHAPE_REPRESENTATION(#17232,#17234);
#17232 = ( REPRESENTATION_RELATIONSHIP('','',#13870,#13847) 
REPRESENTATION_RELATIONSHIP_WITH_TRANSFORMATION(#17233) 
SHAPE_REPRESENTATION_RELATIONSHIP() );
#17233 = ITEM_DEFINED_TRANSFORMATION('','',#11,#13848);
#17234 = PRODUCT_DEFINITION_SHAPE('Placement','Placement of an item',
  #17235);
#17235 = NEXT_ASSEMBLY_USAGE_OCCURRENCE('3','=>[0:1:1:5]','',#13842,
  #13865,$);
#17236 = PRODUCT_RELATED_PRODUCT_CATEGORY('part',$,(#13867));
#17237 = SHAPE_DEFINITION_REPRESENTATION(#17238,#17244);
#17238 = PRODUCT_DEFINITION_SHAPE('','',#17239);
#17239 = PRODUCT_DEFINITION('design','',#17240,#17243);
#17240 = PRODUCT_DEFINITION_FORMATION('','',#17241);
#17241 = PRODUCT('rotary_encoder-unsaved-export-sQqqTO_PCB',
  'rotary_encoder-unsaved-export-sQqqTO_PCB','',(#17242));
#17242 = PRODUCT_CONTEXT('',#2,'mechanical');
#17243 = PRODUCT_DEFINITION_CONTEXT('part definition',#2,'design');
#17244 = ADVANCED_BREP_SHAPE_REPRESENTATION('',(#11,#17245),#18104);
#17245 = MANIFOLD_SOLID_BREP('',#17246);
#17246 = CLOSED_SHELL('',(#17247,#17287,#17318,#17349,#17559,#17769,
    #17781,#17798,#17815,#17832,#17849,#17871,#17888,#17905,#17917,
    #17934,#17951,#17968,#17985,#18002,#18024,#18041,#18058,#18070,
    #18087));
#17247 = ADVANCED_FACE('',(#17248),#17282,.T.);
#17248 = FACE_BOUND('',#17249,.T.);
#17249 = EDGE_LOOP('',(#17250,#17260,#17268,#17276));
#17250 = ORIENTED_EDGE('',*,*,#17251,.T.);
#17251 = EDGE_CURVE('',#17252,#17254,#17256,.T.);
#17252 = VERTEX_POINT('',#17253);
#17253 = CARTESIAN_POINT('',(155.2925,-103.5,0.));
#17254 = VERTEX_POINT('',#17255);
#17255 = CARTESIAN_POINT('',(155.2925,-103.5,1.51));
#17256 = LINE('',#17257,#17258);
#17257 = CARTESIAN_POINT('',(155.2925,-103.5,0.));
#17258 = VECTOR('',#17259,1.);
#17259 = DIRECTION('',(0.,0.,1.));
#17260 = ORIENTED_EDGE('',*,*,#17261,.T.);
#17261 = EDGE_CURVE('',#17254,#17262,#17264,.T.);
#17262 = VERTEX_POINT('',#17263);
#17263 = CARTESIAN_POINT('',(121.2925,-103.5,1.51));
#17264 = LINE('',#17265,#17266);
#17265 = CARTESIAN_POINT('',(155.2925,-103.5,1.51));
#17266 = VECTOR('',#17267,1.);
#17267 = DIRECTION('',(-1.,0.,0.));
#17268 = ORIENTED_EDGE('',*,*,#17269,.F.);
#17269 = EDGE_CURVE('',#17270,#17262,#17272,.T.);
#17270 = VERTEX_POINT('',#17271);
#17271 = CARTESIAN_POINT('',(121.2925,-103.5,0.));
#17272 = LINE('',#17273,#17274);
#17273 = CARTESIAN_POINT('',(121.2925,-103.5,0.));
#17274 = VECTOR('',#17275,1.);
#17275 = DIRECTION('',(0.,0.,1.));
#17276 = ORIENTED_EDGE('',*,*,#17277,.F.);
#17277 = EDGE_CURVE('',#17252,#17270,#17278,.T.);
#17278 = LINE('',#17279,#17280);
#17279 = CARTESIAN_POINT('',(155.2925,-103.5,0.));
#17280 = VECTOR('',#17281,1.);
#17281 = DIRECTION('',(-1.,0.,0.));
#17282 = PLANE('',#17283);
#17283 = AXIS2_PLACEMENT_3D('',#17284,#17285,#17286);
#17284 = CARTESIAN_POINT('',(155.2925,-103.5,0.));
#17285 = DIRECTION('',(0.,-1.,0.));
#17286 = DIRECTION('',(-1.,0.,0.));
#17287 = ADVANCED_FACE('',(#17288),#17313,.T.);
#17288 = FACE_BOUND('',#17289,.T.);
#17289 = EDGE_LOOP('',(#17290,#17300,#17306,#17307));
#17290 = ORIENTED_EDGE('',*,*,#17291,.T.);
#17291 = EDGE_CURVE('',#17292,#17294,#17296,.T.);
#17292 = VERTEX_POINT('',#17293);
#17293 = CARTESIAN_POINT('',(155.2925,-75.5,0.));
#17294 = VERTEX_POINT('',#17295);
#17295 = CARTESIAN_POINT('',(155.2925,-75.5,1.51));
#17296 = LINE('',#17297,#17298);
#17297 = CARTESIAN_POINT('',(155.2925,-75.5,0.));
#17298 = VECTOR('',#17299,1.);
#17299 = DIRECTION('',(0.,0.,1.));
#17300 = ORIENTED_EDGE('',*,*,#17301,.T.);
#17301 = EDGE_CURVE('',#17294,#17254,#17302,.T.);
#17302 = LINE('',#17303,#17304);
#17303 = CARTESIAN_POINT('',(155.2925,-75.5,1.51));
#17304 = VECTOR('',#17305,1.);
#17305 = DIRECTION('',(0.,-1.,0.));
#17306 = ORIENTED_EDGE('',*,*,#17251,.F.);
#17307 = ORIENTED_EDGE('',*,*,#17308,.F.);
#17308 = EDGE_CURVE('',#17292,#17252,#17309,.T.);
#17309 = LINE('',#17310,#17311);
#17310 = CARTESIAN_POINT('',(155.2925,-75.5,0.));
#17311 = VECTOR('',#17312,1.);
#17312 = DIRECTION('',(0.,-1.,0.));
#17313 = PLANE('',#17314);
#17314 = AXIS2_PLACEMENT_3D('',#17315,#17316,#17317);
#17315 = CARTESIAN_POINT('',(155.2925,-75.5,0.));
#17316 = DIRECTION('',(1.,0.,-0.));
#17317 = DIRECTION('',(0.,-1.,0.));
#17318 = ADVANCED_FACE('',(#17319),#17344,.T.);
#17319 = FACE_BOUND('',#17320,.T.);
#17320 = EDGE_LOOP('',(#17321,#17322,#17330,#17338));
#17321 = ORIENTED_EDGE('',*,*,#17269,.T.);
#17322 = ORIENTED_EDGE('',*,*,#17323,.T.);
#17323 = EDGE_CURVE('',#17262,#17324,#17326,.T.);
#17324 = VERTEX_POINT('',#17325);
#17325 = CARTESIAN_POINT('',(121.2925,-75.5,1.51));
#17326 = LINE('',#17327,#17328);
#17327 = CARTESIAN_POINT('',(121.2925,-103.5,1.51));
#17328 = VECTOR('',#17329,1.);
#17329 = DIRECTION('',(0.,1.,0.));
#17330 = ORIENTED_EDGE('',*,*,#17331,.F.);
#17331 = EDGE_CURVE('',#17332,#17324,#17334,.T.);
#17332 = VERTEX_POINT('',#17333);
#17333 = CARTESIAN_POINT('',(121.2925,-75.5,0.));
#17334 = LINE('',#17335,#17336);
#17335 = CARTESIAN_POINT('',(121.2925,-75.5,0.));
#17336 = VECTOR('',#17337,1.);
#17337 = DIRECTION('',(0.,0.,1.));
#17338 = ORIENTED_EDGE('',*,*,#17339,.F.);
#17339 = EDGE_CURVE('',#17270,#17332,#17340,.T.);
#17340 = LINE('',#17341,#17342);
#17341 = CARTESIAN_POINT('',(121.2925,-103.5,0.));
#17342 = VECTOR('',#17343,1.);
#17343 = DIRECTION('',(0.,1.,0.));
#17344 = PLANE('',#17345);
#17345 = AXIS2_PLACEMENT_3D('',#17346,#17347,#17348);
#17346 = CARTESIAN_POINT('',(121.2925,-103.5,0.));
#17347 = DIRECTION('',(-1.,0.,0.));
#17348 = DIRECTION('',(0.,1.,0.));
#17349 = ADVANCED_FACE('',(#17350,#17361,#17372,#17383,#17394,#17405,
    #17441,#17452,#17463,#17474,#17485,#17496,#17532,#17543),#17554,.F.
  );
#17350 = FACE_BOUND('',#17351,.F.);
#17351 = EDGE_LOOP('',(#17352,#17353,#17354,#17360));
#17352 = ORIENTED_EDGE('',*,*,#17277,.F.);
#17353 = ORIENTED_EDGE('',*,*,#17308,.F.);
#17354 = ORIENTED_EDGE('',*,*,#17355,.F.);
#17355 = EDGE_CURVE('',#17332,#17292,#17356,.T.);
#17356 = LINE('',#17357,#17358);
#17357 = CARTESIAN_POINT('',(121.2925,-75.5,0.));
#17358 = VECTOR('',#17359,1.);
#17359 = DIRECTION('',(1.,0.,0.));
#17360 = ORIENTED_EDGE('',*,*,#17339,.F.);
#17361 = FACE_BOUND('',#17362,.F.);
#17362 = EDGE_LOOP('',(#17363));
#17363 = ORIENTED_EDGE('',*,*,#17364,.T.);
#17364 = EDGE_CURVE('',#17365,#17365,#17367,.T.);
#17365 = VERTEX_POINT('',#17366);
#17366 = CARTESIAN_POINT('',(131.055,-96.875,0.));
#17367 = CIRCLE('',#17368,0.5);
#17368 = AXIS2_PLACEMENT_3D('',#17369,#17370,#17371);
#17369 = CARTESIAN_POINT('',(131.055,-96.375,0.));
#17370 = DIRECTION('',(-0.,0.,-1.));
#17371 = DIRECTION('',(-0.,-1.,0.));
#17372 = FACE_BOUND('',#17373,.F.);
#17373 = EDGE_LOOP('',(#17374));
#17374 = ORIENTED_EDGE('',*,*,#17375,.T.);
#17375 = EDGE_CURVE('',#17376,#17376,#17378,.T.);
#17376 = VERTEX_POINT('',#17377);
#17377 = CARTESIAN_POINT('',(124.7925,-94.975,0.));
#17378 = CIRCLE('',#17379,1.1);
#17379 = AXIS2_PLACEMENT_3D('',#17380,#17381,#17382);
#17380 = CARTESIAN_POINT('',(124.7925,-93.875,0.));
#17381 = DIRECTION('',(-0.,0.,-1.));
#17382 = DIRECTION('',(1.2918958832E-14,-1.,-0.));
#17383 = FACE_BOUND('',#17384,.F.);
#17384 = EDGE_LOOP('',(#17385));
#17385 = ORIENTED_EDGE('',*,*,#17386,.T.);
#17386 = EDGE_CURVE('',#17387,#17387,#17389,.T.);
#17387 = VERTEX_POINT('',#17388);
#17388 = CARTESIAN_POINT('',(131.055,-94.375,0.));
#17389 = CIRCLE('',#17390,0.5);
#17390 = AXIS2_PLACEMENT_3D('',#17391,#17392,#17393);
#17391 = CARTESIAN_POINT('',(131.055,-93.875,0.));
#17392 = DIRECTION('',(-0.,0.,-1.));
#17393 = DIRECTION('',(-0.,-1.,0.));
#17394 = FACE_BOUND('',#17395,.F.);
#17395 = EDGE_LOOP('',(#17396));
#17396 = ORIENTED_EDGE('',*,*,#17397,.T.);
#17397 = EDGE_CURVE('',#17398,#17398,#17400,.T.);
#17398 = VERTEX_POINT('',#17399);
#17399 = CARTESIAN_POINT('',(131.055,-91.875,0.));
#17400 = CIRCLE('',#17401,0.5);
#17401 = AXIS2_PLACEMENT_3D('',#17402,#17403,#17404);
#17402 = CARTESIAN_POINT('',(131.055,-91.375,0.));
#17403 = DIRECTION('',(-0.,0.,-1.));
#17404 = DIRECTION('',(-0.,-1.,0.));
#17405 = FACE_BOUND('',#17406,.F.);
#17406 = EDGE_LOOP('',(#17407,#17418,#17426,#17435));
#17407 = ORIENTED_EDGE('',*,*,#17408,.T.);
#17408 = EDGE_CURVE('',#17409,#17411,#17413,.T.);
#17409 = VERTEX_POINT('',#17410);
#17410 = CARTESIAN_POINT('',(139.205,-98.725,0.));
#17411 = VERTEX_POINT('',#17412);
#17412 = CARTESIAN_POINT('',(139.205,-100.225,0.));
#17413 = CIRCLE('',#17414,0.75);
#17414 = AXIS2_PLACEMENT_3D('',#17415,#17416,#17417);
#17415 = CARTESIAN_POINT('',(139.205,-99.475,0.));
#17416 = DIRECTION('',(-0.,0.,-1.));
#17417 = DIRECTION('',(-0.,-1.,0.));
#17418 = ORIENTED_EDGE('',*,*,#17419,.T.);
#17419 = EDGE_CURVE('',#17411,#17420,#17422,.T.);
#17420 = VERTEX_POINT('',#17421);
#17421 = CARTESIAN_POINT('',(137.905,-100.225,0.));
#17422 = LINE('',#17423,#17424);
#17423 = CARTESIAN_POINT('',(68.9525,-100.225,0.));
#17424 = VECTOR('',#17425,1.);
#17425 = DIRECTION('',(-1.,0.,0.));
#17426 = ORIENTED_EDGE('',*,*,#17427,.T.);
#17427 = EDGE_CURVE('',#17420,#17428,#17430,.T.);
#17428 = VERTEX_POINT('',#17429);
#17429 = CARTESIAN_POINT('',(137.905,-98.725,0.));
#17430 = CIRCLE('',#17431,0.75);
#17431 = AXIS2_PLACEMENT_3D('',#17432,#17433,#17434);
#17432 = CARTESIAN_POINT('',(137.905,-99.475,0.));
#17433 = DIRECTION('',(-0.,0.,-1.));
#17434 = DIRECTION('',(0.,1.,0.));
#17435 = ORIENTED_EDGE('',*,*,#17436,.T.);
#17436 = EDGE_CURVE('',#17428,#17409,#17437,.T.);
#17437 = LINE('',#17438,#17439);
#17438 = CARTESIAN_POINT('',(69.6025,-98.725,0.));
#17439 = VECTOR('',#17440,1.);
#17440 = DIRECTION('',(1.,0.,-0.));
#17441 = FACE_BOUND('',#17442,.F.);
#17442 = EDGE_LOOP('',(#17443));
#17443 = ORIENTED_EDGE('',*,*,#17444,.T.);
#17444 = EDGE_CURVE('',#17445,#17445,#17447,.T.);
#17445 = VERTEX_POINT('',#17446);
#17446 = CARTESIAN_POINT('',(145.555,-96.875,0.));
#17447 = CIRCLE('',#17448,0.5);
#17448 = AXIS2_PLACEMENT_3D('',#17449,#17450,#17451);
#17449 = CARTESIAN_POINT('',(145.555,-96.375,0.));
#17450 = DIRECTION('',(-0.,0.,-1.));
#17451 = DIRECTION('',(-0.,-1.,0.));
#17452 = FACE_BOUND('',#17453,.F.);
#17453 = EDGE_LOOP('',(#17454));
#17454 = ORIENTED_EDGE('',*,*,#17455,.T.);
#17455 = EDGE_CURVE('',#17456,#17456,#17458,.T.);
#17456 = VERTEX_POINT('',#17457);
#17457 = CARTESIAN_POINT('',(145.555,-91.875,0.));
#17458 = CIRCLE('',#17459,0.5);
#17459 = AXIS2_PLACEMENT_3D('',#17460,#17461,#17462);
#17460 = CARTESIAN_POINT('',(145.555,-91.375,0.));
#17461 = DIRECTION('',(-0.,0.,-1.));
#17462 = DIRECTION('',(-0.,-1.,0.));
#17463 = FACE_BOUND('',#17464,.F.);
#17464 = EDGE_LOOP('',(#17465));
#17465 = ORIENTED_EDGE('',*,*,#17466,.T.);
#17466 = EDGE_CURVE('',#17467,#17467,#17469,.T.);
#17467 = VERTEX_POINT('',#17468);
#17468 = CARTESIAN_POINT('',(151.7925,-94.975,0.));
#17469 = CIRCLE('',#17470,1.1);
#17470 = AXIS2_PLACEMENT_3D('',#17471,#17472,#17473);
#17471 = CARTESIAN_POINT('',(151.7925,-93.875,0.));
#17472 = DIRECTION('',(-0.,0.,-1.));
#17473 = DIRECTION('',(-2.5837917664E-14,-1.,0.));
#17474 = FACE_BOUND('',#17475,.F.);
#17475 = EDGE_LOOP('',(#17476));
#17476 = ORIENTED_EDGE('',*,*,#17477,.T.);
#17477 = EDGE_CURVE('',#17478,#17478,#17480,.T.);
#17478 = VERTEX_POINT('',#17479);
#17479 = CARTESIAN_POINT('',(134.495,-79.92,0.));
#17480 = CIRCLE('',#17481,0.595);
#17481 = AXIS2_PLACEMENT_3D('',#17482,#17483,#17484);
#17482 = CARTESIAN_POINT('',(134.495,-79.325,0.));
#17483 = DIRECTION('',(-0.,0.,-1.));
#17484 = DIRECTION('',(-0.,-1.,0.));
#17485 = FACE_BOUND('',#17486,.F.);
#17486 = EDGE_LOOP('',(#17487));
#17487 = ORIENTED_EDGE('',*,*,#17488,.T.);
#17488 = EDGE_CURVE('',#17489,#17489,#17491,.T.);
#17489 = VERTEX_POINT('',#17490);
#17490 = CARTESIAN_POINT('',(137.035,-79.92,0.));
#17491 = CIRCLE('',#17492,0.595);
#17492 = AXIS2_PLACEMENT_3D('',#17493,#17494,#17495);
#17493 = CARTESIAN_POINT('',(137.035,-79.325,0.));
#17494 = DIRECTION('',(-0.,0.,-1.));
#17495 = DIRECTION('',(-0.,-1.,0.));
#17496 = FACE_BOUND('',#17497,.F.);
#17497 = EDGE_LOOP('',(#17498,#17509,#17517,#17526));
#17498 = ORIENTED_EDGE('',*,*,#17499,.T.);
#17499 = EDGE_CURVE('',#17500,#17502,#17504,.T.);
#17500 = VERTEX_POINT('',#17501);
#17501 = CARTESIAN_POINT('',(139.205,-87.525,0.));
#17502 = VERTEX_POINT('',#17503);
#17503 = CARTESIAN_POINT('',(139.205,-89.025,0.));
#17504 = CIRCLE('',#17505,0.75);
#17505 = AXIS2_PLACEMENT_3D('',#17506,#17507,#17508);
#17506 = CARTESIAN_POINT('',(139.205,-88.275,0.));
#17507 = DIRECTION('',(-0.,0.,-1.));
#17508 = DIRECTION('',(-0.,-1.,0.));
#17509 = ORIENTED_EDGE('',*,*,#17510,.T.);
#17510 = EDGE_CURVE('',#17502,#17511,#17513,.T.);
#17511 = VERTEX_POINT('',#17512);
#17512 = CARTESIAN_POINT('',(137.905,-89.025,0.));
#17513 = LINE('',#17514,#17515);
#17514 = CARTESIAN_POINT('',(68.9525,-89.025,0.));
#17515 = VECTOR('',#17516,1.);
#17516 = DIRECTION('',(-1.,0.,0.));
#17517 = ORIENTED_EDGE('',*,*,#17518,.T.);
#17518 = EDGE_CURVE('',#17511,#17519,#17521,.T.);
#17519 = VERTEX_POINT('',#17520);
#17520 = CARTESIAN_POINT('',(137.905,-87.525,0.));
#17521 = CIRCLE('',#17522,0.75);
#17522 = AXIS2_PLACEMENT_3D('',#17523,#17524,#17525);
#17523 = CARTESIAN_POINT('',(137.905,-88.275,0.));
#17524 = DIRECTION('',(-0.,0.,-1.));
#17525 = DIRECTION('',(0.,1.,0.));
#17526 = ORIENTED_EDGE('',*,*,#17527,.T.);
#17527 = EDGE_CURVE('',#17519,#17500,#17528,.T.);
#17528 = LINE('',#17529,#17530);
#17529 = CARTESIAN_POINT('',(69.6025,-87.525,0.));
#17530 = VECTOR('',#17531,1.);
#17531 = DIRECTION('',(1.,0.,-0.));
#17532 = FACE_BOUND('',#17533,.F.);
#17533 = EDGE_LOOP('',(#17534));
#17534 = ORIENTED_EDGE('',*,*,#17535,.T.);
#17535 = EDGE_CURVE('',#17536,#17536,#17538,.T.);
#17536 = VERTEX_POINT('',#17537);
#17537 = CARTESIAN_POINT('',(139.575,-79.92,0.));
#17538 = CIRCLE('',#17539,0.595);
#17539 = AXIS2_PLACEMENT_3D('',#17540,#17541,#17542);
#17540 = CARTESIAN_POINT('',(139.575,-79.325,0.));
#17541 = DIRECTION('',(-0.,0.,-1.));
#17542 = DIRECTION('',(-0.,-1.,0.));
#17543 = FACE_BOUND('',#17544,.F.);
#17544 = EDGE_LOOP('',(#17545));
#17545 = ORIENTED_EDGE('',*,*,#17546,.T.);
#17546 = EDGE_CURVE('',#17547,#17547,#17549,.T.);
#17547 = VERTEX_POINT('',#17548);
#17548 = CARTESIAN_POINT('',(142.115,-79.92,0.));
#17549 = CIRCLE('',#17550,0.595);
#17550 = AXIS2_PLACEMENT_3D('',#17551,#17552,#17553);
#17551 = CARTESIAN_POINT('',(142.115,-79.325,0.));
#17552 = DIRECTION('',(-0.,0.,-1.));
#17553 = DIRECTION('',(-0.,-1.,0.));
#17554 = PLANE('',#17555);
#17555 = AXIS2_PLACEMENT_3D('',#17556,#17557,#17558);
#17556 = CARTESIAN_POINT('',(0.,0.,0.));
#17557 = DIRECTION('',(0.,0.,1.));
#17558 = DIRECTION('',(1.,0.,-0.));
#17559 = ADVANCED_FACE('',(#17560,#17571,#17582,#17593,#17604,#17615,
    #17651,#17662,#17673,#17684,#17695,#17706,#17742,#17753),#17764,.T.
  );
#17560 = FACE_BOUND('',#17561,.T.);
#17561 = EDGE_LOOP('',(#17562,#17563,#17564,#17570));
#17562 = ORIENTED_EDGE('',*,*,#17261,.F.);
#17563 = ORIENTED_EDGE('',*,*,#17301,.F.);
#17564 = ORIENTED_EDGE('',*,*,#17565,.F.);
#17565 = EDGE_CURVE('',#17324,#17294,#17566,.T.);
#17566 = LINE('',#17567,#17568);
#17567 = CARTESIAN_POINT('',(121.2925,-75.5,1.51));
#17568 = VECTOR('',#17569,1.);
#17569 = DIRECTION('',(1.,0.,0.));
#17570 = ORIENTED_EDGE('',*,*,#17323,.F.);
#17571 = FACE_BOUND('',#17572,.T.);
#17572 = EDGE_LOOP('',(#17573));
#17573 = ORIENTED_EDGE('',*,*,#17574,.T.);
#17574 = EDGE_CURVE('',#17575,#17575,#17577,.T.);
#17575 = VERTEX_POINT('',#17576);
#17576 = CARTESIAN_POINT('',(131.055,-96.875,1.51));
#17577 = CIRCLE('',#17578,0.5);
#17578 = AXIS2_PLACEMENT_3D('',#17579,#17580,#17581);
#17579 = CARTESIAN_POINT('',(131.055,-96.375,1.51));
#17580 = DIRECTION('',(-0.,0.,-1.));
#17581 = DIRECTION('',(-0.,-1.,0.));
#17582 = FACE_BOUND('',#17583,.T.);
#17583 = EDGE_LOOP('',(#17584));
#17584 = ORIENTED_EDGE('',*,*,#17585,.T.);
#17585 = EDGE_CURVE('',#17586,#17586,#17588,.T.);
#17586 = VERTEX_POINT('',#17587);
#17587 = CARTESIAN_POINT('',(124.7925,-94.975,1.51));
#17588 = CIRCLE('',#17589,1.1);
#17589 = AXIS2_PLACEMENT_3D('',#17590,#17591,#17592);
#17590 = CARTESIAN_POINT('',(124.7925,-93.875,1.51));
#17591 = DIRECTION('',(-0.,0.,-1.));
#17592 = DIRECTION('',(1.2918958832E-14,-1.,-0.));
#17593 = FACE_BOUND('',#17594,.T.);
#17594 = EDGE_LOOP('',(#17595));
#17595 = ORIENTED_EDGE('',*,*,#17596,.T.);
#17596 = EDGE_CURVE('',#17597,#17597,#17599,.T.);
#17597 = VERTEX_POINT('',#17598);
#17598 = CARTESIAN_POINT('',(131.055,-94.375,1.51));
#17599 = CIRCLE('',#17600,0.5);
#17600 = AXIS2_PLACEMENT_3D('',#17601,#17602,#17603);
#17601 = CARTESIAN_POINT('',(131.055,-93.875,1.51));
#17602 = DIRECTION('',(-0.,0.,-1.));
#17603 = DIRECTION('',(-0.,-1.,0.));
#17604 = FACE_BOUND('',#17605,.T.);
#17605 = EDGE_LOOP('',(#17606));
#17606 = ORIENTED_EDGE('',*,*,#17607,.T.);
#17607 = EDGE_CURVE('',#17608,#17608,#17610,.T.);
#17608 = VERTEX_POINT('',#17609);
#17609 = CARTESIAN_POINT('',(131.055,-91.875,1.51));
#17610 = CIRCLE('',#17611,0.5);
#17611 = AXIS2_PLACEMENT_3D('',#17612,#17613,#17614);
#17612 = CARTESIAN_POINT('',(131.055,-91.375,1.51));
#17613 = DIRECTION('',(-0.,0.,-1.));
#17614 = DIRECTION('',(-0.,-1.,0.));
#17615 = FACE_BOUND('',#17616,.T.);
#17616 = EDGE_LOOP('',(#17617,#17628,#17636,#17645));
#17617 = ORIENTED_EDGE('',*,*,#17618,.T.);
#17618 = EDGE_CURVE('',#17619,#17621,#17623,.T.);
#17619 = VERTEX_POINT('',#17620);
#17620 = CARTESIAN_POINT('',(139.205,-98.725,1.51));
#17621 = VERTEX_POINT('',#17622);
#17622 = CARTESIAN_POINT('',(139.205,-100.225,1.51));
#17623 = CIRCLE('',#17624,0.75);
#17624 = AXIS2_PLACEMENT_3D('',#17625,#17626,#17627);
#17625 = CARTESIAN_POINT('',(139.205,-99.475,1.51));
#17626 = DIRECTION('',(-0.,0.,-1.));
#17627 = DIRECTION('',(-0.,-1.,0.));
#17628 = ORIENTED_EDGE('',*,*,#17629,.T.);
#17629 = EDGE_CURVE('',#17621,#17630,#17632,.T.);
#17630 = VERTEX_POINT('',#17631);
#17631 = CARTESIAN_POINT('',(137.905,-100.225,1.51));
#17632 = LINE('',#17633,#17634);
#17633 = CARTESIAN_POINT('',(68.9525,-100.225,1.51));
#17634 = VECTOR('',#17635,1.);
#17635 = DIRECTION('',(-1.,0.,0.));
#17636 = ORIENTED_EDGE('',*,*,#17637,.T.);
#17637 = EDGE_CURVE('',#17630,#17638,#17640,.T.);
#17638 = VERTEX_POINT('',#17639);
#17639 = CARTESIAN_POINT('',(137.905,-98.725,1.51));
#17640 = CIRCLE('',#17641,0.75);
#17641 = AXIS2_PLACEMENT_3D('',#17642,#17643,#17644);
#17642 = CARTESIAN_POINT('',(137.905,-99.475,1.51));
#17643 = DIRECTION('',(-0.,0.,-1.));
#17644 = DIRECTION('',(0.,1.,0.));
#17645 = ORIENTED_EDGE('',*,*,#17646,.T.);
#17646 = EDGE_CURVE('',#17638,#17619,#17647,.T.);
#17647 = LINE('',#17648,#17649);
#17648 = CARTESIAN_POINT('',(69.6025,-98.725,1.51));
#17649 = VECTOR('',#17650,1.);
#17650 = DIRECTION('',(1.,0.,-0.));
#17651 = FACE_BOUND('',#17652,.T.);
#17652 = EDGE_LOOP('',(#17653));
#17653 = ORIENTED_EDGE('',*,*,#17654,.T.);
#17654 = EDGE_CURVE('',#17655,#17655,#17657,.T.);
#17655 = VERTEX_POINT('',#17656);
#17656 = CARTESIAN_POINT('',(145.555,-96.875,1.51));
#17657 = CIRCLE('',#17658,0.5);
#17658 = AXIS2_PLACEMENT_3D('',#17659,#17660,#17661);
#17659 = CARTESIAN_POINT('',(145.555,-96.375,1.51));
#17660 = DIRECTION('',(-0.,0.,-1.));
#17661 = DIRECTION('',(-0.,-1.,0.));
#17662 = FACE_BOUND('',#17663,.T.);
#17663 = EDGE_LOOP('',(#17664));
#17664 = ORIENTED_EDGE('',*,*,#17665,.T.);
#17665 = EDGE_CURVE('',#17666,#17666,#17668,.T.);
#17666 = VERTEX_POINT('',#17667);
#17667 = CARTESIAN_POINT('',(145.555,-91.875,1.51));
#17668 = CIRCLE('',#17669,0.5);
#17669 = AXIS2_PLACEMENT_3D('',#17670,#17671,#17672);
#17670 = CARTESIAN_POINT('',(145.555,-91.375,1.51));
#17671 = DIRECTION('',(-0.,0.,-1.));
#17672 = DIRECTION('',(-0.,-1.,0.));
#17673 = FACE_BOUND('',#17674,.T.);
#17674 = EDGE_LOOP('',(#17675));
#17675 = ORIENTED_EDGE('',*,*,#17676,.T.);
#17676 = EDGE_CURVE('',#17677,#17677,#17679,.T.);
#17677 = VERTEX_POINT('',#17678);
#17678 = CARTESIAN_POINT('',(151.7925,-94.975,1.51));
#17679 = CIRCLE('',#17680,1.1);
#17680 = AXIS2_PLACEMENT_3D('',#17681,#17682,#17683);
#17681 = CARTESIAN_POINT('',(151.7925,-93.875,1.51));
#17682 = DIRECTION('',(-0.,0.,-1.));
#17683 = DIRECTION('',(-2.5837917664E-14,-1.,0.));
#17684 = FACE_BOUND('',#17685,.T.);
#17685 = EDGE_LOOP('',(#17686));
#17686 = ORIENTED_EDGE('',*,*,#17687,.T.);
#17687 = EDGE_CURVE('',#17688,#17688,#17690,.T.);
#17688 = VERTEX_POINT('',#17689);
#17689 = CARTESIAN_POINT('',(134.495,-79.92,1.51));
#17690 = CIRCLE('',#17691,0.595);
#17691 = AXIS2_PLACEMENT_3D('',#17692,#17693,#17694);
#17692 = CARTESIAN_POINT('',(134.495,-79.325,1.51));
#17693 = DIRECTION('',(-0.,0.,-1.));
#17694 = DIRECTION('',(-0.,-1.,0.));
#17695 = FACE_BOUND('',#17696,.T.);
#17696 = EDGE_LOOP('',(#17697));
#17697 = ORIENTED_EDGE('',*,*,#17698,.T.);
#17698 = EDGE_CURVE('',#17699,#17699,#17701,.T.);
#17699 = VERTEX_POINT('',#17700);
#17700 = CARTESIAN_POINT('',(137.035,-79.92,1.51));
#17701 = CIRCLE('',#17702,0.595);
#17702 = AXIS2_PLACEMENT_3D('',#17703,#17704,#17705);
#17703 = CARTESIAN_POINT('',(137.035,-79.325,1.51));
#17704 = DIRECTION('',(-0.,0.,-1.));
#17705 = DIRECTION('',(-0.,-1.,0.));
#17706 = FACE_BOUND('',#17707,.T.);
#17707 = EDGE_LOOP('',(#17708,#17719,#17727,#17736));
#17708 = ORIENTED_EDGE('',*,*,#17709,.T.);
#17709 = EDGE_CURVE('',#17710,#17712,#17714,.T.);
#17710 = VERTEX_POINT('',#17711);
#17711 = CARTESIAN_POINT('',(139.205,-87.525,1.51));
#17712 = VERTEX_POINT('',#17713);
#17713 = CARTESIAN_POINT('',(139.205,-89.025,1.51));
#17714 = CIRCLE('',#17715,0.75);
#17715 = AXIS2_PLACEMENT_3D('',#17716,#17717,#17718);
#17716 = CARTESIAN_POINT('',(139.205,-88.275,1.51));
#17717 = DIRECTION('',(-0.,0.,-1.));
#17718 = DIRECTION('',(-0.,-1.,0.));
#17719 = ORIENTED_EDGE('',*,*,#17720,.T.);
#17720 = EDGE_CURVE('',#17712,#17721,#17723,.T.);
#17721 = VERTEX_POINT('',#17722);
#17722 = CARTESIAN_POINT('',(137.905,-89.025,1.51));
#17723 = LINE('',#17724,#17725);
#17724 = CARTESIAN_POINT('',(68.9525,-89.025,1.51));
#17725 = VECTOR('',#17726,1.);
#17726 = DIRECTION('',(-1.,0.,0.));
#17727 = ORIENTED_EDGE('',*,*,#17728,.T.);
#17728 = EDGE_CURVE('',#17721,#17729,#17731,.T.);
#17729 = VERTEX_POINT('',#17730);
#17730 = CARTESIAN_POINT('',(137.905,-87.525,1.51));
#17731 = CIRCLE('',#17732,0.75);
#17732 = AXIS2_PLACEMENT_3D('',#17733,#17734,#17735);
#17733 = CARTESIAN_POINT('',(137.905,-88.275,1.51));
#17734 = DIRECTION('',(-0.,0.,-1.));
#17735 = DIRECTION('',(0.,1.,0.));
#17736 = ORIENTED_EDGE('',*,*,#17737,.T.);
#17737 = EDGE_CURVE('',#17729,#17710,#17738,.T.);
#17738 = LINE('',#17739,#17740);
#17739 = CARTESIAN_POINT('',(69.6025,-87.525,1.51));
#17740 = VECTOR('',#17741,1.);
#17741 = DIRECTION('',(1.,0.,-0.));
#17742 = FACE_BOUND('',#17743,.T.);
#17743 = EDGE_LOOP('',(#17744));
#17744 = ORIENTED_EDGE('',*,*,#17745,.T.);
#17745 = EDGE_CURVE('',#17746,#17746,#17748,.T.);
#17746 = VERTEX_POINT('',#17747);
#17747 = CARTESIAN_POINT('',(139.575,-79.92,1.51));
#17748 = CIRCLE('',#17749,0.595);
#17749 = AXIS2_PLACEMENT_3D('',#17750,#17751,#17752);
#17750 = CARTESIAN_POINT('',(139.575,-79.325,1.51));
#17751 = DIRECTION('',(-0.,0.,-1.));
#17752 = DIRECTION('',(-0.,-1.,0.));
#17753 = FACE_BOUND('',#17754,.T.);
#17754 = EDGE_LOOP('',(#17755));
#17755 = ORIENTED_EDGE('',*,*,#17756,.T.);
#17756 = EDGE_CURVE('',#17757,#17757,#17759,.T.);
#17757 = VERTEX_POINT('',#17758);
#17758 = CARTESIAN_POINT('',(142.115,-79.92,1.51));
#17759 = CIRCLE('',#17760,0.595);
#17760 = AXIS2_PLACEMENT_3D('',#17761,#17762,#17763);
#17761 = CARTESIAN_POINT('',(142.115,-79.325,1.51));
#17762 = DIRECTION('',(-0.,0.,-1.));
#17763 = DIRECTION('',(-0.,-1.,0.));
#17764 = PLANE('',#17765);
#17765 = AXIS2_PLACEMENT_3D('',#17766,#17767,#17768);
#17766 = CARTESIAN_POINT('',(0.,0.,1.51));
#17767 = DIRECTION('',(0.,0.,1.));
#17768 = DIRECTION('',(1.,0.,-0.));
#17769 = ADVANCED_FACE('',(#17770),#17776,.T.);
#17770 = FACE_BOUND('',#17771,.T.);
#17771 = EDGE_LOOP('',(#17772,#17773,#17774,#17775));
#17772 = ORIENTED_EDGE('',*,*,#17331,.T.);
#17773 = ORIENTED_EDGE('',*,*,#17565,.T.);
#17774 = ORIENTED_EDGE('',*,*,#17291,.F.);
#17775 = ORIENTED_EDGE('',*,*,#17355,.F.);
#17776 = PLANE('',#17777);
#17777 = AXIS2_PLACEMENT_3D('',#17778,#17779,#17780);
#17778 = CARTESIAN_POINT('',(121.2925,-75.5,0.));
#17779 = DIRECTION('',(0.,1.,0.));
#17780 = DIRECTION('',(1.,0.,0.));
#17781 = ADVANCED_FACE('',(#17782),#17793,.F.);
#17782 = FACE_BOUND('',#17783,.T.);
#17783 = EDGE_LOOP('',(#17784,#17785,#17791,#17792));
#17784 = ORIENTED_EDGE('',*,*,#17364,.T.);
#17785 = ORIENTED_EDGE('',*,*,#17786,.T.);
#17786 = EDGE_CURVE('',#17365,#17575,#17787,.T.);
#17787 = LINE('',#17788,#17789);
#17788 = CARTESIAN_POINT('',(131.055,-96.875,-4.6E-02));
#17789 = VECTOR('',#17790,1.);
#17790 = DIRECTION('',(0.,0.,1.));
#17791 = ORIENTED_EDGE('',*,*,#17574,.F.);
#17792 = ORIENTED_EDGE('',*,*,#17786,.F.);
#17793 = CYLINDRICAL_SURFACE('',#17794,0.5);
#17794 = AXIS2_PLACEMENT_3D('',#17795,#17796,#17797);
#17795 = CARTESIAN_POINT('',(131.055,-96.375,-4.6E-02));
#17796 = DIRECTION('',(-0.,-0.,-1.));
#17797 = DIRECTION('',(-0.,-1.,0.));
#17798 = ADVANCED_FACE('',(#17799),#17810,.F.);
#17799 = FACE_BOUND('',#17800,.T.);
#17800 = EDGE_LOOP('',(#17801,#17802,#17808,#17809));
#17801 = ORIENTED_EDGE('',*,*,#17375,.T.);
#17802 = ORIENTED_EDGE('',*,*,#17803,.T.);
#17803 = EDGE_CURVE('',#17376,#17586,#17804,.T.);
#17804 = LINE('',#17805,#17806);
#17805 = CARTESIAN_POINT('',(124.7925,-94.975,-4.6E-02));
#17806 = VECTOR('',#17807,1.);
#17807 = DIRECTION('',(0.,0.,1.));
#17808 = ORIENTED_EDGE('',*,*,#17585,.F.);
#17809 = ORIENTED_EDGE('',*,*,#17803,.F.);
#17810 = CYLINDRICAL_SURFACE('',#17811,1.1);
#17811 = AXIS2_PLACEMENT_3D('',#17812,#17813,#17814);
#17812 = CARTESIAN_POINT('',(124.7925,-93.875,-4.6E-02));
#17813 = DIRECTION('',(-0.,0.,-1.));
#17814 = DIRECTION('',(1.2918958832E-14,-1.,-0.));
#17815 = ADVANCED_FACE('',(#17816),#17827,.F.);
#17816 = FACE_BOUND('',#17817,.T.);
#17817 = EDGE_LOOP('',(#17818,#17819,#17825,#17826));
#17818 = ORIENTED_EDGE('',*,*,#17386,.T.);
#17819 = ORIENTED_EDGE('',*,*,#17820,.T.);
#17820 = EDGE_CURVE('',#17387,#17597,#17821,.T.);
#17821 = LINE('',#17822,#17823);
#17822 = CARTESIAN_POINT('',(131.055,-94.375,-4.6E-02));
#17823 = VECTOR('',#17824,1.);
#17824 = DIRECTION('',(0.,0.,1.));
#17825 = ORIENTED_EDGE('',*,*,#17596,.F.);
#17826 = ORIENTED_EDGE('',*,*,#17820,.F.);
#17827 = CYLINDRICAL_SURFACE('',#17828,0.5);
#17828 = AXIS2_PLACEMENT_3D('',#17829,#17830,#17831);
#17829 = CARTESIAN_POINT('',(131.055,-93.875,-4.6E-02));
#17830 = DIRECTION('',(-0.,-0.,-1.));
#17831 = DIRECTION('',(-0.,-1.,0.));
#17832 = ADVANCED_FACE('',(#17833),#17844,.F.);
#17833 = FACE_BOUND('',#17834,.T.);
#17834 = EDGE_LOOP('',(#17835,#17836,#17842,#17843));
#17835 = ORIENTED_EDGE('',*,*,#17397,.T.);
#17836 = ORIENTED_EDGE('',*,*,#17837,.T.);
#17837 = EDGE_CURVE('',#17398,#17608,#17838,.T.);
#17838 = LINE('',#17839,#17840);
#17839 = CARTESIAN_POINT('',(131.055,-91.875,-4.6E-02));
#17840 = VECTOR('',#17841,1.);
#17841 = DIRECTION('',(0.,0.,1.));
#17842 = ORIENTED_EDGE('',*,*,#17607,.F.);
#17843 = ORIENTED_EDGE('',*,*,#17837,.F.);
#17844 = CYLINDRICAL_SURFACE('',#17845,0.5);
#17845 = AXIS2_PLACEMENT_3D('',#17846,#17847,#17848);
#17846 = CARTESIAN_POINT('',(131.055,-91.375,-4.6E-02));
#17847 = DIRECTION('',(-0.,-0.,-1.));
#17848 = DIRECTION('',(-0.,-1.,0.));
#17849 = ADVANCED_FACE('',(#17850),#17866,.F.);
#17850 = FACE_BOUND('',#17851,.T.);
#17851 = EDGE_LOOP('',(#17852,#17853,#17859,#17860));
#17852 = ORIENTED_EDGE('',*,*,#17408,.T.);
#17853 = ORIENTED_EDGE('',*,*,#17854,.T.);
#17854 = EDGE_CURVE('',#17411,#17621,#17855,.T.);
#17855 = LINE('',#17856,#17857);
#17856 = CARTESIAN_POINT('',(139.205,-100.225,-4.6E-02));
#17857 = VECTOR('',#17858,1.);
#17858 = DIRECTION('',(0.,0.,1.));
#17859 = ORIENTED_EDGE('',*,*,#17618,.F.);
#17860 = ORIENTED_EDGE('',*,*,#17861,.F.);
#17861 = EDGE_CURVE('',#17409,#17619,#17862,.T.);
#17862 = LINE('',#17863,#17864);
#17863 = CARTESIAN_POINT('',(139.205,-98.725,-4.6E-02));
#17864 = VECTOR('',#17865,1.);
#17865 = DIRECTION('',(0.,0.,1.));
#17866 = CYLINDRICAL_SURFACE('',#17867,0.75);
#17867 = AXIS2_PLACEMENT_3D('',#17868,#17869,#17870);
#17868 = CARTESIAN_POINT('',(139.205,-99.475,-4.6E-02));
#17869 = DIRECTION('',(-0.,-0.,-1.));
#17870 = DIRECTION('',(-0.,-1.,0.));
#17871 = ADVANCED_FACE('',(#17872),#17883,.T.);
#17872 = FACE_BOUND('',#17873,.T.);
#17873 = EDGE_LOOP('',(#17874,#17875,#17876,#17877));
#17874 = ORIENTED_EDGE('',*,*,#17436,.T.);
#17875 = ORIENTED_EDGE('',*,*,#17861,.T.);
#17876 = ORIENTED_EDGE('',*,*,#17646,.F.);
#17877 = ORIENTED_EDGE('',*,*,#17878,.F.);
#17878 = EDGE_CURVE('',#17428,#17638,#17879,.T.);
#17879 = LINE('',#17880,#17881);
#17880 = CARTESIAN_POINT('',(137.905,-98.725,-4.6E-02));
#17881 = VECTOR('',#17882,1.);
#17882 = DIRECTION('',(0.,0.,1.));
#17883 = PLANE('',#17884);
#17884 = AXIS2_PLACEMENT_3D('',#17885,#17886,#17887);
#17885 = CARTESIAN_POINT('',(139.205,-98.725,-4.6E-02));
#17886 = DIRECTION('',(0.,-1.,0.));
#17887 = DIRECTION('',(-1.,0.,0.));
#17888 = ADVANCED_FACE('',(#17889),#17900,.F.);
#17889 = FACE_BOUND('',#17890,.T.);
#17890 = EDGE_LOOP('',(#17891,#17892,#17893,#17894));
#17891 = ORIENTED_EDGE('',*,*,#17427,.T.);
#17892 = ORIENTED_EDGE('',*,*,#17878,.T.);
#17893 = ORIENTED_EDGE('',*,*,#17637,.F.);
#17894 = ORIENTED_EDGE('',*,*,#17895,.F.);
#17895 = EDGE_CURVE('',#17420,#17630,#17896,.T.);
#17896 = LINE('',#17897,#17898);
#17897 = CARTESIAN_POINT('',(137.905,-100.225,-4.6E-02));
#17898 = VECTOR('',#17899,1.);
#17899 = DIRECTION('',(0.,0.,1.));
#17900 = CYLINDRICAL_SURFACE('',#17901,0.75);
#17901 = AXIS2_PLACEMENT_3D('',#17902,#17903,#17904);
#17902 = CARTESIAN_POINT('',(137.905,-99.475,-4.6E-02));
#17903 = DIRECTION('',(-0.,0.,-1.));
#17904 = DIRECTION('',(0.,1.,0.));
#17905 = ADVANCED_FACE('',(#17906),#17912,.T.);
#17906 = FACE_BOUND('',#17907,.T.);
#17907 = EDGE_LOOP('',(#17908,#17909,#17910,#17911));
#17908 = ORIENTED_EDGE('',*,*,#17419,.T.);
#17909 = ORIENTED_EDGE('',*,*,#17895,.T.);
#17910 = ORIENTED_EDGE('',*,*,#17629,.F.);
#17911 = ORIENTED_EDGE('',*,*,#17854,.F.);
#17912 = PLANE('',#17913);
#17913 = AXIS2_PLACEMENT_3D('',#17914,#17915,#17916);
#17914 = CARTESIAN_POINT('',(137.905,-100.225,-4.6E-02));
#17915 = DIRECTION('',(0.,1.,0.));
#17916 = DIRECTION('',(1.,0.,0.));
#17917 = ADVANCED_FACE('',(#17918),#17929,.F.);
#17918 = FACE_BOUND('',#17919,.T.);
#17919 = EDGE_LOOP('',(#17920,#17921,#17927,#17928));
#17920 = ORIENTED_EDGE('',*,*,#17444,.T.);
#17921 = ORIENTED_EDGE('',*,*,#17922,.T.);
#17922 = EDGE_CURVE('',#17445,#17655,#17923,.T.);
#17923 = LINE('',#17924,#17925);
#17924 = CARTESIAN_POINT('',(145.555,-96.875,-4.6E-02));
#17925 = VECTOR('',#17926,1.);
#17926 = DIRECTION('',(0.,0.,1.));
#17927 = ORIENTED_EDGE('',*,*,#17654,.F.);
#17928 = ORIENTED_EDGE('',*,*,#17922,.F.);
#17929 = CYLINDRICAL_SURFACE('',#17930,0.5);
#17930 = AXIS2_PLACEMENT_3D('',#17931,#17932,#17933);
#17931 = CARTESIAN_POINT('',(145.555,-96.375,-4.6E-02));
#17932 = DIRECTION('',(-0.,-0.,-1.));
#17933 = DIRECTION('',(-0.,-1.,0.));
#17934 = ADVANCED_FACE('',(#17935),#17946,.F.);
#17935 = FACE_BOUND('',#17936,.T.);
#17936 = EDGE_LOOP('',(#17937,#17938,#17944,#17945));
#17937 = ORIENTED_EDGE('',*,*,#17455,.T.);
#17938 = ORIENTED_EDGE('',*,*,#17939,.T.);
#17939 = EDGE_CURVE('',#17456,#17666,#17940,.T.);
#17940 = LINE('',#17941,#17942);
#17941 = CARTESIAN_POINT('',(145.555,-91.875,-4.6E-02));
#17942 = VECTOR('',#17943,1.);
#17943 = DIRECTION('',(0.,0.,1.));
#17944 = ORIENTED_EDGE('',*,*,#17665,.F.);
#17945 = ORIENTED_EDGE('',*,*,#17939,.F.);
#17946 = CYLINDRICAL_SURFACE('',#17947,0.5);
#17947 = AXIS2_PLACEMENT_3D('',#17948,#17949,#17950);
#17948 = CARTESIAN_POINT('',(145.555,-91.375,-4.6E-02));
#17949 = DIRECTION('',(-0.,-0.,-1.));
#17950 = DIRECTION('',(-0.,-1.,0.));
#17951 = ADVANCED_FACE('',(#17952),#17963,.F.);
#17952 = FACE_BOUND('',#17953,.T.);
#17953 = EDGE_LOOP('',(#17954,#17955,#17961,#17962));
#17954 = ORIENTED_EDGE('',*,*,#17466,.T.);
#17955 = ORIENTED_EDGE('',*,*,#17956,.T.);
#17956 = EDGE_CURVE('',#17467,#17677,#17957,.T.);
#17957 = LINE('',#17958,#17959);
#17958 = CARTESIAN_POINT('',(151.7925,-94.975,-4.6E-02));
#17959 = VECTOR('',#17960,1.);
#17960 = DIRECTION('',(0.,0.,1.));
#17961 = ORIENTED_EDGE('',*,*,#17676,.F.);
#17962 = ORIENTED_EDGE('',*,*,#17956,.F.);
#17963 = CYLINDRICAL_SURFACE('',#17964,1.1);
#17964 = AXIS2_PLACEMENT_3D('',#17965,#17966,#17967);
#17965 = CARTESIAN_POINT('',(151.7925,-93.875,-4.6E-02));
#17966 = DIRECTION('',(-0.,-0.,-1.));
#17967 = DIRECTION('',(-2.5837917664E-14,-1.,0.));
#17968 = ADVANCED_FACE('',(#17969),#17980,.F.);
#17969 = FACE_BOUND('',#17970,.T.);
#17970 = EDGE_LOOP('',(#17971,#17972,#17978,#17979));
#17971 = ORIENTED_EDGE('',*,*,#17477,.T.);
#17972 = ORIENTED_EDGE('',*,*,#17973,.T.);
#17973 = EDGE_CURVE('',#17478,#17688,#17974,.T.);
#17974 = LINE('',#17975,#17976);
#17975 = CARTESIAN_POINT('',(134.495,-79.92,-4.6E-02));
#17976 = VECTOR('',#17977,1.);
#17977 = DIRECTION('',(0.,0.,1.));
#17978 = ORIENTED_EDGE('',*,*,#17687,.F.);
#17979 = ORIENTED_EDGE('',*,*,#17973,.F.);
#17980 = CYLINDRICAL_SURFACE('',#17981,0.595);
#17981 = AXIS2_PLACEMENT_3D('',#17982,#17983,#17984);
#17982 = CARTESIAN_POINT('',(134.495,-79.325,-4.6E-02));
#17983 = DIRECTION('',(-0.,-0.,-1.));
#17984 = DIRECTION('',(-0.,-1.,0.));
#17985 = ADVANCED_FACE('',(#17986),#17997,.F.);
#17986 = FACE_BOUND('',#17987,.T.);
#17987 = EDGE_LOOP('',(#17988,#17989,#17995,#17996));
#17988 = ORIENTED_EDGE('',*,*,#17488,.T.);
#17989 = ORIENTED_EDGE('',*,*,#17990,.T.);
#17990 = EDGE_CURVE('',#17489,#17699,#17991,.T.);
#17991 = LINE('',#17992,#17993);
#17992 = CARTESIAN_POINT('',(137.035,-79.92,-4.6E-02));
#17993 = VECTOR('',#17994,1.);
#17994 = DIRECTION('',(0.,0.,1.));
#17995 = ORIENTED_EDGE('',*,*,#17698,.F.);
#17996 = ORIENTED_EDGE('',*,*,#17990,.F.);
#17997 = CYLINDRICAL_SURFACE('',#17998,0.595);
#17998 = AXIS2_PLACEMENT_3D('',#17999,#18000,#18001);
#17999 = CARTESIAN_POINT('',(137.035,-79.325,-4.6E-02));
#18000 = DIRECTION('',(-0.,-0.,-1.));
#18001 = DIRECTION('',(-0.,-1.,0.));
#18002 = ADVANCED_FACE('',(#18003),#18019,.F.);
#18003 = FACE_BOUND('',#18004,.T.);
#18004 = EDGE_LOOP('',(#18005,#18006,#18012,#18013));
#18005 = ORIENTED_EDGE('',*,*,#17499,.T.);
#18006 = ORIENTED_EDGE('',*,*,#18007,.T.);
#18007 = EDGE_CURVE('',#17502,#17712,#18008,.T.);
#18008 = LINE('',#18009,#18010);
#18009 = CARTESIAN_POINT('',(139.205,-89.025,-4.6E-02));
#18010 = VECTOR('',#18011,1.);
#18011 = DIRECTION('',(0.,0.,1.));
#18012 = ORIENTED_EDGE('',*,*,#17709,.F.);
#18013 = ORIENTED_EDGE('',*,*,#18014,.F.);
#18014 = EDGE_CURVE('',#17500,#17710,#18015,.T.);
#18015 = LINE('',#18016,#18017);
#18016 = CARTESIAN_POINT('',(139.205,-87.525,-4.6E-02));
#18017 = VECTOR('',#18018,1.);
#18018 = DIRECTION('',(0.,0.,1.));
#18019 = CYLINDRICAL_SURFACE('',#18020,0.75);
#18020 = AXIS2_PLACEMENT_3D('',#18021,#18022,#18023);
#18021 = CARTESIAN_POINT('',(139.205,-88.275,-4.6E-02));
#18022 = DIRECTION('',(-0.,-0.,-1.));
#18023 = DIRECTION('',(-0.,-1.,0.));
#18024 = ADVANCED_FACE('',(#18025),#18036,.T.);
#18025 = FACE_BOUND('',#18026,.T.);
#18026 = EDGE_LOOP('',(#18027,#18028,#18029,#18030));
#18027 = ORIENTED_EDGE('',*,*,#17527,.T.);
#18028 = ORIENTED_EDGE('',*,*,#18014,.T.);
#18029 = ORIENTED_EDGE('',*,*,#17737,.F.);
#18030 = ORIENTED_EDGE('',*,*,#18031,.F.);
#18031 = EDGE_CURVE('',#17519,#17729,#18032,.T.);
#18032 = LINE('',#18033,#18034);
#18033 = CARTESIAN_POINT('',(137.905,-87.525,-4.6E-02));
#18034 = VECTOR('',#18035,1.);
#18035 = DIRECTION('',(0.,0.,1.));
#18036 = PLANE('',#18037);
#18037 = AXIS2_PLACEMENT_3D('',#18038,#18039,#18040);
#18038 = CARTESIAN_POINT('',(139.205,-87.525,-4.6E-02));
#18039 = DIRECTION('',(0.,-1.,0.));
#18040 = DIRECTION('',(-1.,0.,0.));
#18041 = ADVANCED_FACE('',(#18042),#18053,.F.);
#18042 = FACE_BOUND('',#18043,.T.);
#18043 = EDGE_LOOP('',(#18044,#18045,#18046,#18047));
#18044 = ORIENTED_EDGE('',*,*,#17518,.T.);
#18045 = ORIENTED_EDGE('',*,*,#18031,.T.);
#18046 = ORIENTED_EDGE('',*,*,#17728,.F.);
#18047 = ORIENTED_EDGE('',*,*,#18048,.F.);
#18048 = EDGE_CURVE('',#17511,#17721,#18049,.T.);
#18049 = LINE('',#18050,#18051);
#18050 = CARTESIAN_POINT('',(137.905,-89.025,-4.6E-02));
#18051 = VECTOR('',#18052,1.);
#18052 = DIRECTION('',(0.,0.,1.));
#18053 = CYLINDRICAL_SURFACE('',#18054,0.75);
#18054 = AXIS2_PLACEMENT_3D('',#18055,#18056,#18057);
#18055 = CARTESIAN_POINT('',(137.905,-88.275,-4.6E-02));
#18056 = DIRECTION('',(-0.,0.,-1.));
#18057 = DIRECTION('',(0.,1.,0.));
#18058 = ADVANCED_FACE('',(#18059),#18065,.T.);
#18059 = FACE_BOUND('',#18060,.T.);
#18060 = EDGE_LOOP('',(#18061,#18062,#18063,#18064));
#18061 = ORIENTED_EDGE('',*,*,#17510,.T.);
#18062 = ORIENTED_EDGE('',*,*,#18048,.T.);
#18063 = ORIENTED_EDGE('',*,*,#17720,.F.);
#18064 = ORIENTED_EDGE('',*,*,#18007,.F.);
#18065 = PLANE('',#18066);
#18066 = AXIS2_PLACEMENT_3D('',#18067,#18068,#18069);
#18067 = CARTESIAN_POINT('',(137.905,-89.025,-4.6E-02));
#18068 = DIRECTION('',(0.,1.,0.));
#18069 = DIRECTION('',(1.,0.,0.));
#18070 = ADVANCED_FACE('',(#18071),#18082,.F.);
#18071 = FACE_BOUND('',#18072,.T.);
#18072 = EDGE_LOOP('',(#18073,#18074,#18080,#18081));
#18073 = ORIENTED_EDGE('',*,*,#17535,.T.);
#18074 = ORIENTED_EDGE('',*,*,#18075,.T.);
#18075 = EDGE_CURVE('',#17536,#17746,#18076,.T.);
#18076 = LINE('',#18077,#18078);
#18077 = CARTESIAN_POINT('',(139.575,-79.92,-4.6E-02));
#18078 = VECTOR('',#18079,1.);
#18079 = DIRECTION('',(0.,0.,1.));
#18080 = ORIENTED_EDGE('',*,*,#17745,.F.);
#18081 = ORIENTED_EDGE('',*,*,#18075,.F.);
#18082 = CYLINDRICAL_SURFACE('',#18083,0.595);
#18083 = AXIS2_PLACEMENT_3D('',#18084,#18085,#18086);
#18084 = CARTESIAN_POINT('',(139.575,-79.325,-4.6E-02));
#18085 = DIRECTION('',(-0.,-0.,-1.));
#18086 = DIRECTION('',(-0.,-1.,0.));
#18087 = ADVANCED_FACE('',(#18088),#18099,.F.);
#18088 = FACE_BOUND('',#18089,.T.);
#18089 = EDGE_LOOP('',(#18090,#18091,#18097,#18098));
#18090 = ORIENTED_EDGE('',*,*,#17546,.T.);
#18091 = ORIENTED_EDGE('',*,*,#18092,.T.);
#18092 = EDGE_CURVE('',#17547,#17757,#18093,.T.);
#18093 = LINE('',#18094,#18095);
#18094 = CARTESIAN_POINT('',(142.115,-79.92,-4.6E-02));
#18095 = VECTOR('',#18096,1.);
#18096 = DIRECTION('',(0.,0.,1.));
#18097 = ORIENTED_EDGE('',*,*,#17756,.F.);
#18098 = ORIENTED_EDGE('',*,*,#18092,.F.);
#18099 = CYLINDRICAL_SURFACE('',#18100,0.595);
#18100 = AXIS2_PLACEMENT_3D('',#18101,#18102,#18103);
#18101 = CARTESIAN_POINT('',(142.115,-79.325,-4.6E-02));
#18102 = DIRECTION('',(-0.,-0.,-1.));
#18103 = DIRECTION('',(-0.,-1.,0.));
#18104 = ( GEOMETRIC_REPRESENTATION_CONTEXT(3) 
GLOBAL_UNCERTAINTY_ASSIGNED_CONTEXT((#18108)) 
GLOBAL_UNIT_ASSIGNED_CONTEXT((#18105,#18106,#18107)) 
REPRESENTATION_CONTEXT('Context #1',
  '3D Context with UNIT and UNCERTAINTY') );
#18105 = ( LENGTH_UNIT() NAMED_UNIT(*) SI_UNIT(.MILLI.,.METRE.) );
#18106 = ( NAMED_UNIT(*) PLANE_ANGLE_UNIT() SI_UNIT($,.RADIAN.) );
#18107 = ( NAMED_UNIT(*) SI_UNIT($,.STERADIAN.) SOLID_ANGLE_UNIT() );
#18108 = UNCERTAINTY_MEASURE_WITH_UNIT(LENGTH_MEASURE(1.E-07),#18105,
  'distance_accuracy_value','confusion accuracy');
#18109 = CONTEXT_DEPENDENT_SHAPE_REPRESENTATION(#18110,#18112);
#18110 = ( REPRESENTATION_RELATIONSHIP('','',#17244,#10) 
REPRESENTATION_RELATIONSHIP_WITH_TRANSFORMATION(#18111) 
SHAPE_REPRESENTATION_RELATIONSHIP() );
#18111 = ITEM_DEFINED_TRANSFORMATION('','',#11,#23);
#18112 = PRODUCT_DEFINITION_SHAPE('Placement','Placement of an item',
  #18113);
#18113 = NEXT_ASSEMBLY_USAGE_OCCURRENCE('5','=>[0:1:1:6]','',#5,#17239,$
  );
#18114 = PRODUCT_RELATED_PRODUCT_CATEGORY('part',$,(#17241));
#18115 = MECHANICAL_DESIGN_GEOMETRIC_PRESENTATION_REPRESENTATION('',(
    #18116,#18124,#18131,#18138,#18145,#18152,#18159,#18166,#18173,
    #18180,#18187,#18194,#18201,#18208,#18215,#18222,#18229,#18236,
    #18243,#18250,#18257,#18264,#18271,#18278,#18285,#18292,#18299,
    #18306,#18313,#18320,#18328,#18335,#18342,#18349,#18356,#18363,
    #18370,#18377,#18384,#18391,#18398,#18405,#18412,#18419,#18426,
    #18433,#18440,#18447,#18454,#18461,#18468,#18475,#18482,#18489,
    #18496,#18503,#18510,#18517,#18524,#18531,#18538,#18545,#18552,
    #18559,#18566,#18573,#18580,#18587,#18594,#18601,#18608,#18615,
    #18622,#18629,#18636,#18643,#18650,#18657,#18664,#18671,#18678,
    #18685,#18692,#18699,#18706,#18713,#18720,#18727,#18734,#18741,
    #18748,#18755,#18762,#18769,#18776,#18783,#18790,#18797,#18804,
    #18811,#18818,#18825,#18832,#18839,#18846,#18853,#18860,#18867,
    #18874,#18881,#18888,#18895,#18902,#18909,#18916,#18923,#18930),
  #17226);
#18116 = STYLED_ITEM('color',(#18117),#13873);
#18117 = PRESENTATION_STYLE_ASSIGNMENT((#18118));
#18118 = SURFACE_STYLE_USAGE(.BOTH.,#18119);
#18119 = SURFACE_SIDE_STYLE('',(#18120));
#18120 = SURFACE_STYLE_FILL_AREA(#18121);
#18121 = FILL_AREA_STYLE('',(#18122));
#18122 = FILL_AREA_STYLE_COLOUR('',#18123);
#18123 = COLOUR_RGB('',0.894117649055,0.890196087049,0.811764731185);
#18124 = STYLED_ITEM('color',(#18125),#13913);
#18125 = PRESENTATION_STYLE_ASSIGNMENT((#18126));
#18126 = SURFACE_STYLE_USAGE(.BOTH.,#18127);
#18127 = SURFACE_SIDE_STYLE('',(#18128));
#18128 = SURFACE_STYLE_FILL_AREA(#18129);
#18129 = FILL_AREA_STYLE('',(#18130));
#18130 = FILL_AREA_STYLE_COLOUR('',#18123);
#18131 = STYLED_ITEM('color',(#18132),#14120);
#18132 = PRESENTATION_STYLE_ASSIGNMENT((#18133));
#18133 = SURFACE_STYLE_USAGE(.BOTH.,#18134);
#18134 = SURFACE_SIDE_STYLE('',(#18135));
#18135 = SURFACE_STYLE_FILL_AREA(#18136);
#18136 = FILL_AREA_STYLE('',(#18137));
#18137 = FILL_AREA_STYLE_COLOUR('',#18123);
#18138 = STYLED_ITEM('color',(#18139),#14144);
#18139 = PRESENTATION_STYLE_ASSIGNMENT((#18140));
#18140 = SURFACE_STYLE_USAGE(.BOTH.,#18141);
#18141 = SURFACE_SIDE_STYLE('',(#18142));
#18142 = SURFACE_STYLE_FILL_AREA(#18143);
#18143 = FILL_AREA_STYLE('',(#18144));
#18144 = FILL_AREA_STYLE_COLOUR('',#18123);
#18145 = STYLED_ITEM('color',(#18146),#14184);
#18146 = PRESENTATION_STYLE_ASSIGNMENT((#18147));
#18147 = SURFACE_STYLE_USAGE(.BOTH.,#18148);
#18148 = SURFACE_SIDE_STYLE('',(#18149));
#18149 = SURFACE_STYLE_FILL_AREA(#18150);
#18150 = FILL_AREA_STYLE('',(#18151));
#18151 = FILL_AREA_STYLE_COLOUR('',#18123);
#18152 = STYLED_ITEM('color',(#18153),#14201);
#18153 = PRESENTATION_STYLE_ASSIGNMENT((#18154));
#18154 = SURFACE_STYLE_USAGE(.BOTH.,#18155);
#18155 = SURFACE_SIDE_STYLE('',(#18156));
#18156 = SURFACE_STYLE_FILL_AREA(#18157);
#18157 = FILL_AREA_STYLE('',(#18158));
#18158 = FILL_AREA_STYLE_COLOUR('',#18123);
#18159 = STYLED_ITEM('color',(#18160),#14232);
#18160 = PRESENTATION_STYLE_ASSIGNMENT((#18161));
#18161 = SURFACE_STYLE_USAGE(.BOTH.,#18162);
#18162 = SURFACE_SIDE_STYLE('',(#18163));
#18163 = SURFACE_STYLE_FILL_AREA(#18164);
#18164 = FILL_AREA_STYLE('',(#18165));
#18165 = FILL_AREA_STYLE_COLOUR('',#18123);
#18166 = STYLED_ITEM('color',(#18167),#14256);
#18167 = PRESENTATION_STYLE_ASSIGNMENT((#18168));
#18168 = SURFACE_STYLE_USAGE(.BOTH.,#18169);
#18169 = SURFACE_SIDE_STYLE('',(#18170));
#18170 = SURFACE_STYLE_FILL_AREA(#18171);
#18171 = FILL_AREA_STYLE('',(#18172));
#18172 = FILL_AREA_STYLE_COLOUR('',#18123);
#18173 = STYLED_ITEM('color',(#18174),#14314);
#18174 = PRESENTATION_STYLE_ASSIGNMENT((#18175));
#18175 = SURFACE_STYLE_USAGE(.BOTH.,#18176);
#18176 = SURFACE_SIDE_STYLE('',(#18177));
#18177 = SURFACE_STYLE_FILL_AREA(#18178);
#18178 = FILL_AREA_STYLE('',(#18179));
#18179 = FILL_AREA_STYLE_COLOUR('',#18123);
#18180 = STYLED_ITEM('color',(#18181),#14338);
#18181 = PRESENTATION_STYLE_ASSIGNMENT((#18182));
#18182 = SURFACE_STYLE_USAGE(.BOTH.,#18183);
#18183 = SURFACE_SIDE_STYLE('',(#18184));
#18184 = SURFACE_STYLE_FILL_AREA(#18185);
#18185 = FILL_AREA_STYLE('',(#18186));
#18186 = FILL_AREA_STYLE_COLOUR('',#18123);
#18187 = STYLED_ITEM('color',(#18188),#14396);
#18188 = PRESENTATION_STYLE_ASSIGNMENT((#18189));
#18189 = SURFACE_STYLE_USAGE(.BOTH.,#18190);
#18190 = SURFACE_SIDE_STYLE('',(#18191));
#18191 = SURFACE_STYLE_FILL_AREA(#18192);
#18192 = FILL_AREA_STYLE('',(#18193));
#18193 = FILL_AREA_STYLE_COLOUR('',#18123);
#18194 = STYLED_ITEM('color',(#18195),#14420);
#18195 = PRESENTATION_STYLE_ASSIGNMENT((#18196));
#18196 = SURFACE_STYLE_USAGE(.BOTH.,#18197);
#18197 = SURFACE_SIDE_STYLE('',(#18198));
#18198 = SURFACE_STYLE_FILL_AREA(#18199);
#18199 = FILL_AREA_STYLE('',(#18200));
#18200 = FILL_AREA_STYLE_COLOUR('',#18123);
#18201 = STYLED_ITEM('color',(#18202),#14478);
#18202 = PRESENTATION_STYLE_ASSIGNMENT((#18203));
#18203 = SURFACE_STYLE_USAGE(.BOTH.,#18204);
#18204 = SURFACE_SIDE_STYLE('',(#18205));
#18205 = SURFACE_STYLE_FILL_AREA(#18206);
#18206 = FILL_AREA_STYLE('',(#18207));
#18207 = FILL_AREA_STYLE_COLOUR('',#18123);
#18208 = STYLED_ITEM('color',(#18209),#14502);
#18209 = PRESENTATION_STYLE_ASSIGNMENT((#18210));
#18210 = SURFACE_STYLE_USAGE(.BOTH.,#18211);
#18211 = SURFACE_SIDE_STYLE('',(#18212));
#18212 = SURFACE_STYLE_FILL_AREA(#18213);
#18213 = FILL_AREA_STYLE('',(#18214));
#18214 = FILL_AREA_STYLE_COLOUR('',#18123);
#18215 = STYLED_ITEM('color',(#18216),#14560);
#18216 = PRESENTATION_STYLE_ASSIGNMENT((#18217));
#18217 = SURFACE_STYLE_USAGE(.BOTH.,#18218);
#18218 = SURFACE_SIDE_STYLE('',(#18219));
#18219 = SURFACE_STYLE_FILL_AREA(#18220);
#18220 = FILL_AREA_STYLE('',(#18221));
#18221 = FILL_AREA_STYLE_COLOUR('',#18123);
#18222 = STYLED_ITEM('color',(#18223),#14584);
#18223 = PRESENTATION_STYLE_ASSIGNMENT((#18224));
#18224 = SURFACE_STYLE_USAGE(.BOTH.,#18225);
#18225 = SURFACE_SIDE_STYLE('',(#18226));
#18226 = SURFACE_STYLE_FILL_AREA(#18227);
#18227 = FILL_AREA_STYLE('',(#18228));
#18228 = FILL_AREA_STYLE_COLOUR('',#18123);
#18229 = STYLED_ITEM('color',(#18230),#14642);
#18230 = PRESENTATION_STYLE_ASSIGNMENT((#18231));
#18231 = SURFACE_STYLE_USAGE(.BOTH.,#18232);
#18232 = SURFACE_SIDE_STYLE('',(#18233));
#18233 = SURFACE_STYLE_FILL_AREA(#18234);
#18234 = FILL_AREA_STYLE('',(#18235));
#18235 = FILL_AREA_STYLE_COLOUR('',#18123);
#18236 = STYLED_ITEM('color',(#18237),#14666);
#18237 = PRESENTATION_STYLE_ASSIGNMENT((#18238));
#18238 = SURFACE_STYLE_USAGE(.BOTH.,#18239);
#18239 = SURFACE_SIDE_STYLE('',(#18240));
#18240 = SURFACE_STYLE_FILL_AREA(#18241);
#18241 = FILL_AREA_STYLE('',(#18242));
#18242 = FILL_AREA_STYLE_COLOUR('',#18123);
#18243 = STYLED_ITEM('color',(#18244),#14724);
#18244 = PRESENTATION_STYLE_ASSIGNMENT((#18245));
#18245 = SURFACE_STYLE_USAGE(.BOTH.,#18246);
#18246 = SURFACE_SIDE_STYLE('',(#18247));
#18247 = SURFACE_STYLE_FILL_AREA(#18248);
#18248 = FILL_AREA_STYLE('',(#18249));
#18249 = FILL_AREA_STYLE_COLOUR('',#18123);
#18250 = STYLED_ITEM('color',(#18251),#14748);
#18251 = PRESENTATION_STYLE_ASSIGNMENT((#18252));
#18252 = SURFACE_STYLE_USAGE(.BOTH.,#18253);
#18253 = SURFACE_SIDE_STYLE('',(#18254));
#18254 = SURFACE_STYLE_FILL_AREA(#18255);
#18255 = FILL_AREA_STYLE('',(#18256));
#18256 = FILL_AREA_STYLE_COLOUR('',#18123);
#18257 = STYLED_ITEM('color',(#18258),#14806);
#18258 = PRESENTATION_STYLE_ASSIGNMENT((#18259));
#18259 = SURFACE_STYLE_USAGE(.BOTH.,#18260);
#18260 = SURFACE_SIDE_STYLE('',(#18261));
#18261 = SURFACE_STYLE_FILL_AREA(#18262);
#18262 = FILL_AREA_STYLE('',(#18263));
#18263 = FILL_AREA_STYLE_COLOUR('',#18123);
#18264 = STYLED_ITEM('color',(#18265),#14830);
#18265 = PRESENTATION_STYLE_ASSIGNMENT((#18266));
#18266 = SURFACE_STYLE_USAGE(.BOTH.,#18267);
#18267 = SURFACE_SIDE_STYLE('',(#18268));
#18268 = SURFACE_STYLE_FILL_AREA(#18269);
#18269 = FILL_AREA_STYLE('',(#18270));
#18270 = FILL_AREA_STYLE_COLOUR('',#18123);
#18271 = STYLED_ITEM('color',(#18272),#14854);
#18272 = PRESENTATION_STYLE_ASSIGNMENT((#18273));
#18273 = SURFACE_STYLE_USAGE(.BOTH.,#18274);
#18274 = SURFACE_SIDE_STYLE('',(#18275));
#18275 = SURFACE_STYLE_FILL_AREA(#18276);
#18276 = FILL_AREA_STYLE('',(#18277));
#18277 = FILL_AREA_STYLE_COLOUR('',#18123);
#18278 = STYLED_ITEM('color',(#18279),#14878);
#18279 = PRESENTATION_STYLE_ASSIGNMENT((#18280));
#18280 = SURFACE_STYLE_USAGE(.BOTH.,#18281);
#18281 = SURFACE_SIDE_STYLE('',(#18282));
#18282 = SURFACE_STYLE_FILL_AREA(#18283);
#18283 = FILL_AREA_STYLE('',(#18284));
#18284 = FILL_AREA_STYLE_COLOUR('',#18123);
#18285 = STYLED_ITEM('color',(#18286),#15163);
#18286 = PRESENTATION_STYLE_ASSIGNMENT((#18287));
#18287 = SURFACE_STYLE_USAGE(.BOTH.,#18288);
#18288 = SURFACE_SIDE_STYLE('',(#18289));
#18289 = SURFACE_STYLE_FILL_AREA(#18290);
#18290 = FILL_AREA_STYLE('',(#18291));
#18291 = FILL_AREA_STYLE_COLOUR('',#18123);
#18292 = STYLED_ITEM('color',(#18293),#15214);
#18293 = PRESENTATION_STYLE_ASSIGNMENT((#18294));
#18294 = SURFACE_STYLE_USAGE(.BOTH.,#18295);
#18295 = SURFACE_SIDE_STYLE('',(#18296));
#18296 = SURFACE_STYLE_FILL_AREA(#18297);
#18297 = FILL_AREA_STYLE('',(#18298));
#18298 = FILL_AREA_STYLE_COLOUR('',#18123);
#18299 = STYLED_ITEM('color',(#18300),#15265);
#18300 = PRESENTATION_STYLE_ASSIGNMENT((#18301));
#18301 = SURFACE_STYLE_USAGE(.BOTH.,#18302);
#18302 = SURFACE_SIDE_STYLE('',(#18303));
#18303 = SURFACE_STYLE_FILL_AREA(#18304);
#18304 = FILL_AREA_STYLE('',(#18305));
#18305 = FILL_AREA_STYLE_COLOUR('',#18123);
#18306 = STYLED_ITEM('color',(#18307),#15282);
#18307 = PRESENTATION_STYLE_ASSIGNMENT((#18308));
#18308 = SURFACE_STYLE_USAGE(.BOTH.,#18309);
#18309 = SURFACE_SIDE_STYLE('',(#18310));
#18310 = SURFACE_STYLE_FILL_AREA(#18311);
#18311 = FILL_AREA_STYLE('',(#18312));
#18312 = FILL_AREA_STYLE_COLOUR('',#18123);
#18313 = STYLED_ITEM('color',(#18314),#15299);
#18314 = PRESENTATION_STYLE_ASSIGNMENT((#18315));
#18315 = SURFACE_STYLE_USAGE(.BOTH.,#18316);
#18316 = SURFACE_SIDE_STYLE('',(#18317));
#18317 = SURFACE_STYLE_FILL_AREA(#18318);
#18318 = FILL_AREA_STYLE('',(#18319));
#18319 = FILL_AREA_STYLE_COLOUR('',#18123);
#18320 = STYLED_ITEM('color',(#18321),#15327);
#18321 = PRESENTATION_STYLE_ASSIGNMENT((#18322));
#18322 = SURFACE_STYLE_USAGE(.BOTH.,#18323);
#18323 = SURFACE_SIDE_STYLE('',(#18324));
#18324 = SURFACE_STYLE_FILL_AREA(#18325);
#18325 = FILL_AREA_STYLE('',(#18326));
#18326 = FILL_AREA_STYLE_COLOUR('',#18327);
#18327 = COLOUR_RGB('',0.823529417451,0.819607860991,0.780392170416);
#18328 = STYLED_ITEM('color',(#18329),#15358);
#18329 = PRESENTATION_STYLE_ASSIGNMENT((#18330));
#18330 = SURFACE_STYLE_USAGE(.BOTH.,#18331);
#18331 = SURFACE_SIDE_STYLE('',(#18332));
#18332 = SURFACE_STYLE_FILL_AREA(#18333);
#18333 = FILL_AREA_STYLE('',(#18334));
#18334 = FILL_AREA_STYLE_COLOUR('',#18327);
#18335 = STYLED_ITEM('color',(#18336),#15382);
#18336 = PRESENTATION_STYLE_ASSIGNMENT((#18337));
#18337 = SURFACE_STYLE_USAGE(.BOTH.,#18338);
#18338 = SURFACE_SIDE_STYLE('',(#18339));
#18339 = SURFACE_STYLE_FILL_AREA(#18340);
#18340 = FILL_AREA_STYLE('',(#18341));
#18341 = FILL_AREA_STYLE_COLOUR('',#18327);
#18342 = STYLED_ITEM('color',(#18343),#15406);
#18343 = PRESENTATION_STYLE_ASSIGNMENT((#18344));
#18344 = SURFACE_STYLE_USAGE(.BOTH.,#18345);
#18345 = SURFACE_SIDE_STYLE('',(#18346));
#18346 = SURFACE_STYLE_FILL_AREA(#18347);
#18347 = FILL_AREA_STYLE('',(#18348));
#18348 = FILL_AREA_STYLE_COLOUR('',#18327);
#18349 = STYLED_ITEM('color',(#18350),#15423);
#18350 = PRESENTATION_STYLE_ASSIGNMENT((#18351));
#18351 = SURFACE_STYLE_USAGE(.BOTH.,#18352);
#18352 = SURFACE_SIDE_STYLE('',(#18353));
#18353 = SURFACE_STYLE_FILL_AREA(#18354);
#18354 = FILL_AREA_STYLE('',(#18355));
#18355 = FILL_AREA_STYLE_COLOUR('',#18123);
#18356 = STYLED_ITEM('color',(#18357),#15445);
#18357 = PRESENTATION_STYLE_ASSIGNMENT((#18358));
#18358 = SURFACE_STYLE_USAGE(.BOTH.,#18359);
#18359 = SURFACE_SIDE_STYLE('',(#18360));
#18360 = SURFACE_STYLE_FILL_AREA(#18361);
#18361 = FILL_AREA_STYLE('',(#18362));
#18362 = FILL_AREA_STYLE_COLOUR('',#18123);
#18363 = STYLED_ITEM('color',(#18364),#15462);
#18364 = PRESENTATION_STYLE_ASSIGNMENT((#18365));
#18365 = SURFACE_STYLE_USAGE(.BOTH.,#18366);
#18366 = SURFACE_SIDE_STYLE('',(#18367));
#18367 = SURFACE_STYLE_FILL_AREA(#18368);
#18368 = FILL_AREA_STYLE('',(#18369));
#18369 = FILL_AREA_STYLE_COLOUR('',#18123);
#18370 = STYLED_ITEM('color',(#18371),#15479);
#18371 = PRESENTATION_STYLE_ASSIGNMENT((#18372));
#18372 = SURFACE_STYLE_USAGE(.BOTH.,#18373);
#18373 = SURFACE_SIDE_STYLE('',(#18374));
#18374 = SURFACE_STYLE_FILL_AREA(#18375);
#18375 = FILL_AREA_STYLE('',(#18376));
#18376 = FILL_AREA_STYLE_COLOUR('',#18123);
#18377 = STYLED_ITEM('color',(#18378),#15491);
#18378 = PRESENTATION_STYLE_ASSIGNMENT((#18379));
#18379 = SURFACE_STYLE_USAGE(.BOTH.,#18380);
#18380 = SURFACE_SIDE_STYLE('',(#18381));
#18381 = SURFACE_STYLE_FILL_AREA(#18382);
#18382 = FILL_AREA_STYLE('',(#18383));
#18383 = FILL_AREA_STYLE_COLOUR('',#18327);
#18384 = STYLED_ITEM('color',(#18385),#15522);
#18385 = PRESENTATION_STYLE_ASSIGNMENT((#18386));
#18386 = SURFACE_STYLE_USAGE(.BOTH.,#18387);
#18387 = SURFACE_SIDE_STYLE('',(#18388));
#18388 = SURFACE_STYLE_FILL_AREA(#18389);
#18389 = FILL_AREA_STYLE('',(#18390));
#18390 = FILL_AREA_STYLE_COLOUR('',#18327);
#18391 = STYLED_ITEM('color',(#18392),#15546);
#18392 = PRESENTATION_STYLE_ASSIGNMENT((#18393));
#18393 = SURFACE_STYLE_USAGE(.BOTH.,#18394);
#18394 = SURFACE_SIDE_STYLE('',(#18395));
#18395 = SURFACE_STYLE_FILL_AREA(#18396);
#18396 = FILL_AREA_STYLE('',(#18397));
#18397 = FILL_AREA_STYLE_COLOUR('',#18327);
#18398 = STYLED_ITEM('color',(#18399),#15570);
#18399 = PRESENTATION_STYLE_ASSIGNMENT((#18400));
#18400 = SURFACE_STYLE_USAGE(.BOTH.,#18401);
#18401 = SURFACE_SIDE_STYLE('',(#18402));
#18402 = SURFACE_STYLE_FILL_AREA(#18403);
#18403 = FILL_AREA_STYLE('',(#18404));
#18404 = FILL_AREA_STYLE_COLOUR('',#18327);
#18405 = STYLED_ITEM('color',(#18406),#15587);
#18406 = PRESENTATION_STYLE_ASSIGNMENT((#18407));
#18407 = SURFACE_STYLE_USAGE(.BOTH.,#18408);
#18408 = SURFACE_SIDE_STYLE('',(#18409));
#18409 = SURFACE_STYLE_FILL_AREA(#18410);
#18410 = FILL_AREA_STYLE('',(#18411));
#18411 = FILL_AREA_STYLE_COLOUR('',#18123);
#18412 = STYLED_ITEM('color',(#18413),#15609);
#18413 = PRESENTATION_STYLE_ASSIGNMENT((#18414));
#18414 = SURFACE_STYLE_USAGE(.BOTH.,#18415);
#18415 = SURFACE_SIDE_STYLE('',(#18416));
#18416 = SURFACE_STYLE_FILL_AREA(#18417);
#18417 = FILL_AREA_STYLE('',(#18418));
#18418 = FILL_AREA_STYLE_COLOUR('',#18123);
#18419 = STYLED_ITEM('color',(#18420),#15626);
#18420 = PRESENTATION_STYLE_ASSIGNMENT((#18421));
#18421 = SURFACE_STYLE_USAGE(.BOTH.,#18422);
#18422 = SURFACE_SIDE_STYLE('',(#18423));
#18423 = SURFACE_STYLE_FILL_AREA(#18424);
#18424 = FILL_AREA_STYLE('',(#18425));
#18425 = FILL_AREA_STYLE_COLOUR('',#18123);
#18426 = STYLED_ITEM('color',(#18427),#15643);
#18427 = PRESENTATION_STYLE_ASSIGNMENT((#18428));
#18428 = SURFACE_STYLE_USAGE(.BOTH.,#18429);
#18429 = SURFACE_SIDE_STYLE('',(#18430));
#18430 = SURFACE_STYLE_FILL_AREA(#18431);
#18431 = FILL_AREA_STYLE('',(#18432));
#18432 = FILL_AREA_STYLE_COLOUR('',#18123);
#18433 = STYLED_ITEM('color',(#18434),#15655);
#18434 = PRESENTATION_STYLE_ASSIGNMENT((#18435));
#18435 = SURFACE_STYLE_USAGE(.BOTH.,#18436);
#18436 = SURFACE_SIDE_STYLE('',(#18437));
#18437 = SURFACE_STYLE_FILL_AREA(#18438);
#18438 = FILL_AREA_STYLE('',(#18439));
#18439 = FILL_AREA_STYLE_COLOUR('',#18327);
#18440 = STYLED_ITEM('color',(#18441),#15686);
#18441 = PRESENTATION_STYLE_ASSIGNMENT((#18442));
#18442 = SURFACE_STYLE_USAGE(.BOTH.,#18443);
#18443 = SURFACE_SIDE_STYLE('',(#18444));
#18444 = SURFACE_STYLE_FILL_AREA(#18445);
#18445 = FILL_AREA_STYLE('',(#18446));
#18446 = FILL_AREA_STYLE_COLOUR('',#18327);
#18447 = STYLED_ITEM('color',(#18448),#15710);
#18448 = PRESENTATION_STYLE_ASSIGNMENT((#18449));
#18449 = SURFACE_STYLE_USAGE(.BOTH.,#18450);
#18450 = SURFACE_SIDE_STYLE('',(#18451));
#18451 = SURFACE_STYLE_FILL_AREA(#18452);
#18452 = FILL_AREA_STYLE('',(#18453));
#18453 = FILL_AREA_STYLE_COLOUR('',#18327);
#18454 = STYLED_ITEM('color',(#18455),#15734);
#18455 = PRESENTATION_STYLE_ASSIGNMENT((#18456));
#18456 = SURFACE_STYLE_USAGE(.BOTH.,#18457);
#18457 = SURFACE_SIDE_STYLE('',(#18458));
#18458 = SURFACE_STYLE_FILL_AREA(#18459);
#18459 = FILL_AREA_STYLE('',(#18460));
#18460 = FILL_AREA_STYLE_COLOUR('',#18327);
#18461 = STYLED_ITEM('color',(#18462),#15751);
#18462 = PRESENTATION_STYLE_ASSIGNMENT((#18463));
#18463 = SURFACE_STYLE_USAGE(.BOTH.,#18464);
#18464 = SURFACE_SIDE_STYLE('',(#18465));
#18465 = SURFACE_STYLE_FILL_AREA(#18466);
#18466 = FILL_AREA_STYLE('',(#18467));
#18467 = FILL_AREA_STYLE_COLOUR('',#18123);
#18468 = STYLED_ITEM('color',(#18469),#15773);
#18469 = PRESENTATION_STYLE_ASSIGNMENT((#18470));
#18470 = SURFACE_STYLE_USAGE(.BOTH.,#18471);
#18471 = SURFACE_SIDE_STYLE('',(#18472));
#18472 = SURFACE_STYLE_FILL_AREA(#18473);
#18473 = FILL_AREA_STYLE('',(#18474));
#18474 = FILL_AREA_STYLE_COLOUR('',#18123);
#18475 = STYLED_ITEM('color',(#18476),#15790);
#18476 = PRESENTATION_STYLE_ASSIGNMENT((#18477));
#18477 = SURFACE_STYLE_USAGE(.BOTH.,#18478);
#18478 = SURFACE_SIDE_STYLE('',(#18479));
#18479 = SURFACE_STYLE_FILL_AREA(#18480);
#18480 = FILL_AREA_STYLE('',(#18481));
#18481 = FILL_AREA_STYLE_COLOUR('',#18123);
#18482 = STYLED_ITEM('color',(#18483),#15807);
#18483 = PRESENTATION_STYLE_ASSIGNMENT((#18484));
#18484 = SURFACE_STYLE_USAGE(.BOTH.,#18485);
#18485 = SURFACE_SIDE_STYLE('',(#18486));
#18486 = SURFACE_STYLE_FILL_AREA(#18487);
#18487 = FILL_AREA_STYLE('',(#18488));
#18488 = FILL_AREA_STYLE_COLOUR('',#18123);
#18489 = STYLED_ITEM('color',(#18490),#15819);
#18490 = PRESENTATION_STYLE_ASSIGNMENT((#18491));
#18491 = SURFACE_STYLE_USAGE(.BOTH.,#18492);
#18492 = SURFACE_SIDE_STYLE('',(#18493));
#18493 = SURFACE_STYLE_FILL_AREA(#18494);
#18494 = FILL_AREA_STYLE('',(#18495));
#18495 = FILL_AREA_STYLE_COLOUR('',#18327);
#18496 = STYLED_ITEM('color',(#18497),#15850);
#18497 = PRESENTATION_STYLE_ASSIGNMENT((#18498));
#18498 = SURFACE_STYLE_USAGE(.BOTH.,#18499);
#18499 = SURFACE_SIDE_STYLE('',(#18500));
#18500 = SURFACE_STYLE_FILL_AREA(#18501);
#18501 = FILL_AREA_STYLE('',(#18502));
#18502 = FILL_AREA_STYLE_COLOUR('',#18327);
#18503 = STYLED_ITEM('color',(#18504),#15874);
#18504 = PRESENTATION_STYLE_ASSIGNMENT((#18505));
#18505 = SURFACE_STYLE_USAGE(.BOTH.,#18506);
#18506 = SURFACE_SIDE_STYLE('',(#18507));
#18507 = SURFACE_STYLE_FILL_AREA(#18508);
#18508 = FILL_AREA_STYLE('',(#18509));
#18509 = FILL_AREA_STYLE_COLOUR('',#18327);
#18510 = STYLED_ITEM('color',(#18511),#15898);
#18511 = PRESENTATION_STYLE_ASSIGNMENT((#18512));
#18512 = SURFACE_STYLE_USAGE(.BOTH.,#18513);
#18513 = SURFACE_SIDE_STYLE('',(#18514));
#18514 = SURFACE_STYLE_FILL_AREA(#18515);
#18515 = FILL_AREA_STYLE('',(#18516));
#18516 = FILL_AREA_STYLE_COLOUR('',#18327);
#18517 = STYLED_ITEM('color',(#18518),#15915);
#18518 = PRESENTATION_STYLE_ASSIGNMENT((#18519));
#18519 = SURFACE_STYLE_USAGE(.BOTH.,#18520);
#18520 = SURFACE_SIDE_STYLE('',(#18521));
#18521 = SURFACE_STYLE_FILL_AREA(#18522);
#18522 = FILL_AREA_STYLE('',(#18523));
#18523 = FILL_AREA_STYLE_COLOUR('',#18123);
#18524 = STYLED_ITEM('color',(#18525),#15932);
#18525 = PRESENTATION_STYLE_ASSIGNMENT((#18526));
#18526 = SURFACE_STYLE_USAGE(.BOTH.,#18527);
#18527 = SURFACE_SIDE_STYLE('',(#18528));
#18528 = SURFACE_STYLE_FILL_AREA(#18529);
#18529 = FILL_AREA_STYLE('',(#18530));
#18530 = FILL_AREA_STYLE_COLOUR('',#18327);
#18531 = STYLED_ITEM('color',(#18532),#15963);
#18532 = PRESENTATION_STYLE_ASSIGNMENT((#18533));
#18533 = SURFACE_STYLE_USAGE(.BOTH.,#18534);
#18534 = SURFACE_SIDE_STYLE('',(#18535));
#18535 = SURFACE_STYLE_FILL_AREA(#18536);
#18536 = FILL_AREA_STYLE('',(#18537));
#18537 = FILL_AREA_STYLE_COLOUR('',#18327);
#18538 = STYLED_ITEM('color',(#18539),#15987);
#18539 = PRESENTATION_STYLE_ASSIGNMENT((#18540));
#18540 = SURFACE_STYLE_USAGE(.BOTH.,#18541);
#18541 = SURFACE_SIDE_STYLE('',(#18542));
#18542 = SURFACE_STYLE_FILL_AREA(#18543);
#18543 = FILL_AREA_STYLE('',(#18544));
#18544 = FILL_AREA_STYLE_COLOUR('',#18327);
#18545 = STYLED_ITEM('color',(#18546),#16011);
#18546 = PRESENTATION_STYLE_ASSIGNMENT((#18547));
#18547 = SURFACE_STYLE_USAGE(.BOTH.,#18548);
#18548 = SURFACE_SIDE_STYLE('',(#18549));
#18549 = SURFACE_STYLE_FILL_AREA(#18550);
#18550 = FILL_AREA_STYLE('',(#18551));
#18551 = FILL_AREA_STYLE_COLOUR('',#18327);
#18552 = STYLED_ITEM('color',(#18553),#16028);
#18553 = PRESENTATION_STYLE_ASSIGNMENT((#18554));
#18554 = SURFACE_STYLE_USAGE(.BOTH.,#18555);
#18555 = SURFACE_SIDE_STYLE('',(#18556));
#18556 = SURFACE_STYLE_FILL_AREA(#18557);
#18557 = FILL_AREA_STYLE('',(#18558));
#18558 = FILL_AREA_STYLE_COLOUR('',#18327);
#18559 = STYLED_ITEM('color',(#18560),#16059);
#18560 = PRESENTATION_STYLE_ASSIGNMENT((#18561));
#18561 = SURFACE_STYLE_USAGE(.BOTH.,#18562);
#18562 = SURFACE_SIDE_STYLE('',(#18563));
#18563 = SURFACE_STYLE_FILL_AREA(#18564);
#18564 = FILL_AREA_STYLE('',(#18565));
#18565 = FILL_AREA_STYLE_COLOUR('',#18327);
#18566 = STYLED_ITEM('color',(#18567),#16083);
#18567 = PRESENTATION_STYLE_ASSIGNMENT((#18568));
#18568 = SURFACE_STYLE_USAGE(.BOTH.,#18569);
#18569 = SURFACE_SIDE_STYLE('',(#18570));
#18570 = SURFACE_STYLE_FILL_AREA(#18571);
#18571 = FILL_AREA_STYLE('',(#18572));
#18572 = FILL_AREA_STYLE_COLOUR('',#18327);
#18573 = STYLED_ITEM('color',(#18574),#16107);
#18574 = PRESENTATION_STYLE_ASSIGNMENT((#18575));
#18575 = SURFACE_STYLE_USAGE(.BOTH.,#18576);
#18576 = SURFACE_SIDE_STYLE('',(#18577));
#18577 = SURFACE_STYLE_FILL_AREA(#18578);
#18578 = FILL_AREA_STYLE('',(#18579));
#18579 = FILL_AREA_STYLE_COLOUR('',#18327);
#18580 = STYLED_ITEM('color',(#18581),#16124);
#18581 = PRESENTATION_STYLE_ASSIGNMENT((#18582));
#18582 = SURFACE_STYLE_USAGE(.BOTH.,#18583);
#18583 = SURFACE_SIDE_STYLE('',(#18584));
#18584 = SURFACE_STYLE_FILL_AREA(#18585);
#18585 = FILL_AREA_STYLE('',(#18586));
#18586 = FILL_AREA_STYLE_COLOUR('',#18327);
#18587 = STYLED_ITEM('color',(#18588),#16155);
#18588 = PRESENTATION_STYLE_ASSIGNMENT((#18589));
#18589 = SURFACE_STYLE_USAGE(.BOTH.,#18590);
#18590 = SURFACE_SIDE_STYLE('',(#18591));
#18591 = SURFACE_STYLE_FILL_AREA(#18592);
#18592 = FILL_AREA_STYLE('',(#18593));
#18593 = FILL_AREA_STYLE_COLOUR('',#18327);
#18594 = STYLED_ITEM('color',(#18595),#16179);
#18595 = PRESENTATION_STYLE_ASSIGNMENT((#18596));
#18596 = SURFACE_STYLE_USAGE(.BOTH.,#18597);
#18597 = SURFACE_SIDE_STYLE('',(#18598));
#18598 = SURFACE_STYLE_FILL_AREA(#18599);
#18599 = FILL_AREA_STYLE('',(#18600));
#18600 = FILL_AREA_STYLE_COLOUR('',#18327);
#18601 = STYLED_ITEM('color',(#18602),#16203);
#18602 = PRESENTATION_STYLE_ASSIGNMENT((#18603));
#18603 = SURFACE_STYLE_USAGE(.BOTH.,#18604);
#18604 = SURFACE_SIDE_STYLE('',(#18605));
#18605 = SURFACE_STYLE_FILL_AREA(#18606);
#18606 = FILL_AREA_STYLE('',(#18607));
#18607 = FILL_AREA_STYLE_COLOUR('',#18327);
#18608 = STYLED_ITEM('color',(#18609),#16220);
#18609 = PRESENTATION_STYLE_ASSIGNMENT((#18610));
#18610 = SURFACE_STYLE_USAGE(.BOTH.,#18611);
#18611 = SURFACE_SIDE_STYLE('',(#18612));
#18612 = SURFACE_STYLE_FILL_AREA(#18613);
#18613 = FILL_AREA_STYLE('',(#18614));
#18614 = FILL_AREA_STYLE_COLOUR('',#18327);
#18615 = STYLED_ITEM('color',(#18616),#16251);
#18616 = PRESENTATION_STYLE_ASSIGNMENT((#18617));
#18617 = SURFACE_STYLE_USAGE(.BOTH.,#18618);
#18618 = SURFACE_SIDE_STYLE('',(#18619));
#18619 = SURFACE_STYLE_FILL_AREA(#18620);
#18620 = FILL_AREA_STYLE('',(#18621));
#18621 = FILL_AREA_STYLE_COLOUR('',#18327);
#18622 = STYLED_ITEM('color',(#18623),#16275);
#18623 = PRESENTATION_STYLE_ASSIGNMENT((#18624));
#18624 = SURFACE_STYLE_USAGE(.BOTH.,#18625);
#18625 = SURFACE_SIDE_STYLE('',(#18626));
#18626 = SURFACE_STYLE_FILL_AREA(#18627);
#18627 = FILL_AREA_STYLE('',(#18628));
#18628 = FILL_AREA_STYLE_COLOUR('',#18327);
#18629 = STYLED_ITEM('color',(#18630),#16299);
#18630 = PRESENTATION_STYLE_ASSIGNMENT((#18631));
#18631 = SURFACE_STYLE_USAGE(.BOTH.,#18632);
#18632 = SURFACE_SIDE_STYLE('',(#18633));
#18633 = SURFACE_STYLE_FILL_AREA(#18634);
#18634 = FILL_AREA_STYLE('',(#18635));
#18635 = FILL_AREA_STYLE_COLOUR('',#18327);
#18636 = STYLED_ITEM('color',(#18637),#16316);
#18637 = PRESENTATION_STYLE_ASSIGNMENT((#18638));
#18638 = SURFACE_STYLE_USAGE(.BOTH.,#18639);
#18639 = SURFACE_SIDE_STYLE('',(#18640));
#18640 = SURFACE_STYLE_FILL_AREA(#18641);
#18641 = FILL_AREA_STYLE('',(#18642));
#18642 = FILL_AREA_STYLE_COLOUR('',#18123);
#18643 = STYLED_ITEM('color',(#18644),#16333);
#18644 = PRESENTATION_STYLE_ASSIGNMENT((#18645));
#18645 = SURFACE_STYLE_USAGE(.BOTH.,#18646);
#18646 = SURFACE_SIDE_STYLE('',(#18647));
#18647 = SURFACE_STYLE_FILL_AREA(#18648);
#18648 = FILL_AREA_STYLE('',(#18649));
#18649 = FILL_AREA_STYLE_COLOUR('',#18123);
#18650 = STYLED_ITEM('color',(#18651),#16350);
#18651 = PRESENTATION_STYLE_ASSIGNMENT((#18652));
#18652 = SURFACE_STYLE_USAGE(.BOTH.,#18653);
#18653 = SURFACE_SIDE_STYLE('',(#18654));
#18654 = SURFACE_STYLE_FILL_AREA(#18655);
#18655 = FILL_AREA_STYLE('',(#18656));
#18656 = FILL_AREA_STYLE_COLOUR('',#18123);
#18657 = STYLED_ITEM('color',(#18658),#16362);
#18658 = PRESENTATION_STYLE_ASSIGNMENT((#18659));
#18659 = SURFACE_STYLE_USAGE(.BOTH.,#18660);
#18660 = SURFACE_SIDE_STYLE('',(#18661));
#18661 = SURFACE_STYLE_FILL_AREA(#18662);
#18662 = FILL_AREA_STYLE('',(#18663));
#18663 = FILL_AREA_STYLE_COLOUR('',#18327);
#18664 = STYLED_ITEM('color',(#18665),#16393);
#18665 = PRESENTATION_STYLE_ASSIGNMENT((#18666));
#18666 = SURFACE_STYLE_USAGE(.BOTH.,#18667);
#18667 = SURFACE_SIDE_STYLE('',(#18668));
#18668 = SURFACE_STYLE_FILL_AREA(#18669);
#18669 = FILL_AREA_STYLE('',(#18670));
#18670 = FILL_AREA_STYLE_COLOUR('',#18327);
#18671 = STYLED_ITEM('color',(#18672),#16417);
#18672 = PRESENTATION_STYLE_ASSIGNMENT((#18673));
#18673 = SURFACE_STYLE_USAGE(.BOTH.,#18674);
#18674 = SURFACE_SIDE_STYLE('',(#18675));
#18675 = SURFACE_STYLE_FILL_AREA(#18676);
#18676 = FILL_AREA_STYLE('',(#18677));
#18677 = FILL_AREA_STYLE_COLOUR('',#18327);
#18678 = STYLED_ITEM('color',(#18679),#16441);
#18679 = PRESENTATION_STYLE_ASSIGNMENT((#18680));
#18680 = SURFACE_STYLE_USAGE(.BOTH.,#18681);
#18681 = SURFACE_SIDE_STYLE('',(#18682));
#18682 = SURFACE_STYLE_FILL_AREA(#18683);
#18683 = FILL_AREA_STYLE('',(#18684));
#18684 = FILL_AREA_STYLE_COLOUR('',#18327);
#18685 = STYLED_ITEM('color',(#18686),#16458);
#18686 = PRESENTATION_STYLE_ASSIGNMENT((#18687));
#18687 = SURFACE_STYLE_USAGE(.BOTH.,#18688);
#18688 = SURFACE_SIDE_STYLE('',(#18689));
#18689 = SURFACE_STYLE_FILL_AREA(#18690);
#18690 = FILL_AREA_STYLE('',(#18691));
#18691 = FILL_AREA_STYLE_COLOUR('',#18327);
#18692 = STYLED_ITEM('color',(#18693),#16489);
#18693 = PRESENTATION_STYLE_ASSIGNMENT((#18694));
#18694 = SURFACE_STYLE_USAGE(.BOTH.,#18695);
#18695 = SURFACE_SIDE_STYLE('',(#18696));
#18696 = SURFACE_STYLE_FILL_AREA(#18697);
#18697 = FILL_AREA_STYLE('',(#18698));
#18698 = FILL_AREA_STYLE_COLOUR('',#18327);
#18699 = STYLED_ITEM('color',(#18700),#16513);
#18700 = PRESENTATION_STYLE_ASSIGNMENT((#18701));
#18701 = SURFACE_STYLE_USAGE(.BOTH.,#18702);
#18702 = SURFACE_SIDE_STYLE('',(#18703));
#18703 = SURFACE_STYLE_FILL_AREA(#18704);
#18704 = FILL_AREA_STYLE('',(#18705));
#18705 = FILL_AREA_STYLE_COLOUR('',#18327);
#18706 = STYLED_ITEM('color',(#18707),#16537);
#18707 = PRESENTATION_STYLE_ASSIGNMENT((#18708));
#18708 = SURFACE_STYLE_USAGE(.BOTH.,#18709);
#18709 = SURFACE_SIDE_STYLE('',(#18710));
#18710 = SURFACE_STYLE_FILL_AREA(#18711);
#18711 = FILL_AREA_STYLE('',(#18712));
#18712 = FILL_AREA_STYLE_COLOUR('',#18327);
#18713 = STYLED_ITEM('color',(#18714),#16554);
#18714 = PRESENTATION_STYLE_ASSIGNMENT((#18715));
#18715 = SURFACE_STYLE_USAGE(.BOTH.,#18716);
#18716 = SURFACE_SIDE_STYLE('',(#18717));
#18717 = SURFACE_STYLE_FILL_AREA(#18718);
#18718 = FILL_AREA_STYLE('',(#18719));
#18719 = FILL_AREA_STYLE_COLOUR('',#18327);
#18720 = STYLED_ITEM('color',(#18721),#16585);
#18721 = PRESENTATION_STYLE_ASSIGNMENT((#18722));
#18722 = SURFACE_STYLE_USAGE(.BOTH.,#18723);
#18723 = SURFACE_SIDE_STYLE('',(#18724));
#18724 = SURFACE_STYLE_FILL_AREA(#18725);
#18725 = FILL_AREA_STYLE('',(#18726));
#18726 = FILL_AREA_STYLE_COLOUR('',#18327);
#18727 = STYLED_ITEM('color',(#18728),#16609);
#18728 = PRESENTATION_STYLE_ASSIGNMENT((#18729));
#18729 = SURFACE_STYLE_USAGE(.BOTH.,#18730);
#18730 = SURFACE_SIDE_STYLE('',(#18731));
#18731 = SURFACE_STYLE_FILL_AREA(#18732);
#18732 = FILL_AREA_STYLE('',(#18733));
#18733 = FILL_AREA_STYLE_COLOUR('',#18327);
#18734 = STYLED_ITEM('color',(#18735),#16633);
#18735 = PRESENTATION_STYLE_ASSIGNMENT((#18736));
#18736 = SURFACE_STYLE_USAGE(.BOTH.,#18737);
#18737 = SURFACE_SIDE_STYLE('',(#18738));
#18738 = SURFACE_STYLE_FILL_AREA(#18739);
#18739 = FILL_AREA_STYLE('',(#18740));
#18740 = FILL_AREA_STYLE_COLOUR('',#18327);
#18741 = STYLED_ITEM('color',(#18742),#16650);
#18742 = PRESENTATION_STYLE_ASSIGNMENT((#18743));
#18743 = SURFACE_STYLE_USAGE(.BOTH.,#18744);
#18744 = SURFACE_SIDE_STYLE('',(#18745));
#18745 = SURFACE_STYLE_FILL_AREA(#18746);
#18746 = FILL_AREA_STYLE('',(#18747));
#18747 = FILL_AREA_STYLE_COLOUR('',#18327);
#18748 = STYLED_ITEM('color',(#18749),#16681);
#18749 = PRESENTATION_STYLE_ASSIGNMENT((#18750));
#18750 = SURFACE_STYLE_USAGE(.BOTH.,#18751);
#18751 = SURFACE_SIDE_STYLE('',(#18752));
#18752 = SURFACE_STYLE_FILL_AREA(#18753);
#18753 = FILL_AREA_STYLE('',(#18754));
#18754 = FILL_AREA_STYLE_COLOUR('',#18327);
#18755 = STYLED_ITEM('color',(#18756),#16705);
#18756 = PRESENTATION_STYLE_ASSIGNMENT((#18757));
#18757 = SURFACE_STYLE_USAGE(.BOTH.,#18758);
#18758 = SURFACE_SIDE_STYLE('',(#18759));
#18759 = SURFACE_STYLE_FILL_AREA(#18760);
#18760 = FILL_AREA_STYLE('',(#18761));
#18761 = FILL_AREA_STYLE_COLOUR('',#18327);
#18762 = STYLED_ITEM('color',(#18763),#16729);
#18763 = PRESENTATION_STYLE_ASSIGNMENT((#18764));
#18764 = SURFACE_STYLE_USAGE(.BOTH.,#18765);
#18765 = SURFACE_SIDE_STYLE('',(#18766));
#18766 = SURFACE_STYLE_FILL_AREA(#18767);
#18767 = FILL_AREA_STYLE('',(#18768));
#18768 = FILL_AREA_STYLE_COLOUR('',#18327);
#18769 = STYLED_ITEM('color',(#18770),#16746);
#18770 = PRESENTATION_STYLE_ASSIGNMENT((#18771));
#18771 = SURFACE_STYLE_USAGE(.BOTH.,#18772);
#18772 = SURFACE_SIDE_STYLE('',(#18773));
#18773 = SURFACE_STYLE_FILL_AREA(#18774);
#18774 = FILL_AREA_STYLE('',(#18775));
#18775 = FILL_AREA_STYLE_COLOUR('',#18327);
#18776 = STYLED_ITEM('color',(#18777),#16777);
#18777 = PRESENTATION_STYLE_ASSIGNMENT((#18778));
#18778 = SURFACE_STYLE_USAGE(.BOTH.,#18779);
#18779 = SURFACE_SIDE_STYLE('',(#18780));
#18780 = SURFACE_STYLE_FILL_AREA(#18781);
#18781 = FILL_AREA_STYLE('',(#18782));
#18782 = FILL_AREA_STYLE_COLOUR('',#18327);
#18783 = STYLED_ITEM('color',(#18784),#16801);
#18784 = PRESENTATION_STYLE_ASSIGNMENT((#18785));
#18785 = SURFACE_STYLE_USAGE(.BOTH.,#18786);
#18786 = SURFACE_SIDE_STYLE('',(#18787));
#18787 = SURFACE_STYLE_FILL_AREA(#18788);
#18788 = FILL_AREA_STYLE('',(#18789));
#18789 = FILL_AREA_STYLE_COLOUR('',#18327);
#18790 = STYLED_ITEM('color',(#18791),#16825);
#18791 = PRESENTATION_STYLE_ASSIGNMENT((#18792));
#18792 = SURFACE_STYLE_USAGE(.BOTH.,#18793);
#18793 = SURFACE_SIDE_STYLE('',(#18794));
#18794 = SURFACE_STYLE_FILL_AREA(#18795);
#18795 = FILL_AREA_STYLE('',(#18796));
#18796 = FILL_AREA_STYLE_COLOUR('',#18327);
#18797 = STYLED_ITEM('color',(#18798),#16842);
#18798 = PRESENTATION_STYLE_ASSIGNMENT((#18799));
#18799 = SURFACE_STYLE_USAGE(.BOTH.,#18800);
#18800 = SURFACE_SIDE_STYLE('',(#18801));
#18801 = SURFACE_STYLE_FILL_AREA(#18802);
#18802 = FILL_AREA_STYLE('',(#18803));
#18803 = FILL_AREA_STYLE_COLOUR('',#18327);
#18804 = STYLED_ITEM('color',(#18805),#16873);
#18805 = PRESENTATION_STYLE_ASSIGNMENT((#18806));
#18806 = SURFACE_STYLE_USAGE(.BOTH.,#18807);
#18807 = SURFACE_SIDE_STYLE('',(#18808));
#18808 = SURFACE_STYLE_FILL_AREA(#18809);
#18809 = FILL_AREA_STYLE('',(#18810));
#18810 = FILL_AREA_STYLE_COLOUR('',#18327);
#18811 = STYLED_ITEM('color',(#18812),#16897);
#18812 = PRESENTATION_STYLE_ASSIGNMENT((#18813));
#18813 = SURFACE_STYLE_USAGE(.BOTH.,#18814);
#18814 = SURFACE_SIDE_STYLE('',(#18815));
#18815 = SURFACE_STYLE_FILL_AREA(#18816);
#18816 = FILL_AREA_STYLE('',(#18817));
#18817 = FILL_AREA_STYLE_COLOUR('',#18327);
#18818 = STYLED_ITEM('color',(#18819),#16921);
#18819 = PRESENTATION_STYLE_ASSIGNMENT((#18820));
#18820 = SURFACE_STYLE_USAGE(.BOTH.,#18821);
#18821 = SURFACE_SIDE_STYLE('',(#18822));
#18822 = SURFACE_STYLE_FILL_AREA(#18823);
#18823 = FILL_AREA_STYLE('',(#18824));
#18824 = FILL_AREA_STYLE_COLOUR('',#18327);
#18825 = STYLED_ITEM('color',(#18826),#16938);
#18826 = PRESENTATION_STYLE_ASSIGNMENT((#18827));
#18827 = SURFACE_STYLE_USAGE(.BOTH.,#18828);
#18828 = SURFACE_SIDE_STYLE('',(#18829));
#18829 = SURFACE_STYLE_FILL_AREA(#18830);
#18830 = FILL_AREA_STYLE('',(#18831));
#18831 = FILL_AREA_STYLE_COLOUR('',#18327);
#18832 = STYLED_ITEM('color',(#18833),#16969);
#18833 = PRESENTATION_STYLE_ASSIGNMENT((#18834));
#18834 = SURFACE_STYLE_USAGE(.BOTH.,#18835);
#18835 = SURFACE_SIDE_STYLE('',(#18836));
#18836 = SURFACE_STYLE_FILL_AREA(#18837);
#18837 = FILL_AREA_STYLE('',(#18838));
#18838 = FILL_AREA_STYLE_COLOUR('',#18327);
#18839 = STYLED_ITEM('color',(#18840),#16993);
#18840 = PRESENTATION_STYLE_ASSIGNMENT((#18841));
#18841 = SURFACE_STYLE_USAGE(.BOTH.,#18842);
#18842 = SURFACE_SIDE_STYLE('',(#18843));
#18843 = SURFACE_STYLE_FILL_AREA(#18844);
#18844 = FILL_AREA_STYLE('',(#18845));
#18845 = FILL_AREA_STYLE_COLOUR('',#18327);
#18846 = STYLED_ITEM('color',(#18847),#17017);
#18847 = PRESENTATION_STYLE_ASSIGNMENT((#18848));
#18848 = SURFACE_STYLE_USAGE(.BOTH.,#18849);
#18849 = SURFACE_SIDE_STYLE('',(#18850));
#18850 = SURFACE_STYLE_FILL_AREA(#18851);
#18851 = FILL_AREA_STYLE('',(#18852));
#18852 = FILL_AREA_STYLE_COLOUR('',#18327);
#18853 = STYLED_ITEM('color',(#18854),#17034);
#18854 = PRESENTATION_STYLE_ASSIGNMENT((#18855));
#18855 = SURFACE_STYLE_USAGE(.BOTH.,#18856);
#18856 = SURFACE_SIDE_STYLE('',(#18857));
#18857 = SURFACE_STYLE_FILL_AREA(#18858);
#18858 = FILL_AREA_STYLE('',(#18859));
#18859 = FILL_AREA_STYLE_COLOUR('',#18327);
#18860 = STYLED_ITEM('color',(#18861),#17065);
#18861 = PRESENTATION_STYLE_ASSIGNMENT((#18862));
#18862 = SURFACE_STYLE_USAGE(.BOTH.,#18863);
#18863 = SURFACE_SIDE_STYLE('',(#18864));
#18864 = SURFACE_STYLE_FILL_AREA(#18865);
#18865 = FILL_AREA_STYLE('',(#18866));
#18866 = FILL_AREA_STYLE_COLOUR('',#18327);
#18867 = STYLED_ITEM('color',(#18868),#17089);
#18868 = PRESENTATION_STYLE_ASSIGNMENT((#18869));
#18869 = SURFACE_STYLE_USAGE(.BOTH.,#18870);
#18870 = SURFACE_SIDE_STYLE('',(#18871));
#18871 = SURFACE_STYLE_FILL_AREA(#18872);
#18872 = FILL_AREA_STYLE('',(#18873));
#18873 = FILL_AREA_STYLE_COLOUR('',#18327);
#18874 = STYLED_ITEM('color',(#18875),#17113);
#18875 = PRESENTATION_STYLE_ASSIGNMENT((#18876));
#18876 = SURFACE_STYLE_USAGE(.BOTH.,#18877);
#18877 = SURFACE_SIDE_STYLE('',(#18878));
#18878 = SURFACE_STYLE_FILL_AREA(#18879);
#18879 = FILL_AREA_STYLE('',(#18880));
#18880 = FILL_AREA_STYLE_COLOUR('',#18327);
#18881 = STYLED_ITEM('color',(#18882),#17130);
#18882 = PRESENTATION_STYLE_ASSIGNMENT((#18883));
#18883 = SURFACE_STYLE_USAGE(.BOTH.,#18884);
#18884 = SURFACE_SIDE_STYLE('',(#18885));
#18885 = SURFACE_STYLE_FILL_AREA(#18886);
#18886 = FILL_AREA_STYLE('',(#18887));
#18887 = FILL_AREA_STYLE_COLOUR('',#18327);
#18888 = STYLED_ITEM('color',(#18889),#17142);
#18889 = PRESENTATION_STYLE_ASSIGNMENT((#18890));
#18890 = SURFACE_STYLE_USAGE(.BOTH.,#18891);
#18891 = SURFACE_SIDE_STYLE('',(#18892));
#18892 = SURFACE_STYLE_FILL_AREA(#18893);
#18893 = FILL_AREA_STYLE('',(#18894));
#18894 = FILL_AREA_STYLE_COLOUR('',#18327);
#18895 = STYLED_ITEM('color',(#18896),#17154);
#18896 = PRESENTATION_STYLE_ASSIGNMENT((#18897));
#18897 = SURFACE_STYLE_USAGE(.BOTH.,#18898);
#18898 = SURFACE_SIDE_STYLE('',(#18899));
#18899 = SURFACE_STYLE_FILL_AREA(#18900);
#18900 = FILL_AREA_STYLE('',(#18901));
#18901 = FILL_AREA_STYLE_COLOUR('',#18327);
#18902 = STYLED_ITEM('color',(#18903),#17166);
#18903 = PRESENTATION_STYLE_ASSIGNMENT((#18904));
#18904 = SURFACE_STYLE_USAGE(.BOTH.,#18905);
#18905 = SURFACE_SIDE_STYLE('',(#18906));
#18906 = SURFACE_STYLE_FILL_AREA(#18907);
#18907 = FILL_AREA_STYLE('',(#18908));
#18908 = FILL_AREA_STYLE_COLOUR('',#18327);
#18909 = STYLED_ITEM('color',(#18910),#17178);
#18910 = PRESENTATION_STYLE_ASSIGNMENT((#18911));
#18911 = SURFACE_STYLE_USAGE(.BOTH.,#18912);
#18912 = SURFACE_SIDE_STYLE('',(#18913));
#18913 = SURFACE_STYLE_FILL_AREA(#18914);
#18914 = FILL_AREA_STYLE('',(#18915));
#18915 = FILL_AREA_STYLE_COLOUR('',#18327);
#18916 = STYLED_ITEM('color',(#18917),#17190);
#18917 = PRESENTATION_STYLE_ASSIGNMENT((#18918));
#18918 = SURFACE_STYLE_USAGE(.BOTH.,#18919);
#18919 = SURFACE_SIDE_STYLE('',(#18920));
#18920 = SURFACE_STYLE_FILL_AREA(#18921);
#18921 = FILL_AREA_STYLE('',(#18922));
#18922 = FILL_AREA_STYLE_COLOUR('',#18327);
#18923 = STYLED_ITEM('color',(#18924),#17202);
#18924 = PRESENTATION_STYLE_ASSIGNMENT((#18925));
#18925 = SURFACE_STYLE_USAGE(.BOTH.,#18926);
#18926 = SURFACE_SIDE_STYLE('',(#18927));
#18927 = SURFACE_STYLE_FILL_AREA(#18928);
#18928 = FILL_AREA_STYLE('',(#18929));
#18929 = FILL_AREA_STYLE_COLOUR('',#18327);
#18930 = STYLED_ITEM('color',(#18931),#17214);
#18931 = PRESENTATION_STYLE_ASSIGNMENT((#18932));
#18932 = SURFACE_STYLE_USAGE(.BOTH.,#18933);
#18933 = SURFACE_SIDE_STYLE('',(#18934));
#18934 = SURFACE_STYLE_FILL_AREA(#18935);
#18935 = FILL_AREA_STYLE('',(#18936));
#18936 = FILL_AREA_STYLE_COLOUR('',#18327);
#18937 = MECHANICAL_DESIGN_GEOMETRIC_PRESENTATION_REPRESENTATION('',(
    #18938),#18104);
#18938 = STYLED_ITEM('color',(#18939),#17245);
#18939 = PRESENTATION_STYLE_ASSIGNMENT((#18940));
#18940 = SURFACE_STYLE_USAGE(.BOTH.,#18941);
#18941 = SURFACE_SIDE_STYLE('',(#18942));
#18942 = SURFACE_STYLE_FILL_AREA(#18943);
#18943 = FILL_AREA_STYLE('',(#18944));
#18944 = FILL_AREA_STYLE_COLOUR('',#18945);
#18945 = COLOUR_RGB('',0.313304153717,0.484529207832,0.410020903123);
#18946 = MECHANICAL_DESIGN_GEOMETRIC_PRESENTATION_REPRESENTATION('',(
    #18947,#18955,#18962,#18969,#18977,#18984,#18991,#18999,#19006,
    #19013,#19020,#19027,#19034,#19041,#19048,#19055,#19062,#19069,
    #19076,#19083,#19090,#19097,#19104,#19111,#19118,#19125,#19132,
    #19139,#19146,#19153,#19160,#19167,#19174,#19181,#19188,#19195,
    #19202,#19209,#19216,#19223,#19230,#19237,#19244,#19251,#19258,
    #19265,#19272,#19279,#19286,#19293,#19300,#19307,#19314,#19321,
    #19328,#19335,#19342,#19349,#19356,#19363,#19370,#19377,#19384,
    #19391,#19398,#19405,#19412,#19419,#19426,#19433,#19440,#19447,
    #19454,#19461,#19468,#19475,#19482,#19489,#19496,#19503,#19510,
    #19517,#19524,#19531,#19538,#19545,#19552,#19559,#19566,#19573,
    #19580,#19587,#19594,#19601,#19608,#19615,#19622,#19629,#19636,
    #19643,#19650,#19657,#19664,#19671,#19678,#19685,#19692,#19699,
    #19706,#19713,#19720,#19727,#19734,#19741,#19748,#19755,#19762,
    #19769,#19776,#19783,#19790,#19797,#19804,#19811,#19818,#19825,
    #19832,#19839,#19846,#19853,#19860,#19867,#19874,#19881,#19888,
    #19895,#19902,#19909,#19916,#19923,#19930,#19937,#19944,#19951,
    #19958,#19965,#19972,#19979,#19986,#19993,#20000,#20007,#20014,
    #20021,#20028,#20035,#20042,#20049,#20056,#20063,#20070,#20077,
    #20084,#20091,#20098,#20105,#20112,#20119,#20126,#20133,#20140,
    #20147,#20154,#20161,#20168,#20175,#20182,#20189,#20196,#20203,
    #20210,#20217,#20224,#20231,#20238,#20245,#20252,#20259,#20266,
    #20273,#20280,#20287,#20294,#20301,#20308,#20315,#20322,#20329,
    #20336,#20343,#20350,#20357,#20364,#20371,#20378,#20385,#20392,
    #20399,#20406,#20413,#20420,#20427,#20434,#20441,#20448,#20455,
    #20462,#20469,#20476,#20483,#20490,#20497,#20504,#20511,#20518,
    #20525,#20532,#20539,#20546,#20553,#20560,#20567,#20574,#20581,
    #20588,#20595,#20602,#20609,#20616,#20623,#20630,#20637,#20644,
    #20651,#20658,#20665,#20672,#20679,#20686,#20693,#20700,#20707,
    #20714,#20721,#20728,#20735,#20742,#20749,#20756,#20763,#20770,
    #20777,#20784,#20791,#20798,#20805,#20812,#20819,#20826,#20833,
    #20840,#20847,#20854,#20861,#20868,#20875,#20882,#20889,#20896,
    #20903,#20910,#20917,#20924,#20931,#20938,#20945,#20952,#20959),
  #13829);
#18947 = STYLED_ITEM('color',(#18948),#64);
#18948 = PRESENTATION_STYLE_ASSIGNMENT((#18949));
#18949 = SURFACE_STYLE_USAGE(.BOTH.,#18950);
#18950 = SURFACE_SIDE_STYLE('',(#18951));
#18951 = SURFACE_STYLE_FILL_AREA(#18952);
#18952 = FILL_AREA_STYLE('',(#18953));
#18953 = FILL_AREA_STYLE_COLOUR('',#18954);
#18954 = COLOUR_RGB('',0.792156867455,0.819607826924,0.933333342953);
#18955 = OVER_RIDING_STYLED_ITEM('overriding color',(#18956),#66,#18947
  );
#18956 = PRESENTATION_STYLE_ASSIGNMENT((#18957));
#18957 = SURFACE_STYLE_USAGE(.BOTH.,#18958);
#18958 = SURFACE_SIDE_STYLE('',(#18959));
#18959 = SURFACE_STYLE_FILL_AREA(#18960);
#18960 = FILL_AREA_STYLE('',(#18961));
#18961 = FILL_AREA_STYLE_COLOUR('',#18954);
#18962 = OVER_RIDING_STYLED_ITEM('overriding color',(#18963),#125,#18947
  );
#18963 = PRESENTATION_STYLE_ASSIGNMENT((#18964));
#18964 = SURFACE_STYLE_USAGE(.BOTH.,#18965);
#18965 = SURFACE_SIDE_STYLE('',(#18966));
#18966 = SURFACE_STYLE_FILL_AREA(#18967);
#18967 = FILL_AREA_STYLE('',(#18968));
#18968 = FILL_AREA_STYLE_COLOUR('',#18954);
#18969 = OVER_RIDING_STYLED_ITEM('overriding color',(#18970),#634,#18947
  );
#18970 = PRESENTATION_STYLE_ASSIGNMENT((#18971));
#18971 = SURFACE_STYLE_USAGE(.BOTH.,#18972);
#18972 = SURFACE_SIDE_STYLE('',(#18973));
#18973 = SURFACE_STYLE_FILL_AREA(#18974);
#18974 = FILL_AREA_STYLE('',(#18975));
#18975 = FILL_AREA_STYLE_COLOUR('',#18976);
#18976 = COLOUR_RGB('',0.,0.396078428884,6.27450963192E-02);
#18977 = OVER_RIDING_STYLED_ITEM('overriding color',(#18978),#676,#18947
  );
#18978 = PRESENTATION_STYLE_ASSIGNMENT((#18979));
#18979 = SURFACE_STYLE_USAGE(.BOTH.,#18980);
#18980 = SURFACE_SIDE_STYLE('',(#18981));
#18981 = SURFACE_STYLE_FILL_AREA(#18982);
#18982 = FILL_AREA_STYLE('',(#18983));
#18983 = FILL_AREA_STYLE_COLOUR('',#18976);
#18984 = OVER_RIDING_STYLED_ITEM('overriding color',(#18985),#718,#18947
  );
#18985 = PRESENTATION_STYLE_ASSIGNMENT((#18986));
#18986 = SURFACE_STYLE_USAGE(.BOTH.,#18987);
#18987 = SURFACE_SIDE_STYLE('',(#18988));
#18988 = SURFACE_STYLE_FILL_AREA(#18989);
#18989 = FILL_AREA_STYLE('',(#18990));
#18990 = FILL_AREA_STYLE_COLOUR('',#18954);
#18991 = OVER_RIDING_STYLED_ITEM('overriding color',(#18992),#836,#18947
  );
#18992 = PRESENTATION_STYLE_ASSIGNMENT((#18993));
#18993 = SURFACE_STYLE_USAGE(.BOTH.,#18994);
#18994 = SURFACE_SIDE_STYLE('',(#18995));
#18995 = SURFACE_STYLE_FILL_AREA(#18996);
#18996 = FILL_AREA_STYLE('',(#18997));
#18997 = FILL_AREA_STYLE_COLOUR('',#18998);
#18998 = COLOUR_RGB('',0.752941164258,0.752941164258,0.752941164258);
#18999 = OVER_RIDING_STYLED_ITEM('overriding color',(#19000),#880,#18947
  );
#19000 = PRESENTATION_STYLE_ASSIGNMENT((#19001));
#19001 = SURFACE_STYLE_USAGE(.BOTH.,#19002);
#19002 = SURFACE_SIDE_STYLE('',(#19003));
#19003 = SURFACE_STYLE_FILL_AREA(#19004);
#19004 = FILL_AREA_STYLE('',(#19005));
#19005 = FILL_AREA_STYLE_COLOUR('',#18998);
#19006 = OVER_RIDING_STYLED_ITEM('overriding color',(#19007),#922,#18947
  );
#19007 = PRESENTATION_STYLE_ASSIGNMENT((#19008));
#19008 = SURFACE_STYLE_USAGE(.BOTH.,#19009);
#19009 = SURFACE_SIDE_STYLE('',(#19010));
#19010 = SURFACE_STYLE_FILL_AREA(#19011);
#19011 = FILL_AREA_STYLE('',(#19012));
#19012 = FILL_AREA_STYLE_COLOUR('',#18998);
#19013 = OVER_RIDING_STYLED_ITEM('overriding color',(#19014),#950,#18947
  );
#19014 = PRESENTATION_STYLE_ASSIGNMENT((#19015));
#19015 = SURFACE_STYLE_USAGE(.BOTH.,#19016);
#19016 = SURFACE_SIDE_STYLE('',(#19017));
#19017 = SURFACE_STYLE_FILL_AREA(#19018);
#19018 = FILL_AREA_STYLE('',(#19019));
#19019 = FILL_AREA_STYLE_COLOUR('',#18976);
#19020 = OVER_RIDING_STYLED_ITEM('overriding color',(#19021),#1006,
  #18947);
#19021 = PRESENTATION_STYLE_ASSIGNMENT((#19022));
#19022 = SURFACE_STYLE_USAGE(.BOTH.,#19023);
#19023 = SURFACE_SIDE_STYLE('',(#19024));
#19024 = SURFACE_STYLE_FILL_AREA(#19025);
#19025 = FILL_AREA_STYLE('',(#19026));
#19026 = FILL_AREA_STYLE_COLOUR('',#18976);
#19027 = OVER_RIDING_STYLED_ITEM('overriding color',(#19028),#1062,
  #18947);
#19028 = PRESENTATION_STYLE_ASSIGNMENT((#19029));
#19029 = SURFACE_STYLE_USAGE(.BOTH.,#19030);
#19030 = SURFACE_SIDE_STYLE('',(#19031));
#19031 = SURFACE_STYLE_FILL_AREA(#19032);
#19032 = FILL_AREA_STYLE('',(#19033));
#19033 = FILL_AREA_STYLE_COLOUR('',#18976);
#19034 = OVER_RIDING_STYLED_ITEM('overriding color',(#19035),#1118,
  #18947);
#19035 = PRESENTATION_STYLE_ASSIGNMENT((#19036));
#19036 = SURFACE_STYLE_USAGE(.BOTH.,#19037);
#19037 = SURFACE_SIDE_STYLE('',(#19038));
#19038 = SURFACE_STYLE_FILL_AREA(#19039);
#19039 = FILL_AREA_STYLE('',(#19040));
#19040 = FILL_AREA_STYLE_COLOUR('',#18976);
#19041 = OVER_RIDING_STYLED_ITEM('overriding color',(#19042),#1174,
  #18947);
#19042 = PRESENTATION_STYLE_ASSIGNMENT((#19043));
#19043 = SURFACE_STYLE_USAGE(.BOTH.,#19044);
#19044 = SURFACE_SIDE_STYLE('',(#19045));
#19045 = SURFACE_STYLE_FILL_AREA(#19046);
#19046 = FILL_AREA_STYLE('',(#19047));
#19047 = FILL_AREA_STYLE_COLOUR('',#18954);
#19048 = OVER_RIDING_STYLED_ITEM('overriding color',(#19049),#1205,
  #18947);
#19049 = PRESENTATION_STYLE_ASSIGNMENT((#19050));
#19050 = SURFACE_STYLE_USAGE(.BOTH.,#19051);
#19051 = SURFACE_SIDE_STYLE('',(#19052));
#19052 = SURFACE_STYLE_FILL_AREA(#19053);
#19053 = FILL_AREA_STYLE('',(#19054));
#19054 = FILL_AREA_STYLE_COLOUR('',#18954);
#19055 = OVER_RIDING_STYLED_ITEM('overriding color',(#19056),#1236,
  #18947);
#19056 = PRESENTATION_STYLE_ASSIGNMENT((#19057));
#19057 = SURFACE_STYLE_USAGE(.BOTH.,#19058);
#19058 = SURFACE_SIDE_STYLE('',(#19059));
#19059 = SURFACE_STYLE_FILL_AREA(#19060);
#19060 = FILL_AREA_STYLE('',(#19061));
#19061 = FILL_AREA_STYLE_COLOUR('',#18954);
#19062 = OVER_RIDING_STYLED_ITEM('overriding color',(#19063),#1267,
  #18947);
#19063 = PRESENTATION_STYLE_ASSIGNMENT((#19064));
#19064 = SURFACE_STYLE_USAGE(.BOTH.,#19065);
#19065 = SURFACE_SIDE_STYLE('',(#19066));
#19066 = SURFACE_STYLE_FILL_AREA(#19067);
#19067 = FILL_AREA_STYLE('',(#19068));
#19068 = FILL_AREA_STYLE_COLOUR('',#18954);
#19069 = OVER_RIDING_STYLED_ITEM('overriding color',(#19070),#1298,
  #18947);
#19070 = PRESENTATION_STYLE_ASSIGNMENT((#19071));
#19071 = SURFACE_STYLE_USAGE(.BOTH.,#19072);
#19072 = SURFACE_SIDE_STYLE('',(#19073));
#19073 = SURFACE_STYLE_FILL_AREA(#19074);
#19074 = FILL_AREA_STYLE('',(#19075));
#19075 = FILL_AREA_STYLE_COLOUR('',#18954);
#19076 = OVER_RIDING_STYLED_ITEM('overriding color',(#19077),#1340,
  #18947);
#19077 = PRESENTATION_STYLE_ASSIGNMENT((#19078));
#19078 = SURFACE_STYLE_USAGE(.BOTH.,#19079);
#19079 = SURFACE_SIDE_STYLE('',(#19080));
#19080 = SURFACE_STYLE_FILL_AREA(#19081);
#19081 = FILL_AREA_STYLE('',(#19082));
#19082 = FILL_AREA_STYLE_COLOUR('',#18954);
#19083 = OVER_RIDING_STYLED_ITEM('overriding color',(#19084),#1531,
  #18947);
#19084 = PRESENTATION_STYLE_ASSIGNMENT((#19085));
#19085 = SURFACE_STYLE_USAGE(.BOTH.,#19086);
#19086 = SURFACE_SIDE_STYLE('',(#19087));
#19087 = SURFACE_STYLE_FILL_AREA(#19088);
#19088 = FILL_AREA_STYLE('',(#19089));
#19089 = FILL_AREA_STYLE_COLOUR('',#18954);
#19090 = OVER_RIDING_STYLED_ITEM('overriding color',(#19091),#1564,
  #18947);
#19091 = PRESENTATION_STYLE_ASSIGNMENT((#19092));
#19092 = SURFACE_STYLE_USAGE(.BOTH.,#19093);
#19093 = SURFACE_SIDE_STYLE('',(#19094));
#19094 = SURFACE_STYLE_FILL_AREA(#19095);
#19095 = FILL_AREA_STYLE('',(#19096));
#19096 = FILL_AREA_STYLE_COLOUR('',#18954);
#19097 = OVER_RIDING_STYLED_ITEM('overriding color',(#19098),#1606,
  #18947);
#19098 = PRESENTATION_STYLE_ASSIGNMENT((#19099));
#19099 = SURFACE_STYLE_USAGE(.BOTH.,#19100);
#19100 = SURFACE_SIDE_STYLE('',(#19101));
#19101 = SURFACE_STYLE_FILL_AREA(#19102);
#19102 = FILL_AREA_STYLE('',(#19103));
#19103 = FILL_AREA_STYLE_COLOUR('',#18954);
#19104 = OVER_RIDING_STYLED_ITEM('overriding color',(#19105),#1797,
  #18947);
#19105 = PRESENTATION_STYLE_ASSIGNMENT((#19106));
#19106 = SURFACE_STYLE_USAGE(.BOTH.,#19107);
#19107 = SURFACE_SIDE_STYLE('',(#19108));
#19108 = SURFACE_STYLE_FILL_AREA(#19109);
#19109 = FILL_AREA_STYLE('',(#19110));
#19110 = FILL_AREA_STYLE_COLOUR('',#18954);
#19111 = OVER_RIDING_STYLED_ITEM('overriding color',(#19112),#1830,
  #18947);
#19112 = PRESENTATION_STYLE_ASSIGNMENT((#19113));
#19113 = SURFACE_STYLE_USAGE(.BOTH.,#19114);
#19114 = SURFACE_SIDE_STYLE('',(#19115));
#19115 = SURFACE_STYLE_FILL_AREA(#19116);
#19116 = FILL_AREA_STYLE('',(#19117));
#19117 = FILL_AREA_STYLE_COLOUR('',#18998);
#19118 = OVER_RIDING_STYLED_ITEM('overriding color',(#19119),#1848,
  #18947);
#19119 = PRESENTATION_STYLE_ASSIGNMENT((#19120));
#19120 = SURFACE_STYLE_USAGE(.BOTH.,#19121);
#19121 = SURFACE_SIDE_STYLE('',(#19122));
#19122 = SURFACE_STYLE_FILL_AREA(#19123);
#19123 = FILL_AREA_STYLE('',(#19124));
#19124 = FILL_AREA_STYLE_COLOUR('',#18998);
#19125 = OVER_RIDING_STYLED_ITEM('overriding color',(#19126),#1866,
  #18947);
#19126 = PRESENTATION_STYLE_ASSIGNMENT((#19127));
#19127 = SURFACE_STYLE_USAGE(.BOTH.,#19128);
#19128 = SURFACE_SIDE_STYLE('',(#19129));
#19129 = SURFACE_STYLE_FILL_AREA(#19130);
#19130 = FILL_AREA_STYLE('',(#19131));
#19131 = FILL_AREA_STYLE_COLOUR('',#18998);
#19132 = OVER_RIDING_STYLED_ITEM('overriding color',(#19133),#1884,
  #18947);
#19133 = PRESENTATION_STYLE_ASSIGNMENT((#19134));
#19134 = SURFACE_STYLE_USAGE(.BOTH.,#19135);
#19135 = SURFACE_SIDE_STYLE('',(#19136));
#19136 = SURFACE_STYLE_FILL_AREA(#19137);
#19137 = FILL_AREA_STYLE('',(#19138));
#19138 = FILL_AREA_STYLE_COLOUR('',#18954);
#19139 = OVER_RIDING_STYLED_ITEM('overriding color',(#19140),#1940,
  #18947);
#19140 = PRESENTATION_STYLE_ASSIGNMENT((#19141));
#19141 = SURFACE_STYLE_USAGE(.BOTH.,#19142);
#19142 = SURFACE_SIDE_STYLE('',(#19143));
#19143 = SURFACE_STYLE_FILL_AREA(#19144);
#19144 = FILL_AREA_STYLE('',(#19145));
#19145 = FILL_AREA_STYLE_COLOUR('',#18954);
#19146 = OVER_RIDING_STYLED_ITEM('overriding color',(#19147),#2258,
  #18947);
#19147 = PRESENTATION_STYLE_ASSIGNMENT((#19148));
#19148 = SURFACE_STYLE_USAGE(.BOTH.,#19149);
#19149 = SURFACE_SIDE_STYLE('',(#19150));
#19150 = SURFACE_STYLE_FILL_AREA(#19151);
#19151 = FILL_AREA_STYLE('',(#19152));
#19152 = FILL_AREA_STYLE_COLOUR('',#18954);
#19153 = OVER_RIDING_STYLED_ITEM('overriding color',(#19154),#2519,
  #18947);
#19154 = PRESENTATION_STYLE_ASSIGNMENT((#19155));
#19155 = SURFACE_STYLE_USAGE(.BOTH.,#19156);
#19156 = SURFACE_SIDE_STYLE('',(#19157));
#19157 = SURFACE_STYLE_FILL_AREA(#19158);
#19158 = FILL_AREA_STYLE('',(#19159));
#19159 = FILL_AREA_STYLE_COLOUR('',#18954);
#19160 = OVER_RIDING_STYLED_ITEM('overriding color',(#19161),#2575,
  #18947);
#19161 = PRESENTATION_STYLE_ASSIGNMENT((#19162));
#19162 = SURFACE_STYLE_USAGE(.BOTH.,#19163);
#19163 = SURFACE_SIDE_STYLE('',(#19164));
#19164 = SURFACE_STYLE_FILL_AREA(#19165);
#19165 = FILL_AREA_STYLE('',(#19166));
#19166 = FILL_AREA_STYLE_COLOUR('',#18976);
#19167 = OVER_RIDING_STYLED_ITEM('overriding color',(#19168),#2591,
  #18947);
#19168 = PRESENTATION_STYLE_ASSIGNMENT((#19169));
#19169 = SURFACE_STYLE_USAGE(.BOTH.,#19170);
#19170 = SURFACE_SIDE_STYLE('',(#19171));
#19171 = SURFACE_STYLE_FILL_AREA(#19172);
#19172 = FILL_AREA_STYLE('',(#19173));
#19173 = FILL_AREA_STYLE_COLOUR('',#18954);
#19174 = OVER_RIDING_STYLED_ITEM('overriding color',(#19175),#2622,
  #18947);
#19175 = PRESENTATION_STYLE_ASSIGNMENT((#19176));
#19176 = SURFACE_STYLE_USAGE(.BOTH.,#19177);
#19177 = SURFACE_SIDE_STYLE('',(#19178));
#19178 = SURFACE_STYLE_FILL_AREA(#19179);
#19179 = FILL_AREA_STYLE('',(#19180));
#19180 = FILL_AREA_STYLE_COLOUR('',#18954);
#19181 = OVER_RIDING_STYLED_ITEM('overriding color',(#19182),#2653,
  #18947);
#19182 = PRESENTATION_STYLE_ASSIGNMENT((#19183));
#19183 = SURFACE_STYLE_USAGE(.BOTH.,#19184);
#19184 = SURFACE_SIDE_STYLE('',(#19185));
#19185 = SURFACE_STYLE_FILL_AREA(#19186);
#19186 = FILL_AREA_STYLE('',(#19187));
#19187 = FILL_AREA_STYLE_COLOUR('',#18954);
#19188 = OVER_RIDING_STYLED_ITEM('overriding color',(#19189),#2677,
  #18947);
#19189 = PRESENTATION_STYLE_ASSIGNMENT((#19190));
#19190 = SURFACE_STYLE_USAGE(.BOTH.,#19191);
#19191 = SURFACE_SIDE_STYLE('',(#19192));
#19192 = SURFACE_STYLE_FILL_AREA(#19193);
#19193 = FILL_AREA_STYLE('',(#19194));
#19194 = FILL_AREA_STYLE_COLOUR('',#18954);
#19195 = OVER_RIDING_STYLED_ITEM('overriding color',(#19196),#2695,
  #18947);
#19196 = PRESENTATION_STYLE_ASSIGNMENT((#19197));
#19197 = SURFACE_STYLE_USAGE(.BOTH.,#19198);
#19198 = SURFACE_SIDE_STYLE('',(#19199));
#19199 = SURFACE_STYLE_FILL_AREA(#19200);
#19200 = FILL_AREA_STYLE('',(#19201));
#19201 = FILL_AREA_STYLE_COLOUR('',#18954);
#19202 = OVER_RIDING_STYLED_ITEM('overriding color',(#19203),#2719,
  #18947);
#19203 = PRESENTATION_STYLE_ASSIGNMENT((#19204));
#19204 = SURFACE_STYLE_USAGE(.BOTH.,#19205);
#19205 = SURFACE_SIDE_STYLE('',(#19206));
#19206 = SURFACE_STYLE_FILL_AREA(#19207);
#19207 = FILL_AREA_STYLE('',(#19208));
#19208 = FILL_AREA_STYLE_COLOUR('',#18954);
#19209 = OVER_RIDING_STYLED_ITEM('overriding color',(#19210),#4023,
  #18947);
#19210 = PRESENTATION_STYLE_ASSIGNMENT((#19211));
#19211 = SURFACE_STYLE_USAGE(.BOTH.,#19212);
#19212 = SURFACE_SIDE_STYLE('',(#19213));
#19213 = SURFACE_STYLE_FILL_AREA(#19214);
#19214 = FILL_AREA_STYLE('',(#19215));
#19215 = FILL_AREA_STYLE_COLOUR('',#18954);
#19216 = OVER_RIDING_STYLED_ITEM('overriding color',(#19217),#4054,
  #18947);
#19217 = PRESENTATION_STYLE_ASSIGNMENT((#19218));
#19218 = SURFACE_STYLE_USAGE(.BOTH.,#19219);
#19219 = SURFACE_SIDE_STYLE('',(#19220));
#19220 = SURFACE_STYLE_FILL_AREA(#19221);
#19221 = FILL_AREA_STYLE('',(#19222));
#19222 = FILL_AREA_STYLE_COLOUR('',#18954);
#19223 = OVER_RIDING_STYLED_ITEM('overriding color',(#19224),#4072,
  #18947);
#19224 = PRESENTATION_STYLE_ASSIGNMENT((#19225));
#19225 = SURFACE_STYLE_USAGE(.BOTH.,#19226);
#19226 = SURFACE_SIDE_STYLE('',(#19227));
#19227 = SURFACE_STYLE_FILL_AREA(#19228);
#19228 = FILL_AREA_STYLE('',(#19229));
#19229 = FILL_AREA_STYLE_COLOUR('',#18954);
#19230 = OVER_RIDING_STYLED_ITEM('overriding color',(#19231),#4096,
  #18947);
#19231 = PRESENTATION_STYLE_ASSIGNMENT((#19232));
#19232 = SURFACE_STYLE_USAGE(.BOTH.,#19233);
#19233 = SURFACE_SIDE_STYLE('',(#19234));
#19234 = SURFACE_STYLE_FILL_AREA(#19235);
#19235 = FILL_AREA_STYLE('',(#19236));
#19236 = FILL_AREA_STYLE_COLOUR('',#18954);
#19237 = OVER_RIDING_STYLED_ITEM('overriding color',(#19238),#4120,
  #18947);
#19238 = PRESENTATION_STYLE_ASSIGNMENT((#19239));
#19239 = SURFACE_STYLE_USAGE(.BOTH.,#19240);
#19240 = SURFACE_SIDE_STYLE('',(#19241));
#19241 = SURFACE_STYLE_FILL_AREA(#19242);
#19242 = FILL_AREA_STYLE('',(#19243));
#19243 = FILL_AREA_STYLE_COLOUR('',#18954);
#19244 = OVER_RIDING_STYLED_ITEM('overriding color',(#19245),#4144,
  #18947);
#19245 = PRESENTATION_STYLE_ASSIGNMENT((#19246));
#19246 = SURFACE_STYLE_USAGE(.BOTH.,#19247);
#19247 = SURFACE_SIDE_STYLE('',(#19248));
#19248 = SURFACE_STYLE_FILL_AREA(#19249);
#19249 = FILL_AREA_STYLE('',(#19250));
#19250 = FILL_AREA_STYLE_COLOUR('',#18954);
#19251 = OVER_RIDING_STYLED_ITEM('overriding color',(#19252),#4177,
  #18947);
#19252 = PRESENTATION_STYLE_ASSIGNMENT((#19253));
#19253 = SURFACE_STYLE_USAGE(.BOTH.,#19254);
#19254 = SURFACE_SIDE_STYLE('',(#19255));
#19255 = SURFACE_STYLE_FILL_AREA(#19256);
#19256 = FILL_AREA_STYLE('',(#19257));
#19257 = FILL_AREA_STYLE_COLOUR('',#18976);
#19258 = OVER_RIDING_STYLED_ITEM('overriding color',(#19259),#4195,
  #18947);
#19259 = PRESENTATION_STYLE_ASSIGNMENT((#19260));
#19260 = SURFACE_STYLE_USAGE(.BOTH.,#19261);
#19261 = SURFACE_SIDE_STYLE('',(#19262));
#19262 = SURFACE_STYLE_FILL_AREA(#19263);
#19263 = FILL_AREA_STYLE('',(#19264));
#19264 = FILL_AREA_STYLE_COLOUR('',#18976);
#19265 = OVER_RIDING_STYLED_ITEM('overriding color',(#19266),#4237,
  #18947);
#19266 = PRESENTATION_STYLE_ASSIGNMENT((#19267));
#19267 = SURFACE_STYLE_USAGE(.BOTH.,#19268);
#19268 = SURFACE_SIDE_STYLE('',(#19269));
#19269 = SURFACE_STYLE_FILL_AREA(#19270);
#19270 = FILL_AREA_STYLE('',(#19271));
#19271 = FILL_AREA_STYLE_COLOUR('',#18976);
#19272 = OVER_RIDING_STYLED_ITEM('overriding color',(#19273),#4270,
  #18947);
#19273 = PRESENTATION_STYLE_ASSIGNMENT((#19274));
#19274 = SURFACE_STYLE_USAGE(.BOTH.,#19275);
#19275 = SURFACE_SIDE_STYLE('',(#19276));
#19276 = SURFACE_STYLE_FILL_AREA(#19277);
#19277 = FILL_AREA_STYLE('',(#19278));
#19278 = FILL_AREA_STYLE_COLOUR('',#18954);
#19279 = OVER_RIDING_STYLED_ITEM('overriding color',(#19280),#4295,
  #18947);
#19280 = PRESENTATION_STYLE_ASSIGNMENT((#19281));
#19281 = SURFACE_STYLE_USAGE(.BOTH.,#19282);
#19282 = SURFACE_SIDE_STYLE('',(#19283));
#19283 = SURFACE_STYLE_FILL_AREA(#19284);
#19284 = FILL_AREA_STYLE('',(#19285));
#19285 = FILL_AREA_STYLE_COLOUR('',#18954);
#19286 = OVER_RIDING_STYLED_ITEM('overriding color',(#19287),#4314,
  #18947);
#19287 = PRESENTATION_STYLE_ASSIGNMENT((#19288));
#19288 = SURFACE_STYLE_USAGE(.BOTH.,#19289);
#19289 = SURFACE_SIDE_STYLE('',(#19290));
#19290 = SURFACE_STYLE_FILL_AREA(#19291);
#19291 = FILL_AREA_STYLE('',(#19292));
#19292 = FILL_AREA_STYLE_COLOUR('',#18954);
#19293 = OVER_RIDING_STYLED_ITEM('overriding color',(#19294),#4339,
  #18947);
#19294 = PRESENTATION_STYLE_ASSIGNMENT((#19295));
#19295 = SURFACE_STYLE_USAGE(.BOTH.,#19296);
#19296 = SURFACE_SIDE_STYLE('',(#19297));
#19297 = SURFACE_STYLE_FILL_AREA(#19298);
#19298 = FILL_AREA_STYLE('',(#19299));
#19299 = FILL_AREA_STYLE_COLOUR('',#18954);
#19300 = OVER_RIDING_STYLED_ITEM('overriding color',(#19301),#5340,
  #18947);
#19301 = PRESENTATION_STYLE_ASSIGNMENT((#19302));
#19302 = SURFACE_STYLE_USAGE(.BOTH.,#19303);
#19303 = SURFACE_SIDE_STYLE('',(#19304));
#19304 = SURFACE_STYLE_FILL_AREA(#19305);
#19305 = FILL_AREA_STYLE('',(#19306));
#19306 = FILL_AREA_STYLE_COLOUR('',#18954);
#19307 = OVER_RIDING_STYLED_ITEM('overriding color',(#19308),#5360,
  #18947);
#19308 = PRESENTATION_STYLE_ASSIGNMENT((#19309));
#19309 = SURFACE_STYLE_USAGE(.BOTH.,#19310);
#19310 = SURFACE_SIDE_STYLE('',(#19311));
#19311 = SURFACE_STYLE_FILL_AREA(#19312);
#19312 = FILL_AREA_STYLE('',(#19313));
#19313 = FILL_AREA_STYLE_COLOUR('',#18954);
#19314 = OVER_RIDING_STYLED_ITEM('overriding color',(#19315),#5385,
  #18947);
#19315 = PRESENTATION_STYLE_ASSIGNMENT((#19316));
#19316 = SURFACE_STYLE_USAGE(.BOTH.,#19317);
#19317 = SURFACE_SIDE_STYLE('',(#19318));
#19318 = SURFACE_STYLE_FILL_AREA(#19319);
#19319 = FILL_AREA_STYLE('',(#19320));
#19320 = FILL_AREA_STYLE_COLOUR('',#18954);
#19321 = OVER_RIDING_STYLED_ITEM('overriding color',(#19322),#5410,
  #18947);
#19322 = PRESENTATION_STYLE_ASSIGNMENT((#19323));
#19323 = SURFACE_STYLE_USAGE(.BOTH.,#19324);
#19324 = SURFACE_SIDE_STYLE('',(#19325));
#19325 = SURFACE_STYLE_FILL_AREA(#19326);
#19326 = FILL_AREA_STYLE('',(#19327));
#19327 = FILL_AREA_STYLE_COLOUR('',#18954);
#19328 = OVER_RIDING_STYLED_ITEM('overriding color',(#19329),#5441,
  #18947);
#19329 = PRESENTATION_STYLE_ASSIGNMENT((#19330));
#19330 = SURFACE_STYLE_USAGE(.BOTH.,#19331);
#19331 = SURFACE_SIDE_STYLE('',(#19332));
#19332 = SURFACE_STYLE_FILL_AREA(#19333);
#19333 = FILL_AREA_STYLE('',(#19334));
#19334 = FILL_AREA_STYLE_COLOUR('',#18976);
#19335 = OVER_RIDING_STYLED_ITEM('overriding color',(#19336),#5472,
  #18947);
#19336 = PRESENTATION_STYLE_ASSIGNMENT((#19337));
#19337 = SURFACE_STYLE_USAGE(.BOTH.,#19338);
#19338 = SURFACE_SIDE_STYLE('',(#19339));
#19339 = SURFACE_STYLE_FILL_AREA(#19340);
#19340 = FILL_AREA_STYLE('',(#19341));
#19341 = FILL_AREA_STYLE_COLOUR('',#18976);
#19342 = OVER_RIDING_STYLED_ITEM('overriding color',(#19343),#5496,
  #18947);
#19343 = PRESENTATION_STYLE_ASSIGNMENT((#19344));
#19344 = SURFACE_STYLE_USAGE(.BOTH.,#19345);
#19345 = SURFACE_SIDE_STYLE('',(#19346));
#19346 = SURFACE_STYLE_FILL_AREA(#19347);
#19347 = FILL_AREA_STYLE('',(#19348));
#19348 = FILL_AREA_STYLE_COLOUR('',#18976);
#19349 = OVER_RIDING_STYLED_ITEM('overriding color',(#19350),#5520,
  #18947);
#19350 = PRESENTATION_STYLE_ASSIGNMENT((#19351));
#19351 = SURFACE_STYLE_USAGE(.BOTH.,#19352);
#19352 = SURFACE_SIDE_STYLE('',(#19353));
#19353 = SURFACE_STYLE_FILL_AREA(#19354);
#19354 = FILL_AREA_STYLE('',(#19355));
#19355 = FILL_AREA_STYLE_COLOUR('',#18976);
#19356 = OVER_RIDING_STYLED_ITEM('overriding color',(#19357),#5551,
  #18947);
#19357 = PRESENTATION_STYLE_ASSIGNMENT((#19358));
#19358 = SURFACE_STYLE_USAGE(.BOTH.,#19359);
#19359 = SURFACE_SIDE_STYLE('',(#19360));
#19360 = SURFACE_STYLE_FILL_AREA(#19361);
#19361 = FILL_AREA_STYLE('',(#19362));
#19362 = FILL_AREA_STYLE_COLOUR('',#18976);
#19363 = OVER_RIDING_STYLED_ITEM('overriding color',(#19364),#5623,
  #18947);
#19364 = PRESENTATION_STYLE_ASSIGNMENT((#19365));
#19365 = SURFACE_STYLE_USAGE(.BOTH.,#19366);
#19366 = SURFACE_SIDE_STYLE('',(#19367));
#19367 = SURFACE_STYLE_FILL_AREA(#19368);
#19368 = FILL_AREA_STYLE('',(#19369));
#19369 = FILL_AREA_STYLE_COLOUR('',#18976);
#19370 = OVER_RIDING_STYLED_ITEM('overriding color',(#19371),#5647,
  #18947);
#19371 = PRESENTATION_STYLE_ASSIGNMENT((#19372));
#19372 = SURFACE_STYLE_USAGE(.BOTH.,#19373);
#19373 = SURFACE_SIDE_STYLE('',(#19374));
#19374 = SURFACE_STYLE_FILL_AREA(#19375);
#19375 = FILL_AREA_STYLE('',(#19376));
#19376 = FILL_AREA_STYLE_COLOUR('',#18976);
#19377 = OVER_RIDING_STYLED_ITEM('overriding color',(#19378),#5665,
  #18947);
#19378 = PRESENTATION_STYLE_ASSIGNMENT((#19379));
#19379 = SURFACE_STYLE_USAGE(.BOTH.,#19380);
#19380 = SURFACE_SIDE_STYLE('',(#19381));
#19381 = SURFACE_STYLE_FILL_AREA(#19382);
#19382 = FILL_AREA_STYLE('',(#19383));
#19383 = FILL_AREA_STYLE_COLOUR('',#18954);
#19384 = OVER_RIDING_STYLED_ITEM('overriding color',(#19385),#5705,
  #18947);
#19385 = PRESENTATION_STYLE_ASSIGNMENT((#19386));
#19386 = SURFACE_STYLE_USAGE(.BOTH.,#19387);
#19387 = SURFACE_SIDE_STYLE('',(#19388));
#19388 = SURFACE_STYLE_FILL_AREA(#19389);
#19389 = FILL_AREA_STYLE('',(#19390));
#19390 = FILL_AREA_STYLE_COLOUR('',#18954);
#19391 = OVER_RIDING_STYLED_ITEM('overriding color',(#19392),#5729,
  #18947);
#19392 = PRESENTATION_STYLE_ASSIGNMENT((#19393));
#19393 = SURFACE_STYLE_USAGE(.BOTH.,#19394);
#19394 = SURFACE_SIDE_STYLE('',(#19395));
#19395 = SURFACE_STYLE_FILL_AREA(#19396);
#19396 = FILL_AREA_STYLE('',(#19397));
#19397 = FILL_AREA_STYLE_COLOUR('',#18954);
#19398 = OVER_RIDING_STYLED_ITEM('overriding color',(#19399),#5746,
  #18947);
#19399 = PRESENTATION_STYLE_ASSIGNMENT((#19400));
#19400 = SURFACE_STYLE_USAGE(.BOTH.,#19401);
#19401 = SURFACE_SIDE_STYLE('',(#19402));
#19402 = SURFACE_STYLE_FILL_AREA(#19403);
#19403 = FILL_AREA_STYLE('',(#19404));
#19404 = FILL_AREA_STYLE_COLOUR('',#18954);
#19405 = OVER_RIDING_STYLED_ITEM('overriding color',(#19406),#5770,
  #18947);
#19406 = PRESENTATION_STYLE_ASSIGNMENT((#19407));
#19407 = SURFACE_STYLE_USAGE(.BOTH.,#19408);
#19408 = SURFACE_SIDE_STYLE('',(#19409));
#19409 = SURFACE_STYLE_FILL_AREA(#19410);
#19410 = FILL_AREA_STYLE('',(#19411));
#19411 = FILL_AREA_STYLE_COLOUR('',#18954);
#19412 = OVER_RIDING_STYLED_ITEM('overriding color',(#19413),#5803,
  #18947);
#19413 = PRESENTATION_STYLE_ASSIGNMENT((#19414));
#19414 = SURFACE_STYLE_USAGE(.BOTH.,#19415);
#19415 = SURFACE_SIDE_STYLE('',(#19416));
#19416 = SURFACE_STYLE_FILL_AREA(#19417);
#19417 = FILL_AREA_STYLE('',(#19418));
#19418 = FILL_AREA_STYLE_COLOUR('',#18954);
#19419 = OVER_RIDING_STYLED_ITEM('overriding color',(#19420),#6775,
  #18947);
#19420 = PRESENTATION_STYLE_ASSIGNMENT((#19421));
#19421 = SURFACE_STYLE_USAGE(.BOTH.,#19422);
#19422 = SURFACE_SIDE_STYLE('',(#19423));
#19423 = SURFACE_STYLE_FILL_AREA(#19424);
#19424 = FILL_AREA_STYLE('',(#19425));
#19425 = FILL_AREA_STYLE_COLOUR('',#18976);
#19426 = OVER_RIDING_STYLED_ITEM('overriding color',(#19427),#6827,
  #18947);
#19427 = PRESENTATION_STYLE_ASSIGNMENT((#19428));
#19428 = SURFACE_STYLE_USAGE(.BOTH.,#19429);
#19429 = SURFACE_SIDE_STYLE('',(#19430));
#19430 = SURFACE_STYLE_FILL_AREA(#19431);
#19431 = FILL_AREA_STYLE('',(#19432));
#19432 = FILL_AREA_STYLE_COLOUR('',#18954);
#19433 = OVER_RIDING_STYLED_ITEM('overriding color',(#19434),#6844,
  #18947);
#19434 = PRESENTATION_STYLE_ASSIGNMENT((#19435));
#19435 = SURFACE_STYLE_USAGE(.BOTH.,#19436);
#19436 = SURFACE_SIDE_STYLE('',(#19437));
#19437 = SURFACE_STYLE_FILL_AREA(#19438);
#19438 = FILL_AREA_STYLE('',(#19439));
#19439 = FILL_AREA_STYLE_COLOUR('',#18954);
#19440 = OVER_RIDING_STYLED_ITEM('overriding color',(#19441),#6868,
  #18947);
#19441 = PRESENTATION_STYLE_ASSIGNMENT((#19442));
#19442 = SURFACE_STYLE_USAGE(.BOTH.,#19443);
#19443 = SURFACE_SIDE_STYLE('',(#19444));
#19444 = SURFACE_STYLE_FILL_AREA(#19445);
#19445 = FILL_AREA_STYLE('',(#19446));
#19446 = FILL_AREA_STYLE_COLOUR('',#18954);
#19447 = OVER_RIDING_STYLED_ITEM('overriding color',(#19448),#6892,
  #18947);
#19448 = PRESENTATION_STYLE_ASSIGNMENT((#19449));
#19449 = SURFACE_STYLE_USAGE(.BOTH.,#19450);
#19450 = SURFACE_SIDE_STYLE('',(#19451));
#19451 = SURFACE_STYLE_FILL_AREA(#19452);
#19452 = FILL_AREA_STYLE('',(#19453));
#19453 = FILL_AREA_STYLE_COLOUR('',#18954);
#19454 = OVER_RIDING_STYLED_ITEM('overriding color',(#19455),#6925,
  #18947);
#19455 = PRESENTATION_STYLE_ASSIGNMENT((#19456));
#19456 = SURFACE_STYLE_USAGE(.BOTH.,#19457);
#19457 = SURFACE_SIDE_STYLE('',(#19458));
#19458 = SURFACE_STYLE_FILL_AREA(#19459);
#19459 = FILL_AREA_STYLE('',(#19460));
#19460 = FILL_AREA_STYLE_COLOUR('',#18954);
#19461 = OVER_RIDING_STYLED_ITEM('overriding color',(#19462),#6965,
  #18947);
#19462 = PRESENTATION_STYLE_ASSIGNMENT((#19463));
#19463 = SURFACE_STYLE_USAGE(.BOTH.,#19464);
#19464 = SURFACE_SIDE_STYLE('',(#19465));
#19465 = SURFACE_STYLE_FILL_AREA(#19466);
#19466 = FILL_AREA_STYLE('',(#19467));
#19467 = FILL_AREA_STYLE_COLOUR('',#18976);
#19468 = OVER_RIDING_STYLED_ITEM('overriding color',(#19469),#6997,
  #18947);
#19469 = PRESENTATION_STYLE_ASSIGNMENT((#19470));
#19470 = SURFACE_STYLE_USAGE(.BOTH.,#19471);
#19471 = SURFACE_SIDE_STYLE('',(#19472));
#19472 = SURFACE_STYLE_FILL_AREA(#19473);
#19473 = FILL_AREA_STYLE('',(#19474));
#19474 = FILL_AREA_STYLE_COLOUR('',#18976);
#19475 = OVER_RIDING_STYLED_ITEM('overriding color',(#19476),#7025,
  #18947);
#19476 = PRESENTATION_STYLE_ASSIGNMENT((#19477));
#19477 = SURFACE_STYLE_USAGE(.BOTH.,#19478);
#19478 = SURFACE_SIDE_STYLE('',(#19479));
#19479 = SURFACE_STYLE_FILL_AREA(#19480);
#19480 = FILL_AREA_STYLE('',(#19481));
#19481 = FILL_AREA_STYLE_COLOUR('',#18976);
#19482 = OVER_RIDING_STYLED_ITEM('overriding color',(#19483),#7050,
  #18947);
#19483 = PRESENTATION_STYLE_ASSIGNMENT((#19484));
#19484 = SURFACE_STYLE_USAGE(.BOTH.,#19485);
#19485 = SURFACE_SIDE_STYLE('',(#19486));
#19486 = SURFACE_STYLE_FILL_AREA(#19487);
#19487 = FILL_AREA_STYLE('',(#19488));
#19488 = FILL_AREA_STYLE_COLOUR('',#18976);
#19489 = OVER_RIDING_STYLED_ITEM('overriding color',(#19490),#7071,
  #18947);
#19490 = PRESENTATION_STYLE_ASSIGNMENT((#19491));
#19491 = SURFACE_STYLE_USAGE(.BOTH.,#19492);
#19492 = SURFACE_SIDE_STYLE('',(#19493));
#19493 = SURFACE_STYLE_FILL_AREA(#19494);
#19494 = FILL_AREA_STYLE('',(#19495));
#19495 = FILL_AREA_STYLE_COLOUR('',#18976);
#19496 = OVER_RIDING_STYLED_ITEM('overriding color',(#19497),#7113,
  #18947);
#19497 = PRESENTATION_STYLE_ASSIGNMENT((#19498));
#19498 = SURFACE_STYLE_USAGE(.BOTH.,#19499);
#19499 = SURFACE_SIDE_STYLE('',(#19500));
#19500 = SURFACE_STYLE_FILL_AREA(#19501);
#19501 = FILL_AREA_STYLE('',(#19502));
#19502 = FILL_AREA_STYLE_COLOUR('',#18976);
#19503 = OVER_RIDING_STYLED_ITEM('overriding color',(#19504),#7153,
  #18947);
#19504 = PRESENTATION_STYLE_ASSIGNMENT((#19505));
#19505 = SURFACE_STYLE_USAGE(.BOTH.,#19506);
#19506 = SURFACE_SIDE_STYLE('',(#19507));
#19507 = SURFACE_STYLE_FILL_AREA(#19508);
#19508 = FILL_AREA_STYLE('',(#19509));
#19509 = FILL_AREA_STYLE_COLOUR('',#18976);
#19510 = OVER_RIDING_STYLED_ITEM('overriding color',(#19511),#7192,
  #18947);
#19511 = PRESENTATION_STYLE_ASSIGNMENT((#19512));
#19512 = SURFACE_STYLE_USAGE(.BOTH.,#19513);
#19513 = SURFACE_SIDE_STYLE('',(#19514));
#19514 = SURFACE_STYLE_FILL_AREA(#19515);
#19515 = FILL_AREA_STYLE('',(#19516));
#19516 = FILL_AREA_STYLE_COLOUR('',#18976);
#19517 = OVER_RIDING_STYLED_ITEM('overriding color',(#19518),#7232,
  #18947);
#19518 = PRESENTATION_STYLE_ASSIGNMENT((#19519));
#19519 = SURFACE_STYLE_USAGE(.BOTH.,#19520);
#19520 = SURFACE_SIDE_STYLE('',(#19521));
#19521 = SURFACE_STYLE_FILL_AREA(#19522);
#19522 = FILL_AREA_STYLE('',(#19523));
#19523 = FILL_AREA_STYLE_COLOUR('',#18976);
#19524 = OVER_RIDING_STYLED_ITEM('overriding color',(#19525),#7263,
  #18947);
#19525 = PRESENTATION_STYLE_ASSIGNMENT((#19526));
#19526 = SURFACE_STYLE_USAGE(.BOTH.,#19527);
#19527 = SURFACE_SIDE_STYLE('',(#19528));
#19528 = SURFACE_STYLE_FILL_AREA(#19529);
#19529 = FILL_AREA_STYLE('',(#19530));
#19530 = FILL_AREA_STYLE_COLOUR('',#18976);
#19531 = OVER_RIDING_STYLED_ITEM('overriding color',(#19532),#7305,
  #18947);
#19532 = PRESENTATION_STYLE_ASSIGNMENT((#19533));
#19533 = SURFACE_STYLE_USAGE(.BOTH.,#19534);
#19534 = SURFACE_SIDE_STYLE('',(#19535));
#19535 = SURFACE_STYLE_FILL_AREA(#19536);
#19536 = FILL_AREA_STYLE('',(#19537));
#19537 = FILL_AREA_STYLE_COLOUR('',#18976);
#19538 = OVER_RIDING_STYLED_ITEM('overriding color',(#19539),#7347,
  #18947);
#19539 = PRESENTATION_STYLE_ASSIGNMENT((#19540));
#19540 = SURFACE_STYLE_USAGE(.BOTH.,#19541);
#19541 = SURFACE_SIDE_STYLE('',(#19542));
#19542 = SURFACE_STYLE_FILL_AREA(#19543);
#19543 = FILL_AREA_STYLE('',(#19544));
#19544 = FILL_AREA_STYLE_COLOUR('',#18976);
#19545 = OVER_RIDING_STYLED_ITEM('overriding color',(#19546),#7387,
  #18947);
#19546 = PRESENTATION_STYLE_ASSIGNMENT((#19547));
#19547 = SURFACE_STYLE_USAGE(.BOTH.,#19548);
#19548 = SURFACE_SIDE_STYLE('',(#19549));
#19549 = SURFACE_STYLE_FILL_AREA(#19550);
#19550 = FILL_AREA_STYLE('',(#19551));
#19551 = FILL_AREA_STYLE_COLOUR('',#18976);
#19552 = OVER_RIDING_STYLED_ITEM('overriding color',(#19553),#7426,
  #18947);
#19553 = PRESENTATION_STYLE_ASSIGNMENT((#19554));
#19554 = SURFACE_STYLE_USAGE(.BOTH.,#19555);
#19555 = SURFACE_SIDE_STYLE('',(#19556));
#19556 = SURFACE_STYLE_FILL_AREA(#19557);
#19557 = FILL_AREA_STYLE('',(#19558));
#19558 = FILL_AREA_STYLE_COLOUR('',#18976);
#19559 = OVER_RIDING_STYLED_ITEM('overriding color',(#19560),#7466,
  #18947);
#19560 = PRESENTATION_STYLE_ASSIGNMENT((#19561));
#19561 = SURFACE_STYLE_USAGE(.BOTH.,#19562);
#19562 = SURFACE_SIDE_STYLE('',(#19563));
#19563 = SURFACE_STYLE_FILL_AREA(#19564);
#19564 = FILL_AREA_STYLE('',(#19565));
#19565 = FILL_AREA_STYLE_COLOUR('',#18976);
#19566 = OVER_RIDING_STYLED_ITEM('overriding color',(#19567),#7497,
  #18947);
#19567 = PRESENTATION_STYLE_ASSIGNMENT((#19568));
#19568 = SURFACE_STYLE_USAGE(.BOTH.,#19569);
#19569 = SURFACE_SIDE_STYLE('',(#19570));
#19570 = SURFACE_STYLE_FILL_AREA(#19571);
#19571 = FILL_AREA_STYLE('',(#19572));
#19572 = FILL_AREA_STYLE_COLOUR('',#18976);
#19573 = OVER_RIDING_STYLED_ITEM('overriding color',(#19574),#7528,
  #18947);
#19574 = PRESENTATION_STYLE_ASSIGNMENT((#19575));
#19575 = SURFACE_STYLE_USAGE(.BOTH.,#19576);
#19576 = SURFACE_SIDE_STYLE('',(#19577));
#19577 = SURFACE_STYLE_FILL_AREA(#19578);
#19578 = FILL_AREA_STYLE('',(#19579));
#19579 = FILL_AREA_STYLE_COLOUR('',#18976);
#19580 = OVER_RIDING_STYLED_ITEM('overriding color',(#19581),#7576,
  #18947);
#19581 = PRESENTATION_STYLE_ASSIGNMENT((#19582));
#19582 = SURFACE_STYLE_USAGE(.BOTH.,#19583);
#19583 = SURFACE_SIDE_STYLE('',(#19584));
#19584 = SURFACE_STYLE_FILL_AREA(#19585);
#19585 = FILL_AREA_STYLE('',(#19586));
#19586 = FILL_AREA_STYLE_COLOUR('',#18976);
#19587 = OVER_RIDING_STYLED_ITEM('overriding color',(#19588),#7607,
  #18947);
#19588 = PRESENTATION_STYLE_ASSIGNMENT((#19589));
#19589 = SURFACE_STYLE_USAGE(.BOTH.,#19590);
#19590 = SURFACE_SIDE_STYLE('',(#19591));
#19591 = SURFACE_STYLE_FILL_AREA(#19592);
#19592 = FILL_AREA_STYLE('',(#19593));
#19593 = FILL_AREA_STYLE_COLOUR('',#18976);
#19594 = OVER_RIDING_STYLED_ITEM('overriding color',(#19595),#7649,
  #18947);
#19595 = PRESENTATION_STYLE_ASSIGNMENT((#19596));
#19596 = SURFACE_STYLE_USAGE(.BOTH.,#19597);
#19597 = SURFACE_SIDE_STYLE('',(#19598));
#19598 = SURFACE_STYLE_FILL_AREA(#19599);
#19599 = FILL_AREA_STYLE('',(#19600));
#19600 = FILL_AREA_STYLE_COLOUR('',#18976);
#19601 = OVER_RIDING_STYLED_ITEM('overriding color',(#19602),#7689,
  #18947);
#19602 = PRESENTATION_STYLE_ASSIGNMENT((#19603));
#19603 = SURFACE_STYLE_USAGE(.BOTH.,#19604);
#19604 = SURFACE_SIDE_STYLE('',(#19605));
#19605 = SURFACE_STYLE_FILL_AREA(#19606);
#19606 = FILL_AREA_STYLE('',(#19607));
#19607 = FILL_AREA_STYLE_COLOUR('',#18954);
#19608 = OVER_RIDING_STYLED_ITEM('overriding color',(#19609),#7729,
  #18947);
#19609 = PRESENTATION_STYLE_ASSIGNMENT((#19610));
#19610 = SURFACE_STYLE_USAGE(.BOTH.,#19611);
#19611 = SURFACE_SIDE_STYLE('',(#19612));
#19612 = SURFACE_STYLE_FILL_AREA(#19613);
#19613 = FILL_AREA_STYLE('',(#19614));
#19614 = FILL_AREA_STYLE_COLOUR('',#18976);
#19615 = OVER_RIDING_STYLED_ITEM('overriding color',(#19616),#7768,
  #18947);
#19616 = PRESENTATION_STYLE_ASSIGNMENT((#19617));
#19617 = SURFACE_STYLE_USAGE(.BOTH.,#19618);
#19618 = SURFACE_SIDE_STYLE('',(#19619));
#19619 = SURFACE_STYLE_FILL_AREA(#19620);
#19620 = FILL_AREA_STYLE('',(#19621));
#19621 = FILL_AREA_STYLE_COLOUR('',#18976);
#19622 = OVER_RIDING_STYLED_ITEM('overriding color',(#19623),#7799,
  #18947);
#19623 = PRESENTATION_STYLE_ASSIGNMENT((#19624));
#19624 = SURFACE_STYLE_USAGE(.BOTH.,#19625);
#19625 = SURFACE_SIDE_STYLE('',(#19626));
#19626 = SURFACE_STYLE_FILL_AREA(#19627);
#19627 = FILL_AREA_STYLE('',(#19628));
#19628 = FILL_AREA_STYLE_COLOUR('',#18976);
#19629 = OVER_RIDING_STYLED_ITEM('overriding color',(#19630),#7830,
  #18947);
#19630 = PRESENTATION_STYLE_ASSIGNMENT((#19631));
#19631 = SURFACE_STYLE_USAGE(.BOTH.,#19632);
#19632 = SURFACE_SIDE_STYLE('',(#19633));
#19633 = SURFACE_STYLE_FILL_AREA(#19634);
#19634 = FILL_AREA_STYLE('',(#19635));
#19635 = FILL_AREA_STYLE_COLOUR('',#18976);
#19636 = OVER_RIDING_STYLED_ITEM('overriding color',(#19637),#7870,
  #18947);
#19637 = PRESENTATION_STYLE_ASSIGNMENT((#19638));
#19638 = SURFACE_STYLE_USAGE(.BOTH.,#19639);
#19639 = SURFACE_SIDE_STYLE('',(#19640));
#19640 = SURFACE_STYLE_FILL_AREA(#19641);
#19641 = FILL_AREA_STYLE('',(#19642));
#19642 = FILL_AREA_STYLE_COLOUR('',#18976);
#19643 = OVER_RIDING_STYLED_ITEM('overriding color',(#19644),#7901,
  #18947);
#19644 = PRESENTATION_STYLE_ASSIGNMENT((#19645));
#19645 = SURFACE_STYLE_USAGE(.BOTH.,#19646);
#19646 = SURFACE_SIDE_STYLE('',(#19647));
#19647 = SURFACE_STYLE_FILL_AREA(#19648);
#19648 = FILL_AREA_STYLE('',(#19649));
#19649 = FILL_AREA_STYLE_COLOUR('',#18954);
#19650 = OVER_RIDING_STYLED_ITEM('overriding color',(#19651),#7932,
  #18947);
#19651 = PRESENTATION_STYLE_ASSIGNMENT((#19652));
#19652 = SURFACE_STYLE_USAGE(.BOTH.,#19653);
#19653 = SURFACE_SIDE_STYLE('',(#19654));
#19654 = SURFACE_STYLE_FILL_AREA(#19655);
#19655 = FILL_AREA_STYLE('',(#19656));
#19656 = FILL_AREA_STYLE_COLOUR('',#18954);
#19657 = OVER_RIDING_STYLED_ITEM('overriding color',(#19658),#7963,
  #18947);
#19658 = PRESENTATION_STYLE_ASSIGNMENT((#19659));
#19659 = SURFACE_STYLE_USAGE(.BOTH.,#19660);
#19660 = SURFACE_SIDE_STYLE('',(#19661));
#19661 = SURFACE_STYLE_FILL_AREA(#19662);
#19662 = FILL_AREA_STYLE('',(#19663));
#19663 = FILL_AREA_STYLE_COLOUR('',#18976);
#19664 = OVER_RIDING_STYLED_ITEM('overriding color',(#19665),#8004,
  #18947);
#19665 = PRESENTATION_STYLE_ASSIGNMENT((#19666));
#19666 = SURFACE_STYLE_USAGE(.BOTH.,#19667);
#19667 = SURFACE_SIDE_STYLE('',(#19668));
#19668 = SURFACE_STYLE_FILL_AREA(#19669);
#19669 = FILL_AREA_STYLE('',(#19670));
#19670 = FILL_AREA_STYLE_COLOUR('',#18976);
#19671 = OVER_RIDING_STYLED_ITEM('overriding color',(#19672),#8028,
  #18947);
#19672 = PRESENTATION_STYLE_ASSIGNMENT((#19673));
#19673 = SURFACE_STYLE_USAGE(.BOTH.,#19674);
#19674 = SURFACE_SIDE_STYLE('',(#19675));
#19675 = SURFACE_STYLE_FILL_AREA(#19676);
#19676 = FILL_AREA_STYLE('',(#19677));
#19677 = FILL_AREA_STYLE_COLOUR('',#18954);
#19678 = OVER_RIDING_STYLED_ITEM('overriding color',(#19679),#8061,
  #18947);
#19679 = PRESENTATION_STYLE_ASSIGNMENT((#19680));
#19680 = SURFACE_STYLE_USAGE(.BOTH.,#19681);
#19681 = SURFACE_SIDE_STYLE('',(#19682));
#19682 = SURFACE_STYLE_FILL_AREA(#19683);
#19683 = FILL_AREA_STYLE('',(#19684));
#19684 = FILL_AREA_STYLE_COLOUR('',#18976);
#19685 = OVER_RIDING_STYLED_ITEM('overriding color',(#19686),#8108,
  #18947);
#19686 = PRESENTATION_STYLE_ASSIGNMENT((#19687));
#19687 = SURFACE_STYLE_USAGE(.BOTH.,#19688);
#19688 = SURFACE_SIDE_STYLE('',(#19689));
#19689 = SURFACE_STYLE_FILL_AREA(#19690);
#19690 = FILL_AREA_STYLE('',(#19691));
#19691 = FILL_AREA_STYLE_COLOUR('',#18954);
#19692 = OVER_RIDING_STYLED_ITEM('overriding color',(#19693),#8133,
  #18947);
#19693 = PRESENTATION_STYLE_ASSIGNMENT((#19694));
#19694 = SURFACE_STYLE_USAGE(.BOTH.,#19695);
#19695 = SURFACE_SIDE_STYLE('',(#19696));
#19696 = SURFACE_STYLE_FILL_AREA(#19697);
#19697 = FILL_AREA_STYLE('',(#19698));
#19698 = FILL_AREA_STYLE_COLOUR('',#18954);
#19699 = OVER_RIDING_STYLED_ITEM('overriding color',(#19700),#8150,
  #18947);
#19700 = PRESENTATION_STYLE_ASSIGNMENT((#19701));
#19701 = SURFACE_STYLE_USAGE(.BOTH.,#19702);
#19702 = SURFACE_SIDE_STYLE('',(#19703));
#19703 = SURFACE_STYLE_FILL_AREA(#19704);
#19704 = FILL_AREA_STYLE('',(#19705));
#19705 = FILL_AREA_STYLE_COLOUR('',#18954);
#19706 = OVER_RIDING_STYLED_ITEM('overriding color',(#19707),#8175,
  #18947);
#19707 = PRESENTATION_STYLE_ASSIGNMENT((#19708));
#19708 = SURFACE_STYLE_USAGE(.BOTH.,#19709);
#19709 = SURFACE_SIDE_STYLE('',(#19710));
#19710 = SURFACE_STYLE_FILL_AREA(#19711);
#19711 = FILL_AREA_STYLE('',(#19712));
#19712 = FILL_AREA_STYLE_COLOUR('',#18954);
#19713 = OVER_RIDING_STYLED_ITEM('overriding color',(#19714),#8206,
  #18947);
#19714 = PRESENTATION_STYLE_ASSIGNMENT((#19715));
#19715 = SURFACE_STYLE_USAGE(.BOTH.,#19716);
#19716 = SURFACE_SIDE_STYLE('',(#19717));
#19717 = SURFACE_STYLE_FILL_AREA(#19718);
#19718 = FILL_AREA_STYLE('',(#19719));
#19719 = FILL_AREA_STYLE_COLOUR('',#18976);
#19720 = OVER_RIDING_STYLED_ITEM('overriding color',(#19721),#8239,
  #18947);
#19721 = PRESENTATION_STYLE_ASSIGNMENT((#19722));
#19722 = SURFACE_STYLE_USAGE(.BOTH.,#19723);
#19723 = SURFACE_SIDE_STYLE('',(#19724));
#19724 = SURFACE_STYLE_FILL_AREA(#19725);
#19725 = FILL_AREA_STYLE('',(#19726));
#19726 = FILL_AREA_STYLE_COLOUR('',#18976);
#19727 = OVER_RIDING_STYLED_ITEM('overriding color',(#19728),#8286,
  #18947);
#19728 = PRESENTATION_STYLE_ASSIGNMENT((#19729));
#19729 = SURFACE_STYLE_USAGE(.BOTH.,#19730);
#19730 = SURFACE_SIDE_STYLE('',(#19731));
#19731 = SURFACE_STYLE_FILL_AREA(#19732);
#19732 = FILL_AREA_STYLE('',(#19733));
#19733 = FILL_AREA_STYLE_COLOUR('',#18976);
#19734 = OVER_RIDING_STYLED_ITEM('overriding color',(#19735),#8310,
  #18947);
#19735 = PRESENTATION_STYLE_ASSIGNMENT((#19736));
#19736 = SURFACE_STYLE_USAGE(.BOTH.,#19737);
#19737 = SURFACE_SIDE_STYLE('',(#19738));
#19738 = SURFACE_STYLE_FILL_AREA(#19739);
#19739 = FILL_AREA_STYLE('',(#19740));
#19740 = FILL_AREA_STYLE_COLOUR('',#18954);
#19741 = OVER_RIDING_STYLED_ITEM('overriding color',(#19742),#8341,
  #18947);
#19742 = PRESENTATION_STYLE_ASSIGNMENT((#19743));
#19743 = SURFACE_STYLE_USAGE(.BOTH.,#19744);
#19744 = SURFACE_SIDE_STYLE('',(#19745));
#19745 = SURFACE_STYLE_FILL_AREA(#19746);
#19746 = FILL_AREA_STYLE('',(#19747));
#19747 = FILL_AREA_STYLE_COLOUR('',#18954);
#19748 = OVER_RIDING_STYLED_ITEM('overriding color',(#19749),#8381,
  #18947);
#19749 = PRESENTATION_STYLE_ASSIGNMENT((#19750));
#19750 = SURFACE_STYLE_USAGE(.BOTH.,#19751);
#19751 = SURFACE_SIDE_STYLE('',(#19752));
#19752 = SURFACE_STYLE_FILL_AREA(#19753);
#19753 = FILL_AREA_STYLE('',(#19754));
#19754 = FILL_AREA_STYLE_COLOUR('',#18954);
#19755 = OVER_RIDING_STYLED_ITEM('overriding color',(#19756),#8405,
  #18947);
#19756 = PRESENTATION_STYLE_ASSIGNMENT((#19757));
#19757 = SURFACE_STYLE_USAGE(.BOTH.,#19758);
#19758 = SURFACE_SIDE_STYLE('',(#19759));
#19759 = SURFACE_STYLE_FILL_AREA(#19760);
#19760 = FILL_AREA_STYLE('',(#19761));
#19761 = FILL_AREA_STYLE_COLOUR('',#18976);
#19762 = OVER_RIDING_STYLED_ITEM('overriding color',(#19763),#8436,
  #18947);
#19763 = PRESENTATION_STYLE_ASSIGNMENT((#19764));
#19764 = SURFACE_STYLE_USAGE(.BOTH.,#19765);
#19765 = SURFACE_SIDE_STYLE('',(#19766));
#19766 = SURFACE_STYLE_FILL_AREA(#19767);
#19767 = FILL_AREA_STYLE('',(#19768));
#19768 = FILL_AREA_STYLE_COLOUR('',#18976);
#19769 = OVER_RIDING_STYLED_ITEM('overriding color',(#19770),#8476,
  #18947);
#19770 = PRESENTATION_STYLE_ASSIGNMENT((#19771));
#19771 = SURFACE_STYLE_USAGE(.BOTH.,#19772);
#19772 = SURFACE_SIDE_STYLE('',(#19773));
#19773 = SURFACE_STYLE_FILL_AREA(#19774);
#19774 = FILL_AREA_STYLE('',(#19775));
#19775 = FILL_AREA_STYLE_COLOUR('',#18976);
#19776 = OVER_RIDING_STYLED_ITEM('overriding color',(#19777),#8507,
  #18947);
#19777 = PRESENTATION_STYLE_ASSIGNMENT((#19778));
#19778 = SURFACE_STYLE_USAGE(.BOTH.,#19779);
#19779 = SURFACE_SIDE_STYLE('',(#19780));
#19780 = SURFACE_STYLE_FILL_AREA(#19781);
#19781 = FILL_AREA_STYLE('',(#19782));
#19782 = FILL_AREA_STYLE_COLOUR('',#18976);
#19783 = OVER_RIDING_STYLED_ITEM('overriding color',(#19784),#8929,
  #18947);
#19784 = PRESENTATION_STYLE_ASSIGNMENT((#19785));
#19785 = SURFACE_STYLE_USAGE(.BOTH.,#19786);
#19786 = SURFACE_SIDE_STYLE('',(#19787));
#19787 = SURFACE_STYLE_FILL_AREA(#19788);
#19788 = FILL_AREA_STYLE('',(#19789));
#19789 = FILL_AREA_STYLE_COLOUR('',#18976);
#19790 = OVER_RIDING_STYLED_ITEM('overriding color',(#19791),#8969,
  #18947);
#19791 = PRESENTATION_STYLE_ASSIGNMENT((#19792));
#19792 = SURFACE_STYLE_USAGE(.BOTH.,#19793);
#19793 = SURFACE_SIDE_STYLE('',(#19794));
#19794 = SURFACE_STYLE_FILL_AREA(#19795);
#19795 = FILL_AREA_STYLE('',(#19796));
#19796 = FILL_AREA_STYLE_COLOUR('',#18976);
#19797 = OVER_RIDING_STYLED_ITEM('overriding color',(#19798),#9000,
  #18947);
#19798 = PRESENTATION_STYLE_ASSIGNMENT((#19799));
#19799 = SURFACE_STYLE_USAGE(.BOTH.,#19800);
#19800 = SURFACE_SIDE_STYLE('',(#19801));
#19801 = SURFACE_STYLE_FILL_AREA(#19802);
#19802 = FILL_AREA_STYLE('',(#19803));
#19803 = FILL_AREA_STYLE_COLOUR('',#18976);
#19804 = OVER_RIDING_STYLED_ITEM('overriding color',(#19805),#9031,
  #18947);
#19805 = PRESENTATION_STYLE_ASSIGNMENT((#19806));
#19806 = SURFACE_STYLE_USAGE(.BOTH.,#19807);
#19807 = SURFACE_SIDE_STYLE('',(#19808));
#19808 = SURFACE_STYLE_FILL_AREA(#19809);
#19809 = FILL_AREA_STYLE('',(#19810));
#19810 = FILL_AREA_STYLE_COLOUR('',#18976);
#19811 = OVER_RIDING_STYLED_ITEM('overriding color',(#19812),#9062,
  #18947);
#19812 = PRESENTATION_STYLE_ASSIGNMENT((#19813));
#19813 = SURFACE_STYLE_USAGE(.BOTH.,#19814);
#19814 = SURFACE_SIDE_STYLE('',(#19815));
#19815 = SURFACE_STYLE_FILL_AREA(#19816);
#19816 = FILL_AREA_STYLE('',(#19817));
#19817 = FILL_AREA_STYLE_COLOUR('',#18976);
#19818 = OVER_RIDING_STYLED_ITEM('overriding color',(#19819),#9086,
  #18947);
#19819 = PRESENTATION_STYLE_ASSIGNMENT((#19820));
#19820 = SURFACE_STYLE_USAGE(.BOTH.,#19821);
#19821 = SURFACE_SIDE_STYLE('',(#19822));
#19822 = SURFACE_STYLE_FILL_AREA(#19823);
#19823 = FILL_AREA_STYLE('',(#19824));
#19824 = FILL_AREA_STYLE_COLOUR('',#18976);
#19825 = OVER_RIDING_STYLED_ITEM('overriding color',(#19826),#9110,
  #18947);
#19826 = PRESENTATION_STYLE_ASSIGNMENT((#19827));
#19827 = SURFACE_STYLE_USAGE(.BOTH.,#19828);
#19828 = SURFACE_SIDE_STYLE('',(#19829));
#19829 = SURFACE_STYLE_FILL_AREA(#19830);
#19830 = FILL_AREA_STYLE('',(#19831));
#19831 = FILL_AREA_STYLE_COLOUR('',#18976);
#19832 = OVER_RIDING_STYLED_ITEM('overriding color',(#19833),#9141,
  #18947);
#19833 = PRESENTATION_STYLE_ASSIGNMENT((#19834));
#19834 = SURFACE_STYLE_USAGE(.BOTH.,#19835);
#19835 = SURFACE_SIDE_STYLE('',(#19836));
#19836 = SURFACE_STYLE_FILL_AREA(#19837);
#19837 = FILL_AREA_STYLE('',(#19838));
#19838 = FILL_AREA_STYLE_COLOUR('',#18976);
#19839 = OVER_RIDING_STYLED_ITEM('overriding color',(#19840),#9165,
  #18947);
#19840 = PRESENTATION_STYLE_ASSIGNMENT((#19841));
#19841 = SURFACE_STYLE_USAGE(.BOTH.,#19842);
#19842 = SURFACE_SIDE_STYLE('',(#19843));
#19843 = SURFACE_STYLE_FILL_AREA(#19844);
#19844 = FILL_AREA_STYLE('',(#19845));
#19845 = FILL_AREA_STYLE_COLOUR('',#18976);
#19846 = OVER_RIDING_STYLED_ITEM('overriding color',(#19847),#9189,
  #18947);
#19847 = PRESENTATION_STYLE_ASSIGNMENT((#19848));
#19848 = SURFACE_STYLE_USAGE(.BOTH.,#19849);
#19849 = SURFACE_SIDE_STYLE('',(#19850));
#19850 = SURFACE_STYLE_FILL_AREA(#19851);
#19851 = FILL_AREA_STYLE('',(#19852));
#19852 = FILL_AREA_STYLE_COLOUR('',#18954);
#19853 = OVER_RIDING_STYLED_ITEM('overriding color',(#19854),#9220,
  #18947);
#19854 = PRESENTATION_STYLE_ASSIGNMENT((#19855));
#19855 = SURFACE_STYLE_USAGE(.BOTH.,#19856);
#19856 = SURFACE_SIDE_STYLE('',(#19857));
#19857 = SURFACE_STYLE_FILL_AREA(#19858);
#19858 = FILL_AREA_STYLE('',(#19859));
#19859 = FILL_AREA_STYLE_COLOUR('',#18954);
#19860 = OVER_RIDING_STYLED_ITEM('overriding color',(#19861),#9251,
  #18947);
#19861 = PRESENTATION_STYLE_ASSIGNMENT((#19862));
#19862 = SURFACE_STYLE_USAGE(.BOTH.,#19863);
#19863 = SURFACE_SIDE_STYLE('',(#19864));
#19864 = SURFACE_STYLE_FILL_AREA(#19865);
#19865 = FILL_AREA_STYLE('',(#19866));
#19866 = FILL_AREA_STYLE_COLOUR('',#18954);
#19867 = OVER_RIDING_STYLED_ITEM('overriding color',(#19868),#9282,
  #18947);
#19868 = PRESENTATION_STYLE_ASSIGNMENT((#19869));
#19869 = SURFACE_STYLE_USAGE(.BOTH.,#19870);
#19870 = SURFACE_SIDE_STYLE('',(#19871));
#19871 = SURFACE_STYLE_FILL_AREA(#19872);
#19872 = FILL_AREA_STYLE('',(#19873));
#19873 = FILL_AREA_STYLE_COLOUR('',#18954);
#19874 = OVER_RIDING_STYLED_ITEM('overriding color',(#19875),#9313,
  #18947);
#19875 = PRESENTATION_STYLE_ASSIGNMENT((#19876));
#19876 = SURFACE_STYLE_USAGE(.BOTH.,#19877);
#19877 = SURFACE_SIDE_STYLE('',(#19878));
#19878 = SURFACE_STYLE_FILL_AREA(#19879);
#19879 = FILL_AREA_STYLE('',(#19880));
#19880 = FILL_AREA_STYLE_COLOUR('',#18998);
#19881 = OVER_RIDING_STYLED_ITEM('overriding color',(#19882),#9702,
  #18947);
#19882 = PRESENTATION_STYLE_ASSIGNMENT((#19883));
#19883 = SURFACE_STYLE_USAGE(.BOTH.,#19884);
#19884 = SURFACE_SIDE_STYLE('',(#19885));
#19885 = SURFACE_STYLE_FILL_AREA(#19886);
#19886 = FILL_AREA_STYLE('',(#19887));
#19887 = FILL_AREA_STYLE_COLOUR('',#18976);
#19888 = OVER_RIDING_STYLED_ITEM('overriding color',(#19889),#9733,
  #18947);
#19889 = PRESENTATION_STYLE_ASSIGNMENT((#19890));
#19890 = SURFACE_STYLE_USAGE(.BOTH.,#19891);
#19891 = SURFACE_SIDE_STYLE('',(#19892));
#19892 = SURFACE_STYLE_FILL_AREA(#19893);
#19893 = FILL_AREA_STYLE('',(#19894));
#19894 = FILL_AREA_STYLE_COLOUR('',#18976);
#19895 = OVER_RIDING_STYLED_ITEM('overriding color',(#19896),#9757,
  #18947);
#19896 = PRESENTATION_STYLE_ASSIGNMENT((#19897));
#19897 = SURFACE_STYLE_USAGE(.BOTH.,#19898);
#19898 = SURFACE_SIDE_STYLE('',(#19899));
#19899 = SURFACE_STYLE_FILL_AREA(#19900);
#19900 = FILL_AREA_STYLE('',(#19901));
#19901 = FILL_AREA_STYLE_COLOUR('',#18976);
#19902 = OVER_RIDING_STYLED_ITEM('overriding color',(#19903),#9781,
  #18947);
#19903 = PRESENTATION_STYLE_ASSIGNMENT((#19904));
#19904 = SURFACE_STYLE_USAGE(.BOTH.,#19905);
#19905 = SURFACE_SIDE_STYLE('',(#19906));
#19906 = SURFACE_STYLE_FILL_AREA(#19907);
#19907 = FILL_AREA_STYLE('',(#19908));
#19908 = FILL_AREA_STYLE_COLOUR('',#18976);
#19909 = OVER_RIDING_STYLED_ITEM('overriding color',(#19910),#9798,
  #18947);
#19910 = PRESENTATION_STYLE_ASSIGNMENT((#19911));
#19911 = SURFACE_STYLE_USAGE(.BOTH.,#19912);
#19912 = SURFACE_SIDE_STYLE('',(#19913));
#19913 = SURFACE_STYLE_FILL_AREA(#19914);
#19914 = FILL_AREA_STYLE('',(#19915));
#19915 = FILL_AREA_STYLE_COLOUR('',#18976);
#19916 = OVER_RIDING_STYLED_ITEM('overriding color',(#19917),#9829,
  #18947);
#19917 = PRESENTATION_STYLE_ASSIGNMENT((#19918));
#19918 = SURFACE_STYLE_USAGE(.BOTH.,#19919);
#19919 = SURFACE_SIDE_STYLE('',(#19920));
#19920 = SURFACE_STYLE_FILL_AREA(#19921);
#19921 = FILL_AREA_STYLE('',(#19922));
#19922 = FILL_AREA_STYLE_COLOUR('',#18976);
#19923 = OVER_RIDING_STYLED_ITEM('overriding color',(#19924),#9853,
  #18947);
#19924 = PRESENTATION_STYLE_ASSIGNMENT((#19925));
#19925 = SURFACE_STYLE_USAGE(.BOTH.,#19926);
#19926 = SURFACE_SIDE_STYLE('',(#19927));
#19927 = SURFACE_STYLE_FILL_AREA(#19928);
#19928 = FILL_AREA_STYLE('',(#19929));
#19929 = FILL_AREA_STYLE_COLOUR('',#18976);
#19930 = OVER_RIDING_STYLED_ITEM('overriding color',(#19931),#9877,
  #18947);
#19931 = PRESENTATION_STYLE_ASSIGNMENT((#19932));
#19932 = SURFACE_STYLE_USAGE(.BOTH.,#19933);
#19933 = SURFACE_SIDE_STYLE('',(#19934));
#19934 = SURFACE_STYLE_FILL_AREA(#19935);
#19935 = FILL_AREA_STYLE('',(#19936));
#19936 = FILL_AREA_STYLE_COLOUR('',#18976);
#19937 = OVER_RIDING_STYLED_ITEM('overriding color',(#19938),#9908,
  #18947);
#19938 = PRESENTATION_STYLE_ASSIGNMENT((#19939));
#19939 = SURFACE_STYLE_USAGE(.BOTH.,#19940);
#19940 = SURFACE_SIDE_STYLE('',(#19941));
#19941 = SURFACE_STYLE_FILL_AREA(#19942);
#19942 = FILL_AREA_STYLE('',(#19943));
#19943 = FILL_AREA_STYLE_COLOUR('',#18976);
#19944 = OVER_RIDING_STYLED_ITEM('overriding color',(#19945),#9932,
  #18947);
#19945 = PRESENTATION_STYLE_ASSIGNMENT((#19946));
#19946 = SURFACE_STYLE_USAGE(.BOTH.,#19947);
#19947 = SURFACE_SIDE_STYLE('',(#19948));
#19948 = SURFACE_STYLE_FILL_AREA(#19949);
#19949 = FILL_AREA_STYLE('',(#19950));
#19950 = FILL_AREA_STYLE_COLOUR('',#18976);
#19951 = OVER_RIDING_STYLED_ITEM('overriding color',(#19952),#9956,
  #18947);
#19952 = PRESENTATION_STYLE_ASSIGNMENT((#19953));
#19953 = SURFACE_STYLE_USAGE(.BOTH.,#19954);
#19954 = SURFACE_SIDE_STYLE('',(#19955));
#19955 = SURFACE_STYLE_FILL_AREA(#19956);
#19956 = FILL_AREA_STYLE('',(#19957));
#19957 = FILL_AREA_STYLE_COLOUR('',#18976);
#19958 = OVER_RIDING_STYLED_ITEM('overriding color',(#19959),#9996,
  #18947);
#19959 = PRESENTATION_STYLE_ASSIGNMENT((#19960));
#19960 = SURFACE_STYLE_USAGE(.BOTH.,#19961);
#19961 = SURFACE_SIDE_STYLE('',(#19962));
#19962 = SURFACE_STYLE_FILL_AREA(#19963);
#19963 = FILL_AREA_STYLE('',(#19964));
#19964 = FILL_AREA_STYLE_COLOUR('',#18976);
#19965 = OVER_RIDING_STYLED_ITEM('overriding color',(#19966),#10027,
  #18947);
#19966 = PRESENTATION_STYLE_ASSIGNMENT((#19967));
#19967 = SURFACE_STYLE_USAGE(.BOTH.,#19968);
#19968 = SURFACE_SIDE_STYLE('',(#19969));
#19969 = SURFACE_STYLE_FILL_AREA(#19970);
#19970 = FILL_AREA_STYLE('',(#19971));
#19971 = FILL_AREA_STYLE_COLOUR('',#18976);
#19972 = OVER_RIDING_STYLED_ITEM('overriding color',(#19973),#10058,
  #18947);
#19973 = PRESENTATION_STYLE_ASSIGNMENT((#19974));
#19974 = SURFACE_STYLE_USAGE(.BOTH.,#19975);
#19975 = SURFACE_SIDE_STYLE('',(#19976));
#19976 = SURFACE_STYLE_FILL_AREA(#19977);
#19977 = FILL_AREA_STYLE('',(#19978));
#19978 = FILL_AREA_STYLE_COLOUR('',#18954);
#19979 = OVER_RIDING_STYLED_ITEM('overriding color',(#19980),#10089,
  #18947);
#19980 = PRESENTATION_STYLE_ASSIGNMENT((#19981));
#19981 = SURFACE_STYLE_USAGE(.BOTH.,#19982);
#19982 = SURFACE_SIDE_STYLE('',(#19983));
#19983 = SURFACE_STYLE_FILL_AREA(#19984);
#19984 = FILL_AREA_STYLE('',(#19985));
#19985 = FILL_AREA_STYLE_COLOUR('',#18954);
#19986 = OVER_RIDING_STYLED_ITEM('overriding color',(#19987),#10120,
  #18947);
#19987 = PRESENTATION_STYLE_ASSIGNMENT((#19988));
#19988 = SURFACE_STYLE_USAGE(.BOTH.,#19989);
#19989 = SURFACE_SIDE_STYLE('',(#19990));
#19990 = SURFACE_STYLE_FILL_AREA(#19991);
#19991 = FILL_AREA_STYLE('',(#19992));
#19992 = FILL_AREA_STYLE_COLOUR('',#18954);
#19993 = OVER_RIDING_STYLED_ITEM('overriding color',(#19994),#10151,
  #18947);
#19994 = PRESENTATION_STYLE_ASSIGNMENT((#19995));
#19995 = SURFACE_STYLE_USAGE(.BOTH.,#19996);
#19996 = SURFACE_SIDE_STYLE('',(#19997));
#19997 = SURFACE_STYLE_FILL_AREA(#19998);
#19998 = FILL_AREA_STYLE('',(#19999));
#19999 = FILL_AREA_STYLE_COLOUR('',#18954);
#20000 = OVER_RIDING_STYLED_ITEM('overriding color',(#20001),#10182,
  #18947);
#20001 = PRESENTATION_STYLE_ASSIGNMENT((#20002));
#20002 = SURFACE_STYLE_USAGE(.BOTH.,#20003);
#20003 = SURFACE_SIDE_STYLE('',(#20004));
#20004 = SURFACE_STYLE_FILL_AREA(#20005);
#20005 = FILL_AREA_STYLE('',(#20006));
#20006 = FILL_AREA_STYLE_COLOUR('',#18998);
#20007 = OVER_RIDING_STYLED_ITEM('overriding color',(#20008),#10199,
  #18947);
#20008 = PRESENTATION_STYLE_ASSIGNMENT((#20009));
#20009 = SURFACE_STYLE_USAGE(.BOTH.,#20010);
#20010 = SURFACE_SIDE_STYLE('',(#20011));
#20011 = SURFACE_STYLE_FILL_AREA(#20012);
#20012 = FILL_AREA_STYLE('',(#20013));
#20013 = FILL_AREA_STYLE_COLOUR('',#18954);
#20014 = OVER_RIDING_STYLED_ITEM('overriding color',(#20015),#10216,
  #18947);
#20015 = PRESENTATION_STYLE_ASSIGNMENT((#20016));
#20016 = SURFACE_STYLE_USAGE(.BOTH.,#20017);
#20017 = SURFACE_SIDE_STYLE('',(#20018));
#20018 = SURFACE_STYLE_FILL_AREA(#20019);
#20019 = FILL_AREA_STYLE('',(#20020));
#20020 = FILL_AREA_STYLE_COLOUR('',#18954);
#20021 = OVER_RIDING_STYLED_ITEM('overriding color',(#20022),#10241,
  #18947);
#20022 = PRESENTATION_STYLE_ASSIGNMENT((#20023));
#20023 = SURFACE_STYLE_USAGE(.BOTH.,#20024);
#20024 = SURFACE_SIDE_STYLE('',(#20025));
#20025 = SURFACE_STYLE_FILL_AREA(#20026);
#20026 = FILL_AREA_STYLE('',(#20027));
#20027 = FILL_AREA_STYLE_COLOUR('',#18954);
#20028 = OVER_RIDING_STYLED_ITEM('overriding color',(#20029),#10266,
  #18947);
#20029 = PRESENTATION_STYLE_ASSIGNMENT((#20030));
#20030 = SURFACE_STYLE_USAGE(.BOTH.,#20031);
#20031 = SURFACE_SIDE_STYLE('',(#20032));
#20032 = SURFACE_STYLE_FILL_AREA(#20033);
#20033 = FILL_AREA_STYLE('',(#20034));
#20034 = FILL_AREA_STYLE_COLOUR('',#18954);
#20035 = OVER_RIDING_STYLED_ITEM('overriding color',(#20036),#10297,
  #18947);
#20036 = PRESENTATION_STYLE_ASSIGNMENT((#20037));
#20037 = SURFACE_STYLE_USAGE(.BOTH.,#20038);
#20038 = SURFACE_SIDE_STYLE('',(#20039));
#20039 = SURFACE_STYLE_FILL_AREA(#20040);
#20040 = FILL_AREA_STYLE('',(#20041));
#20041 = FILL_AREA_STYLE_COLOUR('',#18976);
#20042 = OVER_RIDING_STYLED_ITEM('overriding color',(#20043),#10337,
  #18947);
#20043 = PRESENTATION_STYLE_ASSIGNMENT((#20044));
#20044 = SURFACE_STYLE_USAGE(.BOTH.,#20045);
#20045 = SURFACE_SIDE_STYLE('',(#20046));
#20046 = SURFACE_STYLE_FILL_AREA(#20047);
#20047 = FILL_AREA_STYLE('',(#20048));
#20048 = FILL_AREA_STYLE_COLOUR('',#18954);
#20049 = OVER_RIDING_STYLED_ITEM('overriding color',(#20050),#10368,
  #18947);
#20050 = PRESENTATION_STYLE_ASSIGNMENT((#20051));
#20051 = SURFACE_STYLE_USAGE(.BOTH.,#20052);
#20052 = SURFACE_SIDE_STYLE('',(#20053));
#20053 = SURFACE_STYLE_FILL_AREA(#20054);
#20054 = FILL_AREA_STYLE('',(#20055));
#20055 = FILL_AREA_STYLE_COLOUR('',#18976);
#20056 = OVER_RIDING_STYLED_ITEM('overriding color',(#20057),#10415,
  #18947);
#20057 = PRESENTATION_STYLE_ASSIGNMENT((#20058));
#20058 = SURFACE_STYLE_USAGE(.BOTH.,#20059);
#20059 = SURFACE_SIDE_STYLE('',(#20060));
#20060 = SURFACE_STYLE_FILL_AREA(#20061);
#20061 = FILL_AREA_STYLE('',(#20062));
#20062 = FILL_AREA_STYLE_COLOUR('',#18976);
#20063 = OVER_RIDING_STYLED_ITEM('overriding color',(#20064),#10439,
  #18947);
#20064 = PRESENTATION_STYLE_ASSIGNMENT((#20065));
#20065 = SURFACE_STYLE_USAGE(.BOTH.,#20066);
#20066 = SURFACE_SIDE_STYLE('',(#20067));
#20067 = SURFACE_STYLE_FILL_AREA(#20068);
#20068 = FILL_AREA_STYLE('',(#20069));
#20069 = FILL_AREA_STYLE_COLOUR('',#18954);
#20070 = OVER_RIDING_STYLED_ITEM('overriding color',(#20071),#10479,
  #18947);
#20071 = PRESENTATION_STYLE_ASSIGNMENT((#20072));
#20072 = SURFACE_STYLE_USAGE(.BOTH.,#20073);
#20073 = SURFACE_SIDE_STYLE('',(#20074));
#20074 = SURFACE_STYLE_FILL_AREA(#20075);
#20075 = FILL_AREA_STYLE('',(#20076));
#20076 = FILL_AREA_STYLE_COLOUR('',#18954);
#20077 = OVER_RIDING_STYLED_ITEM('overriding color',(#20078),#10503,
  #18947);
#20078 = PRESENTATION_STYLE_ASSIGNMENT((#20079));
#20079 = SURFACE_STYLE_USAGE(.BOTH.,#20080);
#20080 = SURFACE_SIDE_STYLE('',(#20081));
#20081 = SURFACE_STYLE_FILL_AREA(#20082);
#20082 = FILL_AREA_STYLE('',(#20083));
#20083 = FILL_AREA_STYLE_COLOUR('',#18976);
#20084 = OVER_RIDING_STYLED_ITEM('overriding color',(#20085),#10534,
  #18947);
#20085 = PRESENTATION_STYLE_ASSIGNMENT((#20086));
#20086 = SURFACE_STYLE_USAGE(.BOTH.,#20087);
#20087 = SURFACE_SIDE_STYLE('',(#20088));
#20088 = SURFACE_STYLE_FILL_AREA(#20089);
#20089 = FILL_AREA_STYLE('',(#20090));
#20090 = FILL_AREA_STYLE_COLOUR('',#18976);
#20091 = OVER_RIDING_STYLED_ITEM('overriding color',(#20092),#10574,
  #18947);
#20092 = PRESENTATION_STYLE_ASSIGNMENT((#20093));
#20093 = SURFACE_STYLE_USAGE(.BOTH.,#20094);
#20094 = SURFACE_SIDE_STYLE('',(#20095));
#20095 = SURFACE_STYLE_FILL_AREA(#20096);
#20096 = FILL_AREA_STYLE('',(#20097));
#20097 = FILL_AREA_STYLE_COLOUR('',#18976);
#20098 = OVER_RIDING_STYLED_ITEM('overriding color',(#20099),#10605,
  #18947);
#20099 = PRESENTATION_STYLE_ASSIGNMENT((#20100));
#20100 = SURFACE_STYLE_USAGE(.BOTH.,#20101);
#20101 = SURFACE_SIDE_STYLE('',(#20102));
#20102 = SURFACE_STYLE_FILL_AREA(#20103);
#20103 = FILL_AREA_STYLE('',(#20104));
#20104 = FILL_AREA_STYLE_COLOUR('',#18976);
#20105 = OVER_RIDING_STYLED_ITEM('overriding color',(#20106),#10645,
  #18947);
#20106 = PRESENTATION_STYLE_ASSIGNMENT((#20107));
#20107 = SURFACE_STYLE_USAGE(.BOTH.,#20108);
#20108 = SURFACE_SIDE_STYLE('',(#20109));
#20109 = SURFACE_STYLE_FILL_AREA(#20110);
#20110 = FILL_AREA_STYLE('',(#20111));
#20111 = FILL_AREA_STYLE_COLOUR('',#18976);
#20112 = OVER_RIDING_STYLED_ITEM('overriding color',(#20113),#10676,
  #18947);
#20113 = PRESENTATION_STYLE_ASSIGNMENT((#20114));
#20114 = SURFACE_STYLE_USAGE(.BOTH.,#20115);
#20115 = SURFACE_SIDE_STYLE('',(#20116));
#20116 = SURFACE_STYLE_FILL_AREA(#20117);
#20117 = FILL_AREA_STYLE('',(#20118));
#20118 = FILL_AREA_STYLE_COLOUR('',#18976);
#20119 = OVER_RIDING_STYLED_ITEM('overriding color',(#20120),#10710,
  #18947);
#20120 = PRESENTATION_STYLE_ASSIGNMENT((#20121));
#20121 = SURFACE_STYLE_USAGE(.BOTH.,#20122);
#20122 = SURFACE_SIDE_STYLE('',(#20123));
#20123 = SURFACE_STYLE_FILL_AREA(#20124);
#20124 = FILL_AREA_STYLE('',(#20125));
#20125 = FILL_AREA_STYLE_COLOUR('',#18976);
#20126 = OVER_RIDING_STYLED_ITEM('overriding color',(#20127),#10741,
  #18947);
#20127 = PRESENTATION_STYLE_ASSIGNMENT((#20128));
#20128 = SURFACE_STYLE_USAGE(.BOTH.,#20129);
#20129 = SURFACE_SIDE_STYLE('',(#20130));
#20130 = SURFACE_STYLE_FILL_AREA(#20131);
#20131 = FILL_AREA_STYLE('',(#20132));
#20132 = FILL_AREA_STYLE_COLOUR('',#18998);
#20133 = OVER_RIDING_STYLED_ITEM('overriding color',(#20134),#10758,
  #18947);
#20134 = PRESENTATION_STYLE_ASSIGNMENT((#20135));
#20135 = SURFACE_STYLE_USAGE(.BOTH.,#20136);
#20136 = SURFACE_SIDE_STYLE('',(#20137));
#20137 = SURFACE_STYLE_FILL_AREA(#20138);
#20138 = FILL_AREA_STYLE('',(#20139));
#20139 = FILL_AREA_STYLE_COLOUR('',#18998);
#20140 = OVER_RIDING_STYLED_ITEM('overriding color',(#20141),#10775,
  #18947);
#20141 = PRESENTATION_STYLE_ASSIGNMENT((#20142));
#20142 = SURFACE_STYLE_USAGE(.BOTH.,#20143);
#20143 = SURFACE_SIDE_STYLE('',(#20144));
#20144 = SURFACE_STYLE_FILL_AREA(#20145);
#20145 = FILL_AREA_STYLE('',(#20146));
#20146 = FILL_AREA_STYLE_COLOUR('',#18976);
#20147 = OVER_RIDING_STYLED_ITEM('overriding color',(#20148),#10815,
  #18947);
#20148 = PRESENTATION_STYLE_ASSIGNMENT((#20149));
#20149 = SURFACE_STYLE_USAGE(.BOTH.,#20150);
#20150 = SURFACE_SIDE_STYLE('',(#20151));
#20151 = SURFACE_STYLE_FILL_AREA(#20152);
#20152 = FILL_AREA_STYLE('',(#20153));
#20153 = FILL_AREA_STYLE_COLOUR('',#18976);
#20154 = OVER_RIDING_STYLED_ITEM('overriding color',(#20155),#10846,
  #18947);
#20155 = PRESENTATION_STYLE_ASSIGNMENT((#20156));
#20156 = SURFACE_STYLE_USAGE(.BOTH.,#20157);
#20157 = SURFACE_SIDE_STYLE('',(#20158));
#20158 = SURFACE_STYLE_FILL_AREA(#20159);
#20159 = FILL_AREA_STYLE('',(#20160));
#20160 = FILL_AREA_STYLE_COLOUR('',#18976);
#20161 = OVER_RIDING_STYLED_ITEM('overriding color',(#20162),#10877,
  #18947);
#20162 = PRESENTATION_STYLE_ASSIGNMENT((#20163));
#20163 = SURFACE_STYLE_USAGE(.BOTH.,#20164);
#20164 = SURFACE_SIDE_STYLE('',(#20165));
#20165 = SURFACE_STYLE_FILL_AREA(#20166);
#20166 = FILL_AREA_STYLE('',(#20167));
#20167 = FILL_AREA_STYLE_COLOUR('',#18976);
#20168 = OVER_RIDING_STYLED_ITEM('overriding color',(#20169),#11001,
  #18947);
#20169 = PRESENTATION_STYLE_ASSIGNMENT((#20170));
#20170 = SURFACE_STYLE_USAGE(.BOTH.,#20171);
#20171 = SURFACE_SIDE_STYLE('',(#20172));
#20172 = SURFACE_STYLE_FILL_AREA(#20173);
#20173 = FILL_AREA_STYLE('',(#20174));
#20174 = FILL_AREA_STYLE_COLOUR('',#18976);
#20175 = OVER_RIDING_STYLED_ITEM('overriding color',(#20176),#11025,
  #18947);
#20176 = PRESENTATION_STYLE_ASSIGNMENT((#20177));
#20177 = SURFACE_STYLE_USAGE(.BOTH.,#20178);
#20178 = SURFACE_SIDE_STYLE('',(#20179));
#20179 = SURFACE_STYLE_FILL_AREA(#20180);
#20180 = FILL_AREA_STYLE('',(#20181));
#20181 = FILL_AREA_STYLE_COLOUR('',#18976);
#20182 = OVER_RIDING_STYLED_ITEM('overriding color',(#20183),#11065,
  #18947);
#20183 = PRESENTATION_STYLE_ASSIGNMENT((#20184));
#20184 = SURFACE_STYLE_USAGE(.BOTH.,#20185);
#20185 = SURFACE_SIDE_STYLE('',(#20186));
#20186 = SURFACE_STYLE_FILL_AREA(#20187);
#20187 = FILL_AREA_STYLE('',(#20188));
#20188 = FILL_AREA_STYLE_COLOUR('',#18954);
#20189 = OVER_RIDING_STYLED_ITEM('overriding color',(#20190),#11096,
  #18947);
#20190 = PRESENTATION_STYLE_ASSIGNMENT((#20191));
#20191 = SURFACE_STYLE_USAGE(.BOTH.,#20192);
#20192 = SURFACE_SIDE_STYLE('',(#20193));
#20193 = SURFACE_STYLE_FILL_AREA(#20194);
#20194 = FILL_AREA_STYLE('',(#20195));
#20195 = FILL_AREA_STYLE_COLOUR('',#18976);
#20196 = OVER_RIDING_STYLED_ITEM('overriding color',(#20197),#11127,
  #18947);
#20197 = PRESENTATION_STYLE_ASSIGNMENT((#20198));
#20198 = SURFACE_STYLE_USAGE(.BOTH.,#20199);
#20199 = SURFACE_SIDE_STYLE('',(#20200));
#20200 = SURFACE_STYLE_FILL_AREA(#20201);
#20201 = FILL_AREA_STYLE('',(#20202));
#20202 = FILL_AREA_STYLE_COLOUR('',#18954);
#20203 = OVER_RIDING_STYLED_ITEM('overriding color',(#20204),#11158,
  #18947);
#20204 = PRESENTATION_STYLE_ASSIGNMENT((#20205));
#20205 = SURFACE_STYLE_USAGE(.BOTH.,#20206);
#20206 = SURFACE_SIDE_STYLE('',(#20207));
#20207 = SURFACE_STYLE_FILL_AREA(#20208);
#20208 = FILL_AREA_STYLE('',(#20209));
#20209 = FILL_AREA_STYLE_COLOUR('',#18976);
#20210 = OVER_RIDING_STYLED_ITEM('overriding color',(#20211),#11199,
  #18947);
#20211 = PRESENTATION_STYLE_ASSIGNMENT((#20212));
#20212 = SURFACE_STYLE_USAGE(.BOTH.,#20213);
#20213 = SURFACE_SIDE_STYLE('',(#20214));
#20214 = SURFACE_STYLE_FILL_AREA(#20215);
#20215 = FILL_AREA_STYLE('',(#20216));
#20216 = FILL_AREA_STYLE_COLOUR('',#18976);
#20217 = OVER_RIDING_STYLED_ITEM('overriding color',(#20218),#11223,
  #18947);
#20218 = PRESENTATION_STYLE_ASSIGNMENT((#20219));
#20219 = SURFACE_STYLE_USAGE(.BOTH.,#20220);
#20220 = SURFACE_SIDE_STYLE('',(#20221));
#20221 = SURFACE_STYLE_FILL_AREA(#20222);
#20222 = FILL_AREA_STYLE('',(#20223));
#20223 = FILL_AREA_STYLE_COLOUR('',#18954);
#20224 = OVER_RIDING_STYLED_ITEM('overriding color',(#20225),#11256,
  #18947);
#20225 = PRESENTATION_STYLE_ASSIGNMENT((#20226));
#20226 = SURFACE_STYLE_USAGE(.BOTH.,#20227);
#20227 = SURFACE_SIDE_STYLE('',(#20228));
#20228 = SURFACE_STYLE_FILL_AREA(#20229);
#20229 = FILL_AREA_STYLE('',(#20230));
#20230 = FILL_AREA_STYLE_COLOUR('',#18976);
#20231 = OVER_RIDING_STYLED_ITEM('overriding color',(#20232),#11291,
  #18947);
#20232 = PRESENTATION_STYLE_ASSIGNMENT((#20233));
#20233 = SURFACE_STYLE_USAGE(.BOTH.,#20234);
#20234 = SURFACE_SIDE_STYLE('',(#20235));
#20235 = SURFACE_STYLE_FILL_AREA(#20236);
#20236 = FILL_AREA_STYLE('',(#20237));
#20237 = FILL_AREA_STYLE_COLOUR('',#18954);
#20238 = OVER_RIDING_STYLED_ITEM('overriding color',(#20239),#11324,
  #18947);
#20239 = PRESENTATION_STYLE_ASSIGNMENT((#20240));
#20240 = SURFACE_STYLE_USAGE(.BOTH.,#20241);
#20241 = SURFACE_SIDE_STYLE('',(#20242));
#20242 = SURFACE_STYLE_FILL_AREA(#20243);
#20243 = FILL_AREA_STYLE('',(#20244));
#20244 = FILL_AREA_STYLE_COLOUR('',#18954);
#20245 = OVER_RIDING_STYLED_ITEM('overriding color',(#20246),#11357,
  #18947);
#20246 = PRESENTATION_STYLE_ASSIGNMENT((#20247));
#20247 = SURFACE_STYLE_USAGE(.BOTH.,#20248);
#20248 = SURFACE_SIDE_STYLE('',(#20249));
#20249 = SURFACE_STYLE_FILL_AREA(#20250);
#20250 = FILL_AREA_STYLE('',(#20251));
#20251 = FILL_AREA_STYLE_COLOUR('',#18976);
#20252 = OVER_RIDING_STYLED_ITEM('overriding color',(#20253),#11382,
  #18947);
#20253 = PRESENTATION_STYLE_ASSIGNMENT((#20254));
#20254 = SURFACE_STYLE_USAGE(.BOTH.,#20255);
#20255 = SURFACE_SIDE_STYLE('',(#20256));
#20256 = SURFACE_STYLE_FILL_AREA(#20257);
#20257 = FILL_AREA_STYLE('',(#20258));
#20258 = FILL_AREA_STYLE_COLOUR('',#18976);
#20259 = OVER_RIDING_STYLED_ITEM('overriding color',(#20260),#11405,
  #18947);
#20260 = PRESENTATION_STYLE_ASSIGNMENT((#20261));
#20261 = SURFACE_STYLE_USAGE(.BOTH.,#20262);
#20262 = SURFACE_SIDE_STYLE('',(#20263));
#20263 = SURFACE_STYLE_FILL_AREA(#20264);
#20264 = FILL_AREA_STYLE('',(#20265));
#20265 = FILL_AREA_STYLE_COLOUR('',#18976);
#20266 = OVER_RIDING_STYLED_ITEM('overriding color',(#20267),#11429,
  #18947);
#20267 = PRESENTATION_STYLE_ASSIGNMENT((#20268));
#20268 = SURFACE_STYLE_USAGE(.BOTH.,#20269);
#20269 = SURFACE_SIDE_STYLE('',(#20270));
#20270 = SURFACE_STYLE_FILL_AREA(#20271);
#20271 = FILL_AREA_STYLE('',(#20272));
#20272 = FILL_AREA_STYLE_COLOUR('',#18976);
#20273 = OVER_RIDING_STYLED_ITEM('overriding color',(#20274),#11446,
  #18947);
#20274 = PRESENTATION_STYLE_ASSIGNMENT((#20275));
#20275 = SURFACE_STYLE_USAGE(.BOTH.,#20276);
#20276 = SURFACE_SIDE_STYLE('',(#20277));
#20277 = SURFACE_STYLE_FILL_AREA(#20278);
#20278 = FILL_AREA_STYLE('',(#20279));
#20279 = FILL_AREA_STYLE_COLOUR('',#18954);
#20280 = OVER_RIDING_STYLED_ITEM('overriding color',(#20281),#11475,
  #18947);
#20281 = PRESENTATION_STYLE_ASSIGNMENT((#20282));
#20282 = SURFACE_STYLE_USAGE(.BOTH.,#20283);
#20283 = SURFACE_SIDE_STYLE('',(#20284));
#20284 = SURFACE_STYLE_FILL_AREA(#20285);
#20285 = FILL_AREA_STYLE('',(#20286));
#20286 = FILL_AREA_STYLE_COLOUR('',#18954);
#20287 = OVER_RIDING_STYLED_ITEM('overriding color',(#20288),#11500,
  #18947);
#20288 = PRESENTATION_STYLE_ASSIGNMENT((#20289));
#20289 = SURFACE_STYLE_USAGE(.BOTH.,#20290);
#20290 = SURFACE_SIDE_STYLE('',(#20291));
#20291 = SURFACE_STYLE_FILL_AREA(#20292);
#20292 = FILL_AREA_STYLE('',(#20293));
#20293 = FILL_AREA_STYLE_COLOUR('',#18954);
#20294 = OVER_RIDING_STYLED_ITEM('overriding color',(#20295),#11528,
  #18947);
#20295 = PRESENTATION_STYLE_ASSIGNMENT((#20296));
#20296 = SURFACE_STYLE_USAGE(.BOTH.,#20297);
#20297 = SURFACE_SIDE_STYLE('',(#20298));
#20298 = SURFACE_STYLE_FILL_AREA(#20299);
#20299 = FILL_AREA_STYLE('',(#20300));
#20300 = FILL_AREA_STYLE_COLOUR('',#18954);
#20301 = OVER_RIDING_STYLED_ITEM('overriding color',(#20302),#11552,
  #18947);
#20302 = PRESENTATION_STYLE_ASSIGNMENT((#20303));
#20303 = SURFACE_STYLE_USAGE(.BOTH.,#20304);
#20304 = SURFACE_SIDE_STYLE('',(#20305));
#20305 = SURFACE_STYLE_FILL_AREA(#20306);
#20306 = FILL_AREA_STYLE('',(#20307));
#20307 = FILL_AREA_STYLE_COLOUR('',#18954);
#20308 = OVER_RIDING_STYLED_ITEM('overriding color',(#20309),#11571,
  #18947);
#20309 = PRESENTATION_STYLE_ASSIGNMENT((#20310));
#20310 = SURFACE_STYLE_USAGE(.BOTH.,#20311);
#20311 = SURFACE_SIDE_STYLE('',(#20312));
#20312 = SURFACE_STYLE_FILL_AREA(#20313);
#20313 = FILL_AREA_STYLE('',(#20314));
#20314 = FILL_AREA_STYLE_COLOUR('',#18954);
#20315 = OVER_RIDING_STYLED_ITEM('overriding color',(#20316),#11588,
  #18947);
#20316 = PRESENTATION_STYLE_ASSIGNMENT((#20317));
#20317 = SURFACE_STYLE_USAGE(.BOTH.,#20318);
#20318 = SURFACE_SIDE_STYLE('',(#20319));
#20319 = SURFACE_STYLE_FILL_AREA(#20320);
#20320 = FILL_AREA_STYLE('',(#20321));
#20321 = FILL_AREA_STYLE_COLOUR('',#18954);
#20322 = OVER_RIDING_STYLED_ITEM('overriding color',(#20323),#11614,
  #18947);
#20323 = PRESENTATION_STYLE_ASSIGNMENT((#20324));
#20324 = SURFACE_STYLE_USAGE(.BOTH.,#20325);
#20325 = SURFACE_SIDE_STYLE('',(#20326));
#20326 = SURFACE_STYLE_FILL_AREA(#20327);
#20327 = FILL_AREA_STYLE('',(#20328));
#20328 = FILL_AREA_STYLE_COLOUR('',#18954);
#20329 = OVER_RIDING_STYLED_ITEM('overriding color',(#20330),#11638,
  #18947);
#20330 = PRESENTATION_STYLE_ASSIGNMENT((#20331));
#20331 = SURFACE_STYLE_USAGE(.BOTH.,#20332);
#20332 = SURFACE_SIDE_STYLE('',(#20333));
#20333 = SURFACE_STYLE_FILL_AREA(#20334);
#20334 = FILL_AREA_STYLE('',(#20335));
#20335 = FILL_AREA_STYLE_COLOUR('',#18954);
#20336 = OVER_RIDING_STYLED_ITEM('overriding color',(#20337),#11667,
  #18947);
#20337 = PRESENTATION_STYLE_ASSIGNMENT((#20338));
#20338 = SURFACE_STYLE_USAGE(.BOTH.,#20339);
#20339 = SURFACE_SIDE_STYLE('',(#20340));
#20340 = SURFACE_STYLE_FILL_AREA(#20341);
#20341 = FILL_AREA_STYLE('',(#20342));
#20342 = FILL_AREA_STYLE_COLOUR('',#18954);
#20343 = OVER_RIDING_STYLED_ITEM('overriding color',(#20344),#11692,
  #18947);
#20344 = PRESENTATION_STYLE_ASSIGNMENT((#20345));
#20345 = SURFACE_STYLE_USAGE(.BOTH.,#20346);
#20346 = SURFACE_SIDE_STYLE('',(#20347));
#20347 = SURFACE_STYLE_FILL_AREA(#20348);
#20348 = FILL_AREA_STYLE('',(#20349));
#20349 = FILL_AREA_STYLE_COLOUR('',#18954);
#20350 = OVER_RIDING_STYLED_ITEM('overriding color',(#20351),#11718,
  #18947);
#20351 = PRESENTATION_STYLE_ASSIGNMENT((#20352));
#20352 = SURFACE_STYLE_USAGE(.BOTH.,#20353);
#20353 = SURFACE_SIDE_STYLE('',(#20354));
#20354 = SURFACE_STYLE_FILL_AREA(#20355);
#20355 = FILL_AREA_STYLE('',(#20356));
#20356 = FILL_AREA_STYLE_COLOUR('',#18976);
#20357 = OVER_RIDING_STYLED_ITEM('overriding color',(#20358),#11735,
  #18947);
#20358 = PRESENTATION_STYLE_ASSIGNMENT((#20359));
#20359 = SURFACE_STYLE_USAGE(.BOTH.,#20360);
#20360 = SURFACE_SIDE_STYLE('',(#20361));
#20361 = SURFACE_STYLE_FILL_AREA(#20362);
#20362 = FILL_AREA_STYLE('',(#20363));
#20363 = FILL_AREA_STYLE_COLOUR('',#18976);
#20364 = OVER_RIDING_STYLED_ITEM('overriding color',(#20365),#11759,
  #18947);
#20365 = PRESENTATION_STYLE_ASSIGNMENT((#20366));
#20366 = SURFACE_STYLE_USAGE(.BOTH.,#20367);
#20367 = SURFACE_SIDE_STYLE('',(#20368));
#20368 = SURFACE_STYLE_FILL_AREA(#20369);
#20369 = FILL_AREA_STYLE('',(#20370));
#20370 = FILL_AREA_STYLE_COLOUR('',#18976);
#20371 = OVER_RIDING_STYLED_ITEM('overriding color',(#20372),#11785,
  #18947);
#20372 = PRESENTATION_STYLE_ASSIGNMENT((#20373));
#20373 = SURFACE_STYLE_USAGE(.BOTH.,#20374);
#20374 = SURFACE_SIDE_STYLE('',(#20375));
#20375 = SURFACE_STYLE_FILL_AREA(#20376);
#20376 = FILL_AREA_STYLE('',(#20377));
#20377 = FILL_AREA_STYLE_COLOUR('',#18976);
#20378 = OVER_RIDING_STYLED_ITEM('overriding color',(#20379),#11802,
  #18947);
#20379 = PRESENTATION_STYLE_ASSIGNMENT((#20380));
#20380 = SURFACE_STYLE_USAGE(.BOTH.,#20381);
#20381 = SURFACE_SIDE_STYLE('',(#20382));
#20382 = SURFACE_STYLE_FILL_AREA(#20383);
#20383 = FILL_AREA_STYLE('',(#20384));
#20384 = FILL_AREA_STYLE_COLOUR('',#18954);
#20385 = OVER_RIDING_STYLED_ITEM('overriding color',(#20386),#11833,
  #18947);
#20386 = PRESENTATION_STYLE_ASSIGNMENT((#20387));
#20387 = SURFACE_STYLE_USAGE(.BOTH.,#20388);
#20388 = SURFACE_SIDE_STYLE('',(#20389));
#20389 = SURFACE_STYLE_FILL_AREA(#20390);
#20390 = FILL_AREA_STYLE('',(#20391));
#20391 = FILL_AREA_STYLE_COLOUR('',#18954);
#20392 = OVER_RIDING_STYLED_ITEM('overriding color',(#20393),#11857,
  #18947);
#20393 = PRESENTATION_STYLE_ASSIGNMENT((#20394));
#20394 = SURFACE_STYLE_USAGE(.BOTH.,#20395);
#20395 = SURFACE_SIDE_STYLE('',(#20396));
#20396 = SURFACE_STYLE_FILL_AREA(#20397);
#20397 = FILL_AREA_STYLE('',(#20398));
#20398 = FILL_AREA_STYLE_COLOUR('',#18954);
#20399 = OVER_RIDING_STYLED_ITEM('overriding color',(#20400),#11883,
  #18947);
#20400 = PRESENTATION_STYLE_ASSIGNMENT((#20401));
#20401 = SURFACE_STYLE_USAGE(.BOTH.,#20402);
#20402 = SURFACE_SIDE_STYLE('',(#20403));
#20403 = SURFACE_STYLE_FILL_AREA(#20404);
#20404 = FILL_AREA_STYLE('',(#20405));
#20405 = FILL_AREA_STYLE_COLOUR('',#18954);
#20406 = OVER_RIDING_STYLED_ITEM('overriding color',(#20407),#11907,
  #18947);
#20407 = PRESENTATION_STYLE_ASSIGNMENT((#20408));
#20408 = SURFACE_STYLE_USAGE(.BOTH.,#20409);
#20409 = SURFACE_SIDE_STYLE('',(#20410));
#20410 = SURFACE_STYLE_FILL_AREA(#20411);
#20411 = FILL_AREA_STYLE('',(#20412));
#20412 = FILL_AREA_STYLE_COLOUR('',#18954);
#20413 = OVER_RIDING_STYLED_ITEM('overriding color',(#20414),#11931,
  #18947);
#20414 = PRESENTATION_STYLE_ASSIGNMENT((#20415));
#20415 = SURFACE_STYLE_USAGE(.BOTH.,#20416);
#20416 = SURFACE_SIDE_STYLE('',(#20417));
#20417 = SURFACE_STYLE_FILL_AREA(#20418);
#20418 = FILL_AREA_STYLE('',(#20419));
#20419 = FILL_AREA_STYLE_COLOUR('',#18954);
#20420 = OVER_RIDING_STYLED_ITEM('overriding color',(#20421),#11948,
  #18947);
#20421 = PRESENTATION_STYLE_ASSIGNMENT((#20422));
#20422 = SURFACE_STYLE_USAGE(.BOTH.,#20423);
#20423 = SURFACE_SIDE_STYLE('',(#20424));
#20424 = SURFACE_STYLE_FILL_AREA(#20425);
#20425 = FILL_AREA_STYLE('',(#20426));
#20426 = FILL_AREA_STYLE_COLOUR('',#18954);
#20427 = OVER_RIDING_STYLED_ITEM('overriding color',(#20428),#11972,
  #18947);
#20428 = PRESENTATION_STYLE_ASSIGNMENT((#20429));
#20429 = SURFACE_STYLE_USAGE(.BOTH.,#20430);
#20430 = SURFACE_SIDE_STYLE('',(#20431));
#20431 = SURFACE_STYLE_FILL_AREA(#20432);
#20432 = FILL_AREA_STYLE('',(#20433));
#20433 = FILL_AREA_STYLE_COLOUR('',#18954);
#20434 = OVER_RIDING_STYLED_ITEM('overriding color',(#20435),#11996,
  #18947);
#20435 = PRESENTATION_STYLE_ASSIGNMENT((#20436));
#20436 = SURFACE_STYLE_USAGE(.BOTH.,#20437);
#20437 = SURFACE_SIDE_STYLE('',(#20438));
#20438 = SURFACE_STYLE_FILL_AREA(#20439);
#20439 = FILL_AREA_STYLE('',(#20440));
#20440 = FILL_AREA_STYLE_COLOUR('',#18954);
#20441 = OVER_RIDING_STYLED_ITEM('overriding color',(#20442),#12013,
  #18947);
#20442 = PRESENTATION_STYLE_ASSIGNMENT((#20443));
#20443 = SURFACE_STYLE_USAGE(.BOTH.,#20444);
#20444 = SURFACE_SIDE_STYLE('',(#20445));
#20445 = SURFACE_STYLE_FILL_AREA(#20446);
#20446 = FILL_AREA_STYLE('',(#20447));
#20447 = FILL_AREA_STYLE_COLOUR('',#18954);
#20448 = OVER_RIDING_STYLED_ITEM('overriding color',(#20449),#12037,
  #18947);
#20449 = PRESENTATION_STYLE_ASSIGNMENT((#20450));
#20450 = SURFACE_STYLE_USAGE(.BOTH.,#20451);
#20451 = SURFACE_SIDE_STYLE('',(#20452));
#20452 = SURFACE_STYLE_FILL_AREA(#20453);
#20453 = FILL_AREA_STYLE('',(#20454));
#20454 = FILL_AREA_STYLE_COLOUR('',#18954);
#20455 = OVER_RIDING_STYLED_ITEM('overriding color',(#20456),#12061,
  #18947);
#20456 = PRESENTATION_STYLE_ASSIGNMENT((#20457));
#20457 = SURFACE_STYLE_USAGE(.BOTH.,#20458);
#20458 = SURFACE_SIDE_STYLE('',(#20459));
#20459 = SURFACE_STYLE_FILL_AREA(#20460);
#20460 = FILL_AREA_STYLE('',(#20461));
#20461 = FILL_AREA_STYLE_COLOUR('',#18954);
#20462 = OVER_RIDING_STYLED_ITEM('overriding color',(#20463),#12078,
  #18947);
#20463 = PRESENTATION_STYLE_ASSIGNMENT((#20464));
#20464 = SURFACE_STYLE_USAGE(.BOTH.,#20465);
#20465 = SURFACE_SIDE_STYLE('',(#20466));
#20466 = SURFACE_STYLE_FILL_AREA(#20467);
#20467 = FILL_AREA_STYLE('',(#20468));
#20468 = FILL_AREA_STYLE_COLOUR('',#18954);
#20469 = OVER_RIDING_STYLED_ITEM('overriding color',(#20470),#12102,
  #18947);
#20470 = PRESENTATION_STYLE_ASSIGNMENT((#20471));
#20471 = SURFACE_STYLE_USAGE(.BOTH.,#20472);
#20472 = SURFACE_SIDE_STYLE('',(#20473));
#20473 = SURFACE_STYLE_FILL_AREA(#20474);
#20474 = FILL_AREA_STYLE('',(#20475));
#20475 = FILL_AREA_STYLE_COLOUR('',#18954);
#20476 = OVER_RIDING_STYLED_ITEM('overriding color',(#20477),#12126,
  #18947);
#20477 = PRESENTATION_STYLE_ASSIGNMENT((#20478));
#20478 = SURFACE_STYLE_USAGE(.BOTH.,#20479);
#20479 = SURFACE_SIDE_STYLE('',(#20480));
#20480 = SURFACE_STYLE_FILL_AREA(#20481);
#20481 = FILL_AREA_STYLE('',(#20482));
#20482 = FILL_AREA_STYLE_COLOUR('',#18954);
#20483 = OVER_RIDING_STYLED_ITEM('overriding color',(#20484),#12143,
  #18947);
#20484 = PRESENTATION_STYLE_ASSIGNMENT((#20485));
#20485 = SURFACE_STYLE_USAGE(.BOTH.,#20486);
#20486 = SURFACE_SIDE_STYLE('',(#20487));
#20487 = SURFACE_STYLE_FILL_AREA(#20488);
#20488 = FILL_AREA_STYLE('',(#20489));
#20489 = FILL_AREA_STYLE_COLOUR('',#18976);
#20490 = OVER_RIDING_STYLED_ITEM('overriding color',(#20491),#12203,
  #18947);
#20491 = PRESENTATION_STYLE_ASSIGNMENT((#20492));
#20492 = SURFACE_STYLE_USAGE(.BOTH.,#20493);
#20493 = SURFACE_SIDE_STYLE('',(#20494));
#20494 = SURFACE_STYLE_FILL_AREA(#20495);
#20495 = FILL_AREA_STYLE('',(#20496));
#20496 = FILL_AREA_STYLE_COLOUR('',#18954);
#20497 = OVER_RIDING_STYLED_ITEM('overriding color',(#20498),#12237,
  #18947);
#20498 = PRESENTATION_STYLE_ASSIGNMENT((#20499));
#20499 = SURFACE_STYLE_USAGE(.BOTH.,#20500);
#20500 = SURFACE_SIDE_STYLE('',(#20501));
#20501 = SURFACE_STYLE_FILL_AREA(#20502);
#20502 = FILL_AREA_STYLE('',(#20503));
#20503 = FILL_AREA_STYLE_COLOUR('',#18954);
#20504 = OVER_RIDING_STYLED_ITEM('overriding color',(#20505),#12259,
  #18947);
#20505 = PRESENTATION_STYLE_ASSIGNMENT((#20506));
#20506 = SURFACE_STYLE_USAGE(.BOTH.,#20507);
#20507 = SURFACE_SIDE_STYLE('',(#20508));
#20508 = SURFACE_STYLE_FILL_AREA(#20509);
#20509 = FILL_AREA_STYLE('',(#20510));
#20510 = FILL_AREA_STYLE_COLOUR('',#18954);
#20511 = OVER_RIDING_STYLED_ITEM('overriding color',(#20512),#12276,
  #18947);
#20512 = PRESENTATION_STYLE_ASSIGNMENT((#20513));
#20513 = SURFACE_STYLE_USAGE(.BOTH.,#20514);
#20514 = SURFACE_SIDE_STYLE('',(#20515));
#20515 = SURFACE_STYLE_FILL_AREA(#20516);
#20516 = FILL_AREA_STYLE('',(#20517));
#20517 = FILL_AREA_STYLE_COLOUR('',#18954);
#20518 = OVER_RIDING_STYLED_ITEM('overriding color',(#20519),#12300,
  #18947);
#20519 = PRESENTATION_STYLE_ASSIGNMENT((#20520));
#20520 = SURFACE_STYLE_USAGE(.BOTH.,#20521);
#20521 = SURFACE_SIDE_STYLE('',(#20522));
#20522 = SURFACE_STYLE_FILL_AREA(#20523);
#20523 = FILL_AREA_STYLE('',(#20524));
#20524 = FILL_AREA_STYLE_COLOUR('',#18954);
#20525 = OVER_RIDING_STYLED_ITEM('overriding color',(#20526),#12331,
  #18947);
#20526 = PRESENTATION_STYLE_ASSIGNMENT((#20527));
#20527 = SURFACE_STYLE_USAGE(.BOTH.,#20528);
#20528 = SURFACE_SIDE_STYLE('',(#20529));
#20529 = SURFACE_STYLE_FILL_AREA(#20530);
#20530 = FILL_AREA_STYLE('',(#20531));
#20531 = FILL_AREA_STYLE_COLOUR('',#18954);
#20532 = OVER_RIDING_STYLED_ITEM('overriding color',(#20533),#12365,
  #18947);
#20533 = PRESENTATION_STYLE_ASSIGNMENT((#20534));
#20534 = SURFACE_STYLE_USAGE(.BOTH.,#20535);
#20535 = SURFACE_SIDE_STYLE('',(#20536));
#20536 = SURFACE_STYLE_FILL_AREA(#20537);
#20537 = FILL_AREA_STYLE('',(#20538));
#20538 = FILL_AREA_STYLE_COLOUR('',#18954);
#20539 = OVER_RIDING_STYLED_ITEM('overriding color',(#20540),#12389,
  #18947);
#20540 = PRESENTATION_STYLE_ASSIGNMENT((#20541));
#20541 = SURFACE_STYLE_USAGE(.BOTH.,#20542);
#20542 = SURFACE_SIDE_STYLE('',(#20543));
#20543 = SURFACE_STYLE_FILL_AREA(#20544);
#20544 = FILL_AREA_STYLE('',(#20545));
#20545 = FILL_AREA_STYLE_COLOUR('',#18954);
#20546 = OVER_RIDING_STYLED_ITEM('overriding color',(#20547),#12413,
  #18947);
#20547 = PRESENTATION_STYLE_ASSIGNMENT((#20548));
#20548 = SURFACE_STYLE_USAGE(.BOTH.,#20549);
#20549 = SURFACE_SIDE_STYLE('',(#20550));
#20550 = SURFACE_STYLE_FILL_AREA(#20551);
#20551 = FILL_AREA_STYLE('',(#20552));
#20552 = FILL_AREA_STYLE_COLOUR('',#18954);
#20553 = OVER_RIDING_STYLED_ITEM('overriding color',(#20554),#12430,
  #18947);
#20554 = PRESENTATION_STYLE_ASSIGNMENT((#20555));
#20555 = SURFACE_STYLE_USAGE(.BOTH.,#20556);
#20556 = SURFACE_SIDE_STYLE('',(#20557));
#20557 = SURFACE_STYLE_FILL_AREA(#20558);
#20558 = FILL_AREA_STYLE('',(#20559));
#20559 = FILL_AREA_STYLE_COLOUR('',#18954);
#20560 = OVER_RIDING_STYLED_ITEM('overriding color',(#20561),#12454,
  #18947);
#20561 = PRESENTATION_STYLE_ASSIGNMENT((#20562));
#20562 = SURFACE_STYLE_USAGE(.BOTH.,#20563);
#20563 = SURFACE_SIDE_STYLE('',(#20564));
#20564 = SURFACE_STYLE_FILL_AREA(#20565);
#20565 = FILL_AREA_STYLE('',(#20566));
#20566 = FILL_AREA_STYLE_COLOUR('',#18954);
#20567 = OVER_RIDING_STYLED_ITEM('overriding color',(#20568),#12478,
  #18947);
#20568 = PRESENTATION_STYLE_ASSIGNMENT((#20569));
#20569 = SURFACE_STYLE_USAGE(.BOTH.,#20570);
#20570 = SURFACE_SIDE_STYLE('',(#20571));
#20571 = SURFACE_STYLE_FILL_AREA(#20572);
#20572 = FILL_AREA_STYLE('',(#20573));
#20573 = FILL_AREA_STYLE_COLOUR('',#18954);
#20574 = OVER_RIDING_STYLED_ITEM('overriding color',(#20575),#12495,
  #18947);
#20575 = PRESENTATION_STYLE_ASSIGNMENT((#20576));
#20576 = SURFACE_STYLE_USAGE(.BOTH.,#20577);
#20577 = SURFACE_SIDE_STYLE('',(#20578));
#20578 = SURFACE_STYLE_FILL_AREA(#20579);
#20579 = FILL_AREA_STYLE('',(#20580));
#20580 = FILL_AREA_STYLE_COLOUR('',#18954);
#20581 = OVER_RIDING_STYLED_ITEM('overriding color',(#20582),#12519,
  #18947);
#20582 = PRESENTATION_STYLE_ASSIGNMENT((#20583));
#20583 = SURFACE_STYLE_USAGE(.BOTH.,#20584);
#20584 = SURFACE_SIDE_STYLE('',(#20585));
#20585 = SURFACE_STYLE_FILL_AREA(#20586);
#20586 = FILL_AREA_STYLE('',(#20587));
#20587 = FILL_AREA_STYLE_COLOUR('',#18954);
#20588 = OVER_RIDING_STYLED_ITEM('overriding color',(#20589),#12543,
  #18947);
#20589 = PRESENTATION_STYLE_ASSIGNMENT((#20590));
#20590 = SURFACE_STYLE_USAGE(.BOTH.,#20591);
#20591 = SURFACE_SIDE_STYLE('',(#20592));
#20592 = SURFACE_STYLE_FILL_AREA(#20593);
#20593 = FILL_AREA_STYLE('',(#20594));
#20594 = FILL_AREA_STYLE_COLOUR('',#18954);
#20595 = OVER_RIDING_STYLED_ITEM('overriding color',(#20596),#12560,
  #18947);
#20596 = PRESENTATION_STYLE_ASSIGNMENT((#20597));
#20597 = SURFACE_STYLE_USAGE(.BOTH.,#20598);
#20598 = SURFACE_SIDE_STYLE('',(#20599));
#20599 = SURFACE_STYLE_FILL_AREA(#20600);
#20600 = FILL_AREA_STYLE('',(#20601));
#20601 = FILL_AREA_STYLE_COLOUR('',#18954);
#20602 = OVER_RIDING_STYLED_ITEM('overriding color',(#20603),#12584,
  #18947);
#20603 = PRESENTATION_STYLE_ASSIGNMENT((#20604));
#20604 = SURFACE_STYLE_USAGE(.BOTH.,#20605);
#20605 = SURFACE_SIDE_STYLE('',(#20606));
#20606 = SURFACE_STYLE_FILL_AREA(#20607);
#20607 = FILL_AREA_STYLE('',(#20608));
#20608 = FILL_AREA_STYLE_COLOUR('',#18954);
#20609 = OVER_RIDING_STYLED_ITEM('overriding color',(#20610),#12608,
  #18947);
#20610 = PRESENTATION_STYLE_ASSIGNMENT((#20611));
#20611 = SURFACE_STYLE_USAGE(.BOTH.,#20612);
#20612 = SURFACE_SIDE_STYLE('',(#20613));
#20613 = SURFACE_STYLE_FILL_AREA(#20614);
#20614 = FILL_AREA_STYLE('',(#20615));
#20615 = FILL_AREA_STYLE_COLOUR('',#18954);
#20616 = OVER_RIDING_STYLED_ITEM('overriding color',(#20617),#12625,
  #18947);
#20617 = PRESENTATION_STYLE_ASSIGNMENT((#20618));
#20618 = SURFACE_STYLE_USAGE(.BOTH.,#20619);
#20619 = SURFACE_SIDE_STYLE('',(#20620));
#20620 = SURFACE_STYLE_FILL_AREA(#20621);
#20621 = FILL_AREA_STYLE('',(#20622));
#20622 = FILL_AREA_STYLE_COLOUR('',#18976);
#20623 = OVER_RIDING_STYLED_ITEM('overriding color',(#20624),#12695,
  #18947);
#20624 = PRESENTATION_STYLE_ASSIGNMENT((#20625));
#20625 = SURFACE_STYLE_USAGE(.BOTH.,#20626);
#20626 = SURFACE_SIDE_STYLE('',(#20627));
#20627 = SURFACE_STYLE_FILL_AREA(#20628);
#20628 = FILL_AREA_STYLE('',(#20629));
#20629 = FILL_AREA_STYLE_COLOUR('',#18954);
#20630 = OVER_RIDING_STYLED_ITEM('overriding color',(#20631),#12721,
  #18947);
#20631 = PRESENTATION_STYLE_ASSIGNMENT((#20632));
#20632 = SURFACE_STYLE_USAGE(.BOTH.,#20633);
#20633 = SURFACE_SIDE_STYLE('',(#20634));
#20634 = SURFACE_STYLE_FILL_AREA(#20635);
#20635 = FILL_AREA_STYLE('',(#20636));
#20636 = FILL_AREA_STYLE_COLOUR('',#18954);
#20637 = OVER_RIDING_STYLED_ITEM('overriding color',(#20638),#12738,
  #18947);
#20638 = PRESENTATION_STYLE_ASSIGNMENT((#20639));
#20639 = SURFACE_STYLE_USAGE(.BOTH.,#20640);
#20640 = SURFACE_SIDE_STYLE('',(#20641));
#20641 = SURFACE_STYLE_FILL_AREA(#20642);
#20642 = FILL_AREA_STYLE('',(#20643));
#20643 = FILL_AREA_STYLE_COLOUR('',#18954);
#20644 = OVER_RIDING_STYLED_ITEM('overriding color',(#20645),#12760,
  #18947);
#20645 = PRESENTATION_STYLE_ASSIGNMENT((#20646));
#20646 = SURFACE_STYLE_USAGE(.BOTH.,#20647);
#20647 = SURFACE_SIDE_STYLE('',(#20648));
#20648 = SURFACE_STYLE_FILL_AREA(#20649);
#20649 = FILL_AREA_STYLE('',(#20650));
#20650 = FILL_AREA_STYLE_COLOUR('',#18954);
#20651 = OVER_RIDING_STYLED_ITEM('overriding color',(#20652),#12786,
  #18947);
#20652 = PRESENTATION_STYLE_ASSIGNMENT((#20653));
#20653 = SURFACE_STYLE_USAGE(.BOTH.,#20654);
#20654 = SURFACE_SIDE_STYLE('',(#20655));
#20655 = SURFACE_STYLE_FILL_AREA(#20656);
#20656 = FILL_AREA_STYLE('',(#20657));
#20657 = FILL_AREA_STYLE_COLOUR('',#18954);
#20658 = OVER_RIDING_STYLED_ITEM('overriding color',(#20659),#12803,
  #18947);
#20659 = PRESENTATION_STYLE_ASSIGNMENT((#20660));
#20660 = SURFACE_STYLE_USAGE(.BOTH.,#20661);
#20661 = SURFACE_SIDE_STYLE('',(#20662));
#20662 = SURFACE_STYLE_FILL_AREA(#20663);
#20663 = FILL_AREA_STYLE('',(#20664));
#20664 = FILL_AREA_STYLE_COLOUR('',#18954);
#20665 = OVER_RIDING_STYLED_ITEM('overriding color',(#20666),#12829,
  #18947);
#20666 = PRESENTATION_STYLE_ASSIGNMENT((#20667));
#20667 = SURFACE_STYLE_USAGE(.BOTH.,#20668);
#20668 = SURFACE_SIDE_STYLE('',(#20669));
#20669 = SURFACE_STYLE_FILL_AREA(#20670);
#20670 = FILL_AREA_STYLE('',(#20671));
#20671 = FILL_AREA_STYLE_COLOUR('',#18954);
#20672 = OVER_RIDING_STYLED_ITEM('overriding color',(#20673),#12853,
  #18947);
#20673 = PRESENTATION_STYLE_ASSIGNMENT((#20674));
#20674 = SURFACE_STYLE_USAGE(.BOTH.,#20675);
#20675 = SURFACE_SIDE_STYLE('',(#20676));
#20676 = SURFACE_STYLE_FILL_AREA(#20677);
#20677 = FILL_AREA_STYLE('',(#20678));
#20678 = FILL_AREA_STYLE_COLOUR('',#18954);
#20679 = OVER_RIDING_STYLED_ITEM('overriding color',(#20680),#12882,
  #18947);
#20680 = PRESENTATION_STYLE_ASSIGNMENT((#20681));
#20681 = SURFACE_STYLE_USAGE(.BOTH.,#20682);
#20682 = SURFACE_SIDE_STYLE('',(#20683));
#20683 = SURFACE_STYLE_FILL_AREA(#20684);
#20684 = FILL_AREA_STYLE('',(#20685));
#20685 = FILL_AREA_STYLE_COLOUR('',#18954);
#20686 = OVER_RIDING_STYLED_ITEM('overriding color',(#20687),#12907,
  #18947);
#20687 = PRESENTATION_STYLE_ASSIGNMENT((#20688));
#20688 = SURFACE_STYLE_USAGE(.BOTH.,#20689);
#20689 = SURFACE_SIDE_STYLE('',(#20690));
#20690 = SURFACE_STYLE_FILL_AREA(#20691);
#20691 = FILL_AREA_STYLE('',(#20692));
#20692 = FILL_AREA_STYLE_COLOUR('',#18954);
#20693 = OVER_RIDING_STYLED_ITEM('overriding color',(#20694),#12933,
  #18947);
#20694 = PRESENTATION_STYLE_ASSIGNMENT((#20695));
#20695 = SURFACE_STYLE_USAGE(.BOTH.,#20696);
#20696 = SURFACE_SIDE_STYLE('',(#20697));
#20697 = SURFACE_STYLE_FILL_AREA(#20698);
#20698 = FILL_AREA_STYLE('',(#20699));
#20699 = FILL_AREA_STYLE_COLOUR('',#18976);
#20700 = OVER_RIDING_STYLED_ITEM('overriding color',(#20701),#12950,
  #18947);
#20701 = PRESENTATION_STYLE_ASSIGNMENT((#20702));
#20702 = SURFACE_STYLE_USAGE(.BOTH.,#20703);
#20703 = SURFACE_SIDE_STYLE('',(#20704));
#20704 = SURFACE_STYLE_FILL_AREA(#20705);
#20705 = FILL_AREA_STYLE('',(#20706));
#20706 = FILL_AREA_STYLE_COLOUR('',#18976);
#20707 = OVER_RIDING_STYLED_ITEM('overriding color',(#20708),#12974,
  #18947);
#20708 = PRESENTATION_STYLE_ASSIGNMENT((#20709));
#20709 = SURFACE_STYLE_USAGE(.BOTH.,#20710);
#20710 = SURFACE_SIDE_STYLE('',(#20711));
#20711 = SURFACE_STYLE_FILL_AREA(#20712);
#20712 = FILL_AREA_STYLE('',(#20713));
#20713 = FILL_AREA_STYLE_COLOUR('',#18976);
#20714 = OVER_RIDING_STYLED_ITEM('overriding color',(#20715),#12993,
  #18947);
#20715 = PRESENTATION_STYLE_ASSIGNMENT((#20716));
#20716 = SURFACE_STYLE_USAGE(.BOTH.,#20717);
#20717 = SURFACE_SIDE_STYLE('',(#20718));
#20718 = SURFACE_STYLE_FILL_AREA(#20719);
#20719 = FILL_AREA_STYLE('',(#20720));
#20720 = FILL_AREA_STYLE_COLOUR('',#18976);
#20721 = OVER_RIDING_STYLED_ITEM('overriding color',(#20722),#13005,
  #18947);
#20722 = PRESENTATION_STYLE_ASSIGNMENT((#20723));
#20723 = SURFACE_STYLE_USAGE(.BOTH.,#20724);
#20724 = SURFACE_SIDE_STYLE('',(#20725));
#20725 = SURFACE_STYLE_FILL_AREA(#20726);
#20726 = FILL_AREA_STYLE('',(#20727));
#20727 = FILL_AREA_STYLE_COLOUR('',#18954);
#20728 = OVER_RIDING_STYLED_ITEM('overriding color',(#20729),#13018,
  #18947);
#20729 = PRESENTATION_STYLE_ASSIGNMENT((#20730));
#20730 = SURFACE_STYLE_USAGE(.BOTH.,#20731);
#20731 = SURFACE_SIDE_STYLE('',(#20732));
#20732 = SURFACE_STYLE_FILL_AREA(#20733);
#20733 = FILL_AREA_STYLE('',(#20734));
#20734 = FILL_AREA_STYLE_COLOUR('',#18954);
#20735 = OVER_RIDING_STYLED_ITEM('overriding color',(#20736),#13031,
  #18947);
#20736 = PRESENTATION_STYLE_ASSIGNMENT((#20737));
#20737 = SURFACE_STYLE_USAGE(.BOTH.,#20738);
#20738 = SURFACE_SIDE_STYLE('',(#20739));
#20739 = SURFACE_STYLE_FILL_AREA(#20740);
#20740 = FILL_AREA_STYLE('',(#20741));
#20741 = FILL_AREA_STYLE_COLOUR('',#18976);
#20742 = OVER_RIDING_STYLED_ITEM('overriding color',(#20743),#13049,
  #18947);
#20743 = PRESENTATION_STYLE_ASSIGNMENT((#20744));
#20744 = SURFACE_STYLE_USAGE(.BOTH.,#20745);
#20745 = SURFACE_SIDE_STYLE('',(#20746));
#20746 = SURFACE_STYLE_FILL_AREA(#20747);
#20747 = FILL_AREA_STYLE('',(#20748));
#20748 = FILL_AREA_STYLE_COLOUR('',#18976);
#20749 = OVER_RIDING_STYLED_ITEM('overriding color',(#20750),#13067,
  #18947);
#20750 = PRESENTATION_STYLE_ASSIGNMENT((#20751));
#20751 = SURFACE_STYLE_USAGE(.BOTH.,#20752);
#20752 = SURFACE_SIDE_STYLE('',(#20753));
#20753 = SURFACE_STYLE_FILL_AREA(#20754);
#20754 = FILL_AREA_STYLE('',(#20755));
#20755 = FILL_AREA_STYLE_COLOUR('',#18976);
#20756 = OVER_RIDING_STYLED_ITEM('overriding color',(#20757),#13091,
  #18947);
#20757 = PRESENTATION_STYLE_ASSIGNMENT((#20758));
#20758 = SURFACE_STYLE_USAGE(.BOTH.,#20759);
#20759 = SURFACE_SIDE_STYLE('',(#20760));
#20760 = SURFACE_STYLE_FILL_AREA(#20761);
#20761 = FILL_AREA_STYLE('',(#20762));
#20762 = FILL_AREA_STYLE_COLOUR('',#18976);
#20763 = OVER_RIDING_STYLED_ITEM('overriding color',(#20764),#13108,
  #18947);
#20764 = PRESENTATION_STYLE_ASSIGNMENT((#20765));
#20765 = SURFACE_STYLE_USAGE(.BOTH.,#20766);
#20766 = SURFACE_SIDE_STYLE('',(#20767));
#20767 = SURFACE_STYLE_FILL_AREA(#20768);
#20768 = FILL_AREA_STYLE('',(#20769));
#20769 = FILL_AREA_STYLE_COLOUR('',#18954);
#20770 = OVER_RIDING_STYLED_ITEM('overriding color',(#20771),#13137,
  #18947);
#20771 = PRESENTATION_STYLE_ASSIGNMENT((#20772));
#20772 = SURFACE_STYLE_USAGE(.BOTH.,#20773);
#20773 = SURFACE_SIDE_STYLE('',(#20774));
#20774 = SURFACE_STYLE_FILL_AREA(#20775);
#20775 = FILL_AREA_STYLE('',(#20776));
#20776 = FILL_AREA_STYLE_COLOUR('',#18954);
#20777 = OVER_RIDING_STYLED_ITEM('overriding color',(#20778),#13162,
  #18947);
#20778 = PRESENTATION_STYLE_ASSIGNMENT((#20779));
#20779 = SURFACE_STYLE_USAGE(.BOTH.,#20780);
#20780 = SURFACE_SIDE_STYLE('',(#20781));
#20781 = SURFACE_STYLE_FILL_AREA(#20782);
#20782 = FILL_AREA_STYLE('',(#20783));
#20783 = FILL_AREA_STYLE_COLOUR('',#18954);
#20784 = OVER_RIDING_STYLED_ITEM('overriding color',(#20785),#13190,
  #18947);
#20785 = PRESENTATION_STYLE_ASSIGNMENT((#20786));
#20786 = SURFACE_STYLE_USAGE(.BOTH.,#20787);
#20787 = SURFACE_SIDE_STYLE('',(#20788));
#20788 = SURFACE_STYLE_FILL_AREA(#20789);
#20789 = FILL_AREA_STYLE('',(#20790));
#20790 = FILL_AREA_STYLE_COLOUR('',#18954);
#20791 = OVER_RIDING_STYLED_ITEM('overriding color',(#20792),#13207,
  #18947);
#20792 = PRESENTATION_STYLE_ASSIGNMENT((#20793));
#20793 = SURFACE_STYLE_USAGE(.BOTH.,#20794);
#20794 = SURFACE_SIDE_STYLE('',(#20795));
#20795 = SURFACE_STYLE_FILL_AREA(#20796);
#20796 = FILL_AREA_STYLE('',(#20797));
#20797 = FILL_AREA_STYLE_COLOUR('',#18954);
#20798 = OVER_RIDING_STYLED_ITEM('overriding color',(#20799),#13268,
  #18947);
#20799 = PRESENTATION_STYLE_ASSIGNMENT((#20800));
#20800 = SURFACE_STYLE_USAGE(.BOTH.,#20801);
#20801 = SURFACE_SIDE_STYLE('',(#20802));
#20802 = SURFACE_STYLE_FILL_AREA(#20803);
#20803 = FILL_AREA_STYLE('',(#20804));
#20804 = FILL_AREA_STYLE_COLOUR('',#18954);
#20805 = OVER_RIDING_STYLED_ITEM('overriding color',(#20806),#13298,
  #18947);
#20806 = PRESENTATION_STYLE_ASSIGNMENT((#20807));
#20807 = SURFACE_STYLE_USAGE(.BOTH.,#20808);
#20808 = SURFACE_SIDE_STYLE('',(#20809));
#20809 = SURFACE_STYLE_FILL_AREA(#20810);
#20810 = FILL_AREA_STYLE('',(#20811));
#20811 = FILL_AREA_STYLE_COLOUR('',#18954);
#20812 = OVER_RIDING_STYLED_ITEM('overriding color',(#20813),#13320,
  #18947);
#20813 = PRESENTATION_STYLE_ASSIGNMENT((#20814));
#20814 = SURFACE_STYLE_USAGE(.BOTH.,#20815);
#20815 = SURFACE_SIDE_STYLE('',(#20816));
#20816 = SURFACE_STYLE_FILL_AREA(#20817);
#20817 = FILL_AREA_STYLE('',(#20818));
#20818 = FILL_AREA_STYLE_COLOUR('',#18954);
#20819 = OVER_RIDING_STYLED_ITEM('overriding color',(#20820),#13342,
  #18947);
#20820 = PRESENTATION_STYLE_ASSIGNMENT((#20821));
#20821 = SURFACE_STYLE_USAGE(.BOTH.,#20822);
#20822 = SURFACE_SIDE_STYLE('',(#20823));
#20823 = SURFACE_STYLE_FILL_AREA(#20824);
#20824 = FILL_AREA_STYLE('',(#20825));
#20825 = FILL_AREA_STYLE_COLOUR('',#18954);
#20826 = OVER_RIDING_STYLED_ITEM('overriding color',(#20827),#13354,
  #18947);
#20827 = PRESENTATION_STYLE_ASSIGNMENT((#20828));
#20828 = SURFACE_STYLE_USAGE(.BOTH.,#20829);
#20829 = SURFACE_SIDE_STYLE('',(#20830));
#20830 = SURFACE_STYLE_FILL_AREA(#20831);
#20831 = FILL_AREA_STYLE('',(#20832));
#20832 = FILL_AREA_STYLE_COLOUR('',#18954);
#20833 = OVER_RIDING_STYLED_ITEM('overriding color',(#20834),#13371,
  #18947);
#20834 = PRESENTATION_STYLE_ASSIGNMENT((#20835));
#20835 = SURFACE_STYLE_USAGE(.BOTH.,#20836);
#20836 = SURFACE_SIDE_STYLE('',(#20837));
#20837 = SURFACE_STYLE_FILL_AREA(#20838);
#20838 = FILL_AREA_STYLE('',(#20839));
#20839 = FILL_AREA_STYLE_COLOUR('',#18954);
#20840 = OVER_RIDING_STYLED_ITEM('overriding color',(#20841),#13388,
  #18947);
#20841 = PRESENTATION_STYLE_ASSIGNMENT((#20842));
#20842 = SURFACE_STYLE_USAGE(.BOTH.,#20843);
#20843 = SURFACE_SIDE_STYLE('',(#20844));
#20844 = SURFACE_STYLE_FILL_AREA(#20845);
#20845 = FILL_AREA_STYLE('',(#20846));
#20846 = FILL_AREA_STYLE_COLOUR('',#18954);
#20847 = OVER_RIDING_STYLED_ITEM('overriding color',(#20848),#13405,
  #18947);
#20848 = PRESENTATION_STYLE_ASSIGNMENT((#20849));
#20849 = SURFACE_STYLE_USAGE(.BOTH.,#20850);
#20850 = SURFACE_SIDE_STYLE('',(#20851));
#20851 = SURFACE_STYLE_FILL_AREA(#20852);
#20852 = FILL_AREA_STYLE('',(#20853));
#20853 = FILL_AREA_STYLE_COLOUR('',#18954);
#20854 = OVER_RIDING_STYLED_ITEM('overriding color',(#20855),#13459,
  #18947);
#20855 = PRESENTATION_STYLE_ASSIGNMENT((#20856));
#20856 = SURFACE_STYLE_USAGE(.BOTH.,#20857);
#20857 = SURFACE_SIDE_STYLE('',(#20858));
#20858 = SURFACE_STYLE_FILL_AREA(#20859);
#20859 = FILL_AREA_STYLE('',(#20860));
#20860 = FILL_AREA_STYLE_COLOUR('',#18954);
#20861 = OVER_RIDING_STYLED_ITEM('overriding color',(#20862),#13481,
  #18947);
#20862 = PRESENTATION_STYLE_ASSIGNMENT((#20863));
#20863 = SURFACE_STYLE_USAGE(.BOTH.,#20864);
#20864 = SURFACE_SIDE_STYLE('',(#20865));
#20865 = SURFACE_STYLE_FILL_AREA(#20866);
#20866 = FILL_AREA_STYLE('',(#20867));
#20867 = FILL_AREA_STYLE_COLOUR('',#18954);
#20868 = OVER_RIDING_STYLED_ITEM('overriding color',(#20869),#13503,
  #18947);
#20869 = PRESENTATION_STYLE_ASSIGNMENT((#20870));
#20870 = SURFACE_STYLE_USAGE(.BOTH.,#20871);
#20871 = SURFACE_SIDE_STYLE('',(#20872));
#20872 = SURFACE_STYLE_FILL_AREA(#20873);
#20873 = FILL_AREA_STYLE('',(#20874));
#20874 = FILL_AREA_STYLE_COLOUR('',#18954);
#20875 = OVER_RIDING_STYLED_ITEM('overriding color',(#20876),#13515,
  #18947);
#20876 = PRESENTATION_STYLE_ASSIGNMENT((#20877));
#20877 = SURFACE_STYLE_USAGE(.BOTH.,#20878);
#20878 = SURFACE_SIDE_STYLE('',(#20879));
#20879 = SURFACE_STYLE_FILL_AREA(#20880);
#20880 = FILL_AREA_STYLE('',(#20881));
#20881 = FILL_AREA_STYLE_COLOUR('',#18954);
#20882 = OVER_RIDING_STYLED_ITEM('overriding color',(#20883),#13532,
  #18947);
#20883 = PRESENTATION_STYLE_ASSIGNMENT((#20884));
#20884 = SURFACE_STYLE_USAGE(.BOTH.,#20885);
#20885 = SURFACE_SIDE_STYLE('',(#20886));
#20886 = SURFACE_STYLE_FILL_AREA(#20887);
#20887 = FILL_AREA_STYLE('',(#20888));
#20888 = FILL_AREA_STYLE_COLOUR('',#18954);
#20889 = OVER_RIDING_STYLED_ITEM('overriding color',(#20890),#13543,
  #18947);
#20890 = PRESENTATION_STYLE_ASSIGNMENT((#20891));
#20891 = SURFACE_STYLE_USAGE(.BOTH.,#20892);
#20892 = SURFACE_SIDE_STYLE('',(#20893));
#20893 = SURFACE_STYLE_FILL_AREA(#20894);
#20894 = FILL_AREA_STYLE('',(#20895));
#20895 = FILL_AREA_STYLE_COLOUR('',#18954);
#20896 = OVER_RIDING_STYLED_ITEM('overriding color',(#20897),#13560,
  #18947);
#20897 = PRESENTATION_STYLE_ASSIGNMENT((#20898));
#20898 = SURFACE_STYLE_USAGE(.BOTH.,#20899);
#20899 = SURFACE_SIDE_STYLE('',(#20900));
#20900 = SURFACE_STYLE_FILL_AREA(#20901);
#20901 = FILL_AREA_STYLE('',(#20902));
#20902 = FILL_AREA_STYLE_COLOUR('',#18954);
#20903 = OVER_RIDING_STYLED_ITEM('overriding color',(#20904),#13577,
  #18947);
#20904 = PRESENTATION_STYLE_ASSIGNMENT((#20905));
#20905 = SURFACE_STYLE_USAGE(.BOTH.,#20906);
#20906 = SURFACE_SIDE_STYLE('',(#20907));
#20907 = SURFACE_STYLE_FILL_AREA(#20908);
#20908 = FILL_AREA_STYLE('',(#20909));
#20909 = FILL_AREA_STYLE_COLOUR('',#18954);
#20910 = OVER_RIDING_STYLED_ITEM('overriding color',(#20911),#13637,
  #18947);
#20911 = PRESENTATION_STYLE_ASSIGNMENT((#20912));
#20912 = SURFACE_STYLE_USAGE(.BOTH.,#20913);
#20913 = SURFACE_SIDE_STYLE('',(#20914));
#20914 = SURFACE_STYLE_FILL_AREA(#20915);
#20915 = FILL_AREA_STYLE('',(#20916));
#20916 = FILL_AREA_STYLE_COLOUR('',#18998);
#20917 = OVER_RIDING_STYLED_ITEM('overriding color',(#20918),#13657,
  #18947);
#20918 = PRESENTATION_STYLE_ASSIGNMENT((#20919));
#20919 = SURFACE_STYLE_USAGE(.BOTH.,#20920);
#20920 = SURFACE_SIDE_STYLE('',(#20921));
#20921 = SURFACE_STYLE_FILL_AREA(#20922);
#20922 = FILL_AREA_STYLE('',(#20923));
#20923 = FILL_AREA_STYLE_COLOUR('',#18954);
#20924 = OVER_RIDING_STYLED_ITEM('overriding color',(#20925),#13683,
  #18947);
#20925 = PRESENTATION_STYLE_ASSIGNMENT((#20926));
#20926 = SURFACE_STYLE_USAGE(.BOTH.,#20927);
#20927 = SURFACE_SIDE_STYLE('',(#20928));
#20928 = SURFACE_STYLE_FILL_AREA(#20929);
#20929 = FILL_AREA_STYLE('',(#20930));
#20930 = FILL_AREA_STYLE_COLOUR('',#18954);
#20931 = OVER_RIDING_STYLED_ITEM('overriding color',(#20932),#13695,
  #18947);
#20932 = PRESENTATION_STYLE_ASSIGNMENT((#20933));
#20933 = SURFACE_STYLE_USAGE(.BOTH.,#20934);
#20934 = SURFACE_SIDE_STYLE('',(#20935));
#20935 = SURFACE_STYLE_FILL_AREA(#20936);
#20936 = FILL_AREA_STYLE('',(#20937));
#20937 = FILL_AREA_STYLE_COLOUR('',#18954);
#20938 = OVER_RIDING_STYLED_ITEM('overriding color',(#20939),#13720,
  #18947);
#20939 = PRESENTATION_STYLE_ASSIGNMENT((#20940));
#20940 = SURFACE_STYLE_USAGE(.BOTH.,#20941);
#20941 = SURFACE_SIDE_STYLE('',(#20942));
#20942 = SURFACE_STYLE_FILL_AREA(#20943);
#20943 = FILL_AREA_STYLE('',(#20944));
#20944 = FILL_AREA_STYLE_COLOUR('',#18954);
#20945 = OVER_RIDING_STYLED_ITEM('overriding color',(#20946),#13744,
  #18947);
#20946 = PRESENTATION_STYLE_ASSIGNMENT((#20947));
#20947 = SURFACE_STYLE_USAGE(.BOTH.,#20948);
#20948 = SURFACE_SIDE_STYLE('',(#20949));
#20949 = SURFACE_STYLE_FILL_AREA(#20950);
#20950 = FILL_AREA_STYLE('',(#20951));
#20951 = FILL_AREA_STYLE_COLOUR('',#18954);
#20952 = OVER_RIDING_STYLED_ITEM('overriding color',(#20953),#13796,
  #18947);
#20953 = PRESENTATION_STYLE_ASSIGNMENT((#20954));
#20954 = SURFACE_STYLE_USAGE(.BOTH.,#20955);
#20955 = SURFACE_SIDE_STYLE('',(#20956));
#20956 = SURFACE_STYLE_FILL_AREA(#20957);
#20957 = FILL_AREA_STYLE('',(#20958));
#20958 = FILL_AREA_STYLE_COLOUR('',#18954);
#20959 = OVER_RIDING_STYLED_ITEM('overriding color',(#20960),#13815,
  #18947);
#20960 = PRESENTATION_STYLE_ASSIGNMENT((#20961));
#20961 = SURFACE_STYLE_USAGE(.BOTH.,#20962);
#20962 = SURFACE_SIDE_STYLE('',(#20963));
#20963 = SURFACE_STYLE_FILL_AREA(#20964);
#20964 = FILL_AREA_STYLE('',(#20965));
#20965 = FILL_AREA_STYLE_COLOUR('',#18954);
ENDSEC;
END-ISO-10303-21;
